OBJECT_NAME,OBJECT_ID,EPOCH,MEAN_MOTION,ECCENTRICITY,INCLINATION,RA_OF_ASC_NODE,ARG_OF_PERICENTER,MEAN_ANOMALY,EPHEMERIS_TYPE,CLASSIFICATION_TYPE,NORAD_CAT_ID,ELEMENT_SET_NO,REV_AT_EPOCH,BSTAR,MEAN_MOTION_DOT,MEAN_MOTION_DDOT
FENGYUN 1C,1999-025A,2026-02-18T13:55:09.532416,14.26550684,.00111498,98.8735,121.5396,223.4991,136.5310,0,U,25730,999,38104,.10888608E-2,.2583E-4,0
FENGYUN 1C DEB,1999-025X,2026-02-18T08:46:03.181440,12.96584539,.05648654,99.2172,100.1433,46.1618,16.7473,0,U,29733,999,89996,.19465073E-2,.1131E-4,0
FENGYUN 1C DEB,1999-025Y,2026-02-17T05:18:11.121120,12.91527487,.0607773,99.1712,332.2695,219.6897,307.5921,0,U,29734,999,89406,.13295E-2,.778E-5,0
FENGYUN 1C DEB,1999-025Z,2026-02-18T04:57:36.727776,12.75395813,.07053932,99.3914,317.9238,25.4986,337.9213,0,U,29735,999,88275,.4651237E-2,.2761E-4,0
FENGYUN 1C DEB,1999-025AA,2026-02-18T09:57:24.413760,12.57602793,.07210382,99.4099,220.8703,53.3759,339.8292,0,U,29736,999,87395,.13552637E-2,.583E-5,0
FENGYUN 1C DEB,1999-025AB,2026-02-17T08:19:06.315168,12.66018384,.07036694,99.5823,357.4541,354.5176,160.9187,0,U,29737,999,87711,.37319348E-2,.1836E-4,0
FENGYUN 1C DEB,1999-025AC,2026-02-18T10:05:47.171904,12.61559661,.08628341,99.4181,209.0960,147.8671,217.8138,0,U,29738,999,87070,.52970451E-2,.403E-4,0
FENGYUN 1C DEB,1999-025AE,2026-02-18T11:38:29.485536,12.08412778,.09724221,99.0518,246.7473,63.1849,306.5298,0,U,29740,999,83753,.20802026E-2,.776E-5,0
FENGYUN 1C DEB,1999-025AF,2026-02-18T14:11:49.068096,12.01247936,.10275228,99.1691,269.6799,290.8728,82.1211,0,U,29741,999,52998,.46772926E-2,.183E-4,0
FENGYUN 1C DEB,1999-025AN,2026-01-31T00:38:55.475808,11.91216515,.08129992,99.7576,314.3083,292.3388,59.3479,0,U,29748,999,79320,-.57575987E-1,-.10622E-3,0
FENGYUN 1C DEB,1999-025AQ,2026-02-18T15:19:11.269632,14.09716478,.00370528,98.7477,81.8677,108.6806,20.3972,0,U,29750,999,98030,.18672467E-3,.287E-5,0
FENGYUN 1C DEB,1999-025AR,2026-02-18T01:43:49.798560,14.23695213,.00880043,98.5350,79.9825,303.8618,113.3007,0,U,29751,999,99031,.14995217E-3,.313E-5,0
FENGYUN 1C DEB,1999-025AU,2026-02-18T12:50:24.156384,14.19457202,.0035455,98.8815,157.4546,49.1376,14.1589,0,U,29754,999,98316,.69486535E-3,.1427E-4,0
FENGYUN 1C DEB,1999-025AY,2026-02-18T07:38:30.064992,14.42338915,.00222341,98.8536,172.5003,118.3077,268.4187,0,U,29758,999,98645,.19964581E-2,.6573E-4,0
FENGYUN 1C DEB,1999-025BA,2026-02-18T13:05:33.893952,14.08349823,.0130327,98.7652,54.7829,343.1010,16.5838,0,U,29760,999,98047,.16181762E-3,.256E-5,0
FENGYUN 1C DEB,1999-025BC,2026-02-18T10:59:04.796160,14.22698107,.02047355,98.5878,35.5549,138.2608,351.0007,0,U,29762,999,98911,.15702909E-3,.391E-5,0
FENGYUN 1C DEB,1999-025BD,2026-02-18T11:30:55.290240,14.07944591,.01273803,98.7702,31.9260,350.4197,127.4947,0,U,29763,999,98003,.28370059E-3,.476E-5,0
FENGYUN 1C DEB,1999-025BF,2026-02-18T12:04:23.039616,14.02171649,.00577121,98.8269,70.5487,263.0717,254.6015,0,U,29765,999,97700,.18803928E-3,.249E-5,0
FENGYUN 1C DEB,1999-025BG,2026-02-18T08:31:10.163136,13.97309085,.01468662,98.6909,0.3169,99.3094,50.8781,0,U,29766,999,96748,.95061596E-3,.1421E-4,0
FENGYUN 1C DEB,1999-025BH,2026-02-18T09:50:01.130784,14.04271763,.03274212,98.2050,16.6509,228.3835,266.8284,0,U,29767,999,96549,.86703367E-3,.2181E-4,0
FENGYUN 1C DEB,1999-025BK,2026-02-18T02:41:15.929952,14.13895911,.00909782,99.0984,112.5997,299.2702,59.9399,0,U,29769,999,97633,.10469608E-2,.2019E-4,0
FENGYUN 1C DEB,1999-025BL,2026-02-18T04:42:14.260032,14.20637664,.00630468,98.8394,129.7671,81.2905,306.4671,0,U,29770,999,98044,.11505977E-2,.2483E-4,0
FENGYUN 1C DEB,1999-025BN,2026-02-18T01:21:28.929312,14.03495748,.01373766,98.3871,258.0679,99.3959,52.8635,0,U,29772,999,97199,.78473241E-3,.1299E-4,0
FENGYUN 1C DEB,1999-025BP,2026-02-18T10:02:00.689856,14.27753245,.0047869,98.9942,209.9647,95.2366,286.2835,0,U,29773,999,99163,.38375269E-3,.913E-5,0
FENGYUN 1C DEB,1999-025BQ,2026-02-18T09:29:33.778176,14.22812486,.00493488,99.0846,356.7822,291.0074,192.8236,0,U,29774,999,99037,.19059635E-3,.385E-5,0
FENGYUN 1C DEB,1999-025BS,2026-02-18T15:22:38.468064,14.07820152,.00247913,98.7648,79.4228,80.5500,48.2780,0,U,29776,999,98035,.54516341E-4,.5E-6,0
FENGYUN 1C DEB,1999-025BT,2026-02-18T02:06:49.971168,13.92133816,.00932794,99.2715,111.0005,28.6857,33.1725,0,U,29777,999,96978,.10776085E-3,.98E-6,0
FENGYUN 1C DEB,1999-025BV,2026-02-18T11:35:39.713856,14.13521607,.00625615,98.6769,63.6897,332.6992,27.0897,0,U,29779,999,98369,.23966181E-3,.417E-5,0
FENGYUN 1C DEB,1999-025BW,2026-02-17T17:32:48.696288,14.21662932,.00422722,99.2798,338.0332,303.6786,56.0362,0,U,29780,999,98030,.14201568E-2,.3098E-4,0
FENGYUN 1C DEB,1999-025BX,2026-02-18T11:08:42.722304,14.05402737,.00719206,98.8152,46.7130,344.6402,169.0897,0,U,29781,999,97594,.65072915E-3,.1037E-4,0
FENGYUN 1C DEB,1999-025BY,2026-02-18T15:12:05.181120,14.12013672,.00521198,99.0940,109.1838,14.2715,106.4195,0,U,29782,999,97629,.98781726E-3,.1786E-4,0
FENGYUN 1C DEB,1999-025CA,2026-02-18T08:08:04.457472,14.30781463,.0061033,98.9482,335.0789,99.4219,17.4064,0,U,29784,999,99326,.4126989E-3,.1057E-4,0
FENGYUN 1C DEB,1999-025CC,2026-02-18T14:30:43.335072,14.09133647,.00788431,98.7330,69.7491,110.5536,7.8424,0,U,29786,999,98116,.85211726E-4,.11E-5,0
FENGYUN 1C DEB,1999-025CE,2026-02-18T04:54:29.100672,14.26545948,.00389132,98.7766,125.9975,354.0977,30.3044,0,U,29788,999,98317,.1210573E-2,.2899E-4,0
FENGYUN 1C DEB,1999-025CF,2026-02-17T18:48:37.816992,13.54474270,.02975232,99.4560,233.7625,109.6082,11.3143,0,U,29789,999,93895,.13304458E-2,.1165E-4,0
FENGYUN 1C DEB,1999-025CG,2026-02-18T13:24:13.391712,14.32421373,.0076066,99.1519,52.2837,341.1979,18.6397,0,U,29790,999,99496,.331437E-3,.877E-5,0
FENGYUN 1C DEB,1999-025CH,2026-02-18T14:19:53.220000,14.59452091,.00391088,99.0371,61.0574,213.9128,263.2966,0,U,29791,999,99835,.11052695E-2,.5243E-4,0
FENGYUN 1C DEB,1999-025CJ,2026-02-18T02:37:58.638144,14.15544935,.00496944,98.7500,103.4467,201.1436,158.7685,0,U,29792,999,97892,.9984129E-3,.1932E-4,0
FENGYUN 1C DEB,1999-025CK,2026-02-18T10:36:33.329952,14.01393437,.01454373,98.3540,227.5389,147.2634,243.9817,0,U,29793,999,97097,.11534408E-2,.187E-4,0
FENGYUN 1C DEB,1999-025CL,2026-02-18T10:28:28.890336,14.09210121,.01567921,98.2054,207.0742,205.4959,220.1152,0,U,29794,999,97801,.88758035E-3,.169E-4,0
FENGYUN 1C DEB,1999-025CM,2026-02-17T07:51:14.438016,13.92950276,.0112849,98.8750,179.9622,93.7897,295.9230,0,U,29795,999,96992,.4789E-4,.25E-6,0
FENGYUN 1C DEB,1999-025CN,2026-02-18T02:41:12.888672,14.12523487,.00527735,98.8562,105.2325,79.3189,310.3903,0,U,29796,999,98012,.53018352E-3,.949E-5,0
FENGYUN 1C DEB,1999-025CQ,2026-02-18T03:42:28.824192,13.99916946,.01102341,99.2927,119.1113,90.8960,326.1083,0,U,29798,999,96868,.79784507E-3,.119E-4,0
FENGYUN 1C DEB,1999-025CS,2026-02-18T00:30:16.947936,13.98997953,.01315802,98.2842,69.2247,39.1590,349.5757,0,U,29800,999,96517,.18132562E-2,.2785E-4,0
FENGYUN 1C DEB,1999-025CT,2026-02-18T14:39:59.332896,14.35976306,.01048043,98.7926,317.0026,67.2566,48.2468,0,U,29801,999,99915,.15217774E-3,.423E-5,0
FENGYUN 1C DEB,1999-025CU,2026-02-18T06:37:22.134432,14.64927620,.00364448,98.6173,166.4412,133.0912,257.4523,0,U,29802,999,99461,.26467203E-2,.1427E-3,0
FENGYUN 1C DEB,1999-025CW,2026-02-18T12:22:21.313344,14.04341313,.00990878,98.8057,60.6668,111.4984,41.4417,0,U,29804,999,97845,-.94813877E-4,-.199E-5,0
FENGYUN 1C DEB,1999-025CX,2026-02-18T02:50:45.406176,13.72682795,.01888879,99.4435,104.4966,54.7678,307.0989,0,U,29805,999,95627,.13727067E-3,.1E-5,0
FENGYUN 1C DEB,1999-025CY,2026-02-18T13:30:04.874688,14.12166317,.00292563,98.7105,68.4252,61.2721,67.6965,0,U,29806,999,98096,.49976583E-3,.879E-5,0
FENGYUN 1C DEB,1999-025CZ,2026-02-18T13:05:58.994880,14.08726080,.00806264,98.7569,57.2097,139.2494,221.4745,0,U,29807,999,98049,.12073572E-3,.172E-5,0
FENGYUN 1C DEB,1999-025DB,2026-02-18T10:39:50.510304,14.46767344,.01163505,98.8705,21.1166,146.0743,332.7282,0,U,29809,999,446,.17970425E-3,.654E-5,0
FENGYUN 1C DEB,1999-025DC,2026-02-18T15:20:03.254784,14.29239131,.00667081,99.1968,95.2137,181.7417,302.3340,0,U,29810,999,99347,.20968565E-3,.497E-5,0
FENGYUN 1C DEB,1999-025DE,2026-02-17T10:58:05.801376,14.02310274,.01440805,98.3506,236.7595,139.5698,252.7535,0,U,29812,999,97107,.14498188E-2,.2398E-4,0
FENGYUN 1C DEB,1999-025DF,2026-02-18T14:55:50.631456,14.09473545,.00130694,98.7236,72.3735,37.7896,91.3206,0,U,29813,999,98216,.11022207E-4,-.23E-6,0
FENGYUN 1C DEB,1999-025DH,2026-02-18T12:47:08.775744,14.64493679,.01795288,98.0552,61.5918,281.8363,76.2755,0,U,29815,999,843,.57323485E-3,.3788E-4,0
FENGYUN 1C DEB,1999-025DJ,2026-02-18T14:02:45.233664,14.45040296,.02359728,98.9888,278.5664,335.5197,54.0096,0,U,29816,999,99167,.10894962E-2,.5304E-4,0
FENGYUN 1C DEB,1999-025DK,2026-02-18T14:00:05.641632,14.14365777,.00118801,98.5647,40.9581,170.5152,306.7368,0,U,29817,999,98354,.30812889E-3,.548E-5,0
FENGYUN 1C DEB,1999-025DL,2026-02-18T14:06:56.199744,14.04564332,.01141788,98.7158,289.2462,194.5383,178.1977,0,U,29818,999,97762,.3732941E-3,.59E-5,0
FENGYUN 1C DEB,1999-025DM,2026-02-18T11:37:56.790048,14.02306214,.0190528,98.7412,35.4693,237.2819,249.7998,0,U,29819,999,97569,.39439865E-3,.666E-5,0
FENGYUN 1C DEB,1999-025DN,2026-02-18T14:37:46.812576,14.02737724,.00729342,98.8340,59.6151,49.3419,68.9990,0,U,29820,999,97511,.59972292E-3,.906E-5,0
FENGYUN 1C DEB,1999-025DP,2026-02-18T09:19:22.155168,14.11454131,.03728322,98.8624,108.7344,288.9954,129.7466,0,U,29821,999,97465,.47252532E-3,.1594E-4,0
FENGYUN 1C DEB,1999-025DV,2026-02-18T12:57:22.459392,14.21805067,.00264865,98.6088,44.0553,122.3576,5.1057,0,U,29827,999,98826,.28401635E-3,.585E-5,0
FENGYUN 1C DEB,1999-025DW,2026-02-18T02:12:22.847904,14.08357752,.00592036,98.7630,97.6564,326.2514,62.4655,0,U,29828,999,97685,.52730207E-3,.874E-5,0
FENGYUN 1C DEB,1999-025EA,2026-02-18T05:58:32.556288,14.56764947,.01937211,98.8199,169.6205,77.2696,285.0076,0,U,29832,999,1238,.13922518E-3,.742E-5,0
FENGYUN 1C DEB,1999-025EB,2026-02-18T12:42:11.099232,14.92923279,.00885745,99.0828,47.0843,41.1460,319.6389,0,U,29833,999,1582,.11973924E-2,.13352E-3,0
FENGYUN 1C DEB,1999-025ED,2026-02-18T08:25:45.404544,14.43426234,.01669568,99.0310,186.8170,196.0564,191.9110,0,U,29835,999,468,.12548405E-3,.444E-5,0
FENGYUN 1C DEB,1999-025EE,2026-02-17T05:54:34.289280,14.54498581,.0153547,98.1832,147.7832,357.5278,29.7984,0,U,29836,999,64522,.34126E-3,.1649E-4,0
FENGYUN 1C DEB,1999-025EK,2026-02-18T10:39:34.551360,14.46722918,.02008924,98.8279,4.4246,129.9454,348.5289,0,U,29841,999,299,.21057417E-3,.922E-5,0
FENGYUN 1C DEB,1999-025EL,2026-02-18T06:00:50.895648,14.61129667,.01055996,98.5623,144.1044,316.8399,103.3060,0,U,29842,999,333,.79052654E-3,.4152E-4,0
FENGYUN 1C DEB,1999-025EM,2026-02-18T13:41:35.731680,14.28716763,.0192931,99.0367,255.3818,94.1810,334.9689,0,U,29843,999,99250,.28482153E-3,.825E-5,0
FENGYUN 1C DEB,1999-025EN,2026-02-18T07:33:36.978048,14.32245831,.01675692,98.9350,317.7099,330.4746,28.7052,0,U,29844,999,99308,.59338668E-3,.1816E-4,0
FENGYUN 1C DEB,1999-025EP,2026-02-18T13:13:12.741024,14.26706009,.00758793,98.5254,53.1137,293.5839,187.6497,0,U,29845,999,99076,.39949697E-3,.953E-5,0
FENGYUN 1C DEB,1999-025EQ,2026-02-18T13:21:50.024736,14.19142536,.00858709,98.6451,94.7660,108.3637,51.9476,0,U,29846,999,98821,.12129846E-3,.221E-5,0
FENGYUN 1C DEB,1999-025ER,2026-02-18T11:58:12.056160,14.03065031,.00839662,98.9086,48.9455,208.9859,303.7125,0,U,29847,999,97685,.51388977E-4,.39E-6,0
FENGYUN 1C DEB,1999-025ES,2026-02-18T14:06:41.380416,14.20985232,.01168833,98.2471,276.7107,95.9668,318.9953,0,U,29848,999,98081,.89145276E-3,.2032E-4,0
FENGYUN 1C DEB,1999-025ET,2026-02-18T05:35:20.713632,14.05157014,.00821088,99.0044,138.1406,214.7940,169.3772,0,U,29849,999,97318,.10849598E-2,.1761E-4,0
FENGYUN 1C DEB,1999-025EU,2026-02-18T08:46:38.825760,14.00093038,.01057217,98.1227,333.4858,96.4874,28.7078,0,U,29850,999,96966,.11583237E-2,.1756E-4,0
FENGYUN 1C DEB,1999-025EV,2026-02-18T01:48:55.390176,13.83662310,.01428348,99.5741,96.2500,50.2803,11.5556,0,U,29851,999,96298,.28646581E-3,.297E-5,0
FENGYUN 1C DEB,1999-025EW,2026-02-18T11:45:47.018592,14.07611633,.01330401,99.3699,66.7611,322.6555,204.0868,0,U,29852,999,96937,.18469813E-2,.3333E-4,0
FENGYUN 1C DEB,1999-025EX,2026-02-18T06:54:05.655744,13.94070012,.01583697,98.4577,170.2295,35.7227,325.4410,0,U,29853,999,96610,.73887469E-3,.1047E-4,0
FENGYUN 1C DEB,1999-025EY,2026-02-18T09:30:32.518080,13.83410991,.01464694,98.9342,212.1462,227.9991,160.8888,0,U,29854,999,96279,.40917232E-3,.447E-5,0
FENGYUN 1C DEB,1999-025EZ,2026-02-18T08:28:21.310752,14.02271537,.01776975,98.1854,349.1834,214.1722,313.8332,0,U,29855,999,96659,.15577372E-2,.2704E-4,0
FENGYUN 1C DEB,1999-025FA,2026-02-18T06:41:28.852224,14.51265545,.0252191,98.6830,150.3420,93.8617,332.5693,0,U,29856,999,97353,.24450133E-2,.14697E-3,0
FENGYUN 1C DEB,1999-025FB,2026-02-18T11:37:45.397344,13.82128081,.01938977,98.4245,54.6597,109.4050,252.8175,0,U,29857,999,95711,.12287276E-2,.1491E-4,0
FENGYUN 1C DEB,1999-025FC,2026-02-18T05:02:39.979680,13.77987625,.01992636,99.2090,153.8716,244.7412,177.8189,0,U,29858,999,95483,.13272292E-2,.1499E-4,0
FENGYUN 1C DEB,1999-025FD,2026-02-18T11:13:25.654656,13.74396843,.02934919,98.3393,240.7035,29.7854,331.9650,0,U,29859,999,94910,.13065002E-2,.1652E-4,0
FENGYUN 1C DEB,1999-025FE,2026-02-18T13:59:20.634144,13.77931493,.0224233,98.6110,82.2748,160.8742,328.6152,0,U,29860,999,95073,.17575182E-2,.2086E-4,0
FENGYUN 1C DEB,1999-025FK,2026-02-18T14:27:16.053696,14.83842132,.01121461,98.9217,333.2145,287.2843,195.6556,0,U,29865,999,1764,.79133373E-3,.7267E-4,0
FENGYUN 1C DEB,1999-025FL,2026-02-18T13:25:58.176768,14.64602032,.01943137,98.0446,38.7473,1.6348,117.6896,0,U,29866,999,1319,.54022462E-3,.3729E-4,0
FENGYUN 1C DEB,1999-025FN,2026-02-18T02:34:03.720864,14.79560552,.01944281,97.9393,99.0746,145.2284,245.4407,0,U,29868,999,1291,.62058152E-3,.6353E-4,0
FENGYUN 1C DEB,1999-025FP,2026-02-18T09:48:12.872448,14.37074268,.00867662,98.8787,346.8141,170.1894,308.0476,0,U,29869,999,99792,.25119253E-3,.731E-5,0
FENGYUN 1C DEB,1999-025FQ,2026-02-18T12:00:38.214720,14.29012985,.01200198,98.4705,23.4573,353.9753,120.0054,0,U,29870,999,99561,.86014609E-4,.191E-5,0
FENGYUN 1C DEB,1999-025FR,2026-02-18T09:52:48.707040,14.43231918,.00560814,98.9809,11.1071,268.2067,212.1813,0,U,29871,999,99677,.86526885E-3,.2917E-4,0
FENGYUN 1C DEB,1999-025FS,2026-02-18T14:29:40.917120,14.39270117,.02363113,98.3430,68.8134,109.2803,253.4107,0,U,29872,999,99568,.43576149E-3,.1828E-4,0
FENGYUN 1C DEB,1999-025FT,2026-02-18T13:55:56.645472,13.98233155,.0093152,99.4393,276.6047,14.6757,47.2475,0,U,29873,999,97263,.40441404E-3,.551E-5,0
FENGYUN 1C DEB,1999-025FU,2026-02-18T06:14:41.095968,14.29993228,.00992351,98.3790,308.5932,149.7465,339.7148,0,U,29874,999,97812,.19207832E-2,.5188E-4,0
FENGYUN 1C DEB,1999-025FV,2026-02-18T03:24:28.069056,14.24894308,.00813966,98.3935,102.6801,224.7499,199.2308,0,U,29875,999,99282,.46570705E-4,.71E-6,0
FENGYUN 1C DEB,1999-025FW,2026-02-18T02:10:22.306080,14.20350388,.00614661,98.3223,100.7542,178.9679,211.2791,0,U,29876,999,98873,.12726081E-3,.237E-5,0
FENGYUN 1C DEB,1999-025FX,2026-02-18T13:15:14.818176,14.24969552,.00468303,98.5387,58.0048,22.7868,99.1824,0,U,29877,999,98939,.44698033E-3,.1015E-4,0
FENGYUN 1C DEB,1999-025FY,2026-02-18T10:07:33.925152,15.39699747,.00311829,96.9410,221.7579,294.1705,65.6283,0,U,29878,999,99677,.86888076E-2,.364651E-2,0
FENGYUN 1C DEB,1999-025GA,2026-02-18T08:20:46.044960,13.94272935,.02296656,98.1954,325.3539,272.7048,210.0469,0,U,29880,999,96504,.10113213E-2,.1634E-4,0
FENGYUN 1C DEB,1999-025GB,2026-02-17T21:01:29.642592,13.59941028,.0290328,98.7270,18.8462,257.4655,117.6828,0,U,29881,999,94147,.81529E-3,.763E-5,0
FENGYUN 1C DEB,1999-025GE,2026-02-18T08:56:14.256672,14.40626223,.00425315,99.5961,95.9714,300.5820,125.6590,0,U,29884,999,99523,.54393533E-3,.17E-4,0
FENGYUN 1C DEB,1999-025GF,2026-02-18T08:26:27.802752,14.13637120,.01176795,98.3614,344.9974,330.6553,151.9291,0,U,29885,999,98412,.18343086E-3,.329E-5,0
FENGYUN 1C DEB,1999-025GH,2026-02-18T11:20:10.055040,14.34265641,.02862995,98.7098,136.7088,158.9201,266.1925,0,U,29887,999,98945,.89183663E-3,.3923E-4,0
FENGYUN 1C DEB,1999-025GJ,2026-02-18T13:05:48.103296,14.20135411,.02735952,99.1923,249.9742,192.3150,167.1247,0,U,29888,999,98466,.58618803E-3,.1767E-4,0
FENGYUN 1C DEB,1999-025GK,2026-02-18T08:30:46.277856,14.13632560,.01536382,99.4793,175.7850,210.2625,218.3785,0,U,29889,999,98274,.48337034E-3,.971E-5,0
FENGYUN 1C DEB,1999-025GL,2026-02-18T06:15:06.952032,14.23470804,.00156479,99.4692,180.8530,236.9950,122.9723,0,U,29890,999,98411,.1365607E-2,.3058E-4,0
FENGYUN 1C DEB,1999-025GM,2026-02-18T13:26:44.757600,14.00090076,.00617674,98.7331,53.6023,73.3587,49.8910,0,U,29891,999,97437,.12840732E-3,.151E-5,0
FENGYUN 1C DEB,1999-025GN,2026-02-18T10:29:16.806048,14.34384192,.01850498,99.1789,206.0801,102.4911,325.4143,0,U,29892,999,97619,.24694744E-2,.8381E-4,0
FENGYUN 1C DEB,1999-025GP,2026-02-18T05:04:28.886880,13.79494147,.01721194,98.5474,143.7934,331.2890,56.6249,0,U,29893,999,96070,.17458361E-3,.162E-5,0
FENGYUN 1C DEB,1999-025GQ,2026-02-18T03:06:28.774080,13.81074641,.01687747,99.4759,108.7183,226.5884,161.9620,0,U,29894,999,96007,.53219783E-3,.581E-5,0
FENGYUN 1C DEB,1999-025GR,2026-02-18T13:36:50.380992,14.09507232,.03000568,99.8829,169.5699,159.0221,268.9635,0,U,29895,999,96479,.4194955E-2,.11101E-3,0
FENGYUN 1C DEB,1999-025GS,2026-02-17T15:01:22.764288,13.65465900,.0239064,99.4190,303.4984,290.1784,130.9512,0,U,29896,999,94955,.41571E-3,.367E-5,0
FENGYUN 1C DEB,1999-025GT,2026-02-17T14:11:00.754944,13.57497714,.0299076,98.6301,269.8102,324.9767,58.4833,0,U,29897,999,93847,.16735E-2,.1565E-4,0
FENGYUN 1C DEB,1999-025GU,2026-02-18T10:09:30.982464,13.71000608,.04269602,98.2291,37.2325,6.8258,145.5738,0,U,29898,999,94088,.37909579E-2,.6448E-4,0
FENGYUN 1C DEB,1999-025GV,2026-02-14T08:50:24.913824,13.37516714,.0352019,98.6677,196.5899,278.8963,77.2477,0,U,29899,999,92935,.27418196E-3,.167E-5,0
FENGYUN 1C DEB,1999-025GX,2026-02-18T10:32:48.207840,13.33310120,.03797833,98.7520,215.5299,116.7429,273.7732,0,U,29901,999,92821,.33067838E-3,.212E-5,0
FENGYUN 1C DEB,1999-025HA,2026-02-18T13:56:53.049120,14.44745649,.02086185,99.0323,96.7686,116.8023,245.4671,0,U,29904,999,37,.27665959E-3,.1196E-4,0
FENGYUN 1C DEB,1999-025HC,2026-02-18T12:56:22.145280,14.50926205,.00340808,98.7030,160.1463,300.2598,59.5224,0,U,29906,999,99140,.16493585E-2,.6518E-4,0
FENGYUN 1C DEB,1999-025HD,2026-02-18T03:55:24.778272,14.12061237,.0082451,99.1041,121.8780,62.7432,327.3623,0,U,29907,999,97550,.98631843E-3,.1821E-4,0
FENGYUN 1C DEB,1999-025HF,2026-02-18T06:29:17.134080,14.56748538,.00404822,98.6321,160.3849,169.1929,220.8699,0,U,29909,999,99388,.20733514E-2,.9335E-4,0
FENGYUN 1C DEB,1999-025HH,2026-02-18T09:10:04.257408,14.19098299,.00251169,98.7075,96.3312,317.9039,107.2342,0,U,29911,999,98390,.61948953E-3,.1256E-4,0
FENGYUN 1C DEB,1999-025HJ,2026-02-18T06:42:04.424832,14.44017381,.00396023,98.7344,153.4759,20.1475,38.5154,0,U,29912,999,99013,.13337278E-2,.4559E-4,0
FENGYUN 1C DEB,1999-025HK,2026-02-18T12:14:08.465280,14.07467360,.00639733,98.7914,51.5138,80.6746,50.2995,0,U,29913,999,97918,.29911277E-3,.471E-5,0
FENGYUN 1C DEB,1999-025HL,2026-02-18T14:47:22.664256,14.03162826,.00346854,98.8367,81.2548,286.3236,200.0801,0,U,29914,999,97738,.24885569E-3,.346E-5,0
FENGYUN 1C DEB,1999-025HN,2026-02-18T06:24:47.412288,13.57076020,.02721884,99.1908,69.1562,86.0166,43.5445,0,U,29916,999,94368,.68255674E-3,.579E-5,0
FENGYUN 1C DEB,1999-025HP,2026-02-18T02:25:35.383872,13.70634933,.02245114,98.8754,270.6445,306.8140,209.0132,0,U,29917,999,95053,.11097016E-2,.1136E-4,0
FENGYUN 1C DEB,1999-025HQ,2026-02-18T04:51:30.940416,14.34251909,.00153551,98.8473,138.2044,126.1969,255.3579,0,U,29918,999,98761,.11064982E-2,.3064E-4,0
FENGYUN 1C DEB,1999-025HR,2026-02-18T10:17:49.851744,13.85167091,.01382407,98.4867,202.4487,157.7872,268.0136,0,U,29919,999,96472,.20221067E-3,.21E-5,0
FENGYUN 1C DEB,1999-025HS,2026-02-17T01:02:30.605856,14.03905147,.01257005,98.3915,262.4990,92.4204,269.1362,0,U,29920,999,97218,.67339081E-3,.1102E-4,0
FENGYUN 1C DEB,1999-025HT,2026-02-18T12:42:19.546560,14.06747047,.00445844,98.7883,58.7007,237.9087,253.6432,0,U,29921,999,97829,.33901943E-3,.525E-5,0
FENGYUN 1C DEB,1999-025HU,2026-02-18T03:36:28.879200,13.98618601,.00937922,99.1223,111.3074,180.9024,179.1984,0,U,29922,999,97383,.16311123E-3,.199E-5,0
FENGYUN 1C DEB,1999-025HV,2026-02-18T12:59:39.184800,14.14046332,.00168684,98.6886,60.9356,341.9249,171.0146,0,U,29923,999,98233,.46302059E-3,.839E-5,0
FENGYUN 1C DEB,1999-025HW,2026-02-18T12:08:50.783712,14.08912569,.002791,98.7332,65.3581,67.5574,85.9330,0,U,29924,999,98162,.11943993E-3,.165E-5,0
FENGYUN 1C DEB,1999-025HY,2026-02-18T13:13:35.587776,14.33545375,.02500292,98.2905,40.6483,97.6279,20.5631,0,U,29926,999,99552,.2218101E-3,.823E-5,0
FENGYUN 1C DEB,1999-025HZ,2026-02-17T23:37:17.568768,14.77642814,.0015804,99.0759,86.1865,6.2587,64.3446,0,U,29927,999,99639,.20975E-2,.15005E-3,0
FENGYUN 1C DEB,1999-025JA,2026-02-18T13:25:26.770368,13.88216961,.01417335,99.5785,80.6264,282.3197,233.1540,0,U,29928,999,96432,.54332794E-3,.655E-5,0
FENGYUN 1C DEB,1999-025JB,2026-02-18T08:42:12.216096,14.01716697,.01329807,98.6300,329.9445,348.0822,132.6716,0,U,29929,999,96903,.15807143E-2,.255E-4,0
FENGYUN 1C DEB,1999-025JC,2026-02-18T05:53:09.300192,14.20925972,.0162709,99.0392,298.0683,220.3242,270.8074,0,U,29930,999,98849,.19182956E-3,.426E-5,0
FENGYUN 1C DEB,1999-025JD,2026-02-18T01:00:19.041984,14.03937890,.00308416,98.8512,87.6252,264.7870,124.6970,0,U,29931,999,97757,.30788098E-3,.445E-5,0
FENGYUN 1C DEB,1999-025JE,2026-02-17T23:26:38.327136,14.16867127,.0036694,98.6337,62.6815,235.6956,154.0437,0,U,29932,999,98536,.27151E-3,.505E-5,0
FENGYUN 1C DEB,1999-025JF,2026-02-17T18:52:10.204608,14.68826550,.00066185,98.7451,161.4788,151.9970,359.9106,0,U,29933,999,99488,.25727828E-2,.15003E-3,0
FENGYUN 1C DEB,1999-025JG,2026-02-18T14:20:32.595936,14.64555699,.01007565,98.8930,106.9021,44.4375,316.4854,0,U,29934,999,762,.57935576E-3,.3251E-4,0
FENGYUN 1C DEB,1999-025JH,2026-02-18T00:26:56.156928,14.14274949,.01510031,98.4494,112.6623,23.4341,94.3669,0,U,29935,999,98493,.9179153E-4,.155E-5,0
FENGYUN 1C DEB,1999-025JJ,2026-02-18T07:47:04.278048,14.35392672,.01134637,98.6569,167.9368,348.0873,11.7633,0,U,29936,999,99900,.10656401E-3,.281E-5,0
FENGYUN 1C DEB,1999-025JK,2026-02-18T14:32:18.721536,14.04373603,.00318849,98.7982,73.5190,187.9242,285.2197,0,U,29937,999,97888,-.29233836E-4,-.89E-6,0
FENGYUN 1C DEB,1999-025JL,2026-02-18T13:01:36.930720,14.07502015,.0034477,98.8092,42.8293,117.7921,1.7407,0,U,29938,999,98010,.48386792E-4,.39E-6,0
FENGYUN 1C DEB,1999-025JM,2026-02-18T14:33:17.392320,14.12104395,.00653676,98.7137,52.2686,306.8634,170.8839,0,U,29939,999,98418,.6080728E-4,.7E-6,0
FENGYUN 1C DEB,1999-025JN,2026-02-18T12:47:12.174720,14.19027734,.00726709,98.6218,62.3555,264.2765,227.9407,0,U,29940,999,98449,.4627265E-3,.948E-5,0
FENGYUN 1C DEB,1999-025JQ,2026-02-18T04:37:52.283136,14.30708408,.00501706,98.6273,119.5354,79.6164,281.0668,0,U,29942,999,98833,.53225522E-3,.1368E-4,0
FENGYUN 1C DEB,1999-025JR,2026-02-18T14:02:29.651424,14.09687215,.00363023,98.7277,60.2694,37.5249,77.1801,0,U,29943,999,98262,.4070116E-5,-.35E-6,0
FENGYUN 1C DEB,1999-025JS,2026-02-18T09:14:42.215712,14.89074066,.01642291,99.0109,357.6358,17.2836,343.3877,0,U,29944,999,1460,.13654202E-2,.16532E-3,0
FENGYUN 1C DEB,1999-025JT,2026-02-18T14:22:38.428032,14.05603606,.00312783,98.7867,76.1891,168.4138,306.7373,0,U,29945,999,97931,.22830592E-3,.331E-5,0
FENGYUN 1C DEB,1999-025JU,2026-02-18T11:12:53.999424,14.08321001,.00810409,98.7863,44.9105,151.1500,336.8653,0,U,29946,999,98000,.95255957E-4,.125E-5,0
FENGYUN 1C DEB,1999-025JV,2026-02-18T13:51:16.122816,14.03123340,.0038845,98.8297,83.1371,292.4685,186.6393,0,U,29947,999,97701,.4038473E-4,.2E-6,0
FENGYUN 1C DEB,1999-025JW,2026-02-18T11:02:11.682816,14.06229772,.00853748,98.8322,38.9459,44.3954,106.1892,0,U,29948,999,97928,.38961012E-4,.24E-6,0
FENGYUN 1C DEB,1999-025JX,2026-02-18T13:47:41.025696,14.06840219,.00250592,98.7603,68.1322,112.2655,4.5181,0,U,29949,999,98061,.15041014E-3,.209E-5,0
FENGYUN 1C DEB,1999-025JY,2026-02-18T13:55:44.805216,14.10369684,.00338877,98.7336,83.7388,52.1932,66.5745,0,U,29950,999,98247,.7161723E-4,.85E-6,0
FENGYUN 1C DEB,1999-025KB,2026-02-18T10:26:20.784192,13.90914117,.0107611,98.9453,38.8238,81.7575,70.5232,0,U,29953,999,96803,.26999662E-3,.313E-5,0
FENGYUN 1C DEB,1999-025KC,2026-02-18T02:29:57.492960,14.34606292,.00745403,100.1423,103.8214,80.7854,280.1747,0,U,29954,999,99153,.63801175E-3,.1803E-4,0
FENGYUN 1C DEB,1999-025KD,2026-02-17T17:06:22.846752,14.38958788,.0007264,99.2669,139.7014,73.3827,80.6716,0,U,29955,999,99024,.11298599E-2,.3436E-4,0
FENGYUN 1C DEB,1999-025KE,2026-02-18T14:19:35.627232,14.06190782,.00535005,98.7847,81.4602,184.7401,296.7683,0,U,29956,999,98003,.14447762E-3,.198E-5,0
FENGYUN 1C DEB,1999-025KF,2026-02-17T07:16:22.207584,14.53818061,.0032982,98.9183,184.4258,329.5238,59.2660,0,U,29957,999,98458,.3905E-2,.16501E-3,0
FENGYUN 1C DEB,1999-025KG,2026-02-18T12:49:34.743360,14.14553417,.00555603,98.6666,66.9105,137.7754,222.7719,0,U,29958,999,98409,.28074467E-3,.505E-5,0
FENGYUN 1C DEB,1999-025KH,2026-02-18T14:47:23.502336,14.06056630,.00432055,98.8005,83.3924,135.9294,351.3637,0,U,29959,999,97894,.29700448E-3,.449E-5,0
FENGYUN 1C DEB,1999-025KJ,2026-02-18T11:05:37.275072,14.16531798,.00928526,98.6223,37.8879,91.3652,71.4072,0,U,29960,999,98413,.37459764E-3,.737E-5,0
FENGYUN 1C DEB,1999-025KK,2026-02-18T13:33:24.253056,14.26285014,.00756366,98.9438,303.4074,107.9599,252.9844,0,U,29961,999,99276,.14757603E-3,.319E-5,0
FENGYUN 1C DEB,1999-025KL,2026-02-18T13:11:18.826944,14.07208404,.01108076,98.7693,60.7035,31.1109,92.8974,0,U,29962,999,97951,.26671438E-3,.43E-5,0
FENGYUN 1C DEB,1999-025KM,2026-02-17T22:36:33.850080,14.29703522,.005214,98.9948,300.1013,105.6936,24.8139,0,U,29963,999,99103,.42903E-3,.107E-4,0
FENGYUN 1C DEB,1999-025KN,2026-02-18T12:06:42.232608,14.02962368,.01317459,98.3711,251.6143,77.4226,284.1640,0,U,29964,999,97267,.64310484E-3,.1039E-4,0
FENGYUN 1C DEB,1999-025KP,2026-02-18T13:29:05.884224,13.95822209,.01442616,98.9681,47.3872,241.3433,241.3935,0,U,29965,999,97222,.10201777E-3,.108E-5,0
FENGYUN 1C DEB,1999-025KQ,2026-02-18T13:03:09.292320,14.25903407,.00396389,99.4893,267.0821,150.9748,209.3645,0,U,29966,999,99009,.31454579E-3,.705E-5,0
FENGYUN 1C DEB,1999-025KR,2026-02-15T03:59:33.675072,14.24149245,.00766387,98.8587,128.2838,109.2907,281.8305,0,U,29967,999,98139,.96311959E-3,.2242E-4,0
FENGYUN 1C DEB,1999-025KS,2026-02-18T12:26:16.093248,14.07311113,.00902544,98.8117,42.5462,162.7844,319.7631,0,U,29968,999,98002,.13493368E-3,.192E-5,0
FENGYUN 1C DEB,1999-025KT,2026-02-18T05:28:30.387936,14.34001525,.00439947,98.7654,139.4303,207.9600,207.6186,0,U,29969,999,98629,.15873054E-2,.4437E-4,0
FENGYUN 1C DEB,1999-025KU,2026-02-18T14:07:08.000256,14.44259786,.00908983,98.8137,345.3093,346.2892,11.0347,0,U,29970,999,99,.59017311E-3,.2082E-4,0
FENGYUN 1C DEB,1999-025KV,2026-02-18T01:46:10.627104,14.18440129,.00222484,98.6751,92.3679,338.0409,82.9856,0,U,29971,999,98294,.69686362E-3,.1399E-4,0
FENGYUN 1C DEB,1999-025KW,2026-02-18T13:28:38.409024,14.67407844,.0064093,98.9179,72.5731,161.0624,0.7978,0,U,29972,999,478,.81546175E-3,.4698E-4,0
FENGYUN 1C DEB,1999-025KX,2026-02-18T06:53:49.258752,14.06732562,.00580579,98.8457,53.2533,320.9176,106.8417,0,U,29973,999,97668,.71088623E-3,.1156E-4,0
FENGYUN 1C DEB,1999-025KY,2026-02-18T04:34:07.022784,14.15189180,.00468082,98.8871,138.1278,246.3907,143.1702,0,U,29974,999,97879,.10286111E-2,.1975E-4,0
FENGYUN 1C DEB,1999-025KZ,2026-02-18T08:55:22.181664,13.98066558,.01135968,99.3303,96.5828,188.6531,236.8586,0,U,29975,999,97382,.91073108E-4,.91E-6,0
FENGYUN 1C DEB,1999-025LA,2026-02-18T11:48:33.095808,13.98199508,.02687423,98.9236,49.9940,52.4525,98.0847,0,U,29976,999,97283,.31963591E-3,.578E-5,0
FENGYUN 1C DEB,1999-025LB,2026-02-18T13:44:43.235232,14.05391358,.01289048,98.3953,271.6500,63.9395,352.0781,0,U,29977,999,97313,.82939223E-3,.141E-4,0
FENGYUN 1C DEB,1999-025LC,2026-02-18T08:45:28.281024,13.95932799,.0075496,99.0497,103.6746,225.8534,198.8175,0,U,29978,999,97260,.25726653E-3,.316E-5,0
FENGYUN 1C DEB,1999-025LD,2026-02-18T15:04:43.348800,14.26147463,.01060533,98.3657,74.8097,324.4130,149.1540,0,U,29979,999,99041,.40535447E-3,.987E-5,0
FENGYUN 1C DEB,1999-025LE,2026-02-18T10:30:07.577280,14.06369571,.0088394,98.5580,219.9095,56.9675,331.8994,0,U,29980,999,97944,.31300285E-4,.13E-6,0
FENGYUN 1C DEB,1999-025LG,2026-02-18T11:38:32.777376,14.67579945,.01216819,99.4039,245.6935,81.9028,309.7302,0,U,29982,999,1277,.4556973E-3,.2823E-4,0
FENGYUN 1C DEB,1999-025LK,2026-02-18T15:07:04.376064,14.10339904,.00289762,98.7088,67.5558,20.4727,95.2315,0,U,29985,999,98305,.77312187E-4,.95E-6,0
FENGYUN 1C DEB,1999-025LL,2026-02-18T04:41:04.259616,14.29807968,.00256981,99.3904,127.1068,164.3737,216.2317,0,U,29986,999,98471,.11715872E-2,.2972E-4,0
FENGYUN 1C DEB,1999-025LM,2026-02-18T05:17:24.701856,14.15216424,.0082061,98.8978,306.0101,39.8444,111.7850,0,U,29987,999,97327,.19618067E-2,.3896E-4,0
FENGYUN 1C DEB,1999-025LN,2026-02-18T07:17:53.668896,14.51848095,.01198105,98.6925,160.4833,173.1826,201.8498,0,U,29988,999,99047,.20472503E-2,.901E-4,0
FENGYUN 1C DEB,1999-025LP,2026-02-18T09:34:52.152672,14.15881241,.01236675,98.6771,31.3931,2.7910,152.4868,0,U,29989,999,98568,.21650904E-3,.416E-5,0
FENGYUN 1C DEB,1999-025LS,2026-02-18T13:13:30.800352,14.11644802,.00881963,98.7353,47.8714,336.3839,147.2301,0,U,29992,999,98344,.8727728E-4,.121E-5,0
FENGYUN 1C DEB,1999-025LT,2026-02-18T13:24:40.358880,14.08173548,.00402059,98.7842,89.5232,121.9940,238.5146,0,U,29993,999,98124,.36644678E-4,.2E-6,0
FENGYUN 1C DEB,1999-025LU,2026-02-18T13:47:40.832160,14.02695909,.01304683,98.8198,84.7305,25.3647,88.7217,0,U,29994,999,97677,.75110657E-4,.83E-6,0
FENGYUN 1C DEB,1999-025LW,2026-02-18T02:42:13.021344,14.09949437,.01309782,99.2997,93.7340,258.7786,124.8932,0,U,29996,999,97086,.16468339E-2,.3096E-4,0
FENGYUN 1C DEB,1999-025LX,2026-02-18T14:48:19.208736,14.01066082,.00803759,98.8904,63.2274,138.0770,330.0726,0,U,29997,999,97340,.64334408E-3,.95E-5,0
FENGYUN 1C DEB,1999-025LY,2026-02-18T10:04:20.059104,14.28914584,.00067697,99.2973,119.2708,123.3015,236.8814,0,U,29998,999,98841,.82735171E-3,.2041E-4,0
FENGYUN 1C DEB,1999-025LZ,2026-02-18T13:06:15.938784,14.20334264,.0187242,98.5848,36.8153,290.6777,197.8088,0,U,29999,999,98686,.41202375E-3,.1005E-4,0
FENGYUN 1C DEB,1999-025MA,2026-02-18T04:46:07.779360,14.39841345,.0037856,98.9540,132.2333,251.3229,136.1780,0,U,30001,999,98402,.21234016E-2,.668E-4,0
FENGYUN 1C DEB,1999-025MC,2026-02-18T11:26:57.448320,13.85705579,.01423439,99.5861,30.7773,300.9513,179.4388,0,U,30003,999,96426,.31665779E-3,.344E-5,0
FENGYUN 1C DEB,1999-025MD,2026-02-18T11:16:04.094112,14.17308464,.00388828,99.2272,238.1259,151.0841,241.5713,0,U,30004,999,98266,.62838736E-3,.1232E-4,0
FENGYUN 1C DEB,1999-025ME,2026-02-18T08:06:32.916672,13.52485654,.03449237,99.3088,12.2418,282.6894,73.5897,0,U,30005,999,93860,.10167648E-2,.935E-5,0
FENGYUN 1C DEB,1999-025MG,2026-02-18T08:23:46.747104,14.26057014,.00620211,99.1776,318.8568,180.2093,301.8553,0,U,30007,999,98319,.12233942E-2,.2935E-4,0
FENGYUN 1C DEB,1999-025MH,2026-02-18T10:27:27.351936,14.68388604,.00394482,99.3747,20.4457,350.8923,133.2338,0,U,30008,999,53,.19517741E-2,.11371E-3,0
FENGYUN 1C DEB,1999-025MJ,2026-02-18T02:56:33.470304,14.05107840,.00674975,99.0066,108.5919,146.9530,213.5883,0,U,30009,999,97429,.50359264E-3,.785E-5,0
FENGYUN 1C DEB,1999-025MK,2026-02-18T13:19:43.948992,14.25036095,.00733614,99.0708,248.9778,15.8158,47.0534,0,U,30010,999,99226,.96581992E-4,.185E-5,0
FENGYUN 1C DEB,1999-025MM,2026-02-18T02:10:18.748128,13.85815380,.01357185,99.4521,107.9616,327.0448,49.8887,0,U,30012,999,96481,.22700734E-3,.233E-5,0
FENGYUN 1C DEB,1999-025MN,2026-02-18T15:18:05.654880,13.87876685,.0127456,99.5757,75.7773,222.8839,267.5726,0,U,30013,999,96623,.20750309E-3,.215E-5,0
FENGYUN 1C DEB,1999-025MQ,2026-02-18T13:55:33.746016,14.31078792,.00368247,99.2298,61.6114,289.8849,194.4485,0,U,30015,999,99143,.58576008E-3,.1505E-4,0
FENGYUN 1C DEB,1999-025MR,2026-02-18T13:32:22.508160,14.80738198,.00444575,98.9006,73.7953,184.3788,338.0741,0,U,30016,999,457,.13194472E-2,.10278E-3,0
FENGYUN 1C DEB,1999-025MS,2026-02-18T14:30:13.864896,14.61373585,.02160547,98.7436,103.1217,326.6108,32.1618,0,U,30017,999,1435,.12739172E-3,.807E-5,0
FENGYUN 1C DEB,1999-025MT,2026-02-18T12:27:55.383264,14.73963162,.011441,98.7484,142.4817,343.5253,83.0692,0,U,30018,999,1435,.46009634E-3,.3289E-4,0
FENGYUN 1C DEB,1999-025MV,2026-02-18T13:33:25.188768,14.04623817,.01819465,98.8486,56.6875,240.4119,245.2875,0,U,30020,999,97610,.24357333E-3,.407E-5,0
FENGYUN 1C DEB,1999-025MW,2026-02-18T14:04:26.675040,14.04919392,.00738221,98.8419,44.3534,96.7869,27.5945,0,U,30021,999,97884,.20921801E-3,.302E-5,0
FENGYUN 1C DEB,1999-025MX,2026-02-18T13:35:31.904736,14.23159672,.00684403,99.0694,264.7355,74.9956,339.7183,0,U,30022,999,99157,.56103685E-4,.83E-6,0
FENGYUN 1C DEB,1999-025MY,2026-02-18T13:17:15.323712,14.11986450,.004603,99.2944,250.5662,233.5543,191.1699,0,U,30023,999,98153,.39977547E-3,.691E-5,0
FENGYUN 1C DEB,1999-025ND,2026-02-18T12:56:59.317152,14.55822727,.01749632,98.1512,45.1595,18.6523,98.2767,0,U,30028,999,708,.57360839E-3,.304E-4,0
FENGYUN 1C DEB,1999-025NL,2026-02-18T14:50:59.172288,14.37022173,.01139069,99.2729,334.6587,223.7210,258.3030,0,U,30035,999,99,.59203389E-4,.135E-5,0
FENGYUN 1C DEB,1999-025NM,2026-02-18T00:21:49.140576,14.46490663,.01893518,98.2458,79.3589,3.2343,59.0928,0,U,30036,999,146,.44896835E-3,.1968E-4,0
FENGYUN 1C DEB,1999-025NN,2026-02-18T10:57:59.972832,14.34244202,.01723685,98.3926,28.1968,212.9141,308.1564,0,U,30037,999,99758,.11011863E-3,.317E-5,0
FENGYUN 1C DEB,1999-025NP,2026-02-18T13:04:31.215936,14.39585132,.02546926,98.3762,40.6752,258.9790,225.4155,0,U,30038,999,99866,.23108396E-3,.999E-5,0
FENGYUN 1C DEB,1999-025NR,2026-02-18T14:41:30.788160,14.37877171,.00339142,98.2313,68.1084,108.3912,20.2591,0,U,30040,999,98903,.12467636E-2,.3747E-4,0
FENGYUN 1C DEB,1999-025NS,2026-02-18T06:42:00.732096,14.13326332,.00344511,99.4656,164.6514,31.9914,356.9204,0,U,30041,999,98241,.37727494E-3,.663E-5,0
FENGYUN 1C DEB,1999-025NU,2026-02-18T06:23:47.120640,14.23886532,.02805551,98.6227,151.0338,294.4732,62.7424,0,U,30043,999,98306,.54095962E-3,.1809E-4,0
FENGYUN 1C DEB,1999-025NV,2026-02-18T05:59:22.186176,14.52102030,.0078514,98.2134,332.9814,322.2891,37.2817,0,U,30044,999,99018,.21866455E-2,.9178E-4,0
FENGYUN 1C DEB,1999-025NW,2026-02-18T01:42:36.175392,14.22309226,.00924377,99.1742,92.3406,279.8697,134.5313,0,U,30045,999,97645,.16011263E-2,.367E-4,0
FENGYUN 1C DEB,1999-025NY,2026-02-18T09:37:58.561536,13.94526810,.01264723,99.9253,216.4072,143.1882,248.2667,0,U,30047,999,96859,.80678594E-3,.1101E-4,0
FENGYUN 1C DEB,1999-025NZ,2026-02-18T14:48:00.603360,13.79937822,.01879091,98.6623,274.7976,61.7585,11.8733,0,U,30048,999,96062,.24987758E-3,.258E-5,0
FENGYUN 1C DEB,1999-025PB,2026-02-18T08:58:55.588800,13.85261085,.01684701,96.8245,356.2220,196.5597,286.8401,0,U,30050,999,96138,.60349365E-3,.74E-5,0
FENGYUN 1C DEB,1999-025PD,2026-02-18T14:55:23.874240,13.73053521,.02898213,99.2933,78.3349,54.6556,63.6092,0,U,30052,999,95486,.42466755E-3,.489E-5,0
FENGYUN 1C DEB,1999-025PE,2026-02-18T10:53:38.900544,13.94849179,.03302705,98.5822,222.9375,150.6638,239.5279,0,U,30053,999,95930,.11293909E-2,.2351E-4,0
FENGYUN 1C DEB,1999-025PF,2026-02-18T00:57:49.787712,13.69950326,.02758655,99.3635,84.5596,189.9770,200.5246,0,U,30054,999,95270,.41567973E-3,.434E-5,0
FENGYUN 1C DEB,1999-025PH,2026-02-18T11:48:30.154752,13.74380646,.02970407,98.3276,231.5663,27.5828,334.0737,0,U,30056,999,94906,.1300906E-2,.1657E-4,0
FENGYUN 1C DEB,1999-025PJ,2026-02-18T03:28:39.155232,13.57281794,.02884255,98.8758,116.4391,332.0562,80.6041,0,U,30057,999,94150,.10156264E-2,.91E-5,0
FENGYUN 1C DEB,1999-025PK,2026-02-18T12:23:50.646624,13.48354066,.03149131,99.6514,56.5514,344.2061,141.5078,0,U,30058,999,93761,.88088292E-3,.696E-5,0
FENGYUN 1C DEB,1999-025PL,2026-02-18T13:14:37.822560,13.45530554,.03277561,98.8290,41.7904,130.4062,357.9552,0,U,30059,999,93709,.24566171E-3,.167E-5,0
FENGYUN 1C DEB,1999-025PM,2026-02-18T03:16:51.724128,13.44007977,.0345307,99.3147,275.9556,264.3662,225.5697,0,U,30060,999,93148,.117055E-2,.926E-5,0
FENGYUN 1C DEB,1999-025PN,2026-02-18T13:33:53.171136,13.47053220,.0368318,101.8756,176.8443,97.0284,327.2420,0,U,30061,999,93012,.2238548E-2,.2E-4,0
FENGYUN 1C DEB,1999-025PP,2026-02-18T14:17:34.237824,14.07223173,.00482682,98.7811,61.8395,215.4758,261.3847,0,U,30062,999,97862,.24086425E-3,.365E-5,0
FENGYUN 1C DEB,1999-025PQ,2026-02-18T11:19:36.500736,14.15641222,.00312622,98.5310,30.3439,302.1207,179.6823,0,U,30063,999,98623,.75018569E-4,.106E-5,0
FENGYUN 1C DEB,1999-025PR,2026-02-18T13:57:43.227648,14.14329103,.00645051,98.6614,63.5733,277.8698,205.1641,0,U,30064,999,98464,.16086346E-3,.27E-5,0
FENGYUN 1C DEB,1999-025PS,2026-02-18T09:19:19.260768,13.86948615,.01303728,98.6944,22.4577,206.2679,153.1828,0,U,30065,999,96609,.11495058E-3,.104E-5,0
FENGYUN 1C DEB,1999-025PT,2026-02-18T12:34:42.765312,14.19160668,.01187605,98.6409,43.2510,66.6517,46.6808,0,U,30066,999,98798,.15250671E-3,.3E-5,0
FENGYUN 1C DEB,1999-025PU,2026-02-18T14:49:44.830272,14.43944067,.01506121,98.7610,302.7416,174.3012,246.4973,0,U,30067,999,175,.25504211E-3,.946E-5,0
FENGYUN 1C DEB,1999-025PV,2026-02-18T10:53:50.706240,14.12102492,.01903825,98.7441,40.5996,155.7004,205.3293,0,U,30068,999,98299,.90328739E-4,.155E-5,0
FENGYUN 1C DEB,1999-025PW,2026-02-18T12:05:03.149952,14.05297149,.00480388,98.8101,34.3841,221.8852,252.1973,0,U,30069,999,97798,.94019762E-4,.111E-5,0
FENGYUN 1C DEB,1999-025PX,2026-02-18T03:41:07.595232,14.10658263,.0328122,98.2761,108.6224,125.0675,300.5695,0,U,30070,999,96829,.11288686E-2,.33E-4,0
FENGYUN 1C DEB,1999-025PY,2026-02-18T06:17:26.797344,14.53689049,.00384811,98.6547,155.6884,259.1662,128.6266,0,U,30071,999,99207,.20961922E-2,.8823E-4,0
FENGYUN 1C DEB,1999-025PZ,2026-02-18T09:01:55.084800,14.39469225,.00553558,99.0763,206.5099,76.9327,283.8030,0,U,30072,999,98143,.23416098E-2,.7387E-4,0
FENGYUN 1C DEB,1999-025QA,2026-02-18T10:42:32.427360,14.19142467,.00544463,99.4169,31.7211,88.3820,62.5067,0,U,30073,999,97885,.14150787E-2,.2957E-4,0
FENGYUN 1C DEB,1999-025QB,2026-02-18T04:17:02.347296,14.13240418,.00934752,99.1220,121.7240,321.3777,38.0733,0,U,30074,999,97614,.11100556E-2,.2121E-4,0
FENGYUN 1C DEB,1999-025QC,2026-02-18T01:54:55.709280,13.92560545,.00905748,99.3502,105.0557,356.4026,32.6092,0,U,30075,999,97002,.17184147E-3,.183E-5,0
FENGYUN 1C DEB,1999-025QD,2026-02-18T12:24:43.523424,13.76353345,.01739694,99.2463,39.2793,275.3156,206.1012,0,U,30076,999,95826,.26807257E-3,.248E-5,0
FENGYUN 1C DEB,1999-025QE,2026-02-18T14:46:52.615200,14.07091264,.00224954,98.7559,68.1389,74.2304,44.8570,0,U,30077,999,98067,-.28970406E-4,-.91E-6,0
FENGYUN 1C DEB,1999-025QF,2026-02-18T04:48:27.642816,14.23618402,.00521529,98.8270,129.2938,89.6857,325.3929,0,U,30078,999,98073,.13357238E-2,.3044E-4,0
FENGYUN 1C DEB,1999-025QG,2026-02-18T02:50:52.391616,14.00835397,.0088075,99.0183,108.8596,113.3029,277.1334,0,U,30079,999,97481,.10881335E-3,.125E-5,0
FENGYUN 1C DEB,1999-025QH,2026-02-18T10:20:30.617952,14.10901154,.01317779,98.7078,32.8526,227.9983,285.4856,0,U,30080,999,98192,.10891461E-3,.169E-5,0
FENGYUN 1C DEB,1999-025QJ,2026-02-18T13:28:58.237824,13.98355727,.00767376,98.9273,48.9947,150.5608,326.1254,0,U,30081,999,97302,.90929717E-4,.91E-6,0
FENGYUN 1C DEB,1999-025QK,2026-02-18T12:29:39.576480,15.20226054,.00605233,98.8227,353.3250,302.6468,56.8932,0,U,30082,999,2321,.15288963E-2,.34864E-3,0
FENGYUN 1C DEB,1999-025QP,2026-02-18T13:22:54.501600,14.03913329,.00601577,98.9026,86.8755,305.5532,212.0355,0,U,30086,999,97647,.44656597E-3,.672E-5,0
FENGYUN 1C DEB,1999-025QQ,2026-02-18T14:27:40.115232,14.35882185,.02276032,98.3726,84.9802,278.7481,235.4160,0,U,30087,999,99669,.24954132E-3,.918E-5,0
FENGYUN 1C DEB,1999-025QR,2026-02-18T11:13:02.337024,14.36092260,.020248,98.3627,36.7389,45.3273,78.4222,0,U,30088,999,99644,.45928219E-3,.1642E-4,0
FENGYUN 1C DEB,1999-025QS,2026-02-18T05:50:21.411168,14.30409863,.0074419,98.9022,321.2049,14.6390,138.2781,0,U,30089,999,99444,.25268699E-3,.631E-5,0
FENGYUN 1C DEB,1999-025QT,2026-02-18T10:26:08.297664,14.29224677,.00569331,99.4134,232.8746,277.9446,97.2799,0,U,30090,999,99237,.48897633E-3,.1213E-4,0
FENGYUN 1C DEB,1999-025QV,2026-02-18T10:52:18.976224,14.39431524,.00833665,98.9270,236.4771,50.9194,331.0265,0,U,30092,999,99723,.36420868E-3,.1132E-4,0
FENGYUN 1C DEB,1999-025QW,2026-02-18T11:47:16.154016,14.44150588,.00695793,98.8639,291.8987,133.9315,348.2880,0,U,30093,999,99781,.62479569E-3,.2157E-4,0
FENGYUN 1C DEB,1999-025QY,2026-02-18T08:01:32.046816,14.84430854,.01603248,99.2247,345.8548,118.9079,242.8321,0,U,30095,999,336,.1030615E-2,.10845E-3,0
FENGYUN 1C DEB,1999-025QZ,2026-02-18T11:00:25.003872,14.31835680,.00796269,99.1386,137.3055,37.3724,323.2960,0,U,30096,999,99515,.23613615E-3,.606E-5,0
FENGYUN 1C DEB,1999-025RC,2026-02-18T04:57:23.036832,14.26053164,.00623437,98.5297,124.7794,49.0102,11.7915,0,U,30099,999,99151,.22926794E-3,.516E-5,0
FENGYUN 1C DEB,1999-025RF,2026-02-18T13:48:35.748000,14.22221328,.01419408,98.3804,59.0188,161.2456,323.7294,0,U,30102,999,98922,.12495301E-3,.267E-5,0
FENGYUN 1C DEB,1999-025RG,2026-02-18T12:17:33.087264,14.25070660,.00620177,99.2531,39.5940,287.1204,196.3911,0,U,30103,999,98884,.45555829E-3,.104E-4,0
FENGYUN 1C DEB,1999-025RH,2026-02-18T11:38:15.374688,14.25925687,.00724432,98.3607,248.4541,269.4060,119.4485,0,U,30104,999,98858,.59001697E-3,.1403E-4,0
FENGYUN 1C DEB,1999-025RJ,2026-02-18T12:30:23.195520,14.21598132,.01972606,98.6019,38.8483,237.2079,120.9963,0,U,30105,999,98725,.23998337E-3,.594E-5,0
FENGYUN 1C DEB,1999-025RK,2026-02-18T14:10:41.154240,14.92668201,.00446539,98.9217,330.4321,347.3364,135.4422,0,U,30106,999,99554,.49995641E-2,.52837E-3,0
FENGYUN 1C DEB,1999-025RL,2026-02-18T09:10:09.815520,14.14471239,.01283371,98.8351,110.6407,83.3876,278.1886,0,U,30107,999,98517,.11491972E-3,.195E-5,0
FENGYUN 1C DEB,1999-025RM,2026-02-18T10:33:06.132384,14.17305964,.01965753,98.6681,38.6226,187.0442,331.6311,0,U,30108,999,98557,.16677991E-3,.363E-5,0
FENGYUN 1C DEB,1999-025RN,2026-02-18T11:20:04.564320,14.17677918,.01687398,98.5139,45.1711,37.2765,125.5096,0,U,30109,999,98511,.44369133E-3,.998E-5,0
FENGYUN 1C DEB,1999-025RP,2026-02-18T06:12:44.832672,13.56270567,.02686398,98.9052,156.6952,178.8132,181.3703,0,U,30110,999,94430,.31597259E-3,.242E-5,0
FENGYUN 1C DEB,1999-025RR,2026-02-18T11:02:08.647584,14.22573541,.01991687,99.2905,32.0378,275.3166,82.5315,0,U,30112,999,98545,.58509922E-3,.1547E-4,0
FENGYUN 1C DEB,1999-025RS,2026-02-18T13:42:10.314144,14.46430343,.00379638,99.0378,271.1739,159.1586,255.4292,0,U,30113,999,98889,.14565446E-2,.5235E-4,0
FENGYUN 1C DEB,1999-025RT,2026-02-18T14:14:06.966816,14.09720753,.00801466,98.7496,55.0457,288.4014,196.8730,0,U,30114,999,98110,.21686187E-3,.348E-5,0
FENGYUN 1C DEB,1999-025RU,2026-02-18T12:27:41.859072,14.20109830,.00670352,98.6163,80.0467,223.2683,296.8383,0,U,30115,999,98290,.79463199E-3,.1689E-4,0
FENGYUN 1C DEB,1999-025RV,2026-02-18T04:35:38.980896,14.29865710,.00235163,99.3899,130.4711,152.5191,235.8439,0,U,30116,999,98473,.12945465E-2,.3292E-4,0
FENGYUN 1C DEB,1999-025RW,2026-02-18T12:22:06.826656,14.07222188,.01645574,98.8113,41.2520,19.0787,99.1034,0,U,30117,999,97942,.22873973E-3,.391E-5,0
FENGYUN 1C DEB,1999-025RX,2026-02-18T14:21:01.031040,14.05158196,.00836093,98.8060,56.3513,228.7398,260.1824,0,U,30118,999,97884,.16086388E-3,.225E-5,0
FENGYUN 1C DEB,1999-025RY,2026-02-18T13:22:53.024160,14.22692801,.01322741,97.9259,41.7295,91.8052,32.4104,0,U,30119,999,98144,.11800669E-2,.2854E-4,0
FENGYUN 1C DEB,1999-025RZ,2026-02-18T05:19:37.515936,14.28281499,.00602647,98.8454,137.0049,17.3409,45.9523,0,U,30120,999,98334,.12019282E-2,.3012E-4,0
FENGYUN 1C DEB,1999-025SA,2026-02-18T03:02:22.536672,14.41138429,.00275136,102.1592,103.5985,343.4749,42.4141,0,U,30121,999,98510,.18459418E-2,.5907E-4,0
FENGYUN 1C DEB,1999-025SC,2026-02-18T06:40:02.080704,14.26791379,.02252754,96.9307,340.7649,239.1576,118.7274,0,U,30123,999,98210,.78528804E-3,.2454E-4,0
FENGYUN 1C DEB,1999-025SD,2026-02-18T04:07:10.739712,14.14514977,.01413233,99.1234,109.5237,274.8441,152.7823,0,U,30124,999,97868,.80505493E-3,.1652E-4,0
FENGYUN 1C DEB,1999-025SE,2026-02-18T05:18:52.816032,14.23410354,.0341018,98.7196,152.5397,148.3286,245.2125,0,U,30125,999,97881,.15199015E-2,.626E-4,0
FENGYUN 1C DEB,1999-025SG,2026-02-18T14:01:00.204096,14.39285945,.00828371,98.2082,268.1607,236.6725,122.6513,0,U,30127,999,98211,.20823496E-2,.6691E-4,0
FENGYUN 1C DEB,1999-025SH,2026-02-17T22:07:38.367840,14.48280333,.0101554,96.9846,40.9501,273.9652,114.8978,0,U,30128,999,98283,.27047E-2,.10759E-3,0
FENGYUN 1C DEB,1999-025SJ,2026-02-18T09:51:53.148384,14.01769962,.01854286,98.0395,348.2662,259.9084,229.1087,0,U,30129,999,97426,.39435197E-3,.658E-5,0
FENGYUN 1C DEB,1999-025SL,2026-02-18T06:47:20.571072,14.21942440,.00781379,99.0704,147.9955,324.0121,107.7196,0,U,30131,999,97648,.1762638E-2,.3967E-4,0
FENGYUN 1C DEB,1999-025SM,2026-02-18T10:30:01.460160,13.94951807,.01039087,99.5869,10.5970,227.4697,255.1482,0,U,30132,999,97033,.18910058E-3,.217E-5,0
FENGYUN 1C DEB,1999-025SN,2026-02-18T10:27:43.691904,14.07086326,.00840496,98.3283,215.8014,68.7711,319.1994,0,U,30133,999,97330,.10162361E-2,.1716E-4,0
FENGYUN 1C DEB,1999-025SP,2026-02-18T13:51:02.600352,14.13492047,.00185679,98.6902,71.6781,356.0234,125.1311,0,U,30134,999,98204,.43230691E-3,.772E-5,0
FENGYUN 1C DEB,1999-025SR,2026-02-18T04:00:56.846304,13.95425810,.01272986,98.5528,302.2201,242.2275,272.7404,0,U,30136,999,97031,.38050873E-3,.512E-5,0
FENGYUN 1C DEB,1999-025ST,2026-02-18T03:41:15.910368,14.20285954,.00180959,98.7508,106.7167,301.6837,121.0423,0,U,30138,999,98358,.68030264E-3,.1413E-4,0
FENGYUN 1C DEB,1999-025SU,2026-02-18T12:59:53.204928,14.03961919,.01310196,98.3647,252.7811,97.8533,319.0374,0,U,30139,999,97201,.7142337E-3,.118E-4,0
FENGYUN 1C DEB,1999-025SV,2026-02-17T16:12:16.958592,14.21218413,.0042915,98.8192,116.4563,120.8656,30.3026,0,U,30140,999,98094,.11454E-2,.2473E-4,0
FENGYUN 1C DEB,1999-025SW,2026-02-18T06:02:52.329984,14.53366473,.0013769,99.0162,340.9890,191.9269,168.1601,0,U,30141,999,99224,.20339034E-2,.8426E-4,0
FENGYUN 1C DEB,1999-025SX,2026-02-18T05:16:20.248320,14.11012490,.01034153,99.1217,131.0455,120.9873,240.1506,0,U,30142,999,97250,.15388328E-2,.2863E-4,0
FENGYUN 1C DEB,1999-025SY,2026-02-18T11:34:06.019104,14.02892360,.0103324,98.7382,235.0508,101.5019,289.1748,0,U,30143,999,97169,.75394791E-3,.1184E-4,0
FENGYUN 1C DEB,1999-025SZ,2026-02-18T10:47:49.492896,13.91914445,.01271905,99.0159,45.3322,105.8760,47.2157,0,U,30144,999,96782,.48788757E-3,.623E-5,0
FENGYUN 1C DEB,1999-025TA,2026-02-18T07:53:27.849120,14.14797152,.00864502,99.2669,166.4473,315.8058,108.0433,0,U,30145,999,97151,.21603817E-2,.4272E-4,0
FENGYUN 1C DEB,1999-025TB,2026-02-18T09:11:28.682304,13.86709535,.01768938,98.0257,204.4602,294.7222,92.4697,0,U,30146,999,96355,.53423002E-3,.667E-5,0
FENGYUN 1C DEB,1999-025TD,2026-02-18T08:40:43.491072,13.88636598,.01333276,99.5508,205.2773,16.8603,42.4362,0,U,30148,999,96455,.55374206E-3,.669E-5,0
FENGYUN 1C DEB,1999-025TF,2026-02-18T08:24:16.056576,13.86720923,.01482115,98.9988,187.7862,153.2716,237.1878,0,U,30150,999,96395,.63228475E-3,.762E-5,0
FENGYUN 1C DEB,1999-025TG,2026-02-18T12:26:30.998112,13.84595694,.01644794,99.0634,60.1664,96.5616,58.1207,0,U,30151,999,96183,.79681852E-3,.953E-5,0
FENGYUN 1C DEB,1999-025TH,2026-02-18T13:51:31.428576,13.97166603,.0161818,99.0826,271.5297,260.5584,97.7256,0,U,30152,999,96325,.12493007E-2,.1907E-4,0
FENGYUN 1C DEB,1999-025TJ,2026-02-18T13:06:46.444032,13.78971605,.01998031,100.4719,51.9693,193.1006,290.9543,0,U,30153,999,95709,.64933114E-3,.716E-5,0
FENGYUN 1C DEB,1999-025TK,2026-02-18T13:59:06.290880,13.86270708,.01793159,98.4447,89.7966,13.0399,137.5434,0,U,30154,999,95924,.11778994E-2,.1507E-4,0
FENGYUN 1C DEB,1999-025TL,2026-02-18T03:48:34.958880,13.74236854,.02487965,99.7486,129.0892,170.8397,189.7414,0,U,30155,999,94790,.28240781E-2,.3285E-4,0
FENGYUN 1C DEB,1999-025TM,2026-02-18T10:42:16.648128,13.81046141,.02005366,98.9233,17.7254,80.3677,35.4423,0,U,30156,999,95625,.15343508E-2,.1849E-4,0
FENGYUN 1C DEB,1999-025TN,2026-02-16T05:54:47.155104,14.46214688,.0033487,98.7112,151.0330,356.8934,32.2959,0,U,30157,999,99019,.19539E-2,.6998E-4,0
FENGYUN 1C DEB,1999-025TR,2026-02-18T10:17:51.355104,13.43060986,.03434379,98.8922,355.1384,317.6166,166.2077,0,U,30160,999,93322,.87440095E-3,.669E-5,0
FENGYUN 1C DEB,1999-025TS,2026-02-18T11:27:07.546752,13.49921192,.03281107,100.5113,45.6377,93.9732,54.2726,0,U,30161,999,93473,.16063037E-2,.1378E-4,0
FENGYUN 1C DEB,1999-025TT,2026-02-18T09:18:47.257344,13.53779520,.03177624,99.4823,107.7581,179.2079,245.8896,0,U,30162,999,93576,.25672303E-2,.2348E-4,0
FENGYUN 1C DEB,1999-025TU,2026-02-18T05:30:35.428608,13.39010316,.0369184,98.6989,159.8505,63.1404,356.7824,0,U,30163,999,92848,.10752482E-2,.824E-5,0
FENGYUN 1C DEB,1999-025TY,2026-02-18T05:36:00.056736,14.48801241,.01420086,98.9605,143.5612,312.6369,73.0442,0,U,30167,999,335,.3124104E-3,.1282E-4,0
FENGYUN 1C DEB,1999-025TZ,2026-02-18T03:11:46.129920,14.53980141,.00961425,97.3811,118.5694,301.5206,57.6629,0,U,30168,999,99290,.12266993E-2,.5457E-4,0
FENGYUN 1C DEB,1999-025UA,2026-02-18T04:13:23.606688,14.60342775,.02058759,98.3271,123.9512,18.1505,9.8503,0,U,30169,999,98707,.13455458E-2,.8728E-4,0
FENGYUN 1C DEB,1999-025UB,2026-02-18T12:42:15.008832,14.00369880,.00806003,98.8507,39.3920,86.9554,37.6883,0,U,30170,999,97364,.17090059E-3,.218E-5,0
FENGYUN 1C DEB,1999-025UC,2026-02-18T13:22:20.177472,13.96917274,.01861158,98.3950,266.4472,77.5666,284.6256,0,U,30171,999,97217,.55073266E-4,.52E-6,0
FENGYUN 1C DEB,1999-025UD,2026-02-18T10:58:27.210432,14.12921964,.00702736,99.2421,35.6211,13.3377,105.1467,0,U,30172,999,97473,.15762009E-2,.2958E-4,0
FENGYUN 1C DEB,1999-025UE,2026-02-17T10:35:18.354624,14.11841271,.00819914,98.9697,124.2108,102.9261,320.4753,0,U,30173,999,97490,.13986413E-2,.2591E-4,0
FENGYUN 1C DEB,1999-025UF,2026-02-18T10:17:10.690080,14.87536666,.00194699,98.7758,209.9701,207.1406,178.4522,0,U,30174,999,99372,.45030946E-2,.41167E-3,0
FENGYUN 1C DEB,1999-025UG,2026-02-18T02:25:18.802848,13.83936268,.01460305,99.3700,110.0114,34.2682,355.8493,0,U,30175,999,96272,.30531324E-3,.324E-5,0
FENGYUN 1C DEB,1999-025UJ,2026-02-17T18:44:23.971200,13.63136674,.04505581,98.6330,350.0408,322.1009,62.8364,0,U,30177,999,94376,.10489072E-2,.1597E-4,0
FENGYUN 1C DEB,1999-025UK,2026-02-18T04:13:33.542688,13.58986610,.02851526,102.2600,304.3184,333.7062,180.7207,0,U,30178,999,94087,.17832904E-2,.1644E-4,0
FENGYUN 1C DEB,1999-025UN,2026-02-18T04:30:20.729088,14.29859697,.00429467,98.8364,138.3891,162.8811,227.3280,0,U,30181,999,98475,.13010632E-2,.3336E-4,0
FENGYUN 1C DEB,1999-025UP,2026-02-18T09:13:45.255648,13.96493851,.00747244,99.0546,104.3185,195.8132,227.4789,0,U,30182,999,97252,.25818209E-3,.321E-5,0
FENGYUN 1C DEB,1999-025UQ,2026-02-18T01:31:59.073888,14.12816193,.0027063,98.7803,95.0127,65.7042,324.5711,0,U,30183,999,98094,.46318719E-3,.82E-5,0
FENGYUN 1C DEB,1999-025UY,2026-02-18T04:28:28.007328,14.79478830,.00952633,98.7660,131.4117,50.9903,338.1001,0,U,30191,999,1272,.76973078E-3,.6148E-4,0
FENGYUN 1C DEB,1999-025VA,2026-02-18T06:00:40.758336,14.49740244,.01046556,98.7563,325.0346,290.5724,223.4281,0,U,30193,999,145,.92364051E-3,.3763E-4,0
FENGYUN 1C DEB,1999-025VD,2026-02-18T06:10:33.179808,14.25872951,.00852124,98.6337,145.7465,225.4272,158.2318,0,U,30196,999,99327,.67142982E-4,.122E-5,0
FENGYUN 1C DEB,1999-025VE,2026-02-18T00:45:36.079776,14.37579872,.00587207,98.9427,342.0260,17.9194,40.6239,0,U,30197,999,99453,.82217441E-3,.2468E-4,0
FENGYUN 1C DEB,1999-025VF,2026-02-18T04:25:18.153696,14.51377264,.01040676,98.4513,185.5296,352.8101,129.5958,0,U,30198,999,99485,.91920398E-3,.3882E-4,0
FENGYUN 1C DEB,1999-025VG,2026-02-18T14:42:03.303936,14.38968931,.00794185,98.3795,76.7799,105.0418,19.3415,0,U,30199,999,99386,.73738318E-3,.2317E-4,0
FENGYUN 1C DEB,1999-025VH,2026-02-18T09:23:48.559200,14.22337242,.01457027,99.1130,251.4459,265.9761,92.4750,0,U,30200,999,98944,.15812268E-3,.343E-5,0
FENGYUN 1C DEB,1999-025VJ,2026-02-18T08:59:25.553184,14.23121147,.00301577,99.4064,193.1499,121.0053,239.4091,0,U,30201,999,98789,.42369015E-3,.911E-5,0
FENGYUN 1C DEB,1999-025VK,2026-02-18T05:18:19.426752,14.53854498,.00403276,98.6358,153.5457,210.3010,149.5854,0,U,30202,999,99269,.20737299E-2,.8768E-4,0
FENGYUN 1C DEB,1999-025VN,2026-02-18T06:35:03.617088,13.88097176,.01203101,98.9960,163.1947,357.6617,30.5884,0,U,30205,999,96575,.22988775E-3,.248E-5,0
FENGYUN 1C DEB,1999-025VP,2026-02-18T12:54:10.180512,14.49477017,.0144227,98.2354,52.2039,187.6309,172.2691,0,U,30206,999,382,.25897916E-3,.1083E-4,0
FENGYUN 1C DEB,1999-025VQ,2026-02-18T07:04:53.220288,13.79174597,.02589277,98.5723,158.6821,325.9100,56.1005,0,U,30207,999,95994,.15503327E-3,.164E-5,0
FENGYUN 1C DEB,1999-025VR,2026-02-18T13:19:32.545920,14.23700789,.00350401,98.5650,53.7281,73.2332,47.0707,0,U,30208,999,98802,.42514589E-3,.934E-5,0
FENGYUN 1C DEB,1999-025VS,2026-02-18T13:46:13.885248,14.13008363,.00402302,98.7187,49.6041,47.2049,71.5759,0,U,30209,999,98164,.23686021E-3,.402E-5,0
FENGYUN 1C DEB,1999-025VT,2026-02-18T03:23:58.481376,14.08429658,.00547268,99.1812,105.0995,308.3603,107.5747,0,U,30210,999,97706,.51371887E-3,.846E-5,0
FENGYUN 1C DEB,1999-025VV,2026-02-18T14:57:32.459904,13.97134601,.00981395,99.4529,281.9358,53.3619,307.6517,0,U,30212,999,97173,.30188986E-3,.393E-5,0
FENGYUN 1C DEB,1999-025VW,2026-02-18T04:36:15.507360,14.12032692,.00694035,99.1162,131.7513,57.7637,331.1392,0,U,30213,999,97467,.11413334E-2,.2093E-4,0
FENGYUN 1C DEB,1999-025VX,2026-02-18T03:48:29.329056,14.31569495,.00226234,98.7156,127.5687,199.8250,225.6853,0,U,30214,999,98531,.12525159E-2,.3298E-4,0
FENGYUN 1C DEB,1999-025WA,2026-02-18T11:40:42.799872,14.24981617,.01380997,98.4401,35.6398,261.5639,96.9867,0,U,30217,999,99038,.24246918E-3,.583E-5,0
FENGYUN 1C DEB,1999-025WB,2026-02-18T05:43:07.389408,14.29815940,.00679293,98.9815,145.6897,61.2295,326.7555,0,U,30218,999,98073,.16597113E-2,.433E-4,0
FENGYUN 1C DEB,1999-025WE,2026-02-18T05:43:27.315840,14.45988805,.01444664,98.9494,145.6543,199.2378,160.3324,0,U,30221,999,377,.32906119E-3,.1277E-4,0
FENGYUN 1C DEB,1999-025WF,2026-02-18T01:09:38.456928,14.04097989,.0037062,98.8329,85.5930,206.2350,183.5100,0,U,30222,999,97783,.6765929E-4,.65E-6,0
FENGYUN 1C DEB,1999-025WH,2026-02-18T01:11:57.218784,13.89936800,.01123953,99.4749,94.0506,162.6077,228.1737,0,U,30224,999,96676,.34592961E-3,.402E-5,0
FENGYUN 1C DEB,1999-025WJ,2026-02-18T00:23:26.128896,14.15241370,.00984573,98.6536,78.8194,252.9414,136.0465,0,U,30225,999,98488,.1429605E-3,.248E-5,0
FENGYUN 1C DEB,1999-025WN,2026-02-18T04:27:34.585344,14.62025506,.00379796,99.0532,120.1618,192.9125,227.3390,0,U,30229,999,99911,.1540434E-2,.7758E-4,0
FENGYUN 1C DEB,1999-025WQ,2026-02-18T02:10:02.753760,14.11839575,.01280395,98.7953,97.5908,197.2793,192.1608,0,U,30231,999,97970,.54745573E-3,.1036E-4,0
FENGYUN 1C DEB,1999-025WR,2026-02-18T01:06:55.298304,14.64410070,.01346364,98.6921,257.9362,140.6884,11.6651,0,U,30232,999,733,.66512638E-3,.3958E-4,0
FENGYUN 1C DEB,1999-025WT,2026-02-18T14:24:05.515776,14.16981704,.00650826,98.6336,63.3922,239.3950,246.5470,0,U,30234,999,98417,.28396457E-3,.539E-5,0
FENGYUN 1C DEB,1999-025WU,2026-02-18T11:59:56.965632,14.08883979,.01546899,98.7462,70.6902,47.5458,78.0462,0,U,30235,999,97847,.394381E-3,.719E-5,0
FENGYUN 1C DEB,1999-025WW,2026-02-18T06:39:38.230848,14.42153565,.00153122,98.8222,159.2396,117.7079,269.8984,0,U,30237,999,98671,.19792007E-2,.6481E-4,0
FENGYUN 1C DEB,1999-025WY,2026-02-18T07:30:44.664480,11.40176439,.14267244,99.4841,180.4219,270.8118,73.0232,0,U,30239,999,55304,.42945955E-1,.20221E-3,0
FENGYUN 1C DEB,1999-025XA,2026-02-18T14:52:29.156160,14.09628421,.01454848,99.1537,188.6346,251.0930,171.3898,0,U,30241,999,97868,.27847808E-3,.491E-5,0
FENGYUN 1C DEB,1999-025XB,2026-02-18T14:35:14.532576,14.17816894,.00107261,98.6758,87.2304,209.6178,271.5897,0,U,30242,999,98388,.4360029E-3,.847E-5,0
FENGYUN 1C DEB,1999-025XC,2026-02-18T14:26:25.707552,14.13139954,.00110885,98.6925,64.0588,288.9757,190.5521,0,U,30243,999,98237,.32870759E-3,.572E-5,0
FENGYUN 1C DEB,1999-025XD,2026-02-18T06:07:54.200352,14.15132556,.00103343,99.1397,305.5584,115.1576,5.8668,0,U,30244,999,98301,.32568889E-3,.586E-5,0
FENGYUN 1C DEB,1999-025XE,2026-02-18T10:29:38.463936,13.79245394,.01944925,98.8965,37.9199,69.4177,292.7722,0,U,30245,999,95627,.10854852E-2,.1243E-4,0
FENGYUN 1C DEB,1999-025XF,2026-02-18T14:44:47.172768,13.37057410,.03690883,98.6786,188.4142,289.0843,129.9384,0,U,30246,999,93047,.41963999E-3,.285E-5,0
FENGYUN 1C DEB,1999-025XG,2026-02-18T05:23:49.485984,14.61770679,.01858862,98.2766,321.3766,140.4335,11.5893,0,U,30247,999,98267,.15607057E-2,.9926E-4,0
FENGYUN 1C DEB,1999-025XH,2026-02-17T23:30:38.219328,14.62283143,.00300132,99.0991,244.7069,304.9053,54.9325,0,U,30248,999,98410,.33110568E-2,.16794E-3,0
FENGYUN 1C DEB,1999-025XJ,2026-02-18T11:12:34.556832,14.60446461,.00277985,98.9587,224.1889,200.8793,213.7189,0,U,30249,999,98551,.31251346E-2,.15202E-3,0
FENGYUN 1C DEB,1999-025XK,2026-02-18T12:28:16.692096,14.01692256,.00686846,98.7555,43.7317,35.0229,83.5986,0,U,30250,999,97441,.35928356E-3,.514E-5,0
FENGYUN 1C DEB,1999-025XL,2026-02-18T12:14:35.644992,14.29516573,.00521471,99.0488,255.4325,132.6809,287.0975,0,U,30251,999,99110,.41016005E-3,.1016E-4,0
FENGYUN 1C DEB,1999-025XM,2026-02-18T12:07:46.382880,14.09836163,.0067254,98.7413,67.6020,50.9921,103.2134,0,U,30252,999,97920,.46270053E-3,.789E-5,0
FENGYUN 1C DEB,1999-025XN,2026-02-18T04:56:15.904032,13.73482877,.0222245,98.7449,136.5713,220.5660,166.8314,0,U,30253,999,94940,.17701113E-2,.1928E-4,0
FENGYUN 1C DEB,1999-025XS,2026-02-18T13:42:35.927424,14.09771831,.00575554,98.7539,51.2553,267.4997,214.1410,0,U,30257,999,98173,.11722746E-3,.166E-5,0
FENGYUN 1C DEB,1999-025XU,2026-02-18T14:01:32.236896,14.51840877,.02430272,98.7588,269.2600,62.6147,322.0774,0,U,30259,999,458,.23462863E-3,.1328E-4,0
FENGYUN 1C DEB,1999-025XY,2026-02-18T06:28:09.624576,14.01795121,.01484889,98.9309,168.0753,173.0721,217.1790,0,U,30263,999,96971,.13290017E-2,.2181E-4,0
FENGYUN 1C DEB,1999-025XZ,2026-02-18T14:25:52.377024,14.07951867,.01082976,98.9636,109.2668,99.2045,60.6910,0,U,30264,999,97512,.87450111E-3,.1524E-4,0
FENGYUN 1C DEB,1999-025YA,2026-02-17T06:25:55.388352,14.60520348,.0029628,98.6620,165.3078,169.4366,223.5682,0,U,30265,999,99372,.27575E-2,.13438E-3,0
FENGYUN 1C DEB,1999-025YB,2026-02-18T03:31:48.838656,14.15495124,.00836876,99.0355,119.2707,232.7523,193.3466,0,U,30266,999,97743,.126643E-2,.2514E-4,0
FENGYUN 1C DEB,1999-025YC,2026-02-18T10:43:49.492704,14.24141327,.00571676,98.8427,126.0233,51.2796,309.3473,0,U,30267,999,98258,.11087855E-2,.2552E-4,0
FENGYUN 1C DEB,1999-025YF,2026-02-18T13:55:02.783712,14.11308436,.00066567,98.7008,66.2115,342.6009,135.3098,0,U,30270,999,98318,.11538911E-3,.166E-5,0
FENGYUN 1C DEB,1999-025YH,2026-02-18T04:44:33.886752,14.15042989,.00499942,98.8931,121.6854,268.5351,91.0095,0,U,30272,999,97810,.10602912E-2,.2034E-4,0
FENGYUN 1C DEB,1999-025YJ,2026-02-18T00:10:53.414688,14.02791921,.0062202,98.8374,66.5918,63.0396,326.7050,0,U,30273,999,97472,.3972E-3,.583E-5,0
FENGYUN 1C DEB,1999-025YK,2026-02-18T08:32:06.405216,14.53357949,.00010084,99.3017,190.3016,328.6567,59.7107,0,U,30274,999,99192,.21161971E-2,.8756E-4,0
FENGYUN 1C DEB,1999-025YL,2026-02-18T04:32:15.146880,14.46481527,.00357008,98.6220,139.5826,343.1946,46.6604,0,U,30275,999,99059,.16178592E-2,.5824E-4,0
FENGYUN 1C DEB,1999-025YM,2026-02-18T00:31:53.048064,14.27534392,.0024537,98.8519,126.4504,247.4179,112.4405,0,U,30276,999,98490,.11643159E-2,.2826E-4,0
FENGYUN 1C DEB,1999-025YN,2026-02-18T03:52:13.751328,14.13930329,.01207869,98.9643,125.0517,347.4031,41.4668,0,U,30277,999,97742,.82943774E-3,.1642E-4,0
FENGYUN 1C DEB,1999-025YQ,2026-02-18T11:06:30.865536,14.23493713,.02168382,99.1563,351.9232,238.9811,236.9939,0,U,30279,999,98574,.434057E-3,.1203E-4,0
FENGYUN 1C DEB,1999-025YR,2026-02-18T13:44:43.585152,13.98383816,.00811487,98.7824,41.0454,140.2593,339.1972,0,U,30280,999,97354,.44033145E-3,.606E-5,0
FENGYUN 1C DEB,1999-025YS,2026-02-18T12:16:49.641888,14.10540077,.00296894,98.7640,42.5879,47.3044,67.9683,0,U,30281,999,98176,.20968461E-3,.332E-5,0
FENGYUN 1C DEB,1999-025YT,2026-02-18T14:00:16.642944,14.13078972,.02102492,98.5044,54.5014,166.9373,320.7562,0,U,30282,999,98309,.15121371E-3,.307E-5,0
FENGYUN 1C DEB,1999-025YU,2026-02-18T13:24:25.259616,14.02028400,.01823812,98.8736,46.4362,213.7672,269.3536,0,U,30283,999,97641,-.5424963E-5,-.53E-6,0
FENGYUN 1C DEB,1999-025YV,2026-02-18T03:01:05.637216,14.29311724,.00365236,98.7132,122.5551,267.0926,121.8799,0,U,30284,999,98478,.12122182E-2,.3063E-4,0
FENGYUN 1C DEB,1999-025YX,2026-02-18T13:15:05.223456,14.12755992,.00629485,98.6923,56.9066,300.7664,177.7653,0,U,30286,999,98416,.93168373E-4,.133E-5,0
FENGYUN 1C DEB,1999-025YY,2026-02-18T13:49:21.580608,13.68839687,.04134054,98.6299,81.9189,191.7028,324.3179,0,U,30287,999,94786,.78587373E-3,.1196E-4,0
FENGYUN 1C DEB,1999-025YZ,2026-02-18T06:07:50.898144,14.33430071,.00238438,99.3892,141.5552,135.8219,290.7937,0,U,30288,999,98536,.16625332E-2,.4556E-4,0
FENGYUN 1C DEB,1999-025ZA,2026-02-17T18:57:30.475584,14.26700011,.0040473,98.9223,151.5430,141.4630,344.4179,0,U,30289,999,98037,.19982E-2,.4832E-4,0
FENGYUN 1C DEB,1999-025ZB,2026-02-17T08:55:43.525056,14.81314065,.00235209,102.6217,192.4461,238.3133,148.0026,0,U,30290,999,98863,.63366845E-2,.49982E-3,0
FENGYUN 1C DEB,1999-025ZC,2026-02-18T15:05:16.211040,14.57249387,.01055961,97.2300,294.4538,162.0266,260.8013,0,U,30291,999,98696,.16904906E-2,.8214E-4,0
FENGYUN 1C DEB,1999-025ZE,2026-02-18T00:44:07.833408,14.49409526,.00754233,99.2552,251.4474,275.1985,238.3480,0,U,30293,999,99951,.70757826E-3,.275E-4,0
FENGYUN 1C DEB,1999-025ZF,2026-02-18T10:19:24.083040,14.35104410,.01989562,98.3635,40.5759,107.2149,45.7351,0,U,30294,999,99507,.23646235E-3,.798E-5,0
FENGYUN 1C DEB,1999-025ZG,2026-02-18T01:06:53.802720,14.25116475,.00922915,98.5035,74.4398,245.2877,140.8763,0,U,30295,999,99135,.14226048E-3,.306E-5,0
FENGYUN 1C DEB,1999-025ZJ,2026-02-17T08:27:24.207264,14.23888643,.0370619,98.8181,5.1119,283.2361,234.0722,0,U,30297,999,96099,.27170797E-2,.12712E-3,0
FENGYUN 1C DEB,1999-025ZK,2026-02-18T04:54:26.239968,14.20544210,.00458728,98.9962,146.3052,290.2238,99.2924,0,U,30298,999,97792,.1633544E-2,.3503E-4,0
FENGYUN 1C DEB,1999-025ZL,2026-02-18T04:19:54.633216,14.08179811,.01066378,99.0865,126.8896,179.2425,209.3326,0,U,30299,999,97239,.12454182E-2,.2194E-4,0
FENGYUN 1C DEB,1999-025ZM,2026-02-17T16:17:47.412672,14.27746867,.0075429,99.0362,125.2674,104.9443,47.6878,0,U,30300,999,97939,.18059014E-2,.4551E-4,0
FENGYUN 1C DEB,1999-025ZN,2026-02-18T03:51:56.574144,14.56400156,.00617242,98.6333,207.4623,86.0572,329.8381,0,U,30301,999,98197,.33555986E-2,.15262E-3,0
FENGYUN 1C DEB,1999-025ZP,2026-02-18T04:39:15.768000,14.13624029,.01040045,98.5545,318.9380,287.6346,71.3492,0,U,30302,999,96996,.24234965E-2,.4774E-4,0
FENGYUN 1C DEB,1999-025ZQ,2026-02-17T03:54:53.191296,14.26802057,.00757678,99.0133,132.4215,94.8846,266.0989,0,U,30303,999,97982,.24118118E-2,.5984E-4,0
FENGYUN 1C DEB,1999-025ZR,2026-02-16T10:17:22.764480,14.15878050,.00749556,99.0257,125.7180,220.7367,138.8186,0,U,30304,999,97748,.12758817E-2,.2534E-4,0
FENGYUN 1C DEB,1999-025ZS,2026-02-18T09:02:28.658976,13.60278540,.02639579,98.5940,346.2219,284.2350,203.7936,0,U,30305,999,94693,.18195253E-3,.133E-5,0
FENGYUN 1C DEB,1999-025ZT,2026-02-18T12:57:34.517376,14.28604880,.01149168,98.5803,94.5233,158.3454,202.2645,0,U,30306,999,98649,.75853902E-3,.2001E-4,0
FENGYUN 1C DEB,1999-025ZW,2026-02-18T02:22:37.982208,13.93578232,.00928132,99.2144,111.0630,10.0494,350.2495,0,U,30309,999,96971,.31808942E-3,.388E-5,0
FENGYUN 1C DEB,1999-025ZX,2026-02-17T13:01:56.363808,14.08608260,.024109,98.6614,70.6220,167.7512,192.9665,0,U,30310,999,97672,.43959E-3,.945E-5,0
FENGYUN 1C DEB,1999-025ZY,2026-02-18T06:10:55.126272,13.77952479,.01644111,99.1334,147.4345,18.5373,342.1675,0,U,30311,999,95890,.29349272E-3,.283E-5,0
FENGYUN 1C DEB,1999-025ZZ,2026-02-18T05:35:42.106272,14.47223950,.00082782,98.8596,136.5879,12.9502,48.0932,0,U,30312,999,98896,.18973394E-2,.6894E-4,0
FENGYUN 1C DEB,1999-025AAA,2026-02-18T11:54:10.173312,14.26168292,.00595839,98.8691,141.4935,141.8612,282.9141,0,U,30313,999,98055,.16081846E-2,.3879E-4,0
FENGYUN 1C DEB,1999-025AAB,2026-02-18T00:26:11.724864,14.01545139,.01420069,98.3907,239.4806,168.1362,192.3209,0,U,30314,999,97051,.14164481E-2,.2301E-4,0
FENGYUN 1C DEB,1999-025AAC,2026-02-18T13:53:40.253568,14.19178684,.00356013,98.6020,62.0977,161.0605,326.6287,0,U,30315,999,98669,.27278524E-3,.532E-5,0
FENGYUN 1C DEB,1999-025AAD,2026-02-18T05:33:06.055776,14.57716037,.00375367,98.6454,159.1702,191.4915,168.5429,0,U,30316,999,99319,.20357601E-2,.9345E-4,0
FENGYUN 1C DEB,1999-025AAE,2026-02-18T13:43:28.335936,14.06988003,.00262175,98.7902,53.1298,85.7543,274.6621,0,U,30317,999,97967,.21174986E-3,.312E-5,0
FENGYUN 1C DEB,1999-025AAH,2026-02-18T02:37:59.859840,13.98605369,.00870967,99.1763,113.4968,109.8889,280.5280,0,U,30320,999,97349,.43487608E-3,.6E-5,0
FENGYUN 1C DEB,1999-025AAJ,2026-02-18T12:42:29.909376,14.16741013,.00615366,98.6602,51.7381,43.4423,82.6524,0,U,30321,999,98503,.29975007E-3,.568E-5,0
FENGYUN 1C DEB,1999-025AAK,2026-02-18T13:53:37.570848,14.06385950,.01276901,98.3988,267.4170,59.7082,301.6650,0,U,30322,999,97153,.80283362E-3,.1388E-4,0
FENGYUN 1C DEB,1999-025AAL,2026-02-18T12:07:49.252224,14.09131555,.00171836,98.7293,71.7560,64.7217,295.5732,0,U,30325,999,97970,.74547117E-4,.87E-6,0
FENGYUN 1C DEB,1999-025AAM,2026-02-18T14:12:18.228096,13.85509874,.01410655,98.6490,296.7387,205.0216,154.4060,0,U,30326,999,96395,.12695434E-3,.117E-5,0
FENGYUN 1C DEB,1999-025AAN,2026-02-16T15:19:02.889696,14.18646273,.011777,98.4423,303.7853,313.6262,108.0991,0,U,30327,999,97377,.1952E-2,.4294E-4,0
FENGYUN 1C DEB,1999-025AAP,2026-02-18T14:08:45.265056,14.12515460,.0004831,98.6864,62.6357,341.0384,139.7571,0,U,30328,999,98222,.11246196E-3,.165E-5,0
FENGYUN 1C DEB,1999-025AAQ,2026-02-18T14:37:17.172192,13.86824499,.01404555,99.2645,333.3443,213.2671,271.1109,0,U,30329,999,96351,.27535512E-3,.302E-5,0
FENGYUN 1C DEB,1999-025AAR,2026-02-18T12:56:16.745280,13.82341279,.01882384,98.8920,43.0674,2.6328,123.7971,0,U,30330,999,95594,.1551144E-2,.1878E-4,0
FENGYUN 1C DEB,1999-025AAS,2026-02-18T14:13:26.650848,13.97934585,.00969845,98.9480,87.4933,179.9625,312.0946,0,U,30331,999,97067,.17449869E-3,.215E-5,0
FENGYUN 1C DEB,1999-025AAT,2026-02-18T11:06:50.277024,13.76808069,.01765632,99.7252,27.4469,287.2606,194.9220,0,U,30332,999,95647,.44435715E-3,.442E-5,0
FENGYUN 1C DEB,1999-025AAV,2026-02-18T06:17:59.330400,13.92739077,.01483633,99.0170,152.1003,158.5779,228.9336,0,U,30334,999,96161,.14462017E-2,.2005E-4,0
FENGYUN 1C DEB,1999-025AAW,2026-02-18T11:07:19.111296,14.01388565,.01314849,98.9065,44.1227,303.5815,209.3088,0,U,30335,999,97539,.65245592E-4,.62E-6,0
FENGYUN 1C DEB,1999-025AAX,2026-02-18T14:49:05.005920,14.19424465,.00438447,98.5963,73.5769,169.8893,313.7209,0,U,30336,999,98565,.28909231E-3,.572E-5,0
FENGYUN 1C DEB,1999-025AAZ,2026-02-18T03:39:40.065120,14.48384121,.02681055,98.4492,123.9635,349.2205,38.9964,0,U,30338,999,99120,.58675394E-3,.341E-4,0
FENGYUN 1C DEB,1999-025ABA,2026-02-18T06:17:10.504896,14.39431124,.00243314,98.9708,163.7497,231.2708,158.7190,0,U,30339,999,98398,.21936078E-2,.6811E-4,0
FENGYUN 1C DEB,1999-025ABB,2026-02-18T02:03:10.860768,14.04633846,.01444017,98.9896,110.2198,307.6664,122.8510,0,U,30340,999,97726,.97250811E-4,.125E-5,0
FENGYUN 1C DEB,1999-025ABC,2026-02-18T04:19:32.736864,14.35438495,.00474873,99.2195,306.7351,226.4302,286.8129,0,U,30341,999,98048,.19226363E-2,.5549E-4,0
FENGYUN 1C DEB,1999-025ABD,2026-02-18T11:17:09.998304,13.80143856,.01676307,100.1991,239.2042,308.6586,79.2109,0,U,30342,999,95823,.47428809E-3,.496E-5,0
FENGYUN 1C DEB,1999-025ABF,2026-02-18T05:56:44.843136,14.53311612,.00078958,98.8141,139.7073,249.3422,131.6409,0,U,30344,999,99057,.20099577E-2,.8312E-4,0
FENGYUN 1C DEB,1999-025ABG,2026-02-18T03:55:11.676576,14.42697936,.00155225,98.9138,116.5505,53.8264,306.4358,0,U,30345,999,98745,.15479559E-2,.5114E-4,0
FENGYUN 1C DEB,1999-025ABH,2026-02-18T05:51:29.795904,14.34859659,.00579302,98.8038,152.2202,184.4515,204.9691,0,U,30346,999,98381,.19902047E-2,.5719E-4,0
FENGYUN 1C DEB,1999-025ABJ,2026-02-18T10:55:35.005728,13.92811376,.01496848,98.3809,231.9632,204.7584,185.0041,0,U,30347,999,96903,.17005351E-3,.203E-5,0
FENGYUN 1C DEB,1999-025ABK,2026-02-18T04:58:42.380544,14.35949629,.00209062,98.8587,150.7883,174.8176,244.5005,0,U,30348,999,98502,.1520721E-2,.4381E-4,0
FENGYUN 1C DEB,1999-025ABL,2026-02-18T10:55:22.214208,14.11663286,.00861954,98.5897,13.9793,178.1709,303.2486,0,U,30349,999,97186,.11857689E-2,.2192E-4,0
FENGYUN 1C DEB,1999-025ABM,2026-02-18T09:43:34.813920,13.83006888,.02199153,98.0985,223.4065,122.1708,308.5816,0,U,30350,999,95917,.7444944E-3,.947E-5,0
FENGYUN 1C DEB,1999-025ABP,2026-02-18T12:47:18.468096,14.07640596,.00294322,98.7598,73.5793,125.8939,37.1238,0,U,30352,999,97864,.243368E-3,.37E-5,0
FENGYUN 1C DEB,1999-025ABS,2026-02-18T11:40:15.069792,14.19033764,.00546978,98.5905,56.7344,113.0427,39.6928,0,U,30355,999,98311,.58416093E-3,.1196E-4,0
FENGYUN 1C DEB,1999-025ABT,2026-02-18T12:19:36.693696,14.13234940,.00536843,98.6864,47.7338,95.5131,26.6534,0,U,30356,999,97978,.61369781E-3,.1123E-4,0
FENGYUN 1C DEB,1999-025ABU,2026-02-18T15:25:48.877248,14.05300630,.00502227,98.7996,79.9100,137.9200,351.3218,0,U,30357,999,97760,-.24596394E-4,-.83E-6,0
FENGYUN 1C DEB,1999-025ABV,2026-02-18T12:04:34.398624,14.21182379,.00821552,98.5563,241.4973,2.7990,24.4370,0,U,30358,999,97880,.11108332E-2,.2458E-4,0
FENGYUN 1C DEB,1999-025ABW,2026-02-18T11:47:36.127104,13.94594106,.01420786,101.6281,257.5689,174.6334,185.6379,0,U,30359,999,96013,.20423761E-2,.2905E-4,0
FENGYUN 1C DEB,1999-025ABX,2026-02-18T03:45:37.806048,14.27037986,.00281556,98.7566,123.8329,308.2287,116.2194,0,U,30360,999,98386,.11143421E-2,.268E-4,0
FENGYUN 1C DEB,1999-025ABY,2026-02-18T14:31:44.621184,14.25681894,.00663675,98.5630,88.9750,191.0181,168.9549,0,U,30361,999,98583,.73039011E-3,.173E-4,0
FENGYUN 1C DEB,1999-025ABZ,2026-02-18T06:04:41.617344,14.12457903,.00906533,99.0518,337.7071,151.4953,209.1219,0,U,30362,999,97121,.14968899E-2,.2829E-4,0
FENGYUN 1C DEB,1999-025ACA,2026-02-13T15:52:48.012384,14.17329836,.0081189,99.0233,121.7587,218.1364,141.4048,0,U,30363,999,97715,.12936592E-2,.2656E-4,0
FENGYUN 1C DEB,1999-025ACB,2026-02-17T00:13:45.172704,14.18248554,.03274492,98.1383,323.9653,126.0823,302.7415,0,U,30364,999,96580,.16092475E-2,.5605E-4,0
FENGYUN 1C DEB,1999-025ACC,2026-02-18T11:15:07.477920,14.19346289,.01656726,98.6244,47.0601,276.1356,239.4565,0,U,30365,999,98573,.23581921E-3,.523E-5,0
FENGYUN 1C DEB,1999-025ACD,2026-02-18T14:33:27.153792,14.33721756,.00636419,98.9255,334.2011,21.7622,99.9166,0,U,30366,999,99295,.51524746E-3,.1416E-4,0
FENGYUN 1C DEB,1999-025ACF,2026-02-18T05:01:39.433152,13.75426374,.01883032,99.1861,157.7175,130.0660,295.4727,0,U,30368,999,95589,.18254532E-3,.159E-5,0
FENGYUN 1C DEB,1999-025ACG,2026-02-18T13:11:53.047392,14.12125699,.00995383,98.7262,50.0760,3.9229,124.8495,0,U,30369,999,98203,.22185813E-3,.383E-5,0
FENGYUN 1C DEB,1999-025ACH,2026-02-18T15:21:17.051616,14.19555572,.01013297,99.0482,112.0767,124.4172,2.7286,0,U,30370,999,98057,.8314053E-3,.1801E-4,0
FENGYUN 1C DEB,1999-025ACJ,2026-02-18T02:20:59.193312,14.30617275,.00090375,98.5681,96.1233,135.3076,279.9514,0,U,30371,999,98866,.73854261E-3,.1886E-4,0
FENGYUN 1C DEB,1999-025ACM,2026-02-18T14:48:20.692224,14.62536918,.00400371,99.2701,286.3581,324.7933,89.5506,0,U,30374,999,99914,.14148375E-2,.7207E-4,0
FENGYUN 1C DEB,1999-025ACQ,2026-02-18T15:14:09.578112,13.99255576,.01193401,98.8894,72.1577,79.5425,46.2819,0,U,30377,999,97156,.23405561E-3,.319E-5,0
FENGYUN 1C DEB,1999-025ACS,2026-02-18T00:33:47.830464,14.08115517,.00374657,98.7563,66.7611,89.6043,297.5576,0,U,30379,999,97764,.20742871E-3,.313E-5,0
FENGYUN 1C DEB,1999-025ACT,2026-02-18T02:25:42.969792,14.50879601,.01774006,98.9026,105.6816,15.1197,345.5203,0,U,30380,999,541,.21371397E-3,.973E-5,0
FENGYUN 1C DEB,1999-025ACU,2026-02-18T01:28:56.537472,14.13253143,.0053897,98.8064,88.0022,242.1694,117.4010,0,U,30381,999,93117,.88442077E-3,.1636E-4,0
FENGYUN 1C DEB,1999-025ACV,2026-02-18T15:04:11.124192,14.25665133,.01557199,98.4916,90.9226,157.9002,327.1099,0,U,30382,999,98502,.62856825E-3,.1649E-4,0
FENGYUN 1C DEB,1999-025ACY,2026-02-18T01:20:35.000160,14.38932763,.01263722,99.0765,78.6622,91.6636,296.5651,0,U,30385,999,99737,.23151898E-3,.731E-5,0
FENGYUN 1C DEB,1999-025ACZ,2026-02-18T04:54:08.928000,13.55896677,.03070939,98.6894,301.6081,341.2660,170.7716,0,U,30386,999,93743,.20759139E-2,.1926E-4,0
FENGYUN 1C DEB,1999-025ADA,2026-02-18T12:54:16.001280,14.15144702,.00010264,98.6547,67.5857,98.6383,52.8783,0,U,30387,999,98283,.28119676E-3,.503E-5,0
FENGYUN 1C DEB,1999-025ADB,2026-02-18T12:55:11.256672,14.19996079,.02201151,98.5952,73.3279,226.2977,288.4795,0,U,30388,999,98394,.36753429E-3,.949E-5,0
FENGYUN 1C DEB,1999-025ADC,2026-02-18T05:46:13.113984,14.45353208,.00105069,98.8318,138.1343,29.9758,353.1860,0,U,30389,999,98761,.18303139E-2,.6395E-4,0
FENGYUN 1C DEB,1999-025ADD,2026-02-18T04:47:17.894688,14.30373555,.00643997,98.8162,138.3002,326.6734,95.1102,0,U,30390,999,98348,.1272729E-2,.3338E-4,0
FENGYUN 1C DEB,1999-025ADE,2026-02-18T14:25:49.219104,14.16584701,.00717523,98.7730,99.6622,69.9414,83.0003,0,U,30391,999,97839,.92196774E-3,.1842E-4,0
FENGYUN 1C DEB,1999-025ADF,2026-02-18T00:15:48.017952,14.07640078,.01812021,98.7823,70.7786,166.7543,224.9826,0,U,30392,999,97617,.33757851E-3,.62E-5,0
FENGYUN 1C DEB,1999-025ADG,2026-02-18T02:49:09.791616,13.99018749,.00719801,99.1533,111.8602,75.1899,318.3187,0,U,30393,999,97272,.1912483E-3,.238E-5,0
FENGYUN 1C DEB,1999-025ADH,2026-02-18T12:26:08.980800,13.95846084,.00882967,99.4276,84.3684,277.7521,248.6704,0,U,30394,999,97049,.10240955E-3,.97E-6,0
FENGYUN 1C DEB,1999-025ADJ,2026-02-18T12:18:12.332736,13.96813339,.01596278,98.9286,68.1239,198.7522,316.4058,0,U,30395,999,96969,.5241566E-3,.768E-5,0
FENGYUN 1C DEB,1999-025ADK,2026-02-18T11:45:50.046912,13.87196490,.013312,98.2271,51.2139,302.8643,223.5475,0,U,30396,999,96518,.1225665E-3,.117E-5,0
FENGYUN 1C DEB,1999-025ADL,2026-02-18T08:32:43.951200,13.98861687,.01490582,98.4106,197.0168,261.9650,126.1798,0,U,30397,999,96710,.11872696E-2,.1842E-4,0
FENGYUN 1C DEB,1999-025ADM,2026-02-18T13:02:23.153856,13.78768783,.01734709,99.7120,312.7302,118.8261,4.1370,0,U,30398,999,95691,.40681498E-3,.417E-5,0
FENGYUN 1C DEB,1999-025ADP,2026-02-18T07:51:34.450848,14.10937747,.02213088,99.1593,343.1692,145.7359,337.9826,0,U,30400,999,96467,.1653183E-2,.3688E-4,0
FENGYUN 1C DEB,1999-025ADQ,2026-02-18T14:14:17.067840,14.28063209,.01061981,98.9417,293.1327,291.4217,67.5661,0,U,30401,999,99272,.15051384E-3,.349E-5,0
FENGYUN 1C DEB,1999-025ADS,2026-02-18T05:16:31.106208,14.22249067,.00786513,99.0535,134.4378,188.9779,170.9996,0,U,30403,999,97765,.18427538E-2,.4178E-4,0
FENGYUN 1C DEB,1999-025ADT,2026-02-18T04:51:35.880768,13.34426573,.03739306,99.8259,143.4570,333.5546,24.6915,0,U,30404,999,58936,.80324436E-3,.552E-5,0
FENGYUN 1C DEB,1999-025ADU,2026-02-18T06:18:46.629216,14.29538184,.00480277,98.7888,148.8346,314.9587,68.0415,0,U,30405,999,98360,.12746767E-2,.3255E-4,0
FENGYUN 1C DEB,1999-025ADV,2026-02-18T03:50:13.219008,13.59464491,.02774924,98.6208,296.8387,183.8908,330.2946,0,U,30406,999,94082,.10723745E-2,.986E-5,0
FENGYUN 1C DEB,1999-025ADY,2026-02-18T11:51:05.074272,14.03930960,.01669826,98.4808,37.3592,173.5594,313.3316,0,U,30409,999,97380,.62061106E-3,.107E-4,0
FENGYUN 1C DEB,1999-025AEA,2026-02-18T07:10:43.896288,14.08213080,.01211428,98.5810,321.5986,277.0117,81.7288,0,U,30411,999,96934,.16371408E-2,.2947E-4,0
FENGYUN 1C DEB,1999-025AEC,2026-02-18T04:25:45.454368,14.33464374,.004728,102.0627,313.2418,36.8878,119.5306,0,U,30413,999,98105,.193E-2,.5329E-4,0
FENGYUN 1C DEB,1999-025AED,2026-02-18T09:50:57.342624,14.35172013,.00553308,99.0830,215.1146,349.6316,10.3722,0,U,30414,999,98057,.16280543E-2,.4688E-4,0
FENGYUN 1C DEB,1999-025AEE,2026-02-18T03:18:48.199968,13.69189780,.023773,99.6411,114.4695,97.8312,319.4842,0,U,30415,999,94800,.15030477E-2,.1545E-4,0
FENGYUN 1C DEB,1999-025AEF,2026-02-18T01:26:53.488320,14.02695843,.00548494,98.8306,76.4392,3.6937,356.4624,0,U,30416,999,97568,.30446101E-3,.434E-5,0
FENGYUN 1C DEB,1999-025AEG,2026-02-17T22:41:21.266592,14.14760804,.0062601,98.7000,42.1899,288.9954,98.5376,0,U,30417,999,98339,.26629E-3,.479E-5,0
FENGYUN 1C DEB,1999-025AEH,2026-02-18T10:59:57.178752,14.85288064,.01081357,98.8466,221.6262,260.0071,124.7056,0,U,30418,999,1597,.73293593E-3,.6923E-4,0
FENGYUN 1C DEB,1999-025AEJ,2026-02-17T08:01:49.529856,14.18301317,.0050524,99.2472,2.8507,195.7841,317.8588,0,U,30419,999,98292,.64381E-3,.1295E-4,0
FENGYUN 1C DEB,1999-025AET,2026-02-18T13:13:27.827328,14.41010986,.00827399,98.8334,315.6586,136.0354,224.7455,0,U,30432,999,99711,.43857111E-3,.142E-4,0
FENGYUN 1C DEB,1999-025AEV,2026-02-17T22:45:55.594368,13.90719970,.0122374,99.0070,38.6783,48.7201,337.2364,0,U,30434,999,96641,.33162E-3,.398E-5,0
FENGYUN 1C DEB,1999-025AEW,2026-02-18T10:12:54.013824,13.80042674,.020907,99.0244,37.5684,291.6524,224.8379,0,U,30435,999,95093,.22929339E-2,.2765E-4,0
FENGYUN 1C DEB,1999-025AEX,2026-02-18T06:28:48.322272,14.23163440,.00972031,98.4254,305.3569,298.6802,186.6049,0,U,30436,999,97397,.2020859E-2,.4753E-4,0
FENGYUN 1C DEB,1999-025AEY,2026-02-18T15:17:44.372832,14.91738990,.00318399,98.9136,83.0191,242.8111,239.8019,0,U,30437,999,196,.17379146E-2,.17639E-3,0
FENGYUN 1C DEB,1999-025AEZ,2026-02-18T00:24:08.679168,13.92394434,.01334111,98.7471,67.3009,2.5817,357.6004,0,U,30438,999,96242,.12382884E-2,.1671E-4,0
FENGYUN 1C DEB,1999-025AFA,2026-02-18T00:31:39.374400,14.08966078,.00396622,98.7493,63.7664,144.1946,241.6644,0,U,30439,999,97739,.32017571E-3,.516E-5,0
FENGYUN 1C DEB,1999-025AFC,2026-02-18T05:30:00.378720,13.77778761,.01845645,99.1276,141.0354,79.3171,282.8704,0,U,30441,999,95799,.39505098E-3,.407E-5,0
FENGYUN 1C DEB,1999-025AFD,2026-02-18T05:57:22.565376,14.29491707,.005512,98.8620,148.9680,95.3238,265.4235,0,U,30442,999,98126,.16479232E-2,.4235E-4,0
FENGYUN 1C DEB,1999-025AFE,2026-02-18T09:13:29.435808,14.37855229,.00260573,98.8524,3.4373,131.3212,229.0223,0,U,30443,999,98405,.17275674E-2,.5187E-4,0
FENGYUN 1C DEB,1999-025AFG,2026-02-18T09:31:54.585120,14.49169018,.01043432,98.8444,8.9385,173.5313,186.7254,0,U,30445,999,162,.37336109E-3,.1469E-4,0
FENGYUN 1C DEB,1999-025AFH,2026-02-18T04:50:53.769408,14.45645644,.00338416,98.6069,137.6430,250.6090,109.1442,0,U,30446,999,99151,.14263417E-2,.5036E-4,0
FENGYUN 1C DEB,1999-025AFJ,2026-02-18T13:55:06.338208,14.58469418,.00557694,98.9705,281.3860,184.9387,237.1641,0,U,30447,999,99084,.16282056E-2,.7672E-4,0
FENGYUN 1C DEB,1999-025AFK,2026-02-18T06:41:45.678624,14.36031748,.00202024,98.8258,147.4539,172.3807,256.1283,0,U,30448,999,98307,.16648916E-2,.4808E-4,0
FENGYUN 1C DEB,1999-025AFM,2026-02-18T13:11:08.045952,14.62437763,.01877522,98.0777,67.1127,356.0844,129.2104,0,U,30450,999,527,.78763652E-3,.5084E-4,0
FENGYUN 1C DEB,1999-025AFP,2026-02-18T08:54:45.312192,14.68101455,.00431399,99.3227,202.1757,45.4499,16.0635,0,U,30452,999,99098,.26202815E-2,.15234E-3,0
FENGYUN 1C DEB,1999-025AFQ,2026-02-18T04:55:33.829824,14.25301258,.0113175,98.8052,126.1916,32.1495,351.0408,0,U,30453,999,98195,.95845027E-3,.2369E-4,0
FENGYUN 1C DEB,1999-025AFR,2026-02-18T09:20:21.338304,14.16374043,.01721376,98.1361,18.7873,359.0182,152.3928,0,U,30454,999,96917,.34158314E-2,.7807E-4,0
FENGYUN 1C DEB,1999-025AFZ,2026-02-18T11:15:13.498272,14.06320083,.01407542,98.8241,40.9895,60.2726,89.6277,0,U,30462,999,97745,.10885264E-3,.154E-5,0
FENGYUN 1C DEB,1999-025AGB,2026-02-18T02:27:54.633024,14.10273640,.01101754,98.8258,103.2106,68.6493,321.6042,0,U,30464,999,98013,.59699735E-4,.69E-6,0
FENGYUN 1C DEB,1999-025AGC,2026-02-18T04:34:55.043040,14.34708875,.00194923,98.8235,143.8245,188.5722,201.4506,0,U,30465,999,98325,.16014864E-2,.4501E-4,0
FENGYUN 1C DEB,1999-025AGD,2026-02-18T15:07:46.462368,14.22869254,.011777,98.6486,93.4634,186.6091,305.4319,0,U,30466,999,98316,.80153146E-3,.189E-4,0
FENGYUN 1C DEB,1999-025AGE,2026-02-18T13:51:59.758272,14.17561673,.0062919,98.6725,80.5005,292.6372,231.9932,0,U,30467,999,98138,.74500952E-3,.1499E-4,0
FENGYUN 1C DEB,1999-025AGF,2026-02-18T04:19:22.452672,14.21256235,.00742544,98.9153,136.3187,204.7191,184.8592,0,U,30468,999,97768,.15517689E-2,.3432E-4,0
FENGYUN 1C DEB,1999-025AGG,2026-02-18T12:06:06.801696,13.96731197,.01594579,98.4777,259.9560,340.7992,78.3552,0,U,30469,999,96652,.8575657E-3,.1285E-4,0
FENGYUN 1C DEB,1999-025AGJ,2026-02-17T17:55:24.657888,14.14131481,.00812273,99.0486,142.1900,67.3289,83.1992,0,U,30471,999,97389,.10689523E-2,.2056E-4,0
FENGYUN 1C DEB,1999-025AGK,2026-02-18T05:44:24.501408,14.55387807,.00385779,98.6492,157.6429,230.2329,159.7376,0,U,30472,999,99022,.21123381E-2,.9225E-4,0
FENGYUN 1C DEB,1999-025AGM,2026-02-18T04:33:52.824672,14.38875587,.00275225,98.9224,135.7160,165.4999,224.2023,0,U,30474,999,98363,.19003795E-2,.5833E-4,0
FENGYUN 1C DEB,1999-025AGN,2026-02-18T15:11:55.912992,14.15910358,.00439191,98.7826,95.2012,100.1646,31.0092,0,U,30475,999,97912,.5953993E-3,.114E-4,0
FENGYUN 1C DEB,1999-025AGP,2026-02-18T15:14:04.591104,14.21393687,.00465938,99.1183,94.0347,107.9804,18.1771,0,U,30476,999,97809,.113474E-2,.246E-4,0
FENGYUN 1C DEB,1999-025AGQ,2026-02-18T03:42:16.259904,13.24042404,.04339009,99.4200,130.9485,116.3380,279.7613,0,U,30477,999,91611,.85127715E-3,.566E-5,0
FENGYUN 1C DEB,1999-025AGS,2026-02-18T00:08:13.565184,14.33744466,.016429,98.2221,65.5189,305.1941,82.6614,0,U,30480,999,99632,.26341E-3,.804E-5,0
FENGYUN 1C DEB,1999-025AGT,2026-02-18T13:52:43.212288,14.39329328,.02243193,98.3334,70.0499,56.2217,63.8193,0,U,30481,999,99459,.48450243E-3,.1973E-4,0
FENGYUN 1C DEB,1999-025AHB,2026-02-18T00:14:04.002720,14.15905519,.01408718,98.4668,65.5947,71.3774,319.7811,0,U,30489,999,98339,.2456293E-3,.492E-5,0
FENGYUN 1C DEB,1999-025AHC,2026-02-18T09:00:58.813344,15.61677703,.00385848,98.3244,195.3773,265.4754,94.2093,0,U,30490,999,528,.51365894E-2,.484008E-2,0
FENGYUN 1C DEB,1999-025AHE,2026-02-17T02:12:10.156608,14.53850443,.00979712,102.3237,101.1172,244.8966,114.2024,0,U,30492,999,97858,.29925776E-2,.13342E-3,0
FENGYUN 1C DEB,1999-025AHF,2026-02-18T12:15:22.530816,13.93461725,.01796589,98.5741,239.9365,28.9392,356.7191,0,U,30493,999,96039,.1361584E-2,.1999E-4,0
FENGYUN 1C DEB,1999-025AHG,2026-02-09T20:11:09.175488,13.79573435,.01852345,99.2754,80.0565,66.3626,295.6851,0,U,30494,999,95301,.11878194E-2,.135E-4,0
FENGYUN 1C DEB,1999-025AHH,2026-02-18T02:50:43.978848,12.94707797,.05958939,102.2561,151.0267,129.1025,236.4631,0,U,30495,999,89545,.24325701E-2,.1477E-4,0
FENGYUN 1C DEB,1999-025AHJ,2026-02-18T05:17:11.462784,14.95727178,.01244887,98.7822,328.1139,238.6909,120.2073,0,U,30496,999,2152,.47270972E-3,.6074E-4,0
FENGYUN 1C DEB,1999-025AHL,2026-02-18T02:43:04.419840,14.06524326,.00991882,99.2324,106.5950,328.4693,59.9296,0,U,30498,999,96716,.12983195E-2,.22E-4,0
FENGYUN 1C DEB,1999-025AHN,2026-02-17T05:36:38.556576,14.26040341,.006278,99.0666,147.0058,280.9845,133.9173,0,U,30500,999,97629,.22853E-2,.5528E-4,0
FENGYUN 1C DEB,1999-025AHP,2026-02-18T10:57:07.136640,14.25899921,.00418297,99.0889,47.6909,9.6096,143.9596,0,U,30501,999,97884,.1311982E-2,.3107E-4,0
FENGYUN 1C DEB,1999-025AHR,2026-02-18T13:23:46.383936,14.16213003,.00097365,99.2030,260.3362,74.8885,313.8420,0,U,30503,999,98306,.23420486E-3,.417E-5,0
FENGYUN 1C DEB,1999-025AHS,2026-02-18T02:15:08.126784,14.20731081,.01117011,99.0155,101.6469,25.2377,4.7274,0,U,30504,999,98350,.52170302E-3,.1152E-4,0
FENGYUN 1C DEB,1999-025AHT,2026-02-18T04:09:33.876864,14.22584625,.00620242,98.9183,134.6520,51.1108,339.1804,0,U,30505,999,97882,.11148386E-2,.2496E-4,0
FENGYUN 1C DEB,1999-025AHU,2026-02-18T11:43:48.103680,14.08737727,.00708961,98.7584,57.6204,155.1451,358.1908,0,U,30506,999,97775,.28561387E-3,.461E-5,0
FENGYUN 1C DEB,1999-025AHV,2026-02-17T16:15:03.492864,14.13473863,.0124923,99.0055,118.6387,347.3670,166.4117,0,U,30507,999,97443,.71152E-3,.1396E-4,0
FENGYUN 1C DEB,1999-025AHX,2026-02-18T02:43:43.348224,14.08188903,.00995596,98.4648,281.7998,233.2500,280.8521,0,U,30509,999,96670,.14253174E-2,.2504E-4,0
FENGYUN 1C DEB,1999-025AHY,2026-02-18T15:10:43.179744,14.13262202,.00770579,99.2429,68.8524,336.5024,151.0136,0,U,30510,999,97533,.12138216E-2,.2292E-4,0
FENGYUN 1C DEB,1999-025AJC,2026-02-18T01:17:17.026656,14.34667291,.01716727,98.4080,75.8301,253.4678,104.7589,0,U,30514,999,99190,.44923415E-3,.1452E-4,0
FENGYUN 1C DEB,1999-025AJD,2026-02-17T20:37:04.932768,13.64114692,.0494357,98.5045,281.9541,256.8606,240.4685,0,U,30515,999,94245,.89091E-3,.1596E-4,0
FENGYUN 1C DEB,1999-025AJE,2026-02-18T06:36:51.080544,14.42601121,.00097692,98.8539,160.7972,118.0576,270.3152,0,U,30516,999,98688,.20630481E-2,.6814E-4,0
FENGYUN 1C DEB,1999-025AJJ,2026-02-18T11:09:38.824416,15.17467032,.00654504,98.7210,237.2488,233.6319,125.8861,0,U,30520,999,2067,.11259531E-2,.23806E-3,0
FENGYUN 1C DEB,1999-025AJK,2026-02-18T01:29:54.985344,14.58889971,.01350087,98.9940,194.8057,39.3545,321.7369,0,U,30521,999,561,.40243726E-3,.2078E-4,0
FENGYUN 1C DEB,1999-025AJM,2026-02-18T10:19:33.695040,14.28109054,.02412992,98.4747,30.8010,269.4788,244.8306,0,U,30523,999,99066,.2190577E-3,.691E-5,0
FENGYUN 1C DEB,1999-025AJN,2026-02-18T11:09:51.987456,13.93315961,.02008442,99.3125,226.9902,67.3877,294.8392,0,U,30524,999,94828,.25168687E-2,.3841E-4,0
FENGYUN 1C DEB,1999-025AJP,2026-02-17T14:40:11.003808,13.58804625,.0290845,98.6025,290.6083,134.2399,228.3022,0,U,30525,999,94025,.15701E-2,.1482E-4,0
FENGYUN 1C DEB,1999-025AJQ,2026-02-17T10:51:18.968832,13.50015730,.03064907,99.5391,133.0288,98.4448,265.1547,0,U,30526,999,93558,.26953089E-3,.19E-5,0
FENGYUN 1C DEB,1999-025AJR,2026-02-18T14:17:38.440320,13.31202388,.04103912,100.0554,96.6040,65.5107,83.8610,0,U,30527,999,92259,.12587854E-2,.915E-5,0
FENGYUN 1C DEB,1999-025AJS,2026-02-18T14:01:58.421280,14.13605677,.01448275,98.2321,278.8686,30.5428,359.5815,0,U,30528,999,98096,.29956067E-3,.586E-5,0
FENGYUN 1C DEB,1999-025AJT,2026-02-17T16:26:03.063552,13.71789193,.02328444,98.4887,327.9183,42.8405,319.0630,0,U,30529,999,94926,.1428387E-2,.1532E-4,0
FENGYUN 1C DEB,1999-025AJU,2026-02-18T01:53:03.149088,14.36907147,.00980175,98.3876,90.7757,296.1203,118.2360,0,U,30530,999,99752,.20992323E-3,.611E-5,0
FENGYUN 1C DEB,1999-025AJV,2026-02-18T12:58:20.644608,14.64989805,.0028056,102.3112,273.7379,15.0174,345.1840,0,U,30531,999,98687,.20524288E-2,.10988E-3,0
FENGYUN 1C DEB,1999-025AJX,2026-02-18T08:19:28.075872,14.55652072,.00784588,98.8328,186.9616,301.5595,112.0672,0,U,30533,999,98804,.21465049E-2,.9728E-4,0
FENGYUN 1C DEB,1999-025AKD,2026-02-18T11:41:57.892704,14.55806400,.01170911,98.8875,39.2452,69.9033,291.4718,0,U,30539,999,329,.59639384E-3,.281E-4,0
FENGYUN 1C DEB,1999-025AKE,2026-02-18T06:40:49.502208,14.33124607,.00538217,98.8762,164.2576,221.0550,167.8201,0,U,30540,999,98253,.17628277E-2,.4872E-4,0
FENGYUN 1C DEB,1999-025AKF,2026-02-17T14:09:05.684832,14.23416502,.0017173,98.6862,99.2879,244.6329,115.3072,0,U,30541,999,98278,.77463E-3,.1717E-4,0
FENGYUN 1C DEB,1999-025AKG,2026-02-18T15:00:49.252320,14.07013665,.00288205,98.7800,81.4327,140.2005,347.0807,0,U,30542,999,97873,.11047403E-3,.143E-5,0
FENGYUN 1C DEB,1999-025AKH,2026-02-18T06:25:24.247200,14.03804111,.00718258,98.8332,61.9211,203.5313,285.6672,0,U,30543,999,97452,.39929638E-3,.601E-5,0
FENGYUN 1C DEB,1999-025AKK,2026-02-18T00:17:10.752000,13.20837456,.04717445,98.9968,256.9784,207.8443,149.6687,0,U,30545,999,91818,.44848225E-3,.291E-5,0
FENGYUN 1C DEB,1999-025AKL,2026-02-18T14:08:23.068896,14.88431863,.00900231,98.9042,278.8976,307.0044,82.1114,0,U,30546,999,1466,.83685654E-3,.8301E-4,0
FENGYUN 1C DEB,1999-025AKM,2026-02-18T13:30:26.561088,14.37872046,.00960235,98.9006,259.9846,18.2507,3.3304,0,U,30547,999,99697,.17610749E-3,.511E-5,0
FENGYUN 1C DEB,1999-025AKN,2026-02-17T05:12:16.298784,14.27583402,.0065837,99.6818,317.7535,145.4513,7.9202,0,U,30548,999,15043,.15434E-2,.3836E-4,0
FENGYUN 1C DEB,1999-025AKP,2026-02-18T06:33:25.214400,13.99422166,.02862703,98.4802,169.8057,68.0078,295.1242,0,U,30549,999,96238,.1183984E-2,.2416E-4,0
FENGYUN 1C DEB,1999-025AKQ,2026-02-16T12:32:01.277664,14.02958871,.01287222,99.0560,307.4558,112.7965,11.5318,0,U,30550,999,96317,.21986674E-2,.3628E-4,0
FENGYUN 1C DEB,1999-025AKS,2026-02-18T08:38:49.207200,14.56854055,.00115158,98.8351,189.9493,54.2927,305.9339,0,U,30552,999,98636,.23194324E-2,.10367E-3,0
FENGYUN 1C DEB,1999-025AKT,2026-02-18T06:19:41.179584,14.75683093,.00187685,99.1245,157.5778,288.9527,70.9645,0,U,30553,999,99468,.25317485E-2,.1733E-3,0
FENGYUN 1C DEB,1999-025AKV,2026-02-18T14:19:31.321920,14.21252519,.00432127,98.7497,107.5107,79.8147,80.2880,0,U,30555,999,97899,.10363758E-2,.2236E-4,0
FENGYUN 1C DEB,1999-025AKW,2026-02-18T12:15:37.766592,14.01458743,.00697705,98.7876,45.2136,50.3848,73.2008,0,U,30556,999,97206,.57591664E-3,.846E-5,0
FENGYUN 1C DEB,1999-025AKX,2026-02-18T03:28:01.439904,14.11140319,.00660406,98.9129,118.8137,44.7431,315.9041,0,U,30557,999,97251,.92569509E-3,.1658E-4,0
FENGYUN 1C DEB,1999-025AKY,2026-02-15T19:43:11.003232,13.28898884,.04243108,99.4661,187.5083,117.0005,247.5096,0,U,30558,999,91622,.2443085E-2,.1803E-4,0
FENGYUN 1C DEB,1999-025ALA,2026-02-18T11:48:38.717856,14.17126927,.01158093,98.6691,46.5217,18.1688,103.5368,0,U,30560,999,98328,.35681931E-3,.725E-5,0
FENGYUN 1C DEB,1999-025ALB,2026-02-18T06:06:13.721472,14.11374332,.00586552,98.7274,54.4987,282.9493,210.7943,0,U,30561,999,97930,.31316082E-3,.532E-5,0
FENGYUN 1C DEB,1999-025ALC,2026-02-18T04:22:01.713792,14.23598645,.00589765,98.7557,121.6219,73.6122,313.0185,0,U,30562,999,97959,.1122368E-2,.256E-4,0
FENGYUN 1C DEB,1999-025ALE,2026-02-18T11:44:18.915648,14.05996508,.02007828,98.7957,64.3546,288.6127,229.6104,0,U,30564,999,97247,.73784367E-3,.1406E-4,0
FENGYUN 1C DEB,1999-025ALF,2026-02-18T02:34:40.865952,14.10475618,.0138396,98.4544,280.3488,163.3724,349.9847,0,U,30565,999,96876,.15118796E-2,.2903E-4,0
FENGYUN 1C DEB,1999-025ALG,2026-02-18T02:04:02.910720,14.12030947,.00651615,99.2100,104.4398,354.0703,35.5772,0,U,30566,999,97333,.10556495E-2,.1926E-4,0
FENGYUN 1C DEB,1999-025ALH,2026-02-18T11:20:20.518944,14.08986800,.01090089,98.7821,43.4055,359.1171,155.5363,0,U,30567,999,97727,.27691015E-3,.463E-5,0
FENGYUN 1C DEB,1999-025ALJ,2026-02-18T11:22:45.145632,14.57357811,.00155935,98.9439,229.5183,337.5485,77.0682,0,U,30568,999,98645,.22145293E-2,.1001E-3,0
FENGYUN 1C DEB,1999-025ALK,2026-02-18T09:21:08.846208,14.77771918,.00091607,98.7371,198.7662,234.9612,125.0738,0,U,30569,999,99204,.33810093E-2,.24303E-3,0
FENGYUN 1C DEB,1999-025ALL,2026-02-18T02:25:00.344352,14.14406202,.00352825,98.7075,84.9558,22.8954,41.7952,0,U,30570,999,97950,.39735067E-3,.722E-5,0
FENGYUN 1C DEB,1999-025ALM,2026-02-18T13:55:14.209248,14.10771191,.0021992,98.7252,78.8460,45.9240,75.2629,0,U,30571,999,97843,.21684506E-3,.346E-5,0
FENGYUN 1C DEB,1999-025ALN,2026-02-18T14:42:09.870336,14.08991382,.00229934,98.7648,82.3974,101.2623,17.9674,0,U,30572,999,97717,.32136318E-3,.515E-5,0
FENGYUN 1C DEB,1999-025ALP,2026-02-18T01:53:18.556800,14.14380056,.00886576,99.2204,93.9709,86.0721,307.8416,0,U,30573,999,97149,.13556231E-2,.2648E-4,0
FENGYUN 1C DEB,1999-025ALQ,2026-02-18T09:48:20.240640,13.78041017,.02213032,99.3059,216.6725,169.8602,190.7124,0,U,30574,999,94700,.26034406E-2,.3095E-4,0
FENGYUN 1C DEB,1999-025ALR,2026-02-18T05:30:34.466112,14.40573311,.00532246,99.1643,149.9104,40.4461,350.0870,0,U,30575,999,99189,.75177622E-3,.2386E-4,0
FENGYUN 1C DEB,1999-025ALT,2026-02-18T01:13:39.042912,14.11282015,.00303981,98.7626,86.3922,92.9148,297.3561,0,U,30577,999,97734,.40934307E-3,.7E-5,0
FENGYUN 1C DEB,1999-025ALV,2026-02-18T07:11:33.153792,14.05334864,.00518262,98.8013,77.0117,273.7513,146.0706,0,U,30579,999,97406,.42084203E-3,.647E-5,0
FENGYUN 1C DEB,1999-025ALZ,2026-02-18T13:49:05.626848,14.17412131,.01945016,99.1471,272.7986,123.8167,238.1693,0,U,30594,999,98540,.13527946E-3,.283E-5,0
FENGYUN 1C DEB,1999-025AMB,2026-02-18T13:38:13.374240,14.34506180,.02492849,98.4175,50.5870,86.9625,39.5471,0,U,30596,999,99533,.22933879E-3,.869E-5,0
FENGYUN 1C DEB,1999-025AMC,2026-02-18T01:40:41.884608,15.03024290,.00350043,98.9476,0.1440,319.0269,40.8323,0,U,30597,999,99544,.53856183E-2,.74119E-3,0
FENGYUN 1C DEB,1999-025AME,2026-02-18T11:18:30.809088,14.20012637,.03022768,98.6020,64.3143,148.3362,213.6398,0,U,30599,999,98128,.37179014E-3,.1204E-4,0
FENGYUN 1C DEB,1999-025AMF,2026-02-17T19:31:26.445792,14.08591395,.03280316,98.3927,353.9692,55.2612,307.8988,0,U,30600,999,95376,.32377813E-2,.9115E-4,0
FENGYUN 1C DEB,1999-025AMH,2026-02-18T06:27:35.972640,15.07363871,.00043796,99.0241,338.7084,2.8827,150.0130,0,U,30602,999,98816,.77991439E-2,.119825E-2,0
FENGYUN 1C DEB,1999-025AMJ,2026-02-18T00:55:35.006304,13.84377235,.0182223,98.4043,69.9471,21.6585,5.7217,0,U,30603,999,95807,.12377254E-2,.1538E-4,0
FENGYUN 1C DEB,1999-025AMK,2026-02-18T01:39:25.530336,14.23756300,.02097874,98.3941,85.9373,169.2011,221.8940,0,U,30604,999,98797,.22760207E-3,.609E-5,0
FENGYUN 1C DEB,1999-025AMM,2026-02-18T12:03:18.125568,14.58414398,.02096988,98.0943,62.9020,286.1047,229.0161,0,U,30606,999,230,.68036999E-3,.4222E-4,0
FENGYUN 1C DEB,1999-025AMP,2026-02-18T14:38:03.484320,14.28937398,.00135869,98.7001,117.1355,344.6965,162.3423,0,U,30608,999,98408,.88783832E-3,.2201E-4,0
FENGYUN 1C DEB,1999-025AMQ,2026-02-17T17:21:16.270272,14.11982200,.01137767,98.5693,327.3560,223.3819,135.8356,0,U,30609,999,96673,.1529472E-2,.2933E-4,0
FENGYUN 1C DEB,1999-025AMT,2026-02-18T13:30:26.569728,15.53641061,.00253843,99.0759,59.9260,107.3636,23.0071,0,U,30612,999,1301,.38454651E-2,.256211E-2,0
FENGYUN 1C DEB,1999-025AMU,2026-02-18T07:23:08.378304,15.34054465,.00521346,98.2975,181.4342,286.4597,73.0918,0,U,30613,999,421,.33681004E-2,.117433E-2,0
FENGYUN 1C DEB,1999-025AMX,2026-02-18T02:46:43.032576,13.36204283,.03812313,98.6342,102.1782,87.3057,277.1639,0,U,30616,999,92600,.12146921E-2,.913E-5,0
FENGYUN 1C DEB,1999-025ANA,2026-02-18T13:26:14.787168,14.41325265,.0213758,98.2909,75.5429,213.1427,145.6219,0,U,30619,999,99926,.22416081E-3,.9E-5,0
FENGYUN 1C DEB,1999-025ANC,2026-02-16T19:10:21.268128,14.04274456,.01348732,98.6993,353.4322,119.1276,272.1208,0,U,30621,999,96517,.14481167E-2,.2455E-4,0
FENGYUN 1C DEB,1999-025AND,2026-02-16T07:28:25.055040,14.32483095,.0073963,100.9974,81.2155,197.0967,225.9793,0,U,30622,999,69736,.2666E-2,.7389E-4,0
FENGYUN 1C DEB,1999-025ANE,2026-02-16T10:10:24.343968,13.29401158,.04032936,98.8276,221.8186,305.5287,79.1052,0,U,30623,999,92089,.46842778E-3,.301E-5,0
FENGYUN 1C DEB,1999-025ANF,2026-02-18T05:05:17.300256,14.66430371,.00164381,98.8819,141.5093,77.9404,282.3638,0,U,30624,999,98483,.36046832E-2,.19982E-3,0
FENGYUN 1C DEB,1999-025ANG,2026-02-18T03:08:07.041984,14.43478994,.00493049,98.9270,13.2087,95.7617,264.9196,0,U,30625,999,97664,.28942384E-2,.9897E-4,0
FENGYUN 1C DEB,1999-025ANK,2026-02-18T08:28:58.121472,14.71406593,.00252502,99.3424,339.8224,37.9901,322.3077,0,U,30628,999,99464,.22257369E-2,.13813E-3,0
FENGYUN 1C DEB,1999-025ANL,2026-02-18T00:24:33.030144,14.62120838,.00032872,99.2475,157.7635,314.6011,99.8582,0,U,30629,999,98872,.26742044E-2,.13413E-3,0
FENGYUN 1C DEB,1999-025ANM,2026-02-17T10:30:05.227200,14.22684512,.00250944,99.1769,229.2045,242.9712,146.9468,0,U,30630,999,98161,.8869887E-3,.1944E-4,0
FENGYUN 1C DEB,1999-025ANP,2026-02-18T08:49:27.442272,14.66096365,.00144822,98.8244,190.5380,299.1149,87.2768,0,U,30632,999,98681,.33375165E-2,.18346E-3,0
FENGYUN 1C DEB,1999-025ANQ,2026-02-18T13:40:30.839232,14.04597988,.01312427,98.4195,274.7009,67.4282,354.8424,0,U,30633,999,96844,.83595696E-3,.1404E-4,0
FENGYUN 1C DEB,1999-025ANR,2026-02-18T11:00:41.058720,14.10474462,.01183501,99.2999,39.5216,268.9829,243.5481,0,U,30634,999,96571,.17243307E-2,.3228E-4,0
FENGYUN 1C DEB,1999-025ANW,2026-02-18T07:36:30.285216,14.33802383,.00651022,99.0160,169.0670,88.5697,272.2943,0,U,30639,999,97687,.24716942E-2,.6998E-4,0
FENGYUN 1C DEB,1999-025ANX,2026-02-18T04:12:32.311008,14.15040621,.00794874,99.0492,126.3507,267.7610,119.9887,0,U,30640,999,97399,.11705479E-2,.2291E-4,0
FENGYUN 1C DEB,1999-025ANY,2026-02-18T07:26:24.229824,14.80025722,.01315498,98.9493,356.2768,274.4243,241.3289,0,U,30641,999,1531,.59931037E-3,.5184E-4,0
FENGYUN 1C DEB,1999-025APD,2026-02-18T13:06:33.746688,14.09844189,.00479747,98.6483,72.4524,197.2780,162.6760,0,U,30646,999,97560,.58296026E-3,.994E-5,0
FENGYUN 1C DEB,1999-025APE,2026-02-18T09:33:52.456320,14.58364786,.00302046,98.9925,351.7933,336.4314,152.5393,0,U,30647,999,98974,.24700647E-2,.11473E-3,0
FENGYUN 1C DEB,1999-025APF,2026-02-18T04:58:44.800608,14.49321771,.00325054,98.6371,150.4214,278.3872,142.0954,0,U,30648,999,98843,.17006677E-2,.6493E-4,0
FENGYUN 1C DEB,1999-025APG,2026-02-18T05:18:08.262144,14.30181395,.00474396,98.8046,150.3049,333.8121,55.7524,0,U,30649,999,98028,.12473806E-2,.3224E-4,0
FENGYUN 1C DEB,1999-025APH,2026-02-17T15:28:12.360864,14.14337256,.00694073,99.1983,96.2083,2.6257,119.6295,0,U,30650,999,97244,.1048988E-2,.2005E-4,0
FENGYUN 1C DEB,1999-025APJ,2026-02-18T01:21:55.516320,14.07832735,.00093412,98.7769,85.3362,78.7087,310.7968,0,U,30652,999,97641,.24998307E-4,0,0
FENGYUN 1C DEB,1999-025APL,2026-02-18T07:20:46.521600,14.17467492,.00338823,99.2448,340.2068,270.5521,89.1770,0,U,30654,999,97637,.94198721E-3,.1873E-4,0
FENGYUN 1C DEB,1999-025APN,2026-02-18T11:00:32.757408,14.46692752,.0031655,99.0208,232.8363,244.8492,114.9414,0,U,30656,999,98064,.18835346E-2,.6805E-4,0
FENGYUN 1C DEB,1999-025APP,2026-02-18T06:51:34.017696,14.39718680,.0018979,98.8318,154.3419,149.0580,280.1185,0,U,30657,999,98204,.19137271E-2,.5964E-4,0
FENGYUN 1C DEB,1999-025APQ,2026-02-16T01:20:30.714720,13.87539329,.01818481,98.4330,78.2077,48.6593,313.0052,0,U,30658,999,95590,.16924534E-2,.2242E-4,0
FENGYUN 1C DEB,1999-025APS,2026-02-18T05:14:36.169152,14.88966401,.01352693,98.1347,152.4761,113.6795,312.1400,0,U,30660,999,1788,.69709076E-3,.7717E-4,0
FENGYUN 1C DEB,1999-025APT,2026-02-18T11:40:40.727136,14.21208013,.01436398,99.4913,235.1981,214.1582,145.0287,0,U,30661,999,98864,.18405718E-3,.394E-5,0
FENGYUN 1C DEB,1999-025APU,2026-02-15T23:20:29.152032,14.22834161,.0033545,99.0459,109.9948,89.1386,35.5859,0,U,30662,999,97566,.12196E-2,.2708E-4,0
FENGYUN 1C DEB,1999-025APV,2026-02-17T05:21:10.021824,13.23982726,.0654304,99.3043,323.4883,335.8977,21.2760,0,U,30663,999,89927,.27475E-2,.3696E-4,0
FENGYUN 1C DEB,1999-025APX,2026-02-18T11:22:29.528832,14.12803602,.00699904,99.2130,27.9520,13.0397,111.0815,0,U,30665,999,96926,.15784578E-2,.2955E-4,0
FENGYUN 1C DEB,1999-025APY,2026-02-18T10:16:01.453440,14.02643074,.00603888,98.8311,35.9507,316.8060,196.8163,0,U,30666,999,97059,.36861033E-3,.535E-5,0
FENGYUN 1C DEB,1999-025AQA,2026-02-18T03:41:50.732160,14.12782472,.00774272,99.1241,128.4779,59.2207,331.5792,0,U,30668,999,97007,.11973035E-2,.2242E-4,0
FENGYUN 1C DEB,1999-025AQB,2026-02-17T18:12:10.253664,14.03096704,.0120265,98.6388,347.0148,349.0890,73.8747,0,U,30669,999,96393,.16525E-2,.2698E-4,0
FENGYUN 1C DEB,1999-025AQC,2026-02-18T01:45:56.176704,14.15852417,.00381596,98.7005,96.9605,235.0964,154.6765,0,U,30670,999,98105,.99605695E-4,.154E-5,0
FENGYUN 1C DEB,1999-025AQD,2026-02-17T17:06:43.443648,13.95749397,.01281091,99.2434,118.6704,209.8600,277.3721,0,U,30671,999,96129,.14499188E-2,.2073E-4,0
FENGYUN 1C DEB,1999-025AQF,2026-02-18T01:36:56.801376,14.03500421,.00509253,98.9090,101.8901,316.2861,73.4108,0,U,30673,999,97476,.28055264E-3,.401E-5,0
FENGYUN 1C DEB,1999-025AQG,2026-02-18T10:06:43.010496,15.15610416,.00085137,98.9304,227.7099,18.2364,341.9168,0,U,30674,999,98369,.88102746E-2,.171308E-2,0
FENGYUN 1C DEB,1999-025AQH,2026-02-18T04:18:56.325312,14.28015169,.00494574,98.7478,133.4150,331.6867,57.8359,0,U,30675,999,97854,.12426042E-2,.308E-4,0
FENGYUN 1C DEB,1999-025AQJ,2026-02-17T07:40:48.416448,13.74227650,.04706738,98.2685,230.5471,227.5465,128.4987,0,U,30676,999,94838,.15340101E-2,.3204E-4,0
FENGYUN 1C DEB,1999-025AQK,2026-02-17T16:44:34.208160,14.38665823,.00639658,98.2479,96.2056,4.4231,123.5315,0,U,30677,999,98942,.88591195E-3,.274E-4,0
FENGYUN 1C DEB,1999-025AQL,2026-02-17T09:23:59.309088,14.25286887,.00752628,99.0802,16.3990,38.2294,112.6348,0,U,30678,999,96824,.35443137E-2,.8555E-4,0
FENGYUN 1C DEB,1999-025AQM,2026-02-17T15:36:33.727104,13.79827873,.0170819,99.3715,104.8012,261.3399,252.4911,0,U,30679,999,95442,.61406E-3,.664E-5,0
FENGYUN 1C DEB,1999-025AQN,2026-02-18T01:24:36.754272,13.56765994,.03233934,99.6340,95.3053,357.5214,2.4310,0,U,30680,999,93166,.36797902E-2,.3613E-4,0
FENGYUN 1C DEB,1999-025AQR,2026-02-18T13:17:43.614528,14.00677665,.01384316,99.4185,68.1360,39.4739,114.2970,0,U,30683,999,96500,.11464397E-2,.1809E-4,0
FENGYUN 1C DEB,1999-025AQS,2026-02-18T13:04:17.694336,13.67004498,.02354664,99.5239,94.9576,96.1557,266.6468,0,U,30684,999,94555,.13749833E-2,.135E-4,0
FENGYUN 1C DEB,1999-025AQU,2026-02-18T12:26:45.331008,14.74718258,.01408591,99.0320,256.1688,269.7971,149.5954,0,U,30686,999,601,.72977456E-3,.5655E-4,0
FENGYUN 1C DEB,1999-025AQW,2026-02-18T04:11:57.470208,14.33405414,.00177639,98.6943,127.8332,124.4597,310.9503,0,U,30688,999,98226,.13410009E-2,.3663E-4,0
FENGYUN 1C DEB,1999-025AQX,2026-02-18T11:44:32.238528,14.11924815,.01093886,98.7164,38.7880,270.9969,214.5858,0,U,30689,999,97846,.40303723E-3,.736E-5,0
FENGYUN 1C DEB,1999-025AQY,2026-02-18T08:33:19.141056,14.02803235,.01014277,99.1624,345.1338,250.7058,232.8957,0,U,30690,999,96655,.14526639E-2,.2306E-4,0
FENGYUN 1C DEB,1999-025AQZ,2026-02-18T11:49:12.110592,13.89652446,.01399189,98.7426,61.7990,48.1681,104.7307,0,U,30691,999,96057,.11281543E-2,.1456E-4,0
FENGYUN 1C DEB,1999-025ARB,2026-02-18T10:23:11.702976,14.13387705,.00289786,98.6948,37.6096,338.5118,21.4836,0,U,30693,999,97891,.31100216E-3,.543E-5,0
FENGYUN 1C DEB,1999-025ARC,2026-02-18T09:14:31.831296,14.88017651,.01300951,99.0557,30.0107,79.1914,282.3910,0,U,30694,999,1101,.82574407E-3,.8801E-4,0
FENGYUN 1C DEB,1999-025ARE,2026-02-17T19:48:43.651008,14.45205475,.0086974,98.3799,101.9869,282.2151,134.5250,0,U,30696,999,99273,.66207E-3,.2383E-4,0
FENGYUN 1C DEB,1999-025ARF,2026-02-17T14:29:54.604608,14.13915602,.0084695,98.8994,110.1661,356.5444,168.5180,0,U,30697,999,97205,.93525E-3,.1791E-4,0
FENGYUN 1C DEB,1999-025ARH,2026-02-18T07:59:20.548608,14.48343582,.00026775,99.3117,180.5785,107.3985,252.7498,0,U,30699,999,98591,.20073298E-2,.7464E-4,0
FENGYUN 1C DEB,1999-025ARJ,2026-02-18T00:55:42.816000,14.23866559,.00852961,98.5350,80.4113,308.1001,51.2508,0,U,30700,999,98527,.16409938E-3,.347E-5,0
FENGYUN 1C DEB,1999-025ARK,2026-02-18T02:05:24.654624,14.13940907,.00335343,98.7081,93.6927,271.0224,117.0532,0,U,30701,999,98071,.19109116E-4,-.7E-7,0
FENGYUN 1C DEB,1999-025ARL,2026-02-18T00:27:12.363840,14.03815730,.00708977,98.7641,71.4656,113.4642,276.6766,0,U,30702,999,97106,.62683743E-3,.968E-5,0
FENGYUN 1C DEB,1999-025ARM,2026-02-18T12:55:30.098784,14.19621262,.01178421,99.1494,41.7635,98.7917,24.5873,0,U,30703,999,97502,.808917E-3,.1785E-4,0
FENGYUN 1C DEB,1999-025ARN,2026-02-18T11:15:47.926944,14.02110214,.00807755,98.8758,51.4107,271.0508,243.3624,0,U,30704,999,97060,.30178742E-3,.431E-5,0
FENGYUN 1C DEB,1999-025ARP,2026-02-17T20:45:45.472032,13.81819825,.0198805,102.1787,177.3541,124.6566,26.5219,0,U,30705,999,94936,.21905E-2,.2663E-4,0
FENGYUN 1C DEB,1999-025ARQ,2026-02-18T04:32:24.784800,14.26765535,.00262585,99.0634,311.1753,299.1913,60.6639,0,U,30706,999,98589,.74115411E-3,.1754E-4,0
FENGYUN 1C DEB,1999-025ARR,2026-02-18T03:21:29.651328,14.27207676,.00284161,99.4051,113.5634,232.1974,194.5804,0,U,30707,999,97764,.11289827E-2,.272E-4,0
FENGYUN 1C DEB,1999-025ARS,2026-02-18T13:27:24.675264,14.12226324,.00085034,98.6889,66.1176,15.8081,114.2430,0,U,30708,999,97793,.15166493E-3,.236E-5,0
FENGYUN 1C DEB,1999-025ART,2026-02-18T09:37:11.511552,14.18198573,.00838864,99.1491,34.3603,76.4291,284.6210,0,U,30709,999,96955,.18593532E-2,.3913E-4,0
FENGYUN 1C DEB,1999-025ARU,2026-02-17T15:17:40.154784,13.94951963,.0224706,102.7472,328.0429,286.6229,191.8964,0,U,30710,999,95721,.22151E-2,.3604E-4,0
FENGYUN 1C DEB,1999-025ARY,2026-02-17T01:34:45.429312,14.03409346,.00677199,98.8291,99.6700,98.8134,293.0909,0,U,30714,999,96923,.72133092E-3,.1109E-4,0
FENGYUN 1C DEB,1999-025ARZ,2026-02-18T04:03:13.853376,14.15194726,.0063656,98.9686,123.7057,336.6814,23.1474,0,U,30715,999,97135,.12865445E-2,.2504E-4,0
FENGYUN 1C DEB,1999-025ASA,2026-02-18T11:42:38.600928,14.84260917,.00205521,98.8724,244.8144,237.5934,182.8949,0,U,30716,999,98827,.31888494E-2,.26847E-3,0
FENGYUN 1C DEB,1999-025ASB,2026-02-18T04:07:31.872288,14.21036492,.0046957,99.0101,126.2602,69.7488,290.8727,0,U,30717,999,97494,.12406099E-2,.2676E-4,0
FENGYUN 1C DEB,1999-025ASC,2026-02-18T04:30:52.545888,14.24845825,.00540451,98.8839,135.3935,320.6061,39.1193,0,U,30718,999,97734,.1084345E-2,.2524E-4,0
FENGYUN 1C DEB,1999-025ASD,2026-02-18T08:59:26.975328,14.62067898,.00087829,98.8870,201.0456,326.6030,33.4614,0,U,30719,999,98436,.28907528E-2,.14498E-3,0
FENGYUN 1C DEB,1999-025ASE,2026-02-18T11:04:40.271808,14.29395025,.00328078,99.0402,230.4444,133.8969,256.2539,0,U,30720,999,98456,.70463907E-3,.176E-4,0
FENGYUN 1C DEB,1999-025ASF,2026-02-18T01:51:57.280320,14.75752337,.00257546,98.7095,190.3159,136.8411,275.8459,0,U,30721,999,98834,.31457068E-2,.21655E-3,0
FENGYUN 1C DEB,1999-025ASH,2026-02-18T04:37:20.807616,14.42518959,.00140043,98.8379,142.6014,75.4188,314.8812,0,U,30723,999,98343,.18062913E-2,.5953E-4,0
FENGYUN 1C DEB,1999-025ASJ,2026-02-18T12:03:18.836640,14.37262816,.00940328,99.3181,244.7725,63.0597,326.6648,0,U,30724,999,99426,.28085701E-3,.829E-5,0
FENGYUN 1C DEB,1999-025ASK,2026-02-18T00:08:21.152832,14.16505443,.0089844,98.9999,123.5837,198.2856,289.0270,0,U,30725,999,97300,.13425882E-2,.2736E-4,0
FENGYUN 1C DEB,1999-025ASL,2026-02-17T17:48:39.862656,14.09609587,.00790145,99.2689,57.4228,40.5354,13.6422,0,U,30726,999,96927,.11221484E-2,.1976E-4,0
FENGYUN 1C DEB,1999-025ASN,2026-02-18T13:34:54.965280,14.23508272,.00973424,98.5307,59.1922,243.9981,115.1148,0,U,30728,999,98654,.63038471E-4,.107E-5,0
FENGYUN 1C DEB,1999-025ASQ,2026-02-18T13:48:43.460928,14.25836044,.00784257,98.6118,92.5333,210.0572,305.4383,0,U,30730,999,97972,.73495822E-3,.1762E-4,0
FENGYUN 1C DEB,1999-025ASR,2026-02-17T22:43:44.861664,14.42950550,.0012571,98.8534,135.9046,62.2232,353.4915,0,U,30731,999,98325,.17443E-2,.5797E-4,0
FENGYUN 1C DEB,1999-025ASS,2026-02-18T06:44:32.142912,14.03994115,.01240232,98.8005,72.2839,20.8854,108.6931,0,U,30732,999,97139,.31670427E-3,.494E-5,0
FENGYUN 1C DEB,1999-025ASV,2026-02-17T21:24:04.493952,14.24500936,.0058459,98.7563,124.7546,53.3093,1.5333,0,U,30735,999,97704,.1053E-2,.2441E-4,0
FENGYUN 1C DEB,1999-025ASW,2026-02-11T14:31:27.428448,13.61868356,.02794183,98.7797,79.5392,254.7177,239.7174,0,U,30736,999,93681,.14990329E-2,.1456E-4,0
FENGYUN 1C DEB,1999-025ASX,2026-02-18T10:02:45.228192,14.18374236,.002251,98.5882,34.5183,300.0721,214.4632,0,U,30737,999,97992,.32519999E-3,.63E-5,0
FENGYUN 1C DEB,1999-025ASZ,2026-02-18T11:28:10.992000,14.15061139,.01019055,98.7004,39.9010,122.6083,7.2923,0,U,30739,999,97821,.26759645E-3,.503E-5,0
FENGYUN 1C DEB,1999-025ATA,2026-02-18T06:39:49.449888,14.53498177,.00298701,98.6864,161.7739,283.6622,76.1248,0,U,30740,999,98628,.20388789E-2,.8512E-4,0
FENGYUN 1C DEB,1999-025ATB,2026-02-18T12:24:58.087008,14.13282581,.00051218,98.6798,61.7454,291.4549,220.2820,0,U,30741,999,97776,.13348701E-3,.208E-5,0
FENGYUN 1C DEB,1999-025ATC,2026-02-18T03:11:56.855616,14.10720881,.00695582,98.8623,97.6421,38.4394,25.0603,0,U,30742,999,96992,.94815693E-3,.169E-4,0
FENGYUN 1C DEB,1999-025ATE,2026-02-18T09:04:26.882688,14.98397007,.00036313,98.7271,207.9163,10.1789,20.1266,0,U,30744,999,99098,.4481277E-2,.53784E-3,0
FENGYUN 1C DEB,1999-025ATG,2026-02-18T10:45:08.538336,14.27713551,.00467862,99.0612,237.5105,122.1219,267.9336,0,U,30746,999,98412,.40836296E-3,.972E-5,0
FENGYUN 1C DEB,1999-025ATK,2026-02-16T23:56:55.656960,13.99841528,.00589324,98.8770,77.8561,50.3123,310.3217,0,U,30749,999,96893,.25993386E-3,.345E-5,0
FENGYUN 1C DEB,1999-025ATL,2026-02-18T04:37:57.390240,14.29283557,.00394662,98.9124,130.2518,258.4310,129.0309,0,U,30750,999,97745,.14203332E-2,.3598E-4,0
FENGYUN 1C DEB,1999-025ATM,2026-02-18T02:42:25.272864,14.15624059,.00509854,98.8481,112.8298,260.5805,129.0635,0,U,30751,999,97229,.12013373E-2,.2338E-4,0
FENGYUN 1C DEB,1999-025ATP,2026-02-18T01:24:49.226976,14.12920905,.00577801,98.8005,91.5176,163.4801,196.8271,0,U,30753,999,97302,.78512508E-3,.1442E-4,0
FENGYUN 1C DEB,1999-025ATR,2026-02-17T17:17:00.265344,14.45250046,.01526775,98.2635,46.4806,65.5468,352.3731,0,U,30755,999,99412,.53873049E-3,.2134E-4,0
FENGYUN 1C DEB,1999-025ATS,2026-02-18T04:41:52.981440,14.18789044,.0074021,98.9834,122.4916,125.8522,258.0082,0,U,30756,999,97361,.12459344E-2,.2617E-4,0
FENGYUN 1C DEB,1999-025ATU,2026-02-17T15:12:25.930080,14.17455518,.00411663,99.0189,173.2976,172.3464,314.3996,0,U,30758,999,97438,.88452345E-3,.1762E-4,0
FENGYUN 1C DEB,1999-025ATV,2026-02-18T06:16:30.590688,14.56226643,.00073083,99.2548,169.2549,304.9886,84.7356,0,U,30759,999,98637,.21475464E-2,.9456E-4,0
FENGYUN 1C DEB,1999-025ATW,2026-02-18T10:45:55.688544,14.05240802,.00534184,98.8270,49.3001,151.7108,208.6979,0,U,30760,999,97173,.83377951E-4,.94E-6,0
FENGYUN 1C DEB,1999-025ATX,2026-02-18T07:13:49.032480,14.36171827,.00849185,98.9700,343.0989,114.1175,246.8920,0,U,30761,999,98711,.67196491E-3,.1994E-4,0
FENGYUN 1C DEB,1999-025ATY,2026-02-18T13:04:30.870336,13.98189472,.01989228,98.8810,43.1706,107.3022,19.9615,0,U,30762,999,96585,.10932999E-3,.144E-5,0
FENGYUN 1C DEB,1999-025ATZ,2026-02-18T03:48:42.253632,14.64600262,.00192561,98.8873,130.6894,75.4700,344.3033,0,U,30763,999,98130,.32745476E-2,.17424E-3,0
FENGYUN 1C DEB,1999-025AUA,2026-02-18T11:01:45.919200,15.35621188,.00636177,98.7839,37.6018,300.7267,58.7715,0,U,30764,999,2259,.1202564E-2,.44628E-3,0
FENGYUN 1C DEB,1999-025AUB,2026-02-18T02:42:05.552928,14.14946035,.00669689,98.7802,99.0510,18.7678,8.2113,0,U,30765,999,97775,.64685423E-3,.1235E-4,0
FENGYUN 1C DEB,1999-025AUC,2026-02-14T20:30:26.155296,14.09740005,.0081626,98.6761,48.9115,252.4273,227.5700,0,U,30766,999,63700,.62271E-3,.1085E-4,0
FENGYUN 1C DEB,1999-025AUE,2026-02-18T05:57:00.509184,14.49143454,.00248952,98.6124,145.3343,247.9592,137.8117,0,U,30768,999,98848,.16833871E-2,.6386E-4,0
FENGYUN 1C DEB,1999-025AUG,2026-02-18T13:55:35.622624,14.15778118,.00148438,98.6558,58.6719,90.4388,34.3690,0,U,30770,999,97867,.2650864E-3,.479E-5,0
FENGYUN 1C DEB,1999-025AUH,2026-02-18T09:40:49.417536,14.44479196,.00244521,98.9086,32.7399,91.9380,268.4610,0,U,30771,999,98040,.19853979E-2,.6837E-4,0
FENGYUN 1C DEB,1999-025AUL,2026-02-18T04:55:26.942880,14.33207929,.00211664,98.8314,142.3104,198.1723,191.8491,0,U,30802,999,98169,.15413678E-2,.4203E-4,0
FENGYUN 1C DEB,1999-025AUM,2026-02-18T14:45:16.305120,14.11643351,.01046117,99.2393,89.8045,12.6546,117.7001,0,U,30803,999,96956,.11771395E-2,.2207E-4,0
FENGYUN 1C DEB,1999-025AUN,2026-02-18T03:38:03.265152,14.54941570,.01841486,98.8838,123.8600,346.6103,42.4571,0,U,30804,999,452,.27387609E-3,.1415E-4,0
FENGYUN 1C DEB,1999-025AUP,2026-02-17T13:36:28.876032,14.03107498,.0072307,98.8133,94.1392,98.3994,58.8002,0,U,30805,999,96897,.66213E-3,.1012E-4,0
FENGYUN 1C DEB,1999-025AUQ,2026-02-18T00:47:01.739328,13.70546846,.02661066,99.0312,76.5798,313.0128,101.6779,0,U,30806,999,94617,.66876129E-3,.718E-5,0
FENGYUN 1C DEB,1999-025AUT,2026-02-18T05:16:28.058880,14.29860999,.00485709,98.7839,143.8453,334.4809,25.3976,0,U,30809,999,98051,.12082761E-2,.3104E-4,0
FENGYUN 1C DEB,1999-025AUU,2026-02-18T09:55:34.783392,14.05261448,.01823514,98.6590,223.3008,224.8267,133.8048,0,U,30810,999,95333,.45790766E-2,.8565E-4,0
FENGYUN 1C DEB,1999-025AUV,2026-02-12T00:37:08.279328,13.62067364,.02787827,98.7777,81.3595,245.5490,111.6342,0,U,30811,999,93701,.15301784E-2,.1491E-4,0
FENGYUN 1C DEB,1999-025AUY,2026-02-18T10:03:30.296160,14.62592335,.0032719,99.0851,37.3994,29.1644,125.9494,0,U,30814,999,98730,.25347917E-2,.1294E-3,0
FENGYUN 1C DEB,1999-025AUZ,2026-02-18T09:59:45.369312,14.77923144,.00019667,99.2988,220.4095,253.5343,136.9570,0,U,30815,999,98778,.31289758E-2,.22544E-3,0
FENGYUN 1C DEB,1999-025AVA,2026-02-18T04:52:22.427040,14.18517280,.00536967,98.9063,124.9562,219.5474,201.0758,0,U,30816,999,97350,.14184567E-2,.2931E-4,0
FENGYUN 1C DEB,1999-025AVB,2026-02-17T10:42:23.759712,14.00770032,.00602383,98.7856,41.0917,59.0812,301.6256,0,U,30817,999,96843,.21172949E-3,.279E-5,0
FENGYUN 1C DEB,1999-025AVE,2026-02-18T06:03:18.251712,14.22044888,.00470616,98.6715,149.4154,351.4996,28.9427,0,U,30820,999,97383,.15048256E-2,.3323E-4,0
FENGYUN 1C DEB,1999-025AVF,2026-02-18T09:10:01.670592,14.50124207,.00854869,99.1105,202.3831,4.3416,27.3396,0,U,30821,999,99769,.4601619E-3,.1817E-4,0
FENGYUN 1C DEB,1999-025AVG,2026-02-18T01:06:07.554528,14.11441829,.00750423,98.7286,80.2847,94.5182,295.2245,0,U,30822,999,97651,.26839918E-3,.457E-5,0
FENGYUN 1C DEB,1999-025AVH,2026-02-16T09:05:49.584768,14.02637271,.01323498,98.7679,190.9503,260.6857,122.9766,0,U,30823,999,96954,.3639298E-3,.563E-5,0
FENGYUN 1C DEB,1999-025AVL,2026-02-18T00:47:58.396128,14.83202171,.0143429,98.8659,256.3604,142.6483,13.6795,0,U,30826,999,1283,.51177505E-3,.4938E-4,0
FENGYUN 1C DEB,1999-025AVM,2026-02-18T10:35:14.601408,14.39225451,.00441961,99.0091,43.1388,342.7193,17.2486,0,U,30827,999,97522,.24801411E-2,.7738E-4,0
FENGYUN 1C DEB,1999-025AVN,2026-02-18T06:14:21.047712,14.78712945,.02027085,98.3735,163.9360,323.1346,65.3428,0,U,30828,999,99654,.72088988E-3,.7418E-4,0
FENGYUN 1C DEB,1999-025AVP,2026-02-16T22:42:15.356448,14.08767848,.00362988,98.7841,43.8507,144.4852,215.8744,0,U,30829,999,97365,.32306112E-3,.518E-5,0
FENGYUN 1C DEB,1999-025AVQ,2026-02-18T11:14:32.930880,14.12312779,.003105,98.7368,41.1212,0.0033,156.1331,0,U,30830,999,97555,.2536181E-3,.426E-5,0
FENGYUN 1C DEB,1999-025AVR,2026-02-10T05:36:02.105280,14.31270926,.0055164,99.3334,203.3684,221.5182,138.1802,0,U,30831,999,66101,.58456E-3,.1522E-4,0
FENGYUN 1C DEB,1999-025AVT,2026-02-12T05:33:58.002912,14.26959846,.0032027,99.8497,201.9607,9.0973,351.0777,0,U,30833,999,65288,.52141E-3,.122E-4,0
FENGYUN 1C DEB,1999-025AVW,2026-02-18T00:34:12.981504,14.12036640,.00269142,98.7372,84.9900,56.9188,303.4563,0,U,30836,999,62953,.31770049E-3,.541E-5,0
FENGYUN 1C DEB,1999-025AVX,2026-02-18T10:04:22.925856,14.14630484,.00315138,98.6859,38.7821,302.8015,221.8827,0,U,30837,999,97775,.31382912E-3,.563E-5,0
FENGYUN 1C DEB,1999-025AVY,2026-02-18T07:45:53.846496,14.49227823,.00362409,99.0437,332.9260,321.3351,38.5247,0,U,30838,999,98292,.18898512E-2,.7216E-4,0
FENGYUN 1C DEB,1999-025AWA,2026-02-17T23:21:59.613696,14.61795853,.0215964,98.0217,63.3622,158.5212,202.5225,0,U,30840,999,74113,.37629E-3,.2567E-4,0
FENGYUN 1C DEB,1999-025AWD,2026-02-17T15:53:07.799712,14.52592287,.01467679,98.8315,128.8445,277.2162,81.2368,0,U,30843,999,262,.17040656E-3,.742E-5,0
FENGYUN 1C DEB,1999-025AWF,2026-02-18T11:23:45.085632,13.76911816,.01940101,98.3847,47.0740,87.0055,62.8454,0,U,30845,999,95175,.31902358E-3,.326E-5,0
FENGYUN 1C DEB,1999-025AWG,2026-02-18T11:46:34.219776,14.42022025,.00541283,99.3250,233.8850,137.4792,280.4746,0,U,30846,999,98906,.72720915E-3,.2377E-4,0
FENGYUN 1C DEB,1999-025AWH,2026-02-18T10:30:28.003104,14.17674536,.00658684,98.7341,213.4268,136.5174,249.5579,0,U,30847,999,97014,.15226548E-2,.3124E-4,0
FENGYUN 1C DEB,1999-025AWJ,2026-02-18T00:15:29.346048,14.35024748,.00430408,99.0583,252.1284,138.4167,222.0303,0,U,30848,999,98271,.96442033E-3,.273E-4,0
FENGYUN 1C DEB,1999-025AWK,2026-02-17T15:28:41.220192,14.19308330,.0051072,99.0409,115.0070,174.8923,339.3298,0,U,30849,999,97321,.11498E-2,.24E-4,0
FENGYUN 1C DEB,1999-025AWL,2026-02-18T14:23:42.356256,14.16884527,.0111493,98.3945,276.2981,1.4764,25.5310,0,U,30850,999,96759,.15506874E-2,.3265E-4,0
FENGYUN 1C DEB,1999-025AWN,2026-02-18T11:18:26.520192,14.10419420,.00571389,98.7308,70.2684,44.1908,316.3807,0,U,30852,999,97337,.47444472E-3,.814E-5,0
FENGYUN 1C DEB,1999-025AWS,2026-02-17T04:43:50.808576,14.48844196,.0082861,98.2019,235.9833,34.1717,25.0212,0,U,30856,999,97487,.34338E-2,.13535E-3,0
FENGYUN 1C DEB,1999-025AWT,2026-02-18T10:10:52.931136,14.54178330,.00422255,98.9737,48.8736,88.8634,271.7397,0,U,30857,999,97706,.36399711E-2,.15567E-3,0
FENGYUN 1C DEB,1999-025AWU,2026-02-18T03:03:22.468896,14.17903967,.00288047,98.7884,111.1000,275.5413,140.4433,0,U,30858,999,97935,.3302374E-3,.633E-5,0
FENGYUN 1C DEB,1999-025AWV,2026-02-17T15:35:29.589792,14.50679085,.0034316,98.9182,107.6535,187.9656,172.0997,0,U,30859,999,98004,.21609801E-2,.8512E-4,0
FENGYUN 1C DEB,1999-025AWW,2026-02-18T04:13:33.179808,14.26019374,.00368174,98.8976,128.6758,354.0875,5.9865,0,U,30860,999,97477,.10289514E-2,.2428E-4,0
FENGYUN 1C DEB,1999-025AWY,2026-02-17T05:40:16.941216,14.44672088,.0047712,98.9564,147.4662,320.4039,69.7120,0,U,30862,999,97679,.28055E-2,.9822E-4,0
FENGYUN 1C DEB,1999-025AWZ,2026-02-18T11:10:46.274304,12.40801962,.08713285,99.1307,229.5697,107.7224,290.0851,0,U,30863,999,60580,.29045945E-2,.1482E-4,0
FENGYUN 1C DEB,1999-025AXD,2026-02-18T05:01:17.655168,14.28789510,.00507285,97.8766,314.5099,151.5703,0.7043,0,U,30867,999,97500,.13457176E-2,.3401E-4,0
FENGYUN 1C DEB,1999-025AXE,2026-02-18T14:56:20.323680,14.11160993,.01363253,98.2577,287.2810,18.4961,37.3028,0,U,30868,999,97668,.11131819E-3,.18E-5,0
FENGYUN 1C DEB,1999-025AXJ,2026-02-18T03:35:54.204288,14.39876832,.0041942,99.1838,111.3585,188.6705,230.1760,0,U,30872,999,98706,.80440025E-3,.2504E-4,0
FENGYUN 1C DEB,1999-025AXK,2026-02-17T20:33:27.234144,14.19203712,.0109785,98.6153,52.2976,94.8025,266.5698,0,U,30873,999,98144,.16379E-3,.323E-5,0
FENGYUN 1C DEB,1999-025AXL,2026-02-15T00:48:31.106304,14.19795851,.00415017,98.4840,78.9963,211.2985,178.9492,0,U,30874,999,97933,.3700984E-3,.749E-5,0
FENGYUN 1C DEB,1999-025AXN,2026-02-18T10:05:42.933984,13.99233300,.00694408,98.8188,36.9459,89.1198,74.3075,0,U,30876,999,96656,.52837033E-3,.741E-5,0
FENGYUN 1C DEB,1999-025AXQ,2026-02-18T11:49:16.050432,14.12048210,.00417587,98.7231,54.1085,100.9641,50.4403,0,U,30878,999,97323,.47444255E-3,.834E-5,0
FENGYUN 1C DEB,1999-025AXR,2026-02-16T02:11:00.343680,14.71344140,.01917168,99.3506,278.2195,79.0164,283.2539,0,U,30879,999,62899,.28404746E-2,.23434E-3,0
FENGYUN 1C DEB,1999-025AXS,2026-02-18T04:41:32.683488,14.26084588,.00209039,98.7865,126.2394,264.1529,95.7268,0,U,30880,999,97675,.11267067E-2,.2655E-4,0
FENGYUN 1C DEB,1999-025AXU,2026-02-11T09:31:35.033664,14.88298411,.01486329,97.9326,102.7641,201.0179,158.4889,0,U,30882,999,551,.12566279E-2,.14228E-3,0
FENGYUN 1C DEB,1999-025AXV,2026-02-11T08:15:08.080992,14.14604678,.01129018,98.3549,80.5847,40.1063,22.6765,0,U,30883,999,97774,.1876497E-3,.344E-5,0
FENGYUN 1C DEB,1999-025AXW,2026-02-17T23:25:05.282112,14.75285445,.0066181,98.8949,54.3109,123.2271,237.5303,0,U,30884,999,99652,.12132E-2,.8457E-4,0
FENGYUN 1C DEB,1999-025AXX,2026-02-17T01:16:06.748896,14.50754658,.00538088,99.0275,258.3018,19.2602,133.6682,0,U,30885,999,97938,.20645432E-2,.8232E-4,0
FENGYUN 1C DEB,1999-025AXY,2026-02-17T16:04:30.866880,14.23347308,.003308,99.2081,309.6974,204.4351,155.5259,0,U,30886,999,97348,.11059E-2,.2474E-4,0
FENGYUN 1C DEB,1999-025AXZ,2026-02-17T15:03:05.296032,14.45405592,.0264047,98.3570,108.5729,84.8786,278.2482,0,U,30887,999,99094,.49954E-3,.2654E-4,0
FENGYUN 1C DEB,1999-025AYA,2026-02-18T10:31:21.918432,14.96450051,.00780424,99.4878,47.3176,298.0897,61.2444,0,U,30888,999,928,.11671396E-2,.14021E-3,0
FENGYUN 1C DEB,1999-025AYD,2026-02-18T02:54:28.488384,14.06055618,.00549907,98.7745,99.6798,0.4123,25.1440,0,U,30891,999,96929,.59914729E-3,.954E-5,0
FENGYUN 1C DEB,1999-025AYE,2026-02-10T14:30:37.759680,14.19055595,.003904,99.6705,355.1479,23.8003,336.4964,0,U,30892,999,65152,.49998268E-3,.1001E-4,0
FENGYUN 1C DEB,1999-025AYF,2026-01-26T19:58:04.974528,13.94231867,.03072819,98.2530,54.2904,326.6392,217.4059,0,U,30893,999,95513,.13152398E-2,.2545E-4,0
FENGYUN 1C DEB,1999-025AYH,2026-02-17T17:25:10.369344,14.31709283,.02157907,98.7079,122.5192,287.3816,202.6070,0,U,30895,999,98751,.25968616E-3,.841E-5,0
FENGYUN 1C DEB,1999-025AYL,2026-02-07T01:23:51.895392,15.40841720,.00183031,99.0236,326.4374,298.6114,61.3285,0,U,30898,999,67232,.7702476E-2,.33103E-2,0
FENGYUN 1C DEB,1999-025AYM,2026-02-18T13:55:00.255648,14.34154690,.00320629,99.1763,316.1979,89.7939,35.4197,0,U,30899,999,97627,.61683922E-3,.1689E-4,0
FENGYUN 1C DEB,1999-025AYR,2026-02-18T12:02:16.224288,13.97640889,.00951969,99.3659,301.4644,269.1216,89.9038,0,U,30903,999,69651,.53328568E-4,.31E-6,0
FENGYUN 1C DEB,1999-025AYT,2026-02-18T00:30:01.706112,14.18303409,.00561202,98.8805,129.4783,246.0546,113.4745,0,U,30905,999,97076,.10117799E-2,.2072E-4,0
FENGYUN 1C DEB,1999-025AYV,2026-02-02T06:11:37.207392,14.15300005,.00549468,99.9491,64.2059,356.8648,3.2170,0,U,30907,999,2278,.73946616E-3,.1407E-4,0
FENGYUN 1C DEB,1999-025AZA,2026-02-18T01:27:23.308416,14.91661664,.00552339,98.9943,264.6303,243.8429,115.7099,0,U,30912,999,404,.12903623E-2,.133E-3,0
FENGYUN 1C DEB,1999-025AZB,2026-02-16T22:04:31.792224,14.05105671,.00473301,98.7401,77.4703,357.3909,2.7006,0,U,30913,999,96847,.65442694E-3,.1024E-4,0
FENGYUN 1C DEB,1999-025AZC,2026-02-18T12:16:15.645216,13.09055777,.0506155,99.9863,294.1672,199.3257,158.8028,0,U,30914,999,59962,.16400079E-2,.1014E-4,0
FENGYUN 1C DEB,1999-025AZD,2026-02-18T03:54:17.665344,14.25639179,.00487956,98.9355,131.6147,331.7185,28.1346,0,U,30915,999,97473,.13697813E-2,.3241E-4,0
FENGYUN 1C DEB,1999-025AZE,2026-02-18T04:00:31.168224,14.09126394,.00637469,98.9923,114.3978,71.4704,346.9039,0,U,30916,999,96793,.89853761E-3,.1545E-4,0
FENGYUN 1C DEB,1999-025AZG,2026-02-18T07:04:03.535104,13.97045865,.01550145,98.4134,160.8348,295.4500,87.8649,0,U,30918,999,95996,.9692633E-3,.1457E-4,0
FENGYUN 1C DEB,1999-025AZJ,2026-02-18T08:07:47.917056,14.17508211,.01108071,98.9156,195.8296,262.5726,96.2846,0,U,30920,999,96051,.33449988E-2,.717E-4,0
FENGYUN 1C DEB,1999-025AZK,2026-02-18T05:51:46.700928,14.33502940,.00201962,98.8371,143.1144,193.8026,230.9551,0,U,30921,999,97791,.15575163E-2,.4271E-4,0
FENGYUN 1C DEB,1999-025AZL,2026-02-18T14:00:44.569152,14.17668567,.00133997,98.6378,68.5496,211.5296,276.0122,0,U,30922,999,97525,.54925181E-3,.1076E-4,0
FENGYUN 1C DEB,1999-025AZP,2026-02-18T08:18:45.870336,14.44554156,.00293561,98.8824,189.0630,37.9716,351.7872,0,U,30925,999,98048,.19698502E-2,.6804E-4,0
FENGYUN 1C DEB,1999-025AZQ,2026-02-16T19:56:42.660384,14.90261166,.01628664,98.8105,1.0685,168.3038,192.2034,0,U,30926,999,1751,.31045068E-3,.3796E-4,0
FENGYUN 1C DEB,1999-025AZR,2026-02-12T14:52:44.461056,14.09403664,.0101513,99.1765,110.2597,192.6647,167.1969,0,U,30927,999,96555,.15256E-2,.2746E-4,0
FENGYUN 1C DEB,1999-025AZS,2026-02-18T04:50:17.559168,13.22409073,.04544633,98.8767,133.6077,226.9841,157.8583,0,U,30928,999,91240,.16847405E-2,.1176E-4,0
FENGYUN 1C DEB,1999-025AZU,2026-02-16T01:05:56.065920,14.37590586,.01071251,98.2093,77.4255,270.0315,118.7795,0,U,30930,999,99270,.37123452E-3,.1145E-4,0
FENGYUN 1C DEB,1999-025AZV,2026-02-18T02:33:48.152448,14.01666006,.00943625,99.1615,111.9499,214.0594,177.9295,0,U,30931,999,96869,.82310172E-3,.1252E-4,0
FENGYUN 1C DEB,1999-025AZW,2026-02-17T07:45:53.477568,14.27725731,.00574702,98.9105,347.4752,95.6865,265.0872,0,U,30932,999,97344,.23383313E-2,.5831E-4,0
FENGYUN 1C DEB,1999-025AZX,2026-02-18T10:17:17.948544,14.38500837,.00730839,99.0532,40.4490,121.0945,34.0962,0,U,30933,999,96844,.29997265E-2,.9418E-4,0
FENGYUN 1C DEB,1999-025AZY,2026-02-17T07:35:53.062368,13.47005515,.0339805,98.7641,282.1751,272.3971,83.8307,0,U,30934,999,92604,.15511E-2,.1299E-4,0
FENGYUN 1C DEB,1999-025BAA,2026-02-18T13:00:37.154880,14.23549090,.00478582,98.5742,83.6467,94.0057,62.5780,0,U,30936,999,98097,.40051184E-3,.88E-5,0
FENGYUN 1C DEB,1999-025BAB,2026-02-18T02:39:08.877024,13.95607508,.00744939,99.0771,105.5016,227.8831,162.0328,0,U,30937,999,96656,-.12281295E-4,-.61E-6,0
FENGYUN 1C DEB,1999-025BAC,2026-02-18T12:25:32.000736,14.19942281,.00469247,98.5894,66.0148,145.6104,6.6021,0,U,30938,999,98081,.2974498E-3,.597E-5,0
FENGYUN 1C DEB,1999-025BAE,2026-02-16T19:23:13.153632,14.08424711,.00409324,98.6275,50.2480,173.7436,312.3911,0,U,30940,999,97062,.45889032E-3,.751E-5,0
FENGYUN 1C DEB,1999-025BAF,2026-02-18T13:35:08.346912,14.31840381,.00328048,98.5426,270.3131,113.1722,247.2923,0,U,30941,999,97596,.14924179E-2,.3974E-4,0
FENGYUN 1C DEB,1999-025BAG,2026-02-18T11:17:13.635744,14.14938183,.01357175,98.6838,50.8886,272.7475,250.4678,0,U,30942,999,97602,.23058258E-3,.443E-5,0
FENGYUN 1C DEB,1999-025BAH,2026-02-10T12:51:01.495008,14.04557622,.0049067,98.7952,58.5919,257.4861,102.0815,0,U,30943,999,96581,.43090338E-3,.652E-5,0
FENGYUN 1C DEB,1999-025BAJ,2026-02-17T03:26:30.777792,14.52558137,.01470545,98.8388,112.4263,259.6249,129.2020,0,U,30944,999,16,.16302356E-3,.707E-5,0
FENGYUN 1C DEB,1999-025BAK,2026-02-15T12:40:45.743808,14.30390617,.00301732,99.3887,65.2520,209.9463,303.7776,0,U,30945,999,97363,.18301547E-2,.4734E-4,0
FENGYUN 1C DEB,1999-025BAL,2026-02-18T13:40:10.180128,14.48552276,.00877966,99.0408,174.4868,351.3519,70.2777,0,U,30946,999,99333,.43027272E-3,.1642E-4,0
FENGYUN 1C DEB,1999-025BAM,2026-02-17T03:34:21.791712,14.38174843,.0097474,98.8048,304.4626,51.5348,309.4534,0,U,30947,999,99447,.28865872E-3,.878E-5,0
FENGYUN 1C DEB,1999-025BAP,2026-02-18T11:04:55.663968,14.14120059,.01179154,98.7033,47.0374,115.9215,36.6709,0,U,30949,999,97473,.18440528E-3,.333E-5,0
FENGYUN 1C DEB,1999-025BAU,2026-02-18T05:44:44.717280,14.15249618,.0125846,98.7084,152.7892,354.8372,36.6043,0,U,30954,999,97342,.70039229E-3,.1427E-4,0
FENGYUN 1C DEB,1999-025BAW,2026-02-18T01:30:51.115968,14.14497598,.00512204,98.7525,86.7567,150.0839,239.3347,0,U,30956,999,97259,.7620114E-3,.1437E-4,0
FENGYUN 1C DEB,1999-025BBA,2026-02-16T14:36:03.453984,14.68015361,.0191951,99.0015,175.0981,318.7415,39.9413,0,U,30960,999,99664,.85692E-3,.643E-4,0
FENGYUN 1C DEB,1999-025BBE,2026-02-14T20:41:30.304320,14.00770704,.01402981,98.6702,14.9521,58.0253,335.1015,0,U,30964,999,96293,.13635497E-2,.2175E-4,0
FENGYUN 1C DEB,1999-025BBH,2026-02-18T07:48:31.238784,14.57728158,.0096293,98.7736,4.1063,33.7904,326.9380,0,U,30967,999,99998,.93279164E-3,.4487E-4,0
FENGYUN 1C DEB,1999-025BBM,2026-02-16T15:00:13.982112,14.72326974,.016172,99.1989,105.1204,348.3303,164.7993,0,U,30971,999,685,.4692E-3,.3574E-4,0
FENGYUN 1C DEB,1999-025BBV,2026-02-17T16:25:44.370912,14.80118105,.01889706,97.8279,310.4448,24.1758,4.6167,0,U,30979,999,112,.95610523E-3,.9797E-4,0
FENGYUN 1C DEB,1999-025BBY,2026-02-17T10:57:02.453760,14.51132490,.01820143,98.2231,42.2109,106.9325,43.4285,0,U,30982,999,72021,.21095969E-3,.986E-5,0
FENGYUN 1C DEB,1999-025BCA,2026-02-17T07:53:47.895648,14.50976193,.0127183,98.2559,88.4567,162.9237,197.6297,0,U,30984,999,96129,.71873E-3,.3106E-4,0
FENGYUN 1C DEB,1999-025BCE,2026-02-17T20:33:42.120864,15.34685980,.0099996,98.5473,11.2869,106.3432,254.8831,0,U,30988,999,568,.13853E-2,.55077E-3,0
FENGYUN 1C DEB,1999-025BCF,2026-02-17T04:32:39.476256,14.14333415,.00892064,99.0459,127.6067,269.8451,89.2499,0,U,30989,999,96927,.13393419E-2,.2614E-4,0
FENGYUN 1C DEB,1999-025BCK,2026-02-18T05:22:36.804576,14.36328682,.00198523,98.8415,148.3946,175.4438,214.6698,0,U,30993,999,97888,.1706582E-2,.4959E-4,0
FENGYUN 1C DEB,1999-025BCL,2026-02-16T10:54:28.199520,14.11817889,.00176609,98.7005,58.9170,354.6806,5.4176,0,U,30994,999,97512,.18143692E-3,.289E-5,0
FENGYUN 1C DEB,1999-025BCN,2026-02-18T05:02:59.752320,14.35803580,.00512948,98.9428,321.6418,91.6517,62.9903,0,U,30996,999,98531,.72166998E-3,.2074E-4,0
FENGYUN 1C DEB,1999-025BCQ,2026-02-18T04:48:21.093696,14.49354846,.0008547,98.8234,140.7107,347.3432,42.8254,0,U,30998,999,98167,.19866024E-2,.7552E-4,0
FENGYUN 1C DEB,1999-025BCR,2026-02-18T11:03:40.846752,14.59034851,.01126809,99.0949,234.5710,132.0588,229.0263,0,U,30999,999,99818,.6235009E-3,.314E-4,0
FENGYUN 1C DEB,1999-025BCS,2026-02-16T12:21:28.813248,14.09829743,.01633521,97.5615,70.7396,233.3435,284.8548,0,U,31000,999,70883,.60865977E-3,.1177E-4,0
FENGYUN 1C DEB,1999-025BCT,2026-02-17T15:33:39.364992,14.43089359,.0145731,99.2677,292.3917,316.5166,42.4603,0,U,31001,999,99171,.34274E-3,.1248E-4,0
FENGYUN 1C DEB,1999-025BCU,2026-02-18T13:03:39.716352,13.99274378,.01005119,98.8844,64.4843,159.3031,352.9731,0,U,31002,999,96553,.13247009E-3,.159E-5,0
FENGYUN 1C DEB,1999-025BCV,2026-02-17T15:27:19.030464,14.25228521,.0037794,98.8370,130.9136,23.7384,336.5528,0,U,31003,999,97462,.12161E-2,.2836E-4,0
FENGYUN 1C DEB,1999-025BCX,2026-02-18T07:09:37.890144,13.83592543,.01826405,98.6146,182.4271,142.2351,249.3739,0,U,31005,999,95215,.14997871E-2,.1845E-4,0
FENGYUN 1C DEB,1999-025BCZ,2026-02-18T11:02:22.541568,14.60479992,.00636543,98.0925,44.5790,183.7344,176.3390,0,U,31007,999,99082,.15650135E-2,.7767E-4,0
FENGYUN 1C DEB,1999-025BDB,2026-02-18T12:07:33.842784,14.00406773,.00556938,98.8972,48.5019,48.6018,81.8062,0,U,31009,999,96809,.30710495E-3,.418E-5,0
FENGYUN 1C DEB,1999-025BDC,2026-02-18T09:55:51.468096,14.27416583,.01110218,101.7309,224.1656,179.2418,180.8939,0,U,31010,999,96594,.32407989E-2,.843E-4,0
FENGYUN 1C DEB,1999-025BDE,2026-02-18T06:55:07.227840,14.27934544,.00831752,98.9085,313.7406,55.8814,68.7448,0,U,31012,999,98711,.17159137E-3,.395E-5,0
FENGYUN 1C DEB,1999-025BDG,2026-02-18T10:41:28.259808,13.98516206,.00883371,98.8770,27.8494,7.3676,145.2954,0,U,31014,999,96782,.90122361E-4,.91E-6,0
FENGYUN 1C DEB,1999-025BDJ,2026-02-18T12:24:17.029728,14.30610251,.01140223,98.4342,68.3203,74.0828,79.2964,0,U,31016,999,98439,.24296604E-3,.639E-5,0
FENGYUN 1C DEB,1999-025BDK,2026-02-17T10:21:58.505760,14.08927184,.01131367,98.6876,37.1324,160.2749,352.3548,0,U,31017,999,97235,.32114646E-3,.548E-5,0
FENGYUN 1C DEB,1999-025BDL,2026-02-18T05:43:52.693248,14.17412986,.00565497,99.0189,142.0037,291.0912,68.4222,0,U,31018,999,97011,.13700276E-2,.2773E-4,0
FENGYUN 1C DEB,1999-025BDM,2026-02-05T23:59:12.251904,11.83134314,.11140005,98.7089,221.1258,177.0409,340.0858,0,U,31019,999,55834,.48145241E-2,.1767E-4,0
FENGYUN 1C DEB,1999-025BDP,2026-02-08T03:19:12.132768,14.76491601,.02660155,98.3470,156.5687,59.0517,303.6544,0,U,31021,999,74279,.46004431E-3,.5701E-4,0
FENGYUN 1C DEB,1999-025BDQ,2026-02-08T22:44:00.044736,13.90530491,.01100001,99.5128,289.9722,326.9228,32.5082,0,U,31022,999,62817,.42533659E-3,.508E-5,0
FENGYUN 1C DEB,1999-025BDR,2026-02-17T05:18:53.125344,14.06733037,.0083387,98.8204,36.9899,35.6072,325.0621,0,U,31023,999,70436,.11156E-3,.148E-5,0
FENGYUN 1C DEB,1999-025BDS,2026-02-13T05:15:13.144032,14.20978638,.0073758,99.0431,324.0107,307.3278,52.1192,0,U,31024,999,97591,.36379E-3,.763E-5,0
FENGYUN 1C DEB,1999-025BDT,2026-02-13T04:36:10.552320,14.20782996,.01719774,98.5852,37.6097,191.1920,168.5412,0,U,31025,999,65252,.35972779E-3,.858E-5,0
FENGYUN 1C DEB,1999-025BDU,2026-02-18T07:13:58.475136,13.83436930,.01348187,98.7856,345.4093,0.5829,150.9227,0,U,31026,999,68960,.21294346E-3,.211E-5,0
FENGYUN 1C DEB,1999-025BDW,2026-02-13T00:34:13.143936,13.89119644,.01658159,98.7104,336.8477,123.2887,238.4280,0,U,31028,999,62868,.2552977E-3,.307E-5,0
FENGYUN 1C DEB,1999-025BDX,2026-02-18T05:12:16.861248,14.34503216,.00878609,98.8553,312.7953,235.4544,277.1092,0,U,31029,999,98763,.27632373E-3,.766E-5,0
FENGYUN 1C DEB,1999-025BDY,2026-02-16T23:46:30.270432,14.23992551,.0026869,98.7578,114.6799,247.2067,236.6664,0,U,31030,999,97647,.96311E-3,.2175E-4,0
FENGYUN 1C DEB,1999-025BDZ,2026-02-18T06:04:25.734432,14.21137519,.00286266,99.0738,333.1626,357.3806,165.7431,0,U,31031,999,97813,.42556469E-3,.882E-5,0
FENGYUN 1C DEB,1999-025BEA,2026-02-18T12:05:14.272224,14.02564164,.0137602,99.3988,65.4592,10.5878,142.9521,0,U,31032,999,95931,.15676393E-2,.2578E-4,0
FENGYUN 1C DEB,1999-025BEB,2026-02-18T10:09:33.819840,14.27586316,.01516313,98.4475,30.4732,271.6832,242.2770,0,U,31033,999,98311,.22437189E-3,.578E-5,0
FENGYUN 1C DEB,1999-025BEE,2026-02-18T06:05:41.281728,14.49251585,.01389185,98.9141,164.5338,62.1459,329.2118,0,U,31036,999,58285,.16875623E-3,.671E-5,0
FENGYUN 1C DEB,1999-025BEG,2026-02-17T17:49:24.362976,14.46159796,.0083866,99.0062,141.9205,30.0496,330.5468,0,U,31038,999,99203,.43596E-3,.1575E-4,0
FENGYUN 1C DEB,1999-025BEJ,2026-02-18T11:15:59.458752,14.17787701,.00626226,98.6650,42.6279,1.3854,151.9776,0,U,31040,999,97666,.37071204E-3,.728E-5,0
FENGYUN 1C DEB,1999-025BEK,2026-02-17T00:42:51.492096,14.18528499,.00892947,99.1971,84.0874,134.4836,226.3683,0,U,31041,999,96429,.21292048E-2,.4537E-4,0
FENGYUN 1C DEB,1999-025BEM,2026-02-17T23:41:57.907392,14.08559101,.0041838,98.7613,69.8821,171.8043,218.3459,0,U,31043,999,96934,.46969E-3,.771E-5,0
FENGYUN 1C DEB,1999-025BEQ,2026-02-18T01:47:53.538144,14.67557283,.00476917,98.9646,179.8535,252.6361,163.4306,0,U,31046,999,97629,.44313701E-2,.25609E-3,0
FENGYUN 1C DEB,1999-025BER,2026-02-18T11:13:41.165184,14.13974977,.00254814,98.7044,50.1035,349.5774,163.7776,0,U,31047,999,97316,.40468212E-3,.728E-5,0
FENGYUN 1C DEB,1999-025BET,2026-02-05T05:54:57.067776,14.04329733,.0050708,98.8036,50.2725,338.2361,21.6652,0,U,31049,999,61880,.56863E-3,.872E-5,0
FENGYUN 1C DEB,1999-025BEX,2026-02-11T06:57:04.250592,13.76118656,.03065156,98.7948,165.2730,292.8668,64.0392,0,U,31053,999,94309,.13569183E-2,.182E-4,0
FENGYUN 1C DEB,1999-025BEY,2026-02-18T00:09:17.097696,14.12218949,.0008731,98.6891,64.9737,293.9580,94.6463,0,U,31054,999,97713,.13697E-3,.209E-5,0
FENGYUN 1C DEB,1999-025BEZ,2026-02-18T01:43:34.502304,14.10470721,.0025868,98.7522,83.5257,83.0609,333.0100,0,U,31055,999,97071,.25778183E-3,.417E-5,0
FENGYUN 1C DEB,1999-025BFA,2026-02-17T11:33:57.003264,14.14416970,.0026179,98.6761,34.0923,147.3897,342.0149,0,U,31056,999,97761,.32412621E-3,.58E-5,0
FENGYUN 1C DEB,1999-025BFB,2026-02-02T08:34:55.446816,14.80334511,.01371219,99.2505,85.5855,91.1713,270.5208,0,U,31057,999,62716,.84785637E-3,.7525E-4,0
FENGYUN 1C DEB,1999-025BFC,2026-02-15T03:37:56.731584,14.78115122,.0089708,99.5729,12.3326,268.5249,90.5679,0,U,31058,999,444,.87961516E-3,.6734E-4,0
FENGYUN 1C DEB,1999-025BFG,2026-02-18T00:07:56.078688,13.75733698,.0171787,99.0012,232.6998,140.0020,12.9644,0,U,31062,999,95158,.20747E-3,.183E-5,0
FENGYUN 1C DEB,1999-025BFJ,2026-02-18T10:49:54.149088,14.22280826,.02411061,98.5826,35.3772,164.3300,347.7768,0,U,31064,999,98217,.13678606E-3,.362E-5,0
FENGYUN 1C DEB,1999-025BFK,2026-02-14T20:28:24.347712,14.28510467,.00349388,98.4626,68.0216,199.6926,160.2909,0,U,31065,999,65493,.68733317E-3,.1691E-4,0
FENGYUN 1C DEB,1999-025BFN,2026-02-03T05:14:06.462240,14.09256136,.0164174,98.6355,19.2202,329.8359,29.3435,0,U,31068,999,97094,.33945E-3,.626E-5,0
FENGYUN 1C DEB,1999-025BFP,2026-02-17T06:39:53.960832,14.57674044,.0102792,99.1043,219.7413,235.7685,123.3740,0,U,31069,999,99655,.995E-3,.4822E-4,0
FENGYUN 1C DEB,1999-025BFR,2026-02-16T00:18:49.898592,14.53382172,.0056285,99.0337,134.8016,86.7442,274.0189,0,U,31071,999,66442,.10229E-2,.4293E-4,0
FENGYUN 1C DEB,1999-025BFS,2026-02-18T11:35:03.235776,14.25865077,.02078761,99.3323,64.2486,264.2747,93.4697,0,U,31072,999,97608,.56908542E-3,.1643E-4,0
FENGYUN 1C DEB,1999-025BFT,2026-02-18T02:15:29.998944,14.25232117,.00444585,99.2196,267.1742,91.7620,268.8651,0,U,31073,999,98042,.94891108E-3,.2206E-4,0
FENGYUN 1C DEB,1999-025BFU,2026-02-17T18:11:19.910976,14.14834623,.00878808,98.9601,328.9814,72.2650,288.8091,0,U,31074,999,96527,.17443166E-2,.345E-4,0
FENGYUN 1C DEB,1999-025BFY,2026-02-16T03:26:21.616800,14.22251033,.0115002,98.8567,112.9232,321.0957,66.6664,0,U,31078,999,97822,.46194878E-3,.1051E-4,0
FENGYUN 1C DEB,1999-025BGB,2026-02-14T00:11:55.779936,14.06312367,.00490219,98.7677,64.4627,54.6553,335.1305,0,U,31081,999,97350,-.6200293E-5,-.53E-6,0
FENGYUN 1C DEB,1999-025BGC,2026-01-25T19:13:13.065024,14.13400534,.0070438,98.6713,36.8897,75.1105,285.7855,0,U,31082,999,96932,.11799851E-2,.2228E-4,0
FENGYUN 1C DEB,1999-025BGD,2026-02-18T01:01:14.382048,14.64378177,.00303899,98.6449,174.7096,103.1771,309.4258,0,U,31083,999,98694,.22061953E-2,.11702E-3,0
FENGYUN 1C DEB,1999-025BGF,2026-02-18T01:02:35.624832,14.30362487,.00868575,98.9831,257.0267,181.2927,335.8057,0,U,31085,999,98678,.1044262E-3,.236E-5,0
FENGYUN 1C DEB,1999-025BGH,2026-02-18T01:01:32.177856,14.60931114,.01727587,98.0981,73.0098,80.1436,335.8649,0,U,31087,999,99752,.62963349E-3,.3759E-4,0
FENGYUN 1C DEB,1999-025BGJ,2026-02-17T16:14:08.671200,14.29314341,.0029618,99.4049,119.1035,224.4769,287.4259,0,U,31088,999,97505,.12717E-2,.3203E-4,0
FENGYUN 1C DEB,1999-025BGK,2026-02-18T08:44:18.093984,13.88464596,.02049621,98.9542,193.7542,28.4497,0.1887,0,U,31089,999,68998,.31840424E-3,.41E-5,0
FENGYUN 1C DEB,1999-025BGL,2026-02-18T06:39:14.101056,15.43493118,.00480732,98.9793,173.3284,259.7471,99.8350,0,U,31090,999,1876,.16165293E-2,.76111E-3,0
FENGYUN 1C DEB,1999-025BGM,2026-02-18T09:21:33.601536,13.54218825,.02899027,99.2327,27.0325,156.7781,204.6766,0,U,31091,999,62555,.50100438E-3,.406E-5,0
FENGYUN 1C DEB,1999-025BGN,2026-02-13T06:30:24.298848,13.46660708,.0325281,99.7185,163.3632,342.1336,16.8574,0,U,31092,999,92723,.10017E-2,.789E-5,0
FENGYUN 1C DEB,1999-025BGP,2026-02-18T12:16:15.514752,13.80704962,.02091146,98.5953,247.4639,39.7751,321.8526,0,U,31093,999,95442,.30712447E-3,.343E-5,0
FENGYUN 1C DEB,1999-025BGQ,2026-02-18T10:37:50.398752,14.02421720,.01038691,98.8558,280.4211,219.4816,139.8750,0,U,31094,999,96568,.10618005E-2,.1667E-4,0
FENGYUN 1C DEB,1999-025BGR,2026-02-18T03:58:43.300416,13.06687724,.04992093,98.5675,183.2240,30.5875,332.3367,0,U,31095,999,90328,-.81670172E-3,-.525E-5,0
FENGYUN 1C DEB,1999-025BGT,2026-02-18T07:31:38.393184,14.48774065,.00122285,98.8588,180.3017,82.7000,309.7306,0,U,31097,999,98016,.23954947E-2,.9012E-4,0
FENGYUN 1C DEB,1999-025BGU,2026-02-18T01:05:09.882528,14.53643744,.00107729,98.8686,175.8081,57.9276,302.2963,0,U,31098,999,97934,.25546148E-2,.1066E-3,0
FENGYUN 1C DEB,1999-025BGV,2026-02-15T06:26:20.772672,14.28028318,.0064307,98.9349,305.2424,93.6517,35.7881,0,U,31099,999,98392,.27901E-3,.662E-5,0
FENGYUN 1C DEB,1999-025BGY,2026-02-16T06:11:59.909856,14.27993937,.02118592,99.0470,345.3656,338.1621,21.0628,0,U,31146,999,97700,.85786256E-3,.2651E-4,0
FENGYUN 1C DEB,1999-025BHA,2026-02-18T03:23:57.455808,14.43949570,.01335831,98.8629,302.5006,209.7670,149.5873,0,U,31148,999,98503,.64615136E-3,.2406E-4,0
FENGYUN 1C DEB,1999-025BHC,2026-02-17T23:16:33.271392,14.12781809,.00144,98.6862,60.5960,335.5301,54.3667,0,U,31150,999,97246,.15067E-3,.237E-5,0
FENGYUN 1C DEB,1999-025BHD,2026-02-18T11:43:59.367648,14.26680084,.0056052,99.1342,62.8055,189.0434,170.9741,0,U,31151,999,96940,.16308671E-2,.3963E-4,0
FENGYUN 1C DEB,1999-025BHE,2026-02-18T11:13:12.299808,14.35910697,.01290255,98.4221,39.4864,190.3719,322.9321,0,U,31152,999,99020,.65333797E-4,.162E-5,0
FENGYUN 1C DEB,1999-025BHH,2026-02-16T03:32:21.465888,14.08684592,.00919998,99.0343,121.2169,179.3685,180.7617,0,U,31155,999,96508,.13278606E-2,.2333E-4,0
FENGYUN 1C DEB,1999-025BHK,2026-02-16T18:39:09.997920,14.22662933,.01010041,98.4851,33.8301,133.1527,227.8151,0,U,31157,999,97922,.21224289E-3,.459E-5,0
FENGYUN 1C DEB,1999-025BHL,2026-02-16T00:41:07.215072,14.34011495,.00498173,98.7735,131.6090,200.4006,159.5189,0,U,31158,999,65415,.18840552E-2,.5293E-4,0
FENGYUN 1C DEB,1999-025BHM,2026-02-16T08:30:10.135872,15.48541187,.00927188,97.8030,16.6398,134.4478,226.4405,0,U,31159,999,545,.1313912E-2,.8379E-3,0
FENGYUN 1C DEB,1999-025BHN,2026-02-02T10:30:11.950848,13.99596739,.00593647,99.0747,94.2917,113.2251,247.5179,0,U,31160,999,70322,.2139894E-3,.273E-5,0
FENGYUN 1C DEB,1999-025BHP,2026-02-14T20:28:10.023456,14.09336811,.00690731,98.7444,70.5836,167.3970,192.8947,0,U,31161,999,97005,.33503355E-3,.554E-5,0
FENGYUN 1C DEB,1999-025BHR,2026-02-08T11:35:10.718880,14.32241386,.0055239,98.9761,274.1044,84.5786,276.1695,0,U,31163,999,65568,.53473225E-3,.142E-4,0
FENGYUN 1C DEB,1999-025BHT,2026-02-16T15:54:53.616384,14.72301015,.0067872,98.8747,118.4322,30.6828,121.5783,0,U,31165,999,99724,.10662E-2,.693E-4,0
FENGYUN 1C DEB,1999-025BHW,2026-02-16T08:32:27.247488,14.68045634,.01070404,98.8949,189.2154,220.0331,139.2947,0,U,31168,999,60,.11531594E-2,.7157E-4,0
FENGYUN 1C DEB,1999-025BHX,2026-02-17T13:22:37.222464,14.27222089,.0059222,99.1509,83.0474,184.6016,175.4626,0,U,31169,999,58057,.15078E-2,.3707E-4,0
FENGYUN 1C DEB,1999-025BHZ,2026-02-17T10:31:42.229344,14.36339121,.01523156,98.0213,38.4640,114.4014,37.5215,0,U,31171,999,96787,.27671926E-2,.9212E-4,0
FENGYUN 1C DEB,1999-025BJA,2026-02-18T11:00:48.272256,14.31578985,.01502115,98.4269,56.9553,68.1574,293.5510,0,U,31172,999,98595,.14559242E-3,.394E-5,0
FENGYUN 1C DEB,1999-025BJD,2026-02-18T05:37:15.009600,14.64254072,.00678876,98.3980,55.4783,317.7320,41.8661,0,U,31175,999,66625,.45851662E-2,.2502E-3,0
FENGYUN 1C DEB,1999-025BJF,2026-02-16T05:01:29.028864,13.62806531,.03008549,98.7609,319.1555,142.1677,12.2124,0,U,31177,999,67103,.25152831E-2,.2627E-4,0
FENGYUN 1C DEB,1999-025BJG,2026-02-10T19:20:58.889760,14.22776559,.01257208,99.5144,53.7901,145.7736,215.1624,0,U,31178,999,96669,.12855993E-2,.3078E-4,0
FENGYUN 1C DEB,1999-025BJH,2026-02-11T06:54:48.619872,13.92137666,.02155422,99.0151,65.6080,195.2339,164.2263,0,U,31179,999,62783,.87359555E-3,.1309E-4,0
FENGYUN 1C DEB,1999-025BJJ,2026-02-17T05:05:17.357280,13.70428254,.0496855,99.2221,182.3253,245.5246,238.6844,0,U,31180,999,64977,.43917E-3,.886E-5,0
FENGYUN 1C DEB,1999-025BJK,2026-02-16T00:52:27.562368,14.12161134,.00465792,98.7706,83.1785,246.1568,144.5875,0,U,31181,999,96689,.92480174E-3,.1672E-4,0
FENGYUN 1C DEB,1999-025BJL,2026-02-17T11:12:32.359680,14.14670180,.00220061,98.6884,40.5143,310.6047,201.3138,0,U,31182,999,97024,.36307059E-3,.657E-5,0
FENGYUN 1C DEB,1999-025BJM,2026-02-15T22:23:04.929216,14.51297815,.0045042,99.0425,40.4665,273.4449,116.0840,0,U,31183,999,98428,.12097E-2,.4827E-4,0
FENGYUN 1C DEB,1999-025BJP,2026-02-01T18:06:42.890976,14.03063993,.0040001,98.8360,32.7226,325.8399,34.0195,0,U,31185,999,63052,.98781025E-4,.112E-5,0
FENGYUN 1C DEB,1999-025BJQ,2026-02-18T14:11:45.154176,14.13048405,.00245105,99.1799,331.6487,231.3399,252.6775,0,U,31186,999,97063,.39659063E-3,.695E-5,0
FENGYUN 1C DEB,1999-025BJR,2026-02-17T14:36:24.316992,14.61971093,.02149275,99.2392,284.8046,21.0813,339.9079,0,U,31187,999,70076,.22106885E-2,.15395E-3,0
FENGYUN 1C DEB,1999-025BJS,2026-02-17T18:33:48.672864,14.24357017,.0058936,98.7417,121.2271,58.4150,69.2057,0,U,31188,999,97290,.11572E-2,.268E-4,0
FENGYUN 1C DEB,1999-025BJU,2026-02-18T11:26:39.908256,14.03774056,.00686584,98.8173,65.1653,70.9263,289.9323,0,U,31190,999,96497,.76482E-3,.1187E-4,0
FENGYUN 1C DEB,1999-025BJV,2026-02-17T14:05:58.848288,14.40989229,.0092867,98.7805,316.2743,356.8834,3.1763,0,U,31191,999,98975,.37343E-3,.1213E-4,0
FENGYUN 1C DEB,1999-025BJW,2026-02-18T09:29:45.960576,14.21249513,.02564729,98.5610,36.0517,267.4535,89.7263,0,U,31192,999,97704,.34561218E-3,.1E-4,0
FENGYUN 1C DEB,1999-025BJY,2026-02-18T03:44:31.522560,14.37075267,.00586379,98.9615,305.9884,79.4773,281.3012,0,U,31194,999,98095,.80140747E-3,.238E-4,0
FENGYUN 1C DEB,1999-025BJZ,2026-02-14T07:41:08.550240,14.08020243,.0171666,98.7715,81.8996,2.5371,357.6630,0,U,31195,999,96993,.17133E-3,.29E-5,0
FENGYUN 1C DEB,1999-025BKA,2026-02-16T20:20:32.041248,14.25656249,.00583538,98.5250,64.2428,20.9853,339.3703,0,U,31196,999,64437,.57041297E-3,.1334E-4,0
FENGYUN 1C DEB,1999-025BKC,2026-02-17T12:00:02.152224,13.75543745,.0204491,98.6088,150.9924,171.8075,188.6502,0,U,31198,999,63671,.1309216E-3,.109E-5,0
FENGYUN 1C DEB,1999-025BKD,2026-02-18T04:38:41.254656,14.10041518,.00654031,98.7238,34.8868,68.5742,353.7439,0,U,31199,999,97110,.20079536E-3,.319E-5,0
FENGYUN 1C DEB,1999-025BKF,2026-02-18T13:22:28.724160,14.35623665,.01412398,98.9987,278.3801,151.9594,239.7422,0,U,31201,999,98224,.6045212E-3,.1902E-4,0
FENGYUN 1C DEB,1999-025BKG,2026-02-17T14:05:13.644672,14.85236417,.0065173,96.5645,87.1214,313.4530,198.5611,0,U,31202,999,68,.74754E-3,.6621E-4,0
FENGYUN 1C DEB,1999-025BKK,2026-02-18T05:36:40.447008,14.24013675,.01618663,99.2233,150.7373,5.3572,354.9290,0,U,31205,999,98171,.84999051E-4,.173E-5,0
FENGYUN 1C DEB,1999-025BKL,2026-02-18T05:05:32.331264,14.40859659,.00764891,98.8438,324.4120,160.0037,200.4176,0,U,31206,999,98817,.4749809E-3,.1528E-4,0
FENGYUN 1C DEB,1999-025BKN,2026-02-16T16:09:10.104768,14.64149622,.0012516,99.2403,204.2262,74.2503,352.0872,0,U,31208,999,71443,.25361E-2,.13316E-3,0
FENGYUN 1C DEB,1999-025BKP,2026-02-16T12:12:45.426240,14.44955510,.00251897,98.8785,150.4799,152.8791,207.3721,0,U,31209,999,65757,.28886507E-2,.10075E-3,0
FENGYUN 1C DEB,1999-025BKQ,2026-02-18T11:41:41.780832,14.12102546,.0016269,98.7220,53.6502,328.9235,185.0779,0,U,31210,999,96923,.31869898E-3,.542E-5,0
FENGYUN 1C DEB,1999-025BKR,2026-02-14T22:31:58.668672,14.20378180,.00494597,98.6671,85.5767,261.7375,97.8191,0,U,31211,999,64204,.80189805E-3,.1695E-4,0
FENGYUN 1C DEB,1999-025BKS,2026-02-16T07:37:47.000640,14.13506209,.0072428,99.2129,85.7294,348.3275,11.6214,0,U,31212,999,96585,.13494E-2,.2558E-4,0
FENGYUN 1C DEB,1999-025BKV,2026-02-15T09:00:29.799360,14.34264383,.00694216,99.0680,258.5931,135.6582,225.0191,0,U,31215,999,97452,.11133611E-2,.3164E-4,0
FENGYUN 1C DEB,1999-025BKX,2026-02-18T11:47:11.130720,14.17770573,.00983217,98.6413,60.5335,326.2703,33.2241,0,U,31217,999,97308,.69424592E-3,.1441E-4,0
FENGYUN 1C DEB,1999-025BKY,2026-02-17T18:44:23.267904,14.77730205,.00151279,98.8367,170.0660,197.0567,163.0135,0,U,31218,999,98071,.38026864E-2,.27359E-3,0
FENGYUN 1C DEB,1999-025BKZ,2026-02-18T00:07:08.246784,14.14235813,.00778088,99.2805,66.4283,349.5549,10.4003,0,U,31219,999,96520,.1355472E-2,.2615E-4,0
FENGYUN 1C DEB,1999-025BLC,2026-02-18T04:26:34.850112,14.99405136,.01633808,98.6082,131.1429,208.0202,151.2153,0,U,31222,999,993,.72782722E-3,.11733E-3,0
FENGYUN 1C DEB,1999-025BLD,2026-02-18T02:59:44.600064,13.77953064,.02304346,99.0145,297.0398,224.4989,133.7453,0,U,31223,999,93656,.32197867E-2,.3892E-4,0
FENGYUN 1C DEB,1999-025BLE,2026-02-16T19:21:03.155328,14.29107206,.01568396,98.3757,42.1050,328.5128,152.9015,0,U,31224,999,70194,.54400132E-3,.1529E-4,0
FENGYUN 1C DEB,1999-025BLF,2026-02-18T04:44:21.651648,14.18344142,.00911824,98.9822,128.2563,159.6918,220.9795,0,U,31225,999,96778,.13161032E-2,.2782E-4,0
FENGYUN 1C DEB,1999-025BLG,2026-02-03T19:08:54.830112,14.26819067,.01279128,98.3530,37.2067,40.6503,320.4142,0,U,31226,999,62810,.50442092E-3,.1292E-4,0
FENGYUN 1C DEB,1999-025BLJ,2026-02-18T06:33:46.598400,14.37219534,.00767473,98.8698,328.1591,247.1877,243.3014,0,U,31228,999,98539,.46490051E-3,.1384E-4,0
FENGYUN 1C DEB,1999-025BLK,2026-02-18T03:41:38.916096,14.22384486,.00548471,98.8609,129.8155,106.9699,253.7499,0,U,31229,999,97042,.13225601E-2,.2946E-4,0
FENGYUN 1C DEB,1999-025BLM,2026-02-16T22:23:00.898656,14.78721574,.01405516,98.8632,218.5686,258.0198,100.5226,0,U,31231,999,63998,.37453294E-2,.32528E-3,0
FENGYUN 1C DEB,1999-025BLQ,2026-02-16T04:53:16.202400,14.08090648,.0074886,98.7896,44.4711,43.3395,317.3631,0,U,31234,999,73641,.39605E-3,.649E-5,0
FENGYUN 1C DEB,1999-025BLR,2026-02-16T15:59:28.232736,14.20836214,.01770126,98.4676,198.1034,191.3054,168.4124,0,U,31235,999,64102,.77560052E-2,.19642E-3,0
FENGYUN 1C DEB,1999-025BLS,2026-02-10T07:42:09.968544,13.87098267,.03069455,98.5443,356.4945,244.0736,112.8495,0,U,31236,999,61850,.24114544E-2,.4064E-4,0
FENGYUN 1C DEB,1999-025BLT,2026-02-18T11:00:34.599456,14.31627612,.00893811,98.4574,51.5526,147.3725,213.3025,0,U,31237,999,98235,.39226223E-3,.105E-4,0
FENGYUN 1C DEB,1999-025BLV,2026-02-17T23:20:13.146432,14.09969186,.0049843,98.7636,47.1340,10.0153,18.9419,0,U,31239,999,96959,.34582E-3,.574E-5,0
FENGYUN 1C DEB,1999-025BLW,2026-02-13T06:24:59.155776,14.09588209,.0045266,98.7536,51.9768,198.6439,226.9875,0,U,31240,999,22978,.56879E-3,.962E-5,0
FENGYUN 1C DEB,1999-025BLX,2026-02-18T05:06:16.661376,14.38966980,.00659258,99.2422,206.1744,344.5719,15.3456,0,U,31241,999,98661,.42433432E-3,.1291E-4,0
FENGYUN 1C DEB,1999-025BLZ,2026-02-17T21:24:44.801280,14.07364421,.0063964,98.7434,91.9997,339.7669,20.0967,0,U,31243,999,70252,.69284E-3,.1143E-4,0
FENGYUN 1C DEB,1999-025BMA,2026-02-07T09:41:21.026976,14.06350547,.0102195,99.0252,106.8695,18.2694,342.2103,0,U,31244,999,58436,.55226E-3,.911E-5,0
FENGYUN 1C DEB,1999-025BMC,2026-01-22T19:24:03.822048,14.07589081,.01461278,98.8134,233.8136,228.5982,130.2552,0,U,31246,999,62330,.31349137E-2,.5792E-4,0
FENGYUN 1C DEB,1999-025BMD,2026-02-18T04:05:25.029312,14.05331979,.00576375,99.3615,304.5331,238.3875,276.7937,0,U,31247,999,96468,.59681311E-3,.933E-5,0
FENGYUN 1C DEB,1999-025BME,2026-02-18T03:04:15.923712,13.92910062,.01116658,99.2551,111.5972,129.1434,262.0885,0,U,31248,999,95762,.42411477E-3,.535E-5,0
FENGYUN 1C DEB,1999-025BMG,2026-02-18T00:21:11.642112,14.03362376,.01333047,98.3874,258.8536,107.0988,254.4830,0,U,31250,999,96461,.91363164E-3,.1507E-4,0
FENGYUN 1C DEB,1999-025BMJ,2026-02-15T20:33:38.282112,14.40449539,.0212113,98.3133,68.8972,336.5169,22.6442,0,U,31252,999,98144,.52628E-3,.2131E-4,0
FENGYUN 1C DEB,1999-025BMK,2026-02-13T23:14:00.028896,14.03684059,.02886615,99.0661,114.9380,275.0647,81.7634,0,U,31253,999,69885,.3646723E-3,.779E-5,0
FENGYUN 1C DEB,1999-025BML,2026-02-17T15:04:24.915360,14.36597609,.0150733,98.4520,102.1411,3.4536,147.7264,0,U,31254,999,98476,.35096E-3,.1127E-4,0
FENGYUN 1C DEB,1999-025BMM,2026-02-17T22:55:28.296768,14.09917921,.0270705,99.3132,233.4503,156.0324,205.3725,0,U,31255,999,97748,.4364E-3,.1031E-4,0
FENGYUN 1C DEB,1999-025BMN,2026-02-13T08:31:23.669184,14.04230401,.03078789,98.6797,254.3117,298.3732,58.6712,0,U,31256,999,65860,.29875595E-2,.7201E-4,0
FENGYUN 1C DEB,1999-025BMR,2026-02-18T12:12:29.284128,14.15515914,.00609743,99.0030,134.3694,4.9564,63.2818,0,U,31259,999,96528,.1234406E-2,.2411E-4,0
FENGYUN 1C DEB,1999-025BMS,2026-02-18T04:45:10.875456,14.36864148,.00481414,98.9552,313.8277,91.8200,61.3532,0,U,31260,999,98162,.81363929E-3,.2391E-4,0
FENGYUN 1C DEB,1999-025BMT,2026-02-18T08:10:52.614336,14.40586450,.00520271,99.0233,11.3436,34.0827,326.3683,0,U,31261,999,98323,.9869258E-3,.3149E-4,0
FENGYUN 1C DEB,1999-025BMU,2026-02-17T04:45:48.049920,14.18703969,.00543409,98.9971,137.6074,264.9192,125.2488,0,U,31262,999,96651,.17016937E-2,.3539E-4,0
FENGYUN 1C DEB,1999-025BMW,2026-02-18T04:53:20.196672,14.18777050,.00014226,99.1123,313.0343,61.6830,91.0444,0,U,31264,999,97385,.48352138E-3,.958E-5,0
FENGYUN 1C DEB,1999-025BMY,2026-02-18T10:38:56.745312,14.22434688,.01312126,99.2652,40.8874,91.3476,60.5431,0,U,31266,999,98168,.24643422E-3,.552E-5,0
FENGYUN 1C DEB,1999-025BNA,2026-02-06T01:27:58.161312,14.06566490,.00483742,98.7484,82.4553,29.6498,330.7397,0,U,31268,999,62810,.8685259E-3,.1412E-4,0
FENGYUN 1C DEB,1999-025BNB,2026-02-18T11:18:44.152704,14.44846679,.02386709,98.1763,290.0494,68.8728,53.3812,0,U,31269,999,97464,.11017858E-2,.5396E-4,0
FENGYUN 1C DEB,1999-025BNE,2026-02-17T02:36:09.509760,14.23121587,.01053539,99.0875,287.0565,283.6043,75.3418,0,U,31272,999,97933,.53246269E-3,.1224E-4,0
FENGYUN 1C DEB,1999-025BNG,2026-02-16T11:21:01.317024,13.85800686,.02405899,99.0061,229.3596,291.8997,65.6738,0,U,31274,999,95117,.74268688E-3,.1023E-4,0
FENGYUN 1C DEB,1999-025BNH,2026-02-18T01:51:23.905728,14.02560531,.01051779,98.9365,96.1762,165.1533,195.2762,0,U,31275,999,96430,.66622569E-3,.1034E-4,0
FENGYUN 1C DEB,1999-025BNM,2026-02-10T19:32:42.449280,14.26497618,.00734355,98.5178,53.4623,3.4149,356.7518,0,U,31279,999,98085,.61712543E-3,.1487E-4,0
FENGYUN 1C DEB,1999-025BNP,2026-02-17T21:00:03.017088,15.22501847,.0103529,98.3888,196.4250,223.6361,135.6653,0,U,31281,999,719,.16962E-2,.45752E-3,0
FENGYUN 1C DEB,1999-025BNQ,2026-02-17T05:59:04.108704,14.43585901,.0128656,99.2195,335.9934,90.1355,271.4576,0,U,31282,999,98080,.20252E-3,.703E-5,0
FENGYUN 1C DEB,1999-025BNS,2026-02-17T03:20:29.637888,13.98057189,.0142849,99.7170,151.4263,239.1928,119.5108,0,U,31284,999,96090,.1038736E-2,.156E-4,0
FENGYUN 1C DEB,1999-025BNT,2026-02-16T18:30:06.154848,14.26160548,.01996535,98.5279,31.4381,354.1921,126.0091,0,U,31285,999,98240,.37133275E-3,.1049E-4,0
FENGYUN 1C DEB,1999-025BNU,2026-02-17T23:28:16.366944,14.23668227,.0078263,100.8597,320.1550,94.6570,266.3544,0,U,31286,999,64976,.21555E-2,.5018E-4,0
FENGYUN 1C DEB,1999-025BNV,2026-02-16T02:52:02.472384,14.28600045,.00283219,99.4016,113.0828,230.3927,129.4752,0,U,31287,999,97619,.14843772E-2,.3693E-4,0
FENGYUN 1C DEB,1999-025BNW,2026-02-18T10:43:56.885088,15.08393591,.00101507,98.7411,220.9957,43.6077,343.5386,0,U,31288,999,98573,.50147463E-2,.7881E-3,0
FENGYUN 1C DEB,1999-025BPB,2026-02-07T11:06:12.491712,14.30840751,.0127616,98.4236,49.4766,77.4747,284.0678,0,U,31293,999,66055,.93807563E-4,.226E-5,0
FENGYUN 1C DEB,1999-025BPC,2026-02-17T23:09:31.316256,14.15455239,.0100192,98.5477,46.7911,146.8149,213.9363,0,U,31294,999,97804,.32771E-3,.631E-5,0
FENGYUN 1C DEB,1999-025BPD,2026-02-18T05:20:57.293376,13.96861174,.00787548,98.3207,232.7646,62.6313,298.2839,0,U,31295,999,96445,.27288449E-3,.352E-5,0
FENGYUN 1C DEB,1999-025BPE,2026-02-18T06:23:25.569024,14.76736698,.00249021,99.0656,337.0653,13.3025,346.8833,0,U,31296,999,98344,.50027183E-2,.35333E-3,0
FENGYUN 1C DEB,1999-025BPF,2026-02-17T15:41:49.056864,14.57319840,.0137434,98.9405,195.4304,279.5521,144.9154,0,U,31297,999,275,.29677E-3,.1466E-4,0
FENGYUN 1C DEB,1999-025BPJ,2026-02-16T04:09:06.628896,14.15505281,.00618683,99.5355,136.0445,234.7032,155.2685,0,U,31300,999,97100,.13100517E-2,.2558E-4,0
FENGYUN 1C DEB,1999-025BPL,2026-02-18T02:03:46.742688,14.28037254,.00287559,99.4102,101.2829,217.9434,172.3200,0,U,31302,999,97319,.1126533E-2,.2759E-4,0
FENGYUN 1C DEB,1999-025BPM,2026-02-18T12:10:19.125984,14.11059557,.0010438,98.7022,68.6100,328.8946,31.1607,0,U,31303,999,97274,.80210408E-4,.102E-5,0
FENGYUN 1C DEB,1999-025BPP,2026-02-18T05:28:21.943200,14.30441475,.00191338,98.8456,136.6995,238.1359,146.8750,0,U,31311,999,97186,.1452489E-2,.3743E-4,0
FENGYUN 1C DEB,1999-025BPQ,2026-02-14T11:25:11.869248,14.01033061,.00605881,98.8627,34.2652,57.2229,73.6874,0,U,31312,999,96038,.44776614E-3,.639E-5,0
FENGYUN 1C DEB,1999-025BPR,2026-02-18T04:45:51.993216,14.22384304,.00451258,99.0137,319.5941,350.3257,9.7047,0,U,31313,999,98021,.28694264E-3,.599E-5,0
FENGYUN 1C DEB,1999-025BPS,2026-02-04T16:59:30.555456,14.04988740,.00781566,98.8259,33.2372,205.0736,154.6628,0,U,31314,999,61572,.45353551E-3,.707E-5,0
FENGYUN 1C DEB,1999-025BPX,2026-02-18T04:44:57.930144,13.75859267,.01687511,98.8278,308.1191,267.0949,247.2925,0,U,31319,999,94615,.12104893E-3,.89E-6,0
FENGYUN 1C DEB,1999-025BPZ,2026-02-17T23:55:27.829632,14.13868896,.00293,98.7245,131.2897,349.2716,10.7829,0,U,31321,999,58334,.13624971E-3,.216E-5,0
FENGYUN 1C DEB,1999-025BQA,2026-02-17T23:21:46.253664,13.73037447,.0238812,98.5616,110.7823,189.7623,296.6038,0,U,31322,999,63198,.20855E-3,.199E-5,0
FENGYUN 1C DEB,1999-025BQB,2026-02-17T08:17:02.801184,14.28146509,.00312411,99.4158,96.9779,245.0518,114.7414,0,U,31323,999,64931,.13831178E-2,.341E-4,0
FENGYUN 1C DEB,1999-025BQC,2026-02-18T00:19:24.825792,14.14743042,.00507474,99.1270,336.9652,113.1341,247.5190,0,U,31324,999,97437,.13646557E-3,.22E-5,0
FENGYUN 1C DEB,1999-025BQD,2026-02-06T01:18:03.369024,14.17435852,.00692905,98.9868,136.8246,65.8888,294.9513,0,U,31325,999,60561,.24442785E-2,.5029E-4,0
FENGYUN 1C DEB,1999-025BQF,2026-02-09T06:58:54.636096,15.14330855,.00809021,98.9839,56.9816,173.8283,186.3960,0,U,31327,999,984,.1113353E-2,.22099E-3,0
FENGYUN 1C DEB,1999-025BQG,2026-02-17T09:01:50.582496,14.28983039,.01048041,98.4928,25.3802,21.4582,339.0945,0,U,31328,999,98414,.11527548E-3,.266E-5,0
FENGYUN 1C DEB,1999-025BQH,2026-02-04T17:05:10.121280,14.68561404,.0052243,98.9040,31.4615,280.1351,79.3961,0,U,31329,999,3407,.24175E-2,.14292E-3,0
FENGYUN 1C DEB,1999-025BQK,2026-02-09T19:06:27.748800,14.00690158,.0052675,98.8758,69.9196,19.9344,340.3864,0,U,31331,999,64683,.29227E-3,.398E-5,0
FENGYUN 1C DEB,1999-025BQL,2026-02-18T12:43:20.411040,14.12103850,.00497288,98.7063,62.8908,190.4233,321.5513,0,U,31332,999,96928,.70074177E-3,.1258E-4,0
FENGYUN 1C DEB,1999-025BQM,2026-02-07T07:28:33.263040,14.26795005,.0097478,98.4268,55.7978,219.2787,140.1295,0,U,31333,999,97398,.70794E-3,.1762E-4,0
FENGYUN 1C DEB,1999-025BQQ,2026-02-16T03:20:46.458240,14.38855188,.00915965,98.4543,106.4576,283.0399,105.0074,0,U,31336,999,98731,.29616276E-3,.911E-5,0
FENGYUN 1C DEB,1999-025BQS,2026-02-04T06:54:04.504032,14.21421281,.0073438,98.7170,239.6049,315.1573,44.3685,0,U,31338,999,64418,.26893E-2,.5999E-4,0
FENGYUN 1C DEB,1999-025BQT,2026-02-18T06:54:50.496480,14.12430403,.00758232,98.7113,69.0717,132.6023,228.1578,0,U,31339,999,96631,.72423775E-3,.1331E-4,0
FENGYUN 1C DEB,1999-025BQV,2026-02-16T08:58:56.079552,14.54184107,.00543091,99.5486,102.7752,152.0505,270.9544,0,U,31341,999,98572,.12746413E-2,.5445E-4,0
FENGYUN 1C DEB,1999-025BQW,2026-02-17T02:41:14.650368,14.36843234,.01137332,98.9428,11.9055,24.0220,336.6212,0,U,31342,999,98844,.19477491E-3,.57E-5,0
FENGYUN 1C DEB,1999-025BQZ,2026-02-16T06:17:13.386336,14.12532343,.00685813,98.0935,59.8197,251.1251,108.2479,0,U,31345,999,96427,.15554768E-2,.2902E-4,0
FENGYUN 1C DEB,1999-025BRA,2026-02-14T03:48:48.719808,15.13743922,.0104729,98.8721,27.3269,162.7255,197.7580,0,U,31346,999,444,.7302102E-3,.15012E-3,0
FENGYUN 1C DEB,1999-025BRC,2026-02-18T02:30:38.153664,14.34640880,.00327237,99.1277,8.7822,229.2906,190.1624,0,U,31348,999,97215,.10048229E-2,.281E-4,0
FENGYUN 1C DEB,1999-025BRE,2026-02-09T05:28:45.243552,14.35050589,.00654067,98.9646,219.4562,314.7278,44.8592,0,U,31350,999,71092,.53583528E-3,.1517E-4,0
FENGYUN 1C DEB,1999-025BRF,2026-02-12T09:46:03.180864,14.07040672,.00911172,98.7992,33.5253,237.3260,121.9096,0,U,31351,999,62242,.38885716E-3,.631E-5,0
FENGYUN 1C DEB,1999-025BRH,2026-02-14T14:10:55.270272,14.30196893,.02263067,98.9931,338.0193,241.7439,116.0734,0,U,31353,999,97497,.34889473E-3,.1137E-4,0
FENGYUN 1C DEB,1999-025BRM,2026-02-18T00:33:47.757024,14.18538905,.00510338,98.6034,83.0340,98.0335,292.1105,0,U,31357,999,97658,.18583603E-4,-.3E-7,0
FENGYUN 1C DEB,1999-025BRR,2026-02-18T09:04:57.705888,14.17794148,.00440854,98.5606,27.2043,234.5083,125.1976,0,U,31361,999,97522,.11412387E-3,.193E-5,0
FENGYUN 1C DEB,1999-025BRS,2026-02-15T22:18:20.843424,14.17435953,.0017081,98.6577,44.5712,268.9737,90.9481,0,U,31362,999,97499,.17474E-3,.311E-5,0
FENGYUN 1C DEB,1999-025BRU,2026-02-18T07:05:41.607744,14.15431979,.00892652,99.2606,176.5018,315.8189,43.5878,0,U,31364,999,95832,.21109611E-2,.4235E-4,0
FENGYUN 1C DEB,1999-025BRV,2026-02-18T04:58:43.818240,14.42873849,.00386315,98.6685,140.3658,21.0819,339.1952,0,U,31365,999,97601,.13952315E-2,.4658E-4,0
FENGYUN 1C DEB,1999-025BRX,2026-02-17T14:06:18.257184,14.47850205,.0097828,98.7431,310.1221,173.9432,308.0698,0,U,31367,999,99433,.37653E-3,.1429E-4,0
FENGYUN 1C DEB,1999-025BRZ,2026-02-18T04:33:14.279904,14.19498866,.00563366,98.6272,33.6782,103.6940,319.0847,0,U,31369,999,65284,.22434803E-3,.438E-5,0
FENGYUN 1C DEB,1999-025BSA,2026-02-18T11:20:27.045600,14.09808191,.00349925,98.7577,52.6336,104.8206,255.6845,0,U,31370,999,97248,.27066144E-3,.436E-5,0
FENGYUN 1C DEB,1999-025BSB,2026-02-17T00:44:09.081024,14.04699213,.00781151,98.7587,83.7284,62.3025,298.6041,0,U,31371,999,96677,.87498498E-3,.1398E-4,0
FENGYUN 1C DEB,1999-025BSC,2026-02-18T10:20:01.889088,14.27222432,.00320008,99.3791,50.2672,241.5465,118.2488,0,U,31372,999,96816,.14202293E-2,.344E-4,0
FENGYUN 1C DEB,1999-025BSE,2026-02-17T04:11:07.667520,14.34836164,.0144503,99.6261,192.2699,155.3784,205.4387,0,U,31374,999,97005,.44907631E-2,.14317E-3,0
FENGYUN 1C DEB,1999-025BSG,2026-02-18T05:42:59.781024,14.63317418,.00510145,98.8363,335.1304,59.3399,301.2815,0,U,31376,999,99129,.17434406E-2,.9124E-4,0
FENGYUN 1C DEB,1999-025BSJ,2026-02-16T04:12:52.188192,13.80213442,.01703619,100.7538,309.9912,32.9836,328.1804,0,U,31378,999,95126,.96479222E-3,.1067E-4,0
FENGYUN 1C DEB,1999-025BSM,2026-02-17T00:25:12.945216,14.37350515,.01979108,98.4885,135.5883,193.7086,165.8680,0,U,31381,999,98352,.64688612E-3,.2371E-4,0
FENGYUN 1C DEB,1999-025BSP,2026-02-12T17:59:29.315040,14.05866863,.01104132,99.0600,110.7153,145.0710,342.7100,0,U,31383,999,96240,.47191188E-3,.771E-5,0
FENGYUN 1C DEB,1999-025BSQ,2026-02-18T08:41:07.346112,13.87068969,.04347678,98.4644,14.2168,215.3222,303.1223,0,U,31384,999,93961,.10695439E-2,.2614E-4,0
FENGYUN 1C DEB,1999-025BSR,2026-02-10T12:00:56.055456,14.44090868,.01329376,98.9486,139.7707,237.2330,184.4371,0,U,31385,999,99477,.22230659E-3,.792E-5,0
FENGYUN 1C DEB,1999-025BSS,2026-02-18T10:54:49.122144,13.86413814,.01988783,98.4373,62.7436,98.7423,263.6316,0,U,31386,999,94800,.20188475E-2,.2697E-4,0
FENGYUN 1C DEB,1999-025BST,2026-02-18T03:12:00.010080,14.13663276,.02415021,99.1632,294.3336,341.9898,17.2826,0,U,31387,999,97249,.24642256E-3,.563E-5,0
FENGYUN 1C DEB,1999-025BSU,2026-02-14T20:29:13.157664,14.07467428,.00474456,98.8117,37.1987,22.8271,92.4607,0,U,31388,999,97343,.25638614E-3,.393E-5,0
FENGYUN 1C DEB,1999-025BSV,2026-02-18T10:35:00.735936,14.64740400,.00269945,99.0407,226.2594,331.8725,50.5466,0,U,31389,999,97487,.35318719E-2,.18908E-3,0
FENGYUN 1C DEB,1999-025BSW,2026-02-16T10:05:27.635136,14.45315731,.01107644,98.8436,216.6498,90.4643,299.8942,0,U,31410,999,98700,.73490822E-3,.2733E-4,0
FENGYUN 1C DEB,1999-025BSX,2026-02-18T00:50:39.056928,14.28163797,.01018938,98.6581,114.7997,58.7440,58.7355,0,U,31411,999,95440,.27022899E-3,.668E-5,0
FENGYUN 1C DEB,1999-025BSY,2026-02-17T19:27:13.902912,14.10289292,.00809842,98.5534,354.4189,141.9209,218.7724,0,U,31412,999,61937,.10865377E-2,.1946E-4,0
FENGYUN 1C DEB,1999-025BTB,2026-02-01T16:34:36.421248,14.31108842,.0062194,99.6460,355.2492,290.3681,69.0824,0,U,31415,999,63559,.13351647E-2,.3544E-4,0
FENGYUN 1C DEB,1999-025BTC,2026-02-13T23:20:51.163296,14.40829370,.01338263,99.0412,103.8354,64.8851,296.6153,0,U,31416,999,66430,.24701824E-3,.827E-5,0
FENGYUN 1C DEB,1999-025BTF,2026-02-13T06:57:57.111840,14.71425596,.0039916,98.7878,227.5688,1.6221,358.5105,0,U,31419,999,65948,.18103106E-2,.11312E-3,0
FENGYUN 1C DEB,1999-025BTG,2026-02-13T04:35:23.363232,14.41082513,.01362636,97.5568,299.9555,134.8149,18.0638,0,U,31420,999,65893,.37381062E-3,.1305E-4,0
FENGYUN 1C DEB,1999-025BTJ,2026-02-18T11:55:01.152768,14.09722848,.0035415,98.7673,49.6411,106.9706,44.6384,0,U,31422,999,96616,.26974058E-3,.433E-5,0
FENGYUN 1C DEB,1999-025BTK,2026-02-17T09:19:37.097184,14.23029026,.00365806,98.5919,32.5535,3.7023,356.4419,0,U,31423,999,97916,.16237349E-3,.325E-5,0
FENGYUN 1C DEB,1999-025BTL,2026-02-17T01:28:23.841120,14.08420695,.0092252,98.4717,93.0806,276.5904,82.4772,0,U,31424,999,64104,.24488868E-3,.395E-5,0
FENGYUN 1C DEB,1999-025BTN,2026-02-18T09:34:23.727936,13.90550379,.03212322,98.5847,206.9595,359.4649,54.0373,0,U,31426,999,94513,.95784756E-3,.177E-4,0
FENGYUN 1C DEB,1999-025BTP,2026-02-18T06:40:49.121184,14.60624960,.00326551,98.6688,166.3517,172.2714,187.8995,0,U,31427,999,97866,.23707439E-2,.11585E-3,0
FENGYUN 1C DEB,1999-025BTQ,2026-02-17T03:25:33.159360,14.42513403,.00628046,99.0453,28.5192,319.3965,114.8547,0,U,31428,999,98467,.11258975E-2,.3773E-4,0
FENGYUN 1C DEB,1999-025BTR,2026-02-18T09:25:27.255648,14.22908796,.00142345,98.6800,102.3808,218.8890,205.7981,0,U,31429,999,96915,.79607729E-3,.1748E-4,0
FENGYUN 1C DEB,1999-025BTS,2026-02-17T15:40:33.406752,14.25962500,.0027976,98.7351,116.4822,203.1622,310.3870,0,U,31430,999,97071,.80228E-3,.1877E-4,0
FENGYUN 1C DEB,1999-025BTT,2026-02-17T03:32:41.928000,14.03476857,.01326187,98.5397,297.3013,269.7152,88.8819,0,U,31431,999,95463,.12425959E-2,.2062E-4,0
FENGYUN 1C DEB,1999-025BTV,2026-02-17T04:38:36.078432,14.26355600,.00952187,98.4102,314.0169,194.2544,329.0668,0,U,31433,999,96499,.20269629E-2,.507E-4,0
FENGYUN 1C DEB,1999-025BTX,2026-02-18T10:23:04.023744,14.53580454,.01482723,99.0418,231.5983,336.6958,22.7560,0,U,31435,999,99356,.13017025E-3,.566E-5,0
FENGYUN 1C DEB,1999-025BTY,2026-02-17T13:58:33.914208,15.02376821,.0039781,98.8826,275.6542,20.4179,9.8969,0,U,31436,999,97877,.34214E-2,.46259E-3,0
FENGYUN 1C DEB,1999-025BTZ,2026-02-18T04:32:59.425152,14.43762151,.00135283,98.8567,137.9389,63.4707,296.7868,0,U,31437,999,97483,.18220626E-2,.6162E-4,0
FENGYUN 1C DEB,1999-025BUB,2026-02-17T19:47:45.153888,13.95759747,.01375387,98.9187,57.6996,338.1321,145.9379,0,U,31439,999,64168,.83565393E-3,.1191E-4,0
FENGYUN 1C DEB,1999-025BUC,2026-02-17T16:31:53.169312,14.37547134,.00397969,98.7399,142.7666,145.1762,215.2040,0,U,31440,999,97287,.13587946E-2,.4066E-4,0
FENGYUN 1C DEB,1999-025BUD,2026-02-10T10:07:19.902432,14.81185017,.00910845,99.3093,278.4866,147.9759,212.7029,0,U,31441,999,64972,.42227168E-2,.35387E-3,0
FENGYUN 1C DEB,1999-025BUE,2026-02-17T11:41:13.179840,14.34121615,.00795601,98.5233,138.5520,173.4951,186.7286,0,U,31442,999,98317,.41885945E-3,.1171E-4,0
FENGYUN 1C DEB,1999-025BUF,2026-02-09T02:49:52.850784,14.49391974,.01891203,99.2071,149.9279,284.0328,73.9904,0,U,31443,999,67787,.11850384E-2,.5634E-4,0
FENGYUN 1C DEB,1999-025BUG,2026-02-06T01:51:03.543840,14.72382443,.00550825,98.9320,349.3923,262.6265,96.8678,0,U,31444,999,98302,.42045042E-2,.27307E-3,0
FENGYUN 1C DEB,1999-025BUK,2026-02-08T07:28:31.091808,14.24124569,.0230889,98.9847,86.9128,188.9923,170.7086,0,U,31447,999,65671,.20296885E-3,.564E-5,0
FENGYUN 1C DEB,1999-025BUL,2026-02-17T06:18:06.529248,14.28085098,.005926,98.5005,62.7706,10.0246,350.2102,0,U,31448,999,65253,.7493E-3,.1855E-4,0
FENGYUN 1C DEB,1999-025BUM,2026-02-09T22:44:50.959392,14.33815382,.0145459,98.5465,103.7963,93.5734,268.2099,0,U,31449,999,98485,.18449E-3,.532E-5,0
FENGYUN 1C DEB,1999-025BUP,2026-02-18T08:19:19.079040,14.13730467,.00311889,98.7536,95.0337,22.8270,36.3231,0,U,31451,999,96965,.31561396E-3,.556E-5,0
FENGYUN 1C DEB,1999-025BUQ,2026-02-17T10:23:23.607168,14.15290686,.0038946,98.6641,38.4479,299.3748,60.3539,0,U,31452,999,97149,.29343E-3,.532E-5,0
FENGYUN 1C DEB,1999-025BUT,2026-02-17T04:30:58.425408,14.11545574,.0216615,98.5817,38.5430,221.2118,137.2527,0,U,31455,999,97041,.22605766E-3,.468E-5,0
FENGYUN 1C DEB,1999-025BUU,2026-02-15T03:13:00.658560,14.42908673,.00691033,98.5743,153.8579,121.3398,239.4579,0,U,31456,999,98395,.70916266E-3,.2394E-4,0
FENGYUN 1C DEB,1999-025BUX,2026-02-12T23:38:10.171680,14.44979151,.0092744,98.1727,314.8682,304.4690,54.7766,0,U,31459,999,65456,.14438987E-2,.5266E-4,0
FENGYUN 1C DEB,1999-025BVA,2026-02-18T12:57:51.990048,14.13109870,.00323348,98.6866,70.9473,14.6583,138.9546,0,U,31462,999,96813,.28905307E-3,.5E-5,0
FENGYUN 1C DEB,1999-025BVB,2026-02-16T04:46:20.104320,14.37256938,.0211479,99.0875,37.5584,207.4728,151.5149,0,U,31463,999,65660,.28009E-3,.1021E-4,0
FENGYUN 1C DEB,1999-025BVC,2026-02-16T08:42:26.279424,14.12562722,.00445487,98.7846,97.9066,57.8649,2.2781,0,U,31464,999,95606,.28599094E-3,.491E-5,0
FENGYUN 1C DEB,1999-025BVE,2026-02-10T02:20:34.731744,14.18591367,.03001166,99.0921,337.6088,139.6154,222.7729,0,U,31466,999,97170,.10478399E-3,.287E-5,0
FENGYUN 1C DEB,1999-025BVG,2026-02-01T06:03:02.486304,14.46838444,.0166125,98.1708,31.5790,13.2436,347.3038,0,U,31468,999,68102,.59212E-3,.2501E-4,0
FENGYUN 1C DEB,1999-025BVK,2026-02-18T11:25:46.142400,14.15798801,.01471301,97.9741,291.0820,158.8476,201.8871,0,U,31471,999,64935,.11802451E-2,.254E-4,0
FENGYUN 1C DEB,1999-025BVM,2026-02-17T13:56:50.028576,14.30356900,.006583,98.5385,85.4114,176.4883,335.6751,0,U,31473,999,70476,.1062E-2,.2782E-4,0
FENGYUN 1C DEB,1999-025BVN,2026-02-17T21:53:14.729856,14.10942956,.0067637,99.1401,100.9331,19.7627,340.6141,0,U,31474,999,95917,.10788E-2,.1932E-4,0
FENGYUN 1C DEB,1999-025BVP,2026-02-17T22:48:26.339040,14.38751464,.0208583,98.9354,305.4460,269.1028,88.6256,0,U,31475,999,97045,.72028E-3,.2793E-4,0
FENGYUN 1C DEB,1999-025BVQ,2026-02-18T04:30:25.748928,14.22602719,.004909,98.8896,128.2920,337.9568,21.9498,0,U,31476,999,96658,.11280664E-2,.2507E-4,0
FENGYUN 1C DEB,1999-025BVR,2026-02-17T11:00:33.046848,14.02992876,.01091789,98.8938,41.6028,202.1067,157.5372,0,U,31477,999,96339,.16871739E-3,.233E-5,0
FENGYUN 1C DEB,1999-025BVU,2026-02-18T10:05:00.735360,13.90738928,.03429758,98.3402,258.7958,32.9469,329.2568,0,U,31480,999,94336,.21106441E-2,.4213E-4,0
FENGYUN 1C DEB,1999-025BVW,2026-02-17T06:03:20.253600,14.35955979,.0090641,98.3839,55.2721,83.7136,338.7129,0,U,31482,999,98084,.70331E-3,.2097E-4,0
FENGYUN 1C DEB,1999-025BVX,2026-02-17T21:30:27.391968,14.16888980,.0120751,102.5049,31.0141,52.9771,337.8316,0,U,31483,999,95657,.25894E-2,.5508E-4,0
FENGYUN 1C DEB,1999-025BVY,2026-02-18T08:42:49.088160,14.54973148,.00755958,101.8084,17.9453,332.7954,26.9279,0,U,31484,999,65219,.62931704E-2,.28186E-3,0
FENGYUN 1C DEB,1999-025BVZ,2026-02-18T00:32:26.938464,13.40522284,.04438724,102.7208,258.5071,173.5180,187.1946,0,U,31485,999,91346,.22186167E-2,.2109E-4,0
FENGYUN 1C DEB,1999-025BWB,2026-02-18T01:08:46.012992,13.98090520,.01186216,102.4159,245.9512,145.9062,5.6303,0,U,31487,999,95352,.10563531E-2,.1524E-4,0
FENGYUN 1C DEB,1999-025BWE,2026-02-16T13:25:19.998336,14.17754274,.0052441,99.3035,324.2322,79.3561,281.3513,0,U,31491,999,64660,.15129E-2,.3079E-4,0
FENGYUN 1C DEB,1999-025BWF,2026-02-17T10:42:21.540960,14.74953237,.0059087,98.8566,225.4434,163.2999,197.0171,0,U,31492,999,97488,.43140565E-2,.29877E-3,0
FENGYUN 1C DEB,1999-025BWG,2026-02-16T02:11:46.333536,13.93169707,.01192402,100.1465,4.1680,4.0697,356.1402,0,U,31493,999,60776,.12063988E-2,.1615E-4,0
FENGYUN 1C DEB,1999-025BWJ,2026-02-17T11:21:05.992992,14.29713015,.00271243,99.1182,289.7438,348.2772,11.7774,0,U,31495,999,64344,.12172674E-2,.3088E-4,0
FENGYUN 1C DEB,1999-025BWL,2026-02-17T05:03:09.156096,14.39342236,.0168431,98.3782,35.2598,142.7412,287.5030,0,U,31497,999,98511,.13221E-3,.438E-5,0
FENGYUN 1C DEB,1999-025BWM,2026-02-16T08:34:41.713536,13.77404188,.02196796,98.4896,16.7621,328.3324,30.4767,0,U,31498,999,93637,.25696448E-2,.3014E-4,0
FENGYUN 1C DEB,1999-025BWS,2026-01-27T21:41:13.008192,14.22828495,.00505928,100.1005,265.7116,57.7278,302.8783,0,U,31503,999,64903,.12958269E-2,.2893E-4,0
FENGYUN 1C DEB,1999-025BWW,2026-02-18T13:49:34.665888,14.52512108,.01153907,98.1858,85.1992,228.4164,284.6280,0,U,31507,999,99005,.364953E-3,.1576E-4,0
FENGYUN 1C DEB,1999-025BWX,2026-02-17T06:15:34.020288,14.65064133,.0032124,98.6269,164.9247,124.3345,236.0904,0,U,31508,999,97897,.32028E-2,.17303E-3,0
FENGYUN 1C DEB,1999-025BWY,2026-02-18T07:04:27.754752,13.95347206,.0195956,99.0203,172.1177,34.2833,327.0799,0,U,31509,999,94904,.10154295E-2,.1572E-4,0
FENGYUN 1C DEB,1999-025BWZ,2026-02-17T05:36:46.253952,14.24747128,.0038204,98.5601,50.7196,134.9401,286.9920,0,U,31510,999,97434,.45422E-3,.1023E-4,0
FENGYUN 1C DEB,1999-025BXA,2026-02-15T22:20:09.792096,14.28561635,.0105802,99.0696,223.1158,38.2548,322.6078,0,U,31511,999,96731,.74569E-3,.1939E-4,0
FENGYUN 1C DEB,1999-025BXB,2026-02-16T12:29:46.078080,14.44161413,.01426749,98.8014,310.1877,311.1718,174.5198,0,U,31512,999,66451,.66606879E-3,.2532E-4,0
FENGYUN 1C DEB,1999-025BXC,2026-02-17T05:43:36.011136,14.33420611,.0026121,98.8579,151.4702,283.4908,76.3365,0,U,31513,999,73821,.20534E-2,.5646E-4,0
FENGYUN 1C DEB,1999-025BXD,2026-02-16T16:14:10.245408,14.21549049,.00536706,99.2472,316.5018,292.2869,67.2622,0,U,31514,999,70261,.15276719E-2,.3348E-4,0
FENGYUN 1C DEB,1999-025BXF,2026-02-16T19:07:46.894656,14.25599193,.01489383,98.8333,169.2008,47.7716,104.6081,0,U,31516,999,97433,.27571669E-3,.687E-5,0
FENGYUN 1C DEB,1999-025BXJ,2026-02-16T18:26:39.901632,14.23556862,.00542018,98.5780,47.6437,51.5548,309.0478,0,U,31519,999,65704,.45105815E-3,.1E-4,0
FENGYUN 1C DEB,1999-025BXM,2026-02-18T00:31:22.194624,14.04137080,.00431473,98.7049,69.4194,14.1881,346.0488,0,U,31522,999,95940,.39994626E-3,.597E-5,0
FENGYUN 1C DEB,1999-025BXN,2026-02-17T14:47:53.193696,14.13868348,.0037291,98.7457,99.7586,280.2832,234.0079,0,U,31523,999,96952,.2547E-4,.5E-7,0
FENGYUN 1C DEB,1999-025BXP,2026-02-17T21:57:28.054656,14.07365711,.0276521,99.2732,296.4024,296.6142,122.8449,0,U,31524,999,64096,.33569E-3,.747E-5,0
FENGYUN 1C DEB,1999-025BXS,2026-02-17T21:38:49.032960,13.23485039,.0450398,98.8989,209.8401,136.5719,227.1821,0,U,31527,999,91078,.52254E-3,.348E-5,0
FENGYUN 1C DEB,1999-025BXW,2026-02-16T08:32:52.404576,14.36179431,.02440872,98.3738,95.3653,72.8117,289.9633,0,U,31531,999,64876,.83778747E-3,.3388E-4,0
FENGYUN 1C DEB,1999-025BXY,2026-02-13T23:12:13.492512,14.27774621,.0065094,98.9573,303.7137,164.6724,195.6447,0,U,31533,999,67025,.30383922E-3,.721E-5,0
FENGYUN 1C DEB,1999-025BYA,2026-02-07T08:31:45.368544,14.28556520,.00881461,98.0348,248.8342,355.5332,4.5055,0,U,31535,999,72739,.79565637E-3,.2041E-4,0
FENGYUN 1C DEB,1999-025BYB,2026-02-18T12:31:42.960000,14.55983094,.02875477,98.2352,321.0242,295.4094,61.7597,0,U,31536,999,97243,.15851358E-2,.12217E-3,0
FENGYUN 1C DEB,1999-025BYC,2026-02-18T05:17:41.574912,14.22862795,.03411808,99.2976,211.0872,132.7810,230.2604,0,U,31537,999,94240,.34567035E-2,.14136E-3,0
FENGYUN 1C DEB,1999-025BYF,2026-02-08T04:35:15.972576,14.66466333,.01751215,99.0616,209.5417,124.4609,237.3278,0,U,31540,999,99143,.11063664E-2,.7645E-4,0
FENGYUN 1C DEB,1999-025BYG,2026-02-18T05:01:55.176096,14.70102168,.00763979,98.9847,203.3208,31.8103,328.7681,0,U,31541,999,99414,.72618335E-3,.4504E-4,0
FENGYUN 1C DEB,1999-025BYH,2026-02-17T14:59:36.767040,14.23219658,.0045077,98.7241,107.0441,16.0920,344.1678,0,U,31542,999,96891,.95153E-3,.2131E-4,0
FENGYUN 1C DEB,1999-025BYK,2026-02-17T09:00:18.513792,14.14543611,.00330162,98.8206,103.8484,82.7885,277.7040,0,U,31544,999,96699,.60067359E-3,.1115E-4,0
FENGYUN 1C DEB,1999-025BYM,2026-02-16T09:39:43.302528,14.13599733,.01422035,98.2367,116.7829,306.5700,52.2456,0,U,31546,999,95716,.14479584E-2,.2967E-4,0
FENGYUN 1C DEB,1999-025BYN,2026-02-16T23:17:49.165152,14.23572137,.005281,99.0816,98.8584,66.6365,294.0356,0,U,31547,999,64959,.13015E-2,.2961E-4,0
FENGYUN 1C DEB,1999-025BYR,2026-02-15T22:43:30.435456,14.40547312,.01917049,98.3144,49.5797,76.2723,285.9725,0,U,31550,999,66393,.68571575E-3,.2668E-4,0
FENGYUN 1C DEB,1999-025BYT,2026-02-17T19:32:46.965408,14.47780924,.00883148,98.6194,176.8539,179.4434,180.6872,0,U,31552,999,96846,.32088068E-2,.12429E-3,0
FENGYUN 1C DEB,1999-025BYU,2026-02-17T02:58:28.701984,14.30869582,.00287826,98.9985,110.1734,261.6076,127.9094,0,U,31553,999,96859,.18163064E-2,.4743E-4,0
FENGYUN 1C DEB,1999-025BYV,2026-02-15T20:35:40.891488,14.53606680,.0038442,98.9060,189.8490,186.1553,173.9174,0,U,31554,999,65802,.397E-2,.16745E-3,0
FENGYUN 1C DEB,1999-025BYW,2026-02-17T03:16:21.238752,14.45330861,.01542961,99.1121,12.0147,0.3730,359.7548,0,U,31555,999,97522,.28315245E-2,.11482E-3,0
FENGYUN 1C DEB,1999-025BYZ,2026-02-16T22:46:58.254240,14.38838219,.02124638,98.7879,309.9934,65.9578,354.2933,0,U,31558,999,98387,.26049084E-3,.989E-5,0
FENGYUN 1C DEB,1999-025BZA,2026-02-18T10:31:02.002368,14.64817697,.00552629,98.8760,13.7150,347.7797,141.9297,0,U,31559,999,98547,.14621417E-2,.7929E-4,0
FENGYUN 1C DEB,1999-025BZB,2026-02-14T21:42:06.829344,14.21244993,.01218272,98.5803,85.2496,121.9682,239.3407,0,U,31560,999,97530,.57426385E-4,.93E-6,0
FENGYUN 1C DEB,1999-025BZC,2026-02-18T11:37:38.771328,14.02876565,.00567137,98.7221,47.6546,355.3349,156.1870,0,U,31561,999,96128,.33638765E-3,.486E-5,0
FENGYUN 1C DEB,1999-025BZD,2026-02-17T21:05:39.404256,14.42617940,.0057141,99.2631,211.1291,86.8758,273.8965,0,U,31562,999,97958,.76769E-3,.255E-4,0
FENGYUN 1C DEB,1999-025BZE,2026-02-18T09:08:05.406432,14.65845327,.01119669,98.9576,213.9177,230.4032,128.7241,0,U,31563,999,99535,.73368858E-3,.4334E-4,0
FENGYUN 1C DEB,1999-025BZG,2026-02-10T22:00:06.215904,14.40510578,.00508818,100.7186,293.9989,218.8842,140.8674,0,U,31565,999,65219,.28928505E-2,.9299E-4,0
FENGYUN 1C DEB,1999-025BZH,2026-02-18T03:53:37.102272,14.38391190,.0026789,98.9433,115.8316,157.6578,259.9392,0,U,31566,999,97360,.15950015E-2,.4838E-4,0
FENGYUN 1C DEB,1999-025BZJ,2026-02-18T12:40:04.169856,13.93460421,.01841048,102.3166,303.4411,145.4419,215.8858,0,U,31567,999,68353,.19176586E-2,.2821E-4,0
FENGYUN 1C DEB,1999-025BZK,2026-02-17T04:48:28.107648,14.04117444,.0130672,102.0523,316.6930,317.7114,41.4023,0,U,31568,999,95512,.26664E-2,.4491E-4,0
FENGYUN 1C DEB,1999-025BZL,2026-02-16T11:15:08.070624,13.96206078,.01756935,102.6182,233.7079,210.6209,177.8295,0,U,31569,999,94596,.29819644E-2,.4599E-4,0
FENGYUN 1C DEB,1999-025BZM,2026-02-12T15:35:29.652864,14.26465661,.0142491,102.5690,114.1431,71.3704,290.2873,0,U,31570,999,64249,.26182957E-2,.6948E-4,0
FENGYUN 1C DEB,1999-025BZN,2026-02-15T03:56:41.180064,14.87146175,.01427253,98.3806,172.8041,188.5952,171.2816,0,U,31608,999,99590,.10381838E-2,.11196E-3,0
FENGYUN 1C DEB,1999-025BZP,2026-02-17T13:47:09.339360,14.16363678,.0095939,99.2079,84.3749,132.3666,19.1567,0,U,31609,999,67030,.13882E-2,.2837E-4,0
FENGYUN 1C DEB,1999-025BZT,2026-02-16T17:50:21.541632,13.63642585,.0343067,98.4272,231.1166,291.0952,65.3840,0,U,31613,999,92661,.10875842E-2,.1243E-4,0
FENGYUN 1C DEB,1999-025BZU,2026-02-18T06:52:50.837664,15.17469329,.00193487,98.9662,331.0653,106.6274,22.9761,0,U,31614,999,97446,.86540434E-2,.178176E-2,0
FENGYUN 1C DEB,1999-025BZV,2026-02-17T14:41:29.827392,14.37041010,.0165796,99.1389,109.0979,123.8494,237.8594,0,U,31615,999,66238,.22745E-2,.786E-4,0
FENGYUN 1C DEB,1999-025BZY,2026-02-11T04:44:23.647488,14.21191836,.01578351,99.4487,194.3242,155.1186,205.7705,0,U,31618,999,71123,.55065506E-3,.1309E-4,0
FENGYUN 1C DEB,1999-025BZZ,2026-02-17T08:20:55.958496,14.94982923,.00768793,99.0695,255.6793,79.9735,281.0146,0,U,31619,999,64480,.5428259E-2,.63366E-3,0
FENGYUN 1C DEB,1999-025CAA,2026-02-10T00:40:52.045824,14.38220060,.00220436,98.8813,132.0913,222.3440,137.6045,0,U,31620,999,66696,.22258211E-2,.674E-4,0
FENGYUN 1C DEB,1999-025CAC,2026-02-17T23:31:35.918976,14.38091789,.00178345,98.8123,150.4441,148.1847,272.7655,0,U,31622,999,96738,.16351245E-2,.492E-4,0
FENGYUN 1C DEB,1999-025CAD,2026-02-05T07:31:23.096064,13.82661342,.01935469,97.6280,242.6206,213.5293,145.3493,0,U,31623,999,58674,.51908601E-3,.619E-5,0
FENGYUN 1C DEB,1999-025CAF,2026-02-17T05:21:35.911584,14.55568160,.0149007,98.7986,142.8438,172.5828,218.2829,0,U,31625,999,99360,.25523E-3,.1233E-4,0
FENGYUN 1C DEB,1999-025CAH,2026-02-15T22:06:59.321952,14.36065873,.004928,98.5244,99.0758,320.5958,39.1647,0,U,31627,999,65702,.10316E-2,.3E-4,0
FENGYUN 1C DEB,1999-025CAJ,2026-02-12T21:06:11.944224,13.87172759,.0168332,102.2734,282.9099,70.3397,291.5826,0,U,31628,999,94161,.20013E-2,.2561E-4,0
FENGYUN 1C DEB,1999-025CAK,2026-02-16T09:49:22.295712,14.15395832,.01091146,102.1307,121.6848,221.2451,138.0429,0,U,31629,999,95375,.26869702E-2,.5483E-4,0
FENGYUN 1C DEB,1999-025CAL,2026-02-13T10:39:00.254880,15.09848297,.0156032,98.0924,220.2899,144.7091,216.4588,0,U,31630,999,99535,.1442468E-2,.31211E-3,0
FENGYUN 1C DEB,1999-025CAM,2026-02-18T06:03:01.471104,14.80609094,.00509409,99.3439,335.5239,108.0103,252.6666,0,U,31631,999,64968,.60734639E-2,.47906E-3,0
FENGYUN 1C DEB,1999-025CAQ,2026-02-05T08:54:08.542944,13.94728218,.00909934,99.3596,88.6398,10.6859,349.6207,0,U,31634,999,57285,.35970966E-3,.453E-5,0
FENGYUN 1C DEB,1999-025CAV,2026-02-15T02:28:06.356640,13.85199564,.0160774,98.7509,352.7437,331.0093,93.2412,0,U,31639,999,94579,.19129922E-3,.199E-5,0
FENGYUN 1C DEB,1999-025CAY,2026-02-18T04:37:20.324640,14.33584044,.01204071,98.4955,135.2078,57.2020,304.0695,0,U,31642,999,97985,.25613085E-3,.725E-5,0
FENGYUN 1C DEB,1999-025CBA,2026-02-17T12:18:28.302912,14.68892291,.01523695,98.6674,307.3486,335.7540,147.0670,0,U,31644,999,72024,.11710243E-2,.812E-4,0
FENGYUN 1C DEB,1999-025CBC,2026-02-14T20:15:28.927584,14.14274963,.00341912,98.6879,72.0813,34.1902,326.1464,0,U,31646,999,64097,.47731091E-3,.874E-5,0
FENGYUN 1C DEB,1999-025CBE,2026-02-07T07:17:22.534656,14.16352081,.0043132,102.7926,250.7708,15.2456,344.9991,0,U,31648,999,72698,.30408351E-2,.6021E-4,0
FENGYUN 1C DEB,1999-025CBM,2026-02-14T02:07:00.156000,13.64607830,.0294726,99.2858,353.2362,335.1836,84.5008,0,U,31655,999,60583,.4504521E-2,.4825E-4,0
FENGYUN 1C DEB,1999-025CBN,2026-02-17T22:37:11.633664,14.48284877,.0020273,99.1973,48.5303,210.7785,178.6397,0,U,31656,999,97428,.16315E-2,.6064E-4,0
FENGYUN 1C DEB,1999-025CBP,2026-02-08T01:28:36.726816,13.97833643,.0147612,102.2158,327.1431,278.7453,79.7005,0,U,31657,999,63665,.36837E-2,.5655E-4,0
FENGYUN 1C DEB,1999-025CBQ,2026-02-18T12:27:17.265312,13.99569838,.02103818,98.1584,256.2818,130.6208,231.3470,0,U,31658,999,70764,.19630749E-2,.3433E-4,0
FENGYUN 1C DEB,1999-025CBS,2026-02-17T18:31:28.626240,14.27397429,.01011082,98.5085,53.3114,345.3441,14.4814,0,U,31660,999,8872,.68948117E-3,.1742E-4,0
FENGYUN 1C DEB,1999-025CBT,2026-02-17T17:16:13.311264,14.25999260,.0056167,98.8526,133.4935,32.8194,118.1689,0,U,31661,999,96667,.10254359E-2,.2443E-4,0
FENGYUN 1C DEB,1999-025CBV,2026-02-17T14:04:02.311104,14.76789091,.0190642,98.8383,327.7852,27.6050,333.5125,0,U,31663,999,260,.35526E-3,.3291E-4,0
FENGYUN 1C DEB,1999-025CBW,2026-02-17T10:08:53.794176,14.10425659,.01240161,98.7578,43.1911,330.2644,29.1517,0,U,31664,999,96941,.46863808E-3,.851E-5,0
FENGYUN 1C DEB,1999-025CBX,2026-02-18T01:31:54.454944,13.85032022,.01856631,98.4456,90.3867,2.9284,357.2916,0,U,31665,999,94123,.102229E-2,.1285E-4,0
FENGYUN 1C DEB,1999-025CBY,2026-02-16T21:23:01.847040,14.89019637,.00252879,98.6551,207.4134,289.7472,70.1016,0,U,31666,999,98254,.3658387E-2,.3473E-3,0
FENGYUN 1C DEB,1999-025CBZ,2026-02-18T09:09:51.397632,14.23600332,.00500616,99.0816,268.5701,253.6368,105.9301,0,U,31667,999,56955,.23463129E-3,.494E-5,0
FENGYUN 1C DEB,1999-025CCE,2026-02-11T18:10:40.226592,14.52213611,.01049943,98.9585,239.3630,158.0851,202.4882,0,U,31672,999,65756,.21570262E-2,.9364E-4,0
FENGYUN 1C DEB,1999-025CCF,2026-02-16T00:19:15.244032,14.32063096,.01243157,99.3736,251.7232,220.5434,138.6437,0,U,31673,999,65825,.29762068E-3,.817E-5,0
FENGYUN 1C DEB,1999-025CCG,2026-01-21T08:13:30.018720,14.52905752,.00259651,98.9240,65.1414,168.8075,191.3702,0,U,31674,999,65189,.67760294E-2,.28092E-3,0
FENGYUN 1C DEB,1999-025CCL,2026-02-10T01:43:25.057056,14.54251636,.02557881,98.7972,158.3101,207.3100,151.4454,0,U,31678,999,97701,.19307835E-2,.12643E-3,0
FENGYUN 1C DEB,1999-025CCN,2026-02-08T03:57:13.237920,15.29555824,.00663012,99.8355,169.7624,100.9906,259.8794,0,U,31680,999,1048,.14097052E-2,.43268E-3,0
FENGYUN 1C DEB,1999-025CCT,2026-02-18T11:57:42.332832,14.09686588,.00172083,98.7255,76.6591,39.7545,320.4883,0,U,31685,999,96044,.13718967E-3,.198E-5,0
FENGYUN 1C DEB,1999-025CCU,2026-02-18T10:19:51.196224,14.73337619,.02773059,98.1405,126.3080,233.2244,124.3222,0,U,31686,999,98815,.76264079E-3,.9113E-4,0
FENGYUN 1C DEB,1999-025CCW,2026-02-18T02:44:02.173920,14.02349419,.00739822,98.9528,107.0562,315.5614,43.9631,0,U,31688,999,96222,-.17367015E-4,-.72E-6,0
FENGYUN 1C DEB,1999-025CCZ,2026-02-14T11:31:21.098784,14.26953464,.00582088,98.8761,137.8160,58.1027,302.5798,0,U,31691,999,65020,.18189947E-2,.4459E-4,0
FENGYUN 1C DEB,1999-025CDA,2026-02-16T22:56:39.096384,14.19349328,.00861636,99.1790,51.7452,254.4867,104.6781,0,U,31692,999,59148,.26398837E-2,.5711E-4,0
FENGYUN 1C DEB,1999-025CDD,2026-02-18T00:32:28.250016,14.75583347,.0169915,98.2567,139.7162,14.5462,346.0550,0,U,31695,999,66963,.81290305E-3,.6959E-4,0
FENGYUN 1C DEB,1999-025CDM,2026-02-18T06:29:26.805696,14.99456190,.0023168,99.0308,324.3740,68.3332,62.3003,0,U,31714,999,97057,.67678081E-2,.84325E-3,0
FENGYUN 1C DEB,1999-025CDN,2026-02-18T08:00:01.466784,14.52787946,.01845466,99.2933,250.4126,277.8761,80.1521,0,U,31715,999,62698,.82250083E-3,.4163E-4,0
FENGYUN 1C DEB,1999-025CDP,2026-02-18T05:19:44.517792,14.04023173,.01286017,98.5535,309.2676,262.8360,250.8366,0,U,31716,999,95066,.10204219E-2,.1695E-4,0
FENGYUN 1C DEB,1999-025CDT,2026-02-17T17:51:43.822080,14.72951637,.00961439,99.0490,333.1945,276.6935,82.3335,0,U,31720,999,99222,.85414867E-3,.5832E-4,0
FENGYUN 1C DEB,1999-025CDU,2026-02-16T22:12:58.447008,13.73888932,.03179328,99.7898,34.1772,12.7536,14.6264,0,U,31721,999,68295,.83536956E-3,.1081E-4,0
FENGYUN 1C DEB,1999-025CDX,2026-02-17T11:39:15.878016,14.51184173,.01493892,97.8536,54.9725,36.5398,324.5879,0,U,31724,999,65459,.43995962E-2,.20197E-3,0
FENGYUN 1C DEB,1999-025CDY,2026-02-04T06:55:38.994528,12.79375725,.0689732,99.1800,247.6583,214.8468,140.5580,0,U,31725,999,87166,.2732E-2,.1654E-4,0
FENGYUN 1C DEB,1999-025CEA,2026-02-18T06:35:14.305632,14.38156336,.00344758,98.8648,168.4104,146.1926,244.3057,0,U,31727,999,72639,.21455319E-2,.6514E-4,0
FENGYUN 1C DEB,1999-025CEE,2026-02-17T02:46:25.025952,14.41092203,.00110076,99.3032,107.1063,248.6175,111.3837,0,U,31731,999,96786,.18323224E-2,.5858E-4,0
FENGYUN 1C DEB,1999-025CEF,2026-02-18T00:56:12.708672,14.12351842,.00410011,98.5653,85.8454,55.4501,305.0531,0,U,31732,999,65280,.29648288E-3,.509E-5,0
FENGYUN 1C DEB,1999-025CEH,2026-02-16T05:11:37.118112,14.29202064,.0103294,98.5012,42.7195,173.5557,186.6981,0,U,31734,999,97386,.29418E-3,.749E-5,0
FENGYUN 1C DEB,1999-025CEJ,2026-02-18T06:04:57.214272,14.42926718,.00593412,98.5770,158.0057,82.7645,278.0285,0,U,31735,999,97638,.80350581E-3,.2699E-4,0
FENGYUN 1C DEB,1999-025CEK,2026-02-14T10:40:36.017184,14.14231426,.00129336,98.6809,50.5346,63.5031,296.7468,0,U,31736,999,64965,.17335616E-3,.288E-5,0
FENGYUN 1C DEB,1999-025CEL,2026-02-17T01:28:00.950304,14.69379565,.01476078,97.9095,84.5177,163.2099,224.8882,0,U,31737,999,99173,.58460198E-3,.4033E-4,0
FENGYUN 1C DEB,1999-025CEM,2026-02-12T00:43:58.596384,13.85342239,.03050471,99.3539,115.2354,296.0459,60.9586,0,U,31738,999,63106,.14626664E-2,.2346E-4,0
FENGYUN 1C DEB,1999-025CEN,2026-02-15T08:56:04.957440,14.19254126,.01263868,98.7363,105.8616,252.0348,106.7018,0,U,31739,999,96403,.11815375E-3,.223E-5,0
FENGYUN 1C DEB,1999-025CEQ,2026-02-10T14:38:05.290944,14.31624771,.01740535,99.0646,334.6953,257.1406,101.0282,0,U,31741,999,3076,.82247834E-3,.2534E-4,0
FENGYUN 1C DEB,1999-025CER,2026-02-16T20:43:46.458624,14.40124911,.00763803,98.9167,275.4016,132.6897,228.0757,0,U,31742,999,97601,.60127119E-3,.1917E-4,0
FENGYUN 1C DEB,1999-025CES,2026-02-18T07:27:35.452800,14.31967472,.00398568,99.1463,345.7897,23.2068,130.1725,0,U,31743,999,96607,.15750948E-2,.4215E-4,0
FENGYUN 1C DEB,1999-025CET,2026-02-10T14:01:44.688864,14.17537577,.03140431,99.3017,160.4208,235.2617,121.8616,0,U,31744,999,95462,.32042345E-2,.10547E-3,0
FENGYUN 1C DEB,1999-025CEV,2026-02-17T03:18:16.655328,14.80995651,.00197795,98.5883,180.1639,346.1658,13.9008,0,U,31746,999,98009,.40222413E-2,.31333E-3,0
FENGYUN 1C DEB,1999-025CFB,2026-02-06T22:32:35.227104,13.93551149,.03569708,98.9704,114.1892,179.5155,180.6422,0,U,31752,999,94373,.19085688E-2,.4202E-4,0
FENGYUN 1C DEB,1999-025CFC,2026-02-17T21:28:39.103392,14.18748859,.0158243,98.6244,85.2260,340.8687,143.0610,0,U,31753,999,96971,.23581E-3,.511E-5,0
FENGYUN 1C DEB,1999-025CFD,2026-02-17T20:29:51.557280,14.42815858,.00508938,99.0468,23.1541,20.8581,339.4668,0,U,31754,999,97957,.10105926E-2,.3375E-4,0
FENGYUN 1C DEB,1999-025CFG,2026-02-18T06:58:10.181568,14.08004622,.02162578,98.7650,74.4672,253.1797,104.5552,0,U,31757,999,64832,.22306156E-3,.425E-5,0
FENGYUN 1C DEB,1999-025CFH,2026-02-18T11:07:34.203648,14.44647690,.0306856,98.0581,60.0366,243.3347,113.6122,0,U,31758,999,95177,.16082997E-2,.9923E-4,0
FENGYUN 1C DEB,1999-025CFK,2026-02-18T05:42:30.659904,14.30462816,.0051348,99.2503,156.1596,4.2150,355.9453,0,U,31760,999,97097,.53041426E-3,.1351E-4,0
FENGYUN 1C DEB,1999-025CFL,2026-02-15T09:39:15.709824,14.04418924,.04695764,98.6342,272.3407,80.6772,284.7164,0,U,31761,999,59018,.15219428E-2,.655E-4,0
FENGYUN 1C DEB,1999-025CFN,2026-02-18T06:12:50.740704,13.50503877,.05454435,98.5175,153.3232,254.4116,128.7350,0,U,31763,999,91917,.92355368E-3,.1469E-4,0
FENGYUN 1C DEB,1999-025CFR,2026-02-17T19:52:51.006432,14.05321103,.00755688,98.8205,49.8086,102.4324,258.5313,0,U,31766,999,65028,.17537703E-4,-.13E-6,0
FENGYUN 1C DEB,1999-025CFS,2026-02-18T01:47:11.223744,14.05000946,.00400711,98.8147,81.8796,239.7777,179.9489,0,U,31767,999,95771,.84602944E-4,.94E-6,0
FENGYUN 1C DEB,1999-025CFT,2026-02-16T01:05:36.277728,14.79185740,.00261462,99.0353,132.7825,140.9637,342.9422,0,U,31768,999,97837,.29286143E-2,.21856E-3,0
FENGYUN 1C DEB,1999-025CFX,2026-02-18T04:29:00.811680,14.12081797,.01349415,98.4748,327.9639,281.6723,76.9334,0,U,31772,999,71835,.10698102E-2,.2095E-4,0
FENGYUN 1C DEB,1999-025CFY,2026-02-13T05:36:38.441664,14.75071620,.0037876,98.9535,46.5840,348.4394,11.5939,0,U,31773,999,66095,.22462E-2,.1528E-3,0
FENGYUN 1C DEB,1999-025CGE,2026-02-18T00:33:51.556896,14.41859543,.02128361,99.3018,339.9869,346.0618,13.4750,0,U,31779,999,97979,.55136014E-3,.2303E-4,0
FENGYUN 1C DEB,1999-025CGF,2026-02-13T09:56:46.056480,14.69905092,.01488986,99.2914,210.6609,220.4970,138.5076,0,U,31780,999,99418,.51832726E-3,.3607E-4,0
FENGYUN 1C DEB,1999-025CGG,2026-02-16T07:03:27.255744,14.14461972,.0195618,99.4995,227.2988,91.9454,270.4131,0,U,31781,999,69274,.32549E-2,.7456E-4,0
FENGYUN 1C DEB,1999-025CGH,2026-02-16T22:39:23.589792,14.36466253,.00798473,98.9101,216.3749,161.2444,350.8292,0,U,31782,999,97641,.54222099E-3,.1602E-4,0
FENGYUN 1C DEB,1999-025CGJ,2026-02-15T11:37:31.416960,14.08994016,.01025556,98.6066,57.2295,225.4788,295.5385,0,U,31783,999,90132,.60055331E-3,.105E-4,0
FENGYUN 1C DEB,1999-025CGP,2026-02-12T09:51:56.212992,13.45435155,.04643549,102.5519,206.8811,310.1890,75.8133,0,U,31788,999,91434,.26248345E-2,.2923E-4,0
FENGYUN 1C DEB,1999-025CGS,2026-02-12T06:04:43.539744,14.12591349,.013674,98.2740,212.3195,326.9185,32.3490,0,U,31804,999,64530,.17251E-2,.3449E-4,0
FENGYUN 1C DEB,1999-025CGT,2026-02-08T04:16:55.789536,14.04077468,.04430736,98.3716,23.9560,356.1457,3.6339,0,U,31805,999,63169,.40908881E-2,.15673E-3,0
FENGYUN 1C DEB,1999-025CGV,2026-02-15T04:55:11.562816,14.52524678,.0103566,99.0809,187.3874,329.3285,30.1879,0,U,31807,999,66241,.70801E-3,.3045E-4,0
FENGYUN 1C DEB,1999-025CGW,2026-02-17T08:51:12.252384,14.60799148,.00400211,99.2053,247.5149,296.6508,63.0593,0,U,31808,999,58574,.51538856E-2,.25488E-3,0
FENGYUN 1C DEB,1999-025CGY,2026-02-03T07:53:25.545696,14.46232315,.02119502,98.2669,53.4376,340.6957,18.6292,0,U,31810,999,65174,.10348312E-2,.4848E-4,0
FENGYUN 1C DEB,1999-025CHB,2026-02-08T23:55:24.311424,14.50126500,.0136573,99.4190,131.3853,160.9483,199.6888,0,U,31813,999,98100,.63122572E-3,.2702E-4,0
FENGYUN 1C DEB,1999-025CHC,2026-02-13T23:31:35.668416,13.66555638,.02293622,99.5626,99.1667,53.6441,308.5634,0,U,31814,999,62663,.51760231E-3,.472E-5,0
FENGYUN 1C DEB,1999-025CHD,2026-02-17T05:31:12.254016,14.10298534,.0058572,98.7760,37.9210,192.0875,167.8894,0,U,31815,999,96476,.32831E-4,.16E-6,0
FENGYUN 1C DEB,1999-025CHE,2026-02-18T06:52:48.040896,13.94369523,.01184688,98.9833,166.7493,329.1851,59.2872,0,U,31816,999,94635,.732802E-3,.99E-5,0
FENGYUN 1C DEB,1999-025CHF,2026-02-15T19:26:57.559488,14.66916133,.00592197,98.9211,53.7716,234.0323,125.5378,0,U,31817,999,72359,.13239785E-2,.7548E-4,0
FENGYUN 1C DEB,1999-025CHH,2026-02-15T22:11:36.066336,14.30325525,.0088155,98.4800,41.5595,127.0755,233.8528,0,U,31819,999,97625,.31433E-3,.809E-5,0
FENGYUN 1C DEB,1999-025CHJ,2026-02-17T11:24:28.058400,14.94918833,.01431637,98.9638,233.7142,157.1143,203.6540,0,U,31820,999,99252,.1570539E-2,.21007E-3,0
FENGYUN 1C DEB,1999-025CHK,2026-02-18T11:16:34.950144,14.44526718,.02099852,98.1585,296.6367,167.6839,192.9601,0,U,31821,999,94638,.24106704E-2,.10883E-3,0
FENGYUN 1C DEB,1999-025CHM,2026-02-18T05:58:07.854528,14.67732636,.00321975,99.5053,151.1158,13.5103,346.6951,0,U,31823,999,97707,.20054948E-2,.11468E-3,0
FENGYUN 1C DEB,1999-025CHP,2026-02-18T06:04:44.660352,14.21853536,.0166181,98.5942,52.1185,141.8366,219.4717,0,U,31825,999,96581,.33970945E-3,.819E-5,0
FENGYUN 1C DEB,1999-025CHQ,2026-02-16T19:09:40.154688,14.19430078,.01241382,98.6324,42.2226,359.6891,129.1497,0,U,31826,999,96751,.50776913E-3,.1111E-4,0
FENGYUN 1C DEB,1999-025CHT,2026-02-17T22:23:18.528576,13.88757106,.0168179,98.8413,220.3219,341.6601,173.4036,0,U,31829,999,95080,.2882E-3,.347E-5,0
FENGYUN 1C DEB,1999-025CHU,2026-02-13T18:25:32.279808,13.83799241,.01858383,99.1583,153.8778,146.8718,6.0685,0,U,31830,999,93611,.17869308E-2,.222E-4,0
FENGYUN 1C DEB,1999-025CHY,2026-02-17T19:41:18.028320,14.03256121,.01607704,98.3643,268.6878,247.6793,110.7265,0,U,31834,999,64651,.49071545E-3,.818E-5,0
FENGYUN 1C DEB,1999-025CJA,2026-02-18T07:57:21.236256,14.10649177,.01119285,98.6198,16.6604,286.3505,72.5384,0,U,31836,999,62356,.19805236E-2,.3707E-4,0
FENGYUN 1C DEB,1999-025CJB,2026-02-14T10:26:55.761504,14.83858597,.00916209,98.0923,126.8085,170.2709,190.0306,0,U,31837,999,99303,.14372497E-2,.12803E-3,0
FENGYUN 1C DEB,1999-025CJF,2026-01-27T18:18:18.961344,14.04226466,.03075905,98.4194,198.2169,175.1572,203.9342,0,U,31841,999,59985,.47961875E-2,.11592E-3,0
FENGYUN 1C DEB,1999-025CJH,2026-02-16T01:20:12.991488,13.34792140,.06345436,99.2836,347.1939,192.7494,165.6915,0,U,31843,999,65567,.16803104E-2,.2654E-4,0
FENGYUN 1C DEB,1999-025CJJ,2026-02-15T23:34:57.389952,14.20047564,.0102903,100.3068,51.2671,172.0166,188.2672,0,U,31844,999,96258,.63851E-3,.1377E-4,0
FENGYUN 1C DEB,1999-025CJQ,2026-01-29T09:51:35.967744,15.47555110,.00553194,98.5621,87.0115,282.7181,76.7886,0,U,31850,999,66562,.45020366E-2,.253E-2,0
FENGYUN 1C DEB,1999-025CJU,2026-02-17T20:14:35.495232,14.03187797,.0071058,98.8508,55.1897,314.7100,44.8293,0,U,31854,999,70213,.32014E-3,.466E-5,0
FENGYUN 1C DEB,1999-025CJX,2026-02-17T06:32:14.882208,13.62187472,.0311203,96.1851,58.6705,97.0742,266.5902,0,U,31857,999,62535,.1666E-2,.1763E-4,0
FENGYUN 1C DEB,1999-025CKB,2026-02-03T08:42:27.345600,13.30562808,.04903804,102.3477,242.5161,90.5385,275.1918,0,U,31861,999,67467,.21531818E-2,.1922E-4,0
FENGYUN 1C DEB,1999-025CKC,2026-02-17T16:23:40.962336,15.03747210,.01009562,98.9972,134.6472,61.0127,300.1169,0,U,31877,999,46,.68157366E-3,.1039E-3,0
FENGYUN 1C DEB,1999-025CKD,2026-02-16T16:10:08.736672,14.87686724,.00839374,99.4458,348.5470,32.7347,327.9026,0,U,31878,999,99073,.15260688E-2,.1478E-3,0
FENGYUN 1C DEB,1999-025CKE,2026-02-18T11:59:44.530080,14.43179167,.02079656,99.7031,302.3791,199.8513,159.4493,0,U,31879,999,64187,.2512499E-3,.1029E-4,0
FENGYUN 1C DEB,1999-025CKF,2026-02-10T06:07:26.856480,13.89519140,.0126843,100.0331,213.6299,355.6300,4.3738,0,U,31880,999,63806,.68031E-3,.836E-5,0
FENGYUN 1C DEB,1999-025CKJ,2026-02-18T05:51:10.233216,14.68621745,.01209923,99.0304,337.8168,220.4421,138.7740,0,U,31883,999,98969,.55793681E-3,.3558E-4,0
FENGYUN 1C DEB,1999-025CKN,2026-02-15T02:44:53.643264,14.58584287,.00266101,99.5327,112.0514,174.4525,185.6970,0,U,31887,999,97546,.11608611E-2,.5371E-4,0
FENGYUN 1C DEB,1999-025CKP,2026-02-18T06:23:25.470528,14.34830987,.00206527,99.1570,344.6289,21.2289,338.9747,0,U,31888,999,96605,.1934072E-2,.5458E-4,0
FENGYUN 1C DEB,1999-025CKR,2026-02-11T06:11:20.928768,14.10164280,.00733149,98.7182,56.9204,71.0069,289.9028,0,U,31890,999,65005,.16923468E-3,.265E-5,0
FENGYUN 1C DEB,1999-025CKS,2026-02-14T00:35:54.326976,13.66275573,.02245907,99.4005,63.2895,20.2449,340.7429,0,U,31891,999,93274,.53477648E-3,.482E-5,0
FENGYUN 1C DEB,1999-025CKT,2026-02-07T06:24:19.252800,14.41690289,.0198448,99.2931,217.9948,120.8295,241.2585,0,U,31892,999,65720,.92865E-3,.3775E-4,0
FENGYUN 1C DEB,1999-025CKU,2026-02-10T03:51:22.688064,14.64032984,.01752244,99.0797,10.4468,144.2006,238.4068,0,U,31893,999,99274,.21466463E-3,.134E-4,0
FENGYUN 1C DEB,1999-025CKW,2026-02-11T21:08:30.602400,13.75869525,.022423,99.0902,74.0205,68.4818,294.0075,0,U,31895,999,62737,.23694E-2,.2719E-4,0
FENGYUN 1C DEB,1999-025CKZ,2026-02-15T20:48:10.966176,14.69381024,.01433438,98.7052,280.8773,16.8180,343.7704,0,U,31898,999,66668,.94596182E-3,.649E-4,0
FENGYUN 1C DEB,1999-025CLA,2026-02-13T01:35:29.049216,13.83715677,.0178398,102.0795,129.5232,7.5352,352.8411,0,U,31899,999,68426,.97287963E-3,.115E-4,0
FENGYUN 1C DEB,1999-025CLC,2026-02-03T16:18:53.905248,13.94176855,.0132445,98.6086,357.2366,43.6592,317.4958,0,U,31901,999,64145,.3444513E-3,.452E-5,0
FENGYUN 1C DEB,1999-025CLD,2026-02-18T10:27:14.906880,14.23434184,.01792458,98.5156,32.1252,312.4535,200.1332,0,U,31902,999,65754,.34986711E-3,.891E-5,0
FENGYUN 1C DEB,1999-025CLE,2026-02-17T10:50:33.479232,14.61121359,.01276735,99.2794,49.8570,193.2204,166.5637,0,U,31903,999,98369,.38970622E-3,.2085E-4,0
FENGYUN 1C DEB,1999-025CLG,2026-02-16T09:49:24.038400,14.33544355,.01937321,99.1579,32.4291,263.1711,94.7396,0,U,31905,999,97565,.60286994E-3,.2E-4,0
FENGYUN 1C DEB,1999-025CLH,2026-02-17T08:47:07.394784,14.25418715,.00503401,98.6913,185.8521,283.0618,132.6281,0,U,31906,999,96078,.20511302E-2,.4862E-4,0
FENGYUN 1C DEB,1999-025CLM,2026-02-03T06:28:48.998784,14.48232089,.0225377,97.6633,55.6434,353.1022,6.7086,0,U,31910,999,65129,.13993E-2,.7163E-4,0
FENGYUN 1C DEB,1999-025CLQ,2026-02-18T00:13:01.017984,13.92212718,.0191206,99.2934,335.1612,129.1098,232.7237,0,U,31913,999,56822,.25398796E-2,.3738E-4,0
FENGYUN 1C DEB,1999-025CLR,2026-02-18T11:02:53.182464,14.55871271,.01807985,99.0216,282.9989,223.9488,134.7210,0,U,31914,999,69458,.14098214E-3,.705E-5,0
FENGYUN 1C DEB,1999-025CLS,2026-02-15T00:09:32.326560,14.16456401,.01021664,98.6284,66.8734,85.9099,275.3746,0,U,31915,999,65017,.72908002E-3,.1484E-4,0
FENGYUN 1C DEB,1999-025CLT,2026-02-05T12:02:21.055776,14.33006857,.01442478,99.3240,130.8608,297.3658,61.2906,0,U,31916,999,65311,.2070348E-2,.6313E-4,0
FENGYUN 1C DEB,1999-025CLU,2026-02-10T06:27:03.660768,14.37851333,.0190733,98.3654,37.4762,114.4607,262.3063,0,U,31917,999,97277,.39552921E-3,.1425E-4,0
FENGYUN 1C DEB,1999-025CLW,2026-02-17T15:44:13.153920,14.46010834,.0101819,99.1083,200.9633,8.7232,53.5437,0,U,31919,999,98048,.24642E-3,.881E-5,0
FENGYUN 1C DEB,1999-025CLY,2026-02-18T03:44:13.521120,13.75439207,.02018904,99.3376,305.1604,86.5866,275.8354,0,U,31921,999,93233,.14516885E-2,.1578E-4,0
FENGYUN 1C DEB,1999-025CLZ,2026-02-18T10:47:44.531808,13.86937600,.01605852,98.8113,41.9638,201.9822,312.0762,0,U,31922,999,93955,.10722428E-2,.1347E-4,0
FENGYUN 1C DEB,1999-025CMA,2026-02-18T04:40:58.304064,13.55130911,.03026769,98.4317,138.2554,128.5944,234.2724,0,U,31923,999,64548,.12918397E-2,.1163E-4,0
FENGYUN 1C DEB,1999-025CMB,2026-02-18T08:30:33.776640,13.64134809,.02727461,98.4028,202.6477,277.1484,79.8729,0,U,31924,999,92389,.17344309E-2,.1743E-4,0
FENGYUN 1C DEB,1999-025CMD,2026-02-18T05:51:57.255552,14.31688181,.0037058,98.9534,151.5477,63.0027,297.4932,0,U,31926,999,96193,.16727862E-2,.4451E-4,0
FENGYUN 1C DEB,1999-025CME,2026-02-08T15:12:34.584768,14.35140260,.0073108,98.7945,175.0554,243.6723,115.6941,0,U,31929,999,71476,.60745229E-3,.1742E-4,0
FENGYUN 1C DEB,1999-025CMG,2026-02-17T01:34:41.994912,13.42703506,.0424405,97.8176,348.8293,96.8963,268.0634,0,U,31931,999,66112,.94530626E-3,.891E-5,0
FENGYUN 1C DEB,1999-025CMK,2026-02-13T23:37:29.991360,15.16385771,.00286472,98.8687,109.4029,20.5879,339.6497,0,U,31934,999,61798,.33001184E-2,.65196E-3,0
FENGYUN 1C DEB,1999-025CMN,2026-02-09T00:10:43.456224,14.79545733,.01603525,99.2497,143.3083,115.8429,245.9414,0,U,31937,999,66930,.10702978E-2,.9903E-4,0
FENGYUN 1C DEB,1999-025CMP,2026-02-16T13:39:54.868320,14.96536407,.0149265,98.9205,93.1764,212.8813,146.3053,0,U,31938,999,113,.35772E-3,.5015E-4,0
FENGYUN 1C DEB,1999-025CMV,2026-02-10T14:36:59.254560,14.12012038,.01523375,99.2072,195.7147,196.2345,229.1489,0,U,31944,999,63755,.85588457E-3,.1702E-4,0
FENGYUN 1C DEB,1999-025CMW,2026-02-18T04:02:05.381376,14.21370257,.00615426,98.9559,131.4632,98.0083,262.8083,0,U,31945,999,96153,.13713331E-2,.3007E-4,0
FENGYUN 1C DEB,1999-025CMX,2026-02-03T10:22:32.248416,14.16762058,.00838514,98.8939,99.6427,256.7253,102.4559,0,U,31946,999,64754,.14595404E-2,.2977E-4,0
FENGYUN 1C DEB,1999-025CMZ,2026-02-17T15:43:24.318048,14.28808844,.0027027,99.3869,119.1356,189.6174,324.8623,0,U,31948,999,95983,.11196E-2,.2783E-4,0
FENGYUN 1C DEB,1999-025CNA,2026-02-14T04:23:18.125952,14.17023067,.01270392,98.5510,33.2399,30.3311,330.5138,0,U,31949,999,96403,.44394079E-3,.924E-5,0
FENGYUN 1C DEB,1999-025CND,2026-02-17T13:46:34.101120,14.53948229,.0114776,98.9573,175.2910,90.7021,270.7327,0,U,31952,999,98180,.43111E-3,.1925E-4,0
FENGYUN 1C DEB,1999-025CNG,2026-02-18T04:36:26.495712,14.65316567,.00444661,99.2786,299.5432,338.3337,173.2462,0,U,31955,999,97544,.14916545E-2,.8114E-4,0
FENGYUN 1C DEB,1999-025CNL,2026-02-18T11:12:41.552640,14.48210466,.0028746,98.5104,285.8780,315.7875,44.1020,0,U,31959,999,65333,.18879554E-2,.7038E-4,0
FENGYUN 1C DEB,1999-025CNR,2026-02-14T14:19:13.499328,14.60369033,.00310211,98.6986,177.2950,194.9419,165.0866,0,U,31964,999,68441,.20819955E-2,.101E-3,0
FENGYUN 1C DEB,1999-025CNT,2026-02-05T16:52:55.856928,14.68675901,.008508,99.0209,199.8768,105.3673,255.6950,0,U,31966,999,66549,.21049E-2,.12903E-3,0
FENGYUN 1C DEB,1999-025CNZ,2026-02-18T02:03:58.893984,14.07557088,.007642,99.2019,97.0100,203.3252,186.2255,0,U,31972,999,95908,.63605969E-4,.64E-6,0
FENGYUN 1C DEB,1999-025CPB,2026-02-17T11:51:09.828000,14.30387741,.0072448,98.3786,62.1283,105.0241,255.8975,0,U,31974,999,70376,.18287245E-2,.4853E-4,0
FENGYUN 1C DEB,1999-025CPF,2026-02-08T08:22:44.054400,13.63291470,.02643941,98.3807,191.4691,257.0388,100.1114,0,U,31978,999,92375,.18629991E-2,.1818E-4,0
FENGYUN 1C DEB,1999-025CPG,2026-02-18T11:18:20.838528,13.69875815,.02656587,99.3732,145.3644,106.9539,256.0907,0,U,31979,999,58839,.21617022E-2,.2388E-4,0
FENGYUN 1C DEB,1999-025CPH,2026-02-16T10:59:44.182464,13.32216692,.04255872,97.6023,120.9377,304.3044,51.8485,0,U,31980,999,90545,.73213839E-3,.556E-5,0
FENGYUN 1C DEB,1999-025CPM,2026-02-17T19:43:34.203360,14.23090873,.00639091,98.5599,56.2828,33.7502,326.7721,0,U,31984,999,95327,.34464719E-3,.752E-5,0
FENGYUN 1C DEB,1999-025CPN,2026-02-17T03:54:52.724736,14.23086073,.0152688,98.2177,310.0189,51.9075,309.5762,0,U,31985,999,96555,.33268392E-3,.806E-5,0
FENGYUN 1C DEB,1999-025CPP,2026-02-07T02:02:53.902176,14.14726305,.01246603,99.7223,347.7055,3.5294,356.6727,0,U,31986,999,67375,.61436104E-3,.1223E-4,0
FENGYUN 1C DEB,1999-025CPQ,2026-02-18T10:18:57.099456,14.45558530,.00507529,99.0461,32.3816,319.1161,194.9044,0,U,31987,999,97347,.10276535E-2,.3635E-4,0
FENGYUN 1C DEB,1999-025CPS,2026-02-18T02:53:22.536672,13.93719193,.01169706,99.2018,115.0001,116.0869,275.3558,0,U,31989,999,94656,.63932695E-3,.847E-5,0
FENGYUN 1C DEB,1999-025CPT,2026-02-12T00:28:28.384608,13.57240163,.02601304,99.1566,66.3511,27.9999,1.4203,0,U,31990,999,63603,.336602E-3,.259E-5,0
FENGYUN 1C DEB,1999-025CPU,2026-02-15T08:27:37.104192,13.61301469,.02437916,100.4876,245.1052,254.0822,103.3329,0,U,31991,999,62966,.19380317E-3,.127E-5,0
FENGYUN 1C DEB,1999-025CPV,2026-02-05T14:20:41.978112,13.23123651,.0540083,99.1724,355.0817,256.7546,97.2818,0,U,31992,999,54600,.71684E-3,.617E-5,0
FENGYUN 1C DEB,1999-025CPW,2026-02-16T18:46:42.620736,13.27823665,.04301939,99.2393,18.1352,335.2791,22.8248,0,U,31993,999,89819,.24543936E-2,.1798E-4,0
FENGYUN 1C DEB,1999-025CPX,2026-02-15T05:47:56.810400,13.95796221,.0161067,98.5444,40.7560,327.2705,31.8558,0,U,31994,999,57696,.19637E-3,.258E-5,0
FENGYUN 1C DEB,1999-025CQA,2026-02-16T09:13:05.815776,13.60995306,.02897429,102.5065,114.0833,126.7225,236.0892,0,U,31997,999,62576,.18646197E-2,.1805E-4,0
FENGYUN 1C DEB,1999-025CQC,2026-02-15T22:38:09.505248,13.69215211,.0294725,99.2667,104.4481,324.9381,33.2673,0,U,32086,999,62673,.18996E-2,.2189E-4,0
FENGYUN 1C DEB,1999-025CQE,2026-01-26T20:54:24.977088,13.25355927,.0459572,102.4080,266.6230,260.7241,94.1635,0,U,32088,999,60442,.14528121E-2,.1055E-4,0
FENGYUN 1C DEB,1999-025CQF,2026-02-05T06:17:35.524608,14.14248051,.0111133,98.6557,45.1368,328.8831,30.5792,0,U,32089,999,63986,.93348E-3,.1847E-4,0
FENGYUN 1C DEB,1999-025CQK,2026-02-11T10:01:43.715712,14.37817761,.00787104,98.9174,262.5280,173.4141,186.8098,0,U,32093,999,97389,.420219E-3,.1264E-4,0
FENGYUN 1C DEB,1999-025CQL,2026-02-18T10:23:40.293600,14.10834735,.00360812,98.7510,43.0478,76.5729,283.9460,0,U,32094,999,95319,.32404078E-3,.541E-5,0
FENGYUN 1C DEB,1999-025CQM,2026-02-15T21:13:59.802816,14.16137489,.0077535,98.6400,65.5577,265.1326,94.0992,0,U,32095,999,95739,.3036E-3,.575E-5,0
FENGYUN 1C DEB,1999-025CQN,2026-02-06T01:13:54.410880,13.90383184,.01331525,99.0688,69.7052,350.5259,9.3392,0,U,32096,999,93630,.11517108E-2,.1492E-4,0
FENGYUN 1C DEB,1999-025CQQ,2026-02-02T16:35:34.279872,14.20400167,.01942138,98.6162,29.8140,329.9845,29.0311,0,U,32098,999,64965,.52736181E-3,.132E-4,0
FENGYUN 1C DEB,1999-025CQR,2026-01-22T16:30:26.324352,13.91928698,.03427157,98.2853,355.2553,160.5462,16.6431,0,U,32099,999,65257,.11053146E-2,.2242E-4,0
FENGYUN 1C DEB,1999-025CQT,2026-02-17T23:09:58.776768,14.02075876,.0122774,99.0326,312.4090,50.6915,310.5060,0,U,32101,999,94124,.16742E-2,.2688E-4,0
FENGYUN 1C DEB,1999-025CQX,2026-02-17T05:45:47.270880,13.40645676,.0397154,103.4893,66.5278,296.8992,59.2058,0,U,32105,999,60602,.22666E-2,.1908E-4,0
FENGYUN 1C DEB,1999-025CQY,2026-01-28T17:04:20.196768,14.28272938,.01073368,101.4649,19.5850,279.5184,79.3870,0,U,32106,999,70062,.57974618E-2,.1535E-3,0
FENGYUN 1C DEB,1999-025CRB,2026-02-16T10:49:50.421792,14.34186892,.02065631,98.3556,289.8918,116.0230,246.2386,0,U,32109,999,65830,.33866902E-3,.116E-4,0
FENGYUN 1C DEB,1999-025CRC,2026-02-17T10:40:34.245984,14.29542508,.00339601,99.5468,228.9408,177.3489,213.1610,0,U,32110,999,65341,.17391656E-2,.4425E-4,0
FENGYUN 1C DEB,1999-025CRD,2026-02-18T11:26:15.082944,14.31652492,.01201557,98.4481,52.3729,5.4455,146.2665,0,U,32111,999,97000,.264785E-3,.72E-5,0
FENGYUN 1C DEB,1999-025CRF,2026-02-10T08:42:02.750112,13.94739610,.0237644,99.0202,79.8579,63.7806,298.7575,0,U,32113,999,63717,.68181E-3,.1114E-4,0
FENGYUN 1C DEB,1999-025CRG,2026-02-09T14:55:43.462848,14.79194510,.00444977,99.9259,176.2139,168.5511,191.6717,0,U,32114,999,66599,.23200333E-2,.17475E-3,0
FENGYUN 1C DEB,1999-025CRK,2026-02-18T01:31:15.957696,14.24294552,.00267346,98.6048,98.0212,250.8351,108.9934,0,U,32117,999,95755,.86675288E-3,.1965E-4,0
FENGYUN 1C DEB,1999-025CRM,2026-02-10T08:57:25.159104,14.02997273,.00845908,99.8840,273.9674,252.5236,106.6668,0,U,32119,999,94564,.66859847E-3,.1019E-4,0
FENGYUN 1C DEB,1999-025CRR,2026-02-16T23:50:53.575296,14.61778417,.016072,98.9467,226.2104,90.2116,60.1121,0,U,32123,999,72342,.25386E-3,.1459E-4,0
FENGYUN 1C DEB,1999-025CRT,2026-02-15T18:26:40.483968,14.71888439,.01703515,99.0672,39.4194,120.8406,240.9683,0,U,32125,999,71479,.1662016E-2,.13032E-3,0
FENGYUN 1C DEB,1999-025CRU,2026-02-09T11:35:56.731200,13.56911505,.02809129,99.1084,277.2699,104.4521,258.7963,0,U,32126,999,62511,.11290197E-2,.997E-5,0
FENGYUN 1C DEB,1999-025CRW,2026-02-13T08:54:27.606240,13.94424169,.03969001,99.0221,94.3588,51.3036,312.2928,0,U,32128,999,63858,.47482986E-3,.1175E-4,0
FENGYUN 1C DEB,1999-025CRX,2026-02-16T07:00:33.024096,14.29490661,.0070799,99.0583,173.2339,203.5523,186.1678,0,U,32129,999,95163,.32098E-2,.8385E-4,0
FENGYUN 1C DEB,1999-025CRY,2026-02-09T07:17:27.890592,14.37785969,.0083099,98.9080,213.9200,156.7426,203.7554,0,U,32130,999,97076,.58753E-3,.1794E-4,0
FENGYUN 1C DEB,1999-025CSB,2026-02-17T10:42:12.830112,14.18140310,.00341422,98.4348,51.3256,268.1243,91.6023,0,U,32133,999,95920,.18975837E-3,.35E-5,0
FENGYUN 1C DEB,1999-025CSC,2026-02-17T11:28:00.776064,14.21802225,.02603117,98.5970,55.0208,70.0126,81.5793,0,U,32134,999,96095,.62439286E-3,.1895E-4,0
FENGYUN 1C DEB,1999-025CSE,2026-02-16T10:30:25.425792,14.38278102,.00662936,98.2693,48.1096,337.8454,21.9872,0,U,32136,999,66034,.67652225E-3,.2068E-4,0
FENGYUN 1C DEB,1999-025CSF,2026-02-09T14:03:32.243040,14.82685453,.0183049,98.4443,176.0597,204.9678,154.2597,0,U,32137,999,67602,.16091E-2,.17391E-3,0
FENGYUN 1C DEB,1999-025CSK,2026-02-04T19:26:10.407552,14.03663111,.00746821,98.7453,41.1414,57.0391,303.7929,0,U,32141,999,95702,.65799131E-3,.1018E-4,0
FENGYUN 1C DEB,1999-025CSM,2026-02-07T03:52:29.325792,14.18039689,.010256,98.6051,18.3399,306.7988,52.3810,0,U,32143,999,96733,.29569349E-3,.595E-5,0
FENGYUN 1C DEB,1999-025CSU,2026-02-15T21:14:37.647744,14.60872256,.0169964,99.1864,81.8608,229.6106,129.0152,0,U,32150,999,98657,.1943E-3,.1095E-4,0
FENGYUN 1C DEB,1999-025CSW,2026-02-16T16:33:42.415200,14.57876054,.00532996,98.7642,217.2685,359.9524,0.1659,0,U,32152,999,63573,.13754464E-2,.6377E-4,0
FENGYUN 1C DEB,1999-025CSX,2026-02-18T09:28:44.441184,14.48903890,.02077637,98.7675,259.9890,17.6541,343.1733,0,U,32153,999,98203,.15912155E-3,.732E-5,0
FENGYUN 1C DEB,1999-025CSZ,2026-02-13T01:38:06.902880,14.33150946,.00713061,98.9569,340.7800,58.0159,302.7929,0,U,32155,999,71115,.52719064E-3,.1442E-4,0
FENGYUN 1C DEB,1999-025CTA,2026-02-16T17:51:09.029664,14.32099952,.00812022,99.3600,227.4706,226.7174,132.7214,0,U,32156,999,65765,.36621801E-3,.97E-5,0
FENGYUN 1C DEB,1999-025CTE,2026-02-18T09:36:35.493120,14.37861368,.00826241,98.8891,213.8400,158.4891,201.9800,0,U,32160,999,96859,.56456146E-3,.1724E-4,0
FENGYUN 1C DEB,1999-025CTF,2026-02-18T12:36:11.342592,14.01943715,.01359834,98.8251,157.0439,91.6684,270.0063,0,U,32161,999,64379,.25290412E-3,.376E-5,0
FENGYUN 1C DEB,1999-025CTG,2026-02-18T09:07:41.148768,14.63072693,.0045791,99.4527,109.2837,327.1402,32.6950,0,U,32162,999,95907,.98204737E-3,.5058E-4,0
FENGYUN 1C DEB,1999-025CTH,2026-02-18T06:26:17.801376,14.43626319,.00510539,99.5412,68.1800,195.5108,164.4517,0,U,32163,999,61950,.66901255E-3,.2251E-4,0
FENGYUN 1C DEB,1999-025CTM,2026-02-12T18:17:36.238272,14.31192334,.01620723,98.4810,41.8075,233.6289,124.9848,0,U,32167,999,63562,.30511155E-3,.883E-5,0
FENGYUN 1C DEB,1999-025CTN,2026-02-18T11:01:31.481760,13.86552697,.02391756,101.6508,139.9982,72.3100,290.4003,0,U,32168,999,64418,.89321562E-3,.1237E-4,0
FENGYUN 1C DEB,1999-025CTP,2026-02-17T23:25:45.484896,14.71767582,.0035482,98.5553,245.8769,272.4257,87.2886,0,U,32169,999,97606,.33982E-2,.21431E-3,0
FENGYUN 1C DEB,1999-025CTR,2026-02-01T12:42:47.617920,13.43151665,.04824595,102.8038,308.3091,256.8467,284.3069,0,U,32171,999,61297,.20288038E-2,.2259E-4,0
FENGYUN 1C DEB,1999-025CTU,2026-02-10T09:48:31.052736,14.18014916,.01517762,98.5916,106.6872,74.6190,287.1698,0,U,32174,999,64951,.25609455E-3,.547E-5,0
FENGYUN 1C DEB,1999-025CTV,2026-02-16T05:08:30.039648,13.95299339,.0149502,98.8292,37.9816,141.8267,219.3597,0,U,32175,999,60753,.16412E-2,.2398E-4,0
FENGYUN 1C DEB,1999-025CTX,2026-02-16T20:29:54.599424,14.57184961,.00506562,99.0417,67.7276,203.0013,156.8914,0,U,32177,999,72001,.12288869E-2,.5593E-4,0
FENGYUN 1C DEB,1999-025CTY,2026-02-10T20:17:15.936576,14.23350992,.00945805,100.3051,58.4316,157.9084,202.6207,0,U,32178,999,64858,.901027E-3,.2083E-4,0
FENGYUN 1C DEB,1999-025CTZ,2026-02-18T02:20:14.021664,14.03733564,.01450159,98.8983,101.5629,2.7890,26.5846,0,U,32179,999,66673,.92986281E-4,.117E-5,0
FENGYUN 1C DEB,1999-025CUA,2026-02-18T01:37:25.143168,13.82347708,.01368593,99.5757,95.3002,33.7444,357.1822,0,U,32180,999,95198,.95628986E-4,.65E-6,0
FENGYUN 1C DEB,1999-025CUB,2026-02-18T13:59:10.055328,14.56730065,.00723638,99.4717,167.5158,242.0341,174.5378,0,U,32181,999,97708,.11253872E-2,.5154E-4,0
FENGYUN 1C DEB,1999-025CUD,2026-02-16T08:37:46.697664,14.10270023,.00421939,98.7042,101.4863,232.0577,127.6778,0,U,32183,999,73689,.6408906E-3,.1103E-4,0
FENGYUN 1C DEB,1999-025CUE,2026-02-18T09:12:07.488864,15.64462753,.00384312,98.1181,202.4936,104.8832,255.6686,0,U,32184,999,99453,.20372404E-2,.207585E-2,0
FENGYUN 1C DEB,1999-025CUF,2026-02-13T13:18:56.025504,15.13300241,.01353113,98.8986,265.7309,167.7658,192.6911,0,U,32185,999,95962,.28314728E-2,.63608E-3,0
FENGYUN 1C DEB,1999-025CUG,2026-02-03T10:17:38.924736,13.76656543,.027221,99.6029,90.4624,63.6720,314.0711,0,U,32186,999,63335,.79271982E-3,.978E-5,0
FENGYUN 1C DEB,1999-025CUH,2026-02-17T03:44:25.401984,13.50542466,.02927771,99.4970,129.2091,339.7305,49.9615,0,U,32187,999,67155,.37871721E-3,.274E-5,0
FENGYUN 1C DEB,1999-025CUM,2026-02-17T23:49:44.498496,14.25675622,.00907891,98.6999,109.5950,351.4744,8.4889,0,U,32191,999,65459,.10010842E-2,.2435E-4,0
FENGYUN 1C DEB,1999-025CUN,2026-02-17T14:09:21.464064,13.82574403,.0181779,98.6484,279.0711,341.6256,17.8390,0,U,32192,999,93636,.28843E-3,.315E-5,0
FENGYUN 1C DEB,1999-025CUR,2026-01-24T06:58:29.944704,14.08556806,.0069209,98.7750,30.5477,179.0201,181.1117,0,U,32195,999,64581,.83573E-3,.1425E-4,0
FENGYUN 1C DEB,1999-025CUT,2026-02-16T17:12:05.808960,14.32838737,.01626922,98.9015,323.6114,37.1866,353.2428,0,U,32197,999,95368,.4293094E-3,.1307E-4,0
FENGYUN 1C DEB,1999-025CUU,2026-02-10T03:33:49.154976,14.09397708,.00950821,98.3441,188.6841,124.2314,236.7911,0,U,32198,999,57782,.19625569E-2,.3532E-4,0
FENGYUN 1C DEB,1999-025CUW,2026-02-17T14:01:56.428896,14.16002981,.0041016,98.7846,101.6388,101.4173,259.1613,0,U,32200,999,95309,.77768E-3,.1503E-4,0
FENGYUN 1C DEB,1999-025CUZ,2026-02-18T03:43:15.025728,15.48113005,.01224779,97.0099,303.3100,204.1522,155.3959,0,U,32203,999,76138,.51673507E-3,.36673E-3,0
FENGYUN 1C DEB,1999-025CVB,2026-02-17T06:27:09.156672,14.13963775,.0012101,98.6807,55.2352,99.0298,326.7903,0,U,32205,999,95438,.16855E-3,.278E-5,0
FENGYUN 1C DEB,1999-025CVD,2026-02-09T16:33:13.282848,14.39779820,.00846543,99.8640,13.4115,329.6656,209.0182,0,U,32207,999,65155,.54335896E-3,.1718E-4,0
FENGYUN 1C DEB,1999-025CVF,2026-02-18T07:41:59.709408,13.47419902,.03274049,99.4246,357.9299,216.7310,141.0981,0,U,32209,999,90886,.82785774E-3,.659E-5,0
FENGYUN 1C DEB,1999-025CVJ,2026-02-14T06:30:20.479104,14.40560169,.0136408,99.5706,154.4562,253.7799,132.6027,0,U,32212,999,96976,.58566E-3,.2023E-4,0
FENGYUN 1C DEB,1999-025CVL,2026-02-16T08:34:33.177216,13.91280996,.01903067,99.0384,76.2739,220.2961,210.4262,0,U,32214,999,63334,.23284795E-2,.3358E-4,0
FENGYUN 1C DEB,1999-025CVQ,2026-02-17T01:11:55.667040,14.56211601,.00610005,98.8115,250.5956,225.2399,289.6356,0,U,32218,999,97197,.12516192E-2,.5623E-4,0
FENGYUN 1C DEB,1999-025CVT,2026-02-17T09:15:22.826304,14.58923063,.01447216,98.5730,205.4294,300.8171,57.8851,0,U,32221,999,98169,.24855981E-3,.1287E-4,0
FENGYUN 1C DEB,1999-025CVV,2026-02-13T17:04:46.612704,14.21387875,.0049428,98.8331,128.7993,139.5539,12.3974,0,U,32223,999,65118,.1325066E-2,.2886E-4,0
FENGYUN 1C DEB,1999-025CVW,2026-02-18T07:45:37.658592,14.34196238,.00750206,98.9937,7.9827,228.3822,131.0919,0,U,32224,999,96692,.25035398E-3,.676E-5,0
FENGYUN 1C DEB,1999-025CVX,2026-02-17T22:06:34.875072,14.13111751,.0070985,99.0838,103.5988,18.2644,342.1053,0,U,32225,999,69065,.20343E-3,.343E-5,0
FENGYUN 1C DEB,1999-025CWC,2026-02-16T22:02:55.502880,14.58088200,.00514175,98.8704,206.7894,245.5690,269.4711,0,U,32230,999,61633,.34213543E-2,.16018E-3,0
FENGYUN 1C DEB,1999-025CWG,2026-02-18T01:04:51.437856,13.94430305,.01360171,98.5291,258.8030,149.0005,211.9276,0,U,32234,999,94147,.91737132E-3,.1282E-4,0
FENGYUN 1C DEB,1999-025CWP,2026-02-17T07:29:46.411872,14.29325698,.0143345,99.0690,85.4722,31.8204,329.1538,0,U,32241,999,94774,.13951E-2,.3921E-4,0
FENGYUN 1C DEB,1999-025CWQ,2026-01-25T22:47:45.824352,13.85584065,.01603711,97.2667,290.6007,195.2087,164.4223,0,U,32242,999,63534,.14846013E-2,.1846E-4,0
FENGYUN 1C DEB,1999-025CWR,2026-02-10T18:36:10.217664,14.05227033,.02663919,98.2640,66.1518,312.3668,45.5220,0,U,32243,999,94431,.22102548E-2,.4874E-4,0
FENGYUN 1C DEB,1999-025CWT,2026-02-16T00:38:41.975808,14.78605749,.0094577,98.6534,252.8892,134.3211,226.5801,0,U,32245,999,67070,.12508E-2,.9816E-4,0
FENGYUN 1C DEB,1999-025CWV,2026-02-16T03:03:47.888640,14.51393794,.00513375,99.4033,14.3031,33.0131,327.4248,0,U,32304,999,57221,.16296133E-2,.656E-4,0
FENGYUN 1C DEB,1999-025CWZ,2026-02-18T02:38:00.066336,14.05905764,.01083661,97.7684,97.4894,223.8342,135.4192,0,U,32308,999,66358,.1232331E-2,.2091E-4,0
FENGYUN 1C DEB,1999-025CXF,2026-02-02T13:56:39.799680,14.80732217,.01451326,98.8617,148.9945,354.1434,5.8072,0,U,32314,999,98197,.90539889E-3,.8287E-4,0
FENGYUN 1C DEB,1999-025CXG,2026-02-14T15:29:38.587200,13.66190224,.0228141,100.8121,201.1772,317.7250,40.6498,0,U,32315,999,61961,.17618E-3,.118E-5,0
FENGYUN 1C DEB,1999-025CXH,2026-02-17T14:00:03.161088,14.52807923,.0027479,99.5215,88.9805,130.0888,22.2414,0,U,32316,999,96747,.80055E-3,.325E-4,0
FENGYUN 1C DEB,1999-025CXM,2026-02-07T02:25:44.464512,14.36526631,.00548149,100.3718,271.5939,250.8067,108.7176,0,U,32320,999,62982,.11793131E-2,.3464E-4,0
FENGYUN 1C DEB,1999-025CXP,2026-02-12T21:27:06.926688,13.34293757,.0419207,98.3675,279.8824,301.1027,54.9604,0,U,32322,999,61208,.87811E-3,.684E-5,0
FENGYUN 1C DEB,1999-025CXQ,2026-02-16T08:53:08.951136,13.97225964,.0149968,98.5685,191.1484,27.7249,333.1810,0,U,32323,999,61186,.22477E-2,.3423E-4,0
FENGYUN 1C DEB,1999-025CXR,2026-02-18T05:54:03.936960,14.09295464,.00509423,99.5304,159.8872,196.1599,163.7947,0,U,32324,999,64949,.5282225E-3,.882E-5,0
FENGYUN 1C DEB,1999-025CXT,2026-02-17T00:25:54.150240,13.69456435,.0385871,98.4951,334.7444,322.6131,34.8729,0,U,32326,999,64089,.8027939E-3,.114E-4,0
FENGYUN 1C DEB,1999-025CXY,2026-02-16T17:52:32.414304,14.78201313,.00128696,99.1789,29.0729,301.5021,58.4928,0,U,32331,999,61591,.58599867E-2,.42738E-3,0
FENGYUN 1C DEB,1999-025CXZ,2026-01-27T23:40:34.857120,13.97437620,.02874831,99.1281,86.8097,186.0501,173.7161,0,U,32332,999,93682,.1560446E-2,.3071E-4,0
FENGYUN 1C DEB,1999-025CYB,2026-02-02T08:54:22.371264,14.01734861,.00690022,99.2465,93.4834,139.4835,221.1496,0,U,32334,999,94663,.65044844E-3,.962E-5,0
FENGYUN 1C DEB,1999-025CYH,2026-02-17T11:50:51.035136,14.76986830,.00348148,98.9790,66.6268,84.9255,275.5924,0,U,32340,999,98181,.23538644E-2,.16725E-3,0
FENGYUN 1C DEB,1999-025CYK,2026-02-18T00:37:10.752960,14.13431700,.00083124,98.6709,60.5563,144.9063,279.2593,0,U,32342,999,94668,.92882195E-4,.132E-5,0
FENGYUN 1C DEB,1999-025CYL,2026-02-10T09:54:45.393696,14.19995611,.01504916,98.6163,31.6000,315.7864,43.1366,0,U,32343,999,65560,.50809914E-3,.1166E-4,0
FENGYUN 1C DEB,1999-025CYT,2026-02-14T22:16:25.249728,14.53346827,.02665885,98.2200,94.5318,100.5097,262.6250,0,U,32350,999,98459,.72675617E-3,.4795E-4,0
FENGYUN 1C DEB,1999-025CYV,2026-02-17T23:38:25.220832,14.41599575,.0120813,98.7782,335.8483,332.0770,27.3969,0,U,32352,999,66238,.36457E-3,.1242E-4,0
FENGYUN 1C DEB,1999-025CYW,2026-02-07T06:30:27.329760,14.04350756,.0121688,98.9243,218.7457,40.7124,320.3061,0,U,32353,999,63987,.24961E-2,.4201E-4,0
FENGYUN 1C DEB,1999-025CYZ,2026-02-17T15:37:24.733344,14.03965243,.0121061,102.4965,300.6430,215.3593,143.9488,0,U,32356,999,69326,.14598E-2,.2389E-4,0
FENGYUN 1C DEB,1999-025CZA,2026-02-14T08:29:51.256608,13.69323009,.04866982,98.8502,84.7778,19.3735,42.7689,0,U,32357,999,67658,.26940271E-2,.537E-4,0
FENGYUN 1C DEB,1999-025CZD,2026-02-17T10:38:26.786112,13.99291095,.02300305,98.1074,223.0776,119.8295,242.5955,0,U,32360,999,65749,.2806711E-2,.5087E-4,0
FENGYUN 1C DEB,1999-025CZE,2026-02-17T03:34:48.302688,14.52283377,.00465401,98.8521,115.6486,201.4667,158.4576,0,U,32361,999,97308,.20492231E-2,.8404E-4,0
FENGYUN 1C DEB,1999-025CZF,2026-02-11T03:42:55.201248,13.65489494,.02710941,99.8450,19.2815,131.0422,231.4495,0,U,32362,999,91954,.22528283E-2,.2318E-4,0
FENGYUN 1C DEB,1999-025CZG,2026-02-05T08:52:30.220608,15.67098832,.00332046,98.3300,8.3260,310.6922,49.1452,0,U,32363,999,97657,.34260192E-2,.392633E-2,0
FENGYUN 1C DEB,1999-025CZH,2026-02-15T08:23:04.547616,14.14992017,.01301045,98.3129,245.9029,357.1418,2.8999,0,U,32364,999,64622,.16481342E-2,.3422E-4,0
FENGYUN 1C DEB,1999-025CZK,2026-02-04T01:11:30.472800,14.14350047,.01347266,96.7748,149.6082,109.3633,252.2168,0,U,32366,999,93957,.18512199E-2,.3837E-4,0
FENGYUN 1C DEB,1999-025CZV,2026-02-15T07:14:16.128384,14.78781512,.0038464,99.5699,227.1241,313.8471,170.8851,0,U,32409,999,59792,.2989E-2,.22239E-3,0
FENGYUN 1C DEB,1999-025CZX,2026-02-13T13:16:13.843200,14.09958519,.01228236,98.4307,323.5858,196.0993,163.6261,0,U,32411,999,66699,.39313757E-3,.703E-5,0
FENGYUN 1C DEB,1999-025DAA,2026-02-08T10:07:44.719968,14.18813969,.00478115,98.8519,114.9851,191.9308,168.0739,0,U,32414,999,94550,.14899406E-2,.309E-4,0
FENGYUN 1C DEB,1999-025DAF,2026-02-10T14:03:26.307360,14.10167491,.02809727,97.9498,335.0123,215.1437,143.0918,0,U,32419,999,64414,.42132099E-3,.1036E-4,0
FENGYUN 1C DEB,1999-025DAJ,2026-02-02T14:55:52.597056,13.98140745,.03002993,97.8406,162.6973,144.5962,217.5554,0,U,32422,999,63858,.51677776E-3,.1047E-4,0
FENGYUN 1C DEB,1999-025DAM,2026-02-09T03:36:36.147168,14.17003145,.02338003,96.7046,179.2243,122.9208,239.4698,0,U,32425,999,70362,.60693867E-3,.1568E-4,0
FENGYUN 1C DEB,1999-025DAS,2026-02-12T20:34:25.129056,13.70591687,.0370211,98.6893,67.7911,105.3371,258.9001,0,U,32430,999,92054,.25602E-2,.3656E-4,0
FENGYUN 1C DEB,1999-025DAU,2026-02-13T13:22:02.429184,14.53638605,.01727771,98.1642,84.1602,112.1563,249.8071,0,U,32432,999,71607,.13978622E-2,.7085E-4,0
FENGYUN 1C DEB,1999-025DBC,2026-02-04T20:26:51.836640,13.61708078,.03260174,99.1556,252.8273,311.7197,45.6477,0,U,32440,999,61022,.35492661E-2,.384E-4,0
FENGYUN 1C DEB,1999-025DBK,2026-02-01T07:33:36.753408,13.96047587,.0078467,98.9287,51.9103,261.4437,97.7828,0,U,32447,999,68584,.20033E-3,.238E-5,0
FENGYUN 1C DEB,1999-025DBP,2026-02-17T03:47:26.765952,13.87059025,.01869999,99.9781,37.3218,20.6137,340.2435,0,U,32451,999,62685,.34335215E-2,.4571E-4,0
FENGYUN 1C DEB,1999-025DBR,2026-02-18T05:20:13.405632,14.02452927,.00993547,99.3713,325.8334,21.3307,339.1956,0,U,32453,999,94374,.70165068E-3,.108E-4,0
FENGYUN 1C DEB,1999-025DBT,2026-02-18T09:13:54.453792,13.92988642,.02391418,101.7345,264.4381,337.8330,21.2616,0,U,32455,999,65357,.19551722E-2,.3149E-4,0
FENGYUN 1C DEB,1999-025DBU,2026-02-11T06:11:18.919104,13.35804702,.03746252,103.6711,207.9618,102.2912,262.0399,0,U,32456,999,61424,.12728437E-2,.901E-5,0
FENGYUN 1C DEB,1999-025DBW,2026-02-12T07:02:58.715232,14.63449007,.0040191,99.0408,74.0202,183.3149,176.7790,0,U,32458,999,68689,.16405E-2,.8544E-4,0
FENGYUN 1C DEB,1999-025DBX,2026-02-17T00:15:55.461312,14.43211163,.02118521,98.3002,65.5754,346.2969,13.2525,0,U,32459,999,95506,.75915284E-3,.33E-4,0
FENGYUN 1C DEB,1999-025DBY,2026-02-12T08:12:46.107648,13.89791522,.01837469,98.0223,185.0847,311.4650,47.0857,0,U,32460,999,66109,.11929794E-2,.1642E-4,0
FENGYUN 1C DEB,1999-025DBZ,2026-02-14T12:51:16.601184,13.73038845,.02331444,98.3330,257.5404,305.4589,81.3999,0,U,32461,999,68170,.12098557E-2,.1321E-4,0
FENGYUN 1C DEB,1999-025DCC,2026-02-16T12:20:37.576320,14.95314177,.0109126,97.3492,72.6573,16.3133,344.1556,0,U,32464,999,61774,.15085E-2,.18714E-3,0
FENGYUN 1C DEB,1999-025DCF,2026-02-17T09:53:26.950272,14.22930761,.00805308,99.0282,357.7589,324.5709,158.1970,0,U,33502,999,87903,.31326564E-2,.7244E-4,0
FENGYUN 1C DEB,1999-025DCG,2026-01-30T10:41:53.361600,15.20052910,.01170529,96.6045,97.0395,126.5112,234.6975,0,U,33599,999,66742,.17505755E-2,.45574E-3,0
FENGYUN 1C DEB,1999-025DCJ,2026-02-15T08:34:51.079296,14.08183127,.01562472,98.3189,202.5312,317.8016,41.1213,0,U,33601,999,91589,.10604523E-2,.1983E-4,0
FENGYUN 1C DEB,1999-025DCL,2026-02-16T15:59:23.077248,14.80408653,.02170827,98.8119,354.7724,223.4160,134.9776,0,U,33603,999,99835,.17697516E-3,.1941E-4,0
FENGYUN 1C DEB,1999-025DCN,2026-02-07T06:43:36.287904,14.07911891,.00550734,98.7021,40.2404,275.7637,95.8122,0,U,33605,999,60614,.7568818E-3,.126E-4,0
FENGYUN 1C DEB,1999-025DCV,2026-02-10T03:14:55.838400,14.04513072,.01110487,98.6039,12.2284,303.1986,55.8572,0,U,33612,999,57507,.17443608E-2,.2899E-4,0
FENGYUN 1C DEB,1999-025DCW,2026-02-12T10:53:43.691424,14.34016311,.00294089,98.6886,120.4422,261.2191,98.5662,0,U,33613,999,65394,.21712737E-2,.6053E-4,0
FENGYUN 1C DEB,1999-025DDB,2026-02-18T00:44:10.860864,14.62800489,.0161443,98.5232,143.5795,291.6307,66.7764,0,U,33618,999,97767,.65170193E-3,.3952E-4,0
FENGYUN 1C DEB,1999-025DDC,2026-02-17T03:25:40.111104,14.17919853,.00530076,98.8541,122.3598,213.5321,146.2494,0,U,33619,999,64565,.14096718E-2,.2879E-4,0
FENGYUN 1C DEB,1999-025DDE,2026-02-13T09:45:16.519680,14.19797513,.02853335,98.1385,255.2407,110.5195,252.6850,0,U,33621,999,65133,.4098693E-3,.1265E-4,0
FENGYUN 1C DEB,1999-025DDJ,2026-02-13T18:12:18.825408,14.61851270,.02213715,98.6188,163.1132,300.4475,57.5022,0,U,33625,999,62311,.67986914E-3,.4762E-4,0
FENGYUN 1C DEB,1999-025DDP,2026-02-10T12:24:43.524288,14.17837082,.01337229,98.6141,150.9518,255.4505,103.1807,0,U,33630,999,65258,.44456775E-3,.948E-5,0
FENGYUN 1C DEB,1999-025DDS,2026-02-16T05:09:09.493344,14.19962730,.0079655,99.0531,147.9693,322.2667,67.1773,0,U,33633,999,91640,.18023E-2,.3909E-4,0
FENGYUN 1C DEB,1999-025DDW,2026-02-16T21:41:56.120928,14.37307618,.00802235,98.4871,97.0079,313.9623,45.4965,0,U,33637,999,65788,.12411881E-2,.3798E-4,0
FENGYUN 1C DEB,1999-025DDX,2026-02-15T11:13:07.179744,13.69468015,.02653186,98.4644,294.4214,99.4677,263.6564,0,U,33638,999,61801,.12620896E-2,.1373E-4,0
FENGYUN 1C DEB,1999-025DDY,2026-02-15T00:58:24.484224,14.41604617,.00499463,98.7049,143.2197,100.9503,259.7310,0,U,33639,999,61508,.15149751E-2,.4961E-4,0
FENGYUN 1C DEB,1999-025DDZ,2026-02-17T19:46:42.175200,14.46274571,.00896195,98.8491,359.4441,320.3185,39.1471,0,U,33640,999,93312,.61298475E-3,.2256E-4,0
FENGYUN 1C DEB,1999-025DEH,2026-02-15T18:44:15.440064,14.11815098,.00685961,98.7232,48.6620,351.1063,8.8889,0,U,33648,999,65294,.16954887E-3,.273E-5,0
FENGYUN 1C DEB,1999-025DEK,2026-02-13T22:12:12.818304,13.89367549,.01503347,98.9902,212.8196,266.3699,92.0257,0,U,33650,999,69686,.1243305E-2,.1616E-4,0
FENGYUN 1C DEB,1999-025DEL,2026-02-02T08:18:17.350560,14.20403150,.011589,98.6491,82.8314,264.4903,94.3046,0,U,33651,999,65004,.17019661E-3,.346E-5,0
FENGYUN 1C DEB,1999-025DEQ,2026-02-18T03:55:58.621152,15.01733264,.00425266,98.8044,128.1340,141.9451,218.4788,0,U,33655,999,97568,.21574687E-2,.28649E-3,0
FENGYUN 1C DEB,1999-025DER,2026-02-10T19:17:19.286016,14.22884233,.00889393,98.5839,38.3222,215.8315,143.6877,0,U,33656,999,63563,.36568619E-3,.813E-5,0
FENGYUN 1C DEB,1999-025DET,2026-02-16T09:07:14.544480,13.62716463,.02764303,99.5630,204.4225,13.2095,347.6100,0,U,33658,999,59033,.19901771E-2,.1962E-4,0
FENGYUN 1C DEB,1999-025DEV,2026-02-16T13:06:23.052960,13.91852815,.01116718,98.6562,319.3825,65.0204,59.7534,0,U,33660,999,91979,.36978201E-3,.456E-5,0
FENGYUN 1C DEB,1999-025DEW,2026-02-17T15:01:09.651360,13.72954669,.023233,98.4100,292.5044,334.3729,53.8657,0,U,33661,999,65375,.13188E-2,.1439E-4,0
FENGYUN 1C DEB,1999-025DEY,2026-02-17T19:35:13.741728,14.66998210,.00736413,98.8876,50.3169,163.6944,196.6652,0,U,33663,999,65184,.37102603E-2,.21655E-3,0
FENGYUN 1C DEB,1999-025DEZ,2026-01-31T20:21:42.336288,14.04060094,.01630418,98.7053,183.5195,258.9804,99.2988,0,U,33664,999,91442,.58309619E-3,.995E-5,0
FENGYUN 1C DEB,1999-025DFA,2026-02-05T14:38:34.603872,14.03923313,.0453284,99.0227,158.9372,299.0550,56.5927,0,U,33665,999,93361,.12035E-2,.4738E-4,0
FENGYUN 1C DEB,1999-025DFJ,2026-02-14T15:32:01.667328,13.95618005,.01062775,99.3372,98.3073,51.8516,102.9423,0,U,33673,999,90793,.40210487E-3,.528E-5,0
FENGYUN 1C DEB,1999-025DFK,2026-02-16T01:58:43.112352,13.77195749,.02094886,98.6005,95.8793,65.5213,296.7631,0,U,33674,999,89264,.17361699E-2,.1985E-4,0
FENGYUN 1C DEB,1999-025DFM,2026-02-18T07:15:19.291968,14.35653773,.02031239,99.0895,82.4792,231.7528,126.5225,0,U,33676,999,66280,.1154897E-3,.363E-5,0
FENGYUN 1C DEB,1999-025DFP,2026-02-16T15:34:49.296288,14.47763353,.02042698,99.0340,122.6950,40.4021,321.2140,0,U,33678,999,96049,.35598729E-3,.165E-4,0
FENGYUN 1C DEB,1999-025DFQ,2026-02-15T03:58:37.847712,15.07212776,.01378205,99.3415,131.2460,91.3944,270.3070,0,U,33679,999,95092,.12385446E-2,.23178E-3,0
FENGYUN 1C DEB,1999-025DFT,2026-02-17T14:12:19.499904,14.27171496,.0029041,99.4141,105.2386,246.5127,113.2998,0,U,33682,999,92651,.10599E-2,.2549E-4,0
FENGYUN 1C DEB,1999-025DFV,2026-02-17T15:13:15.501216,14.75064650,.0282021,99.0525,117.1443,131.9308,230.6315,0,U,33684,999,93974,.91117E-3,.11733E-3,0
FENGYUN 1C DEB,1999-025DFY,2026-02-08T07:24:55.757088,15.23235205,.01070967,98.9932,61.1317,141.5735,219.3187,0,U,33687,999,72383,.13506384E-2,.37621E-3,0
FENGYUN 1C DEB,1999-025DFZ,2026-02-17T02:52:45.712128,14.47337742,.00499962,99.3464,161.2998,70.8095,289.8496,0,U,33688,999,92441,.2781908E-2,.10311E-3,0
FENGYUN 1C DEB,1999-025DGA,2026-02-16T06:30:35.078976,14.45755189,.0046705,99.5640,67.8281,321.1176,97.6853,0,U,33689,999,70477,.11217E-2,.3975E-4,0
FENGYUN 1C DEB,1999-025DGB,2026-02-17T18:00:22.664448,14.52910598,.00331477,98.6080,153.8186,202.3462,157.6291,0,U,33690,999,94192,.19468319E-2,.8035E-4,0
FENGYUN 1C DEB,1999-025DGE,2026-02-16T23:25:40.481472,13.71559688,.02261517,99.2210,228.1354,185.5716,174.2910,0,U,33693,999,89139,.14241046E-2,.1498E-4,0
FENGYUN 1C DEB,1999-025DGK,2026-02-17T21:06:47.675808,14.55966081,.0138008,99.6321,24.1770,19.1881,341.4438,0,U,33698,999,96613,.45927E-3,.2229E-4,0
FENGYUN 1C DEB,1999-025DGN,2026-02-08T08:40:37.920864,14.02678003,.0135288,98.6603,355.9632,26.1592,334.6328,0,U,33701,999,91313,.20942143E-2,.3464E-4,0
FENGYUN 1C DEB,1999-025DGX,2026-02-11T05:37:53.550048,14.11899529,.00530945,98.9747,146.1285,336.4140,23.4597,0,U,33710,999,68510,.9200372E-3,.1658E-4,0
FENGYUN 1C DEB,1999-025DGY,2026-02-18T09:30:47.155968,14.01061073,.00972791,99.1713,108.1929,219.7799,203.6840,0,U,33711,999,92879,.68537745E-3,.1025E-4,0
FENGYUN 1C DEB,1999-025DHD,2026-02-10T14:43:54.151680,14.32741142,.00932432,98.8777,333.6385,181.3517,178.7428,0,U,33716,999,66015,.12995482E-3,.324E-5,0
FENGYUN 1C DEB,1999-025DHF,2026-02-15T01:01:04.215360,14.08514566,.01008284,99.6547,142.1421,144.9142,215.8721,0,U,33718,999,70091,.13967496E-2,.2463E-4,0
FENGYUN 1C DEB,1999-025DHG,2026-02-17T02:57:01.965888,14.23783723,.00293864,98.7641,112.8851,242.8138,147.1764,0,U,33719,999,92958,.75272328E-3,.1684E-4,0
FENGYUN 1C DEB,1999-025DHK,2026-02-18T00:17:35.579904,14.21576949,.01588906,98.5727,66.4589,56.9989,304.6346,0,U,33722,999,93103,.53795818E-3,.1298E-4,0
FENGYUN 1C DEB,1999-025DHL,2026-02-16T04:13:36.877728,14.13970222,.01016104,99.1486,134.2775,147.7029,244.6342,0,U,33723,999,64548,.23227753E-2,.459E-4,0
FENGYUN 1C DEB,1999-025DHM,2026-02-16T21:08:33.307584,14.19799736,.00271053,98.6034,61.3205,354.7779,124.1319,0,U,33724,999,94900,.48633084E-3,.991E-5,0
FENGYUN 1C DEB,1999-025DHP,2026-02-18T14:36:01.158336,14.14464104,.01924331,98.6418,176.6682,196.2851,231.8358,0,U,33726,999,92891,.55485608E-3,.1227E-4,0
FENGYUN 1C DEB,1999-025DHR,2026-02-17T15:26:08.546208,14.93555192,.0145731,98.9679,118.9060,0.5497,359.5853,0,U,33728,999,99298,.36681E-3,.468E-4,0
FENGYUN 1C DEB,1999-025DHT,2026-02-09T10:02:17.359008,14.64736914,.00401612,99.0467,108.9288,189.8322,170.2097,0,U,33730,999,96538,.18392533E-2,.9868E-4,0
FENGYUN 1C DEB,1999-025DHU,2026-02-13T13:02:13.856352,13.95697144,.01284567,99.4409,73.2873,244.6446,114.1366,0,U,33731,999,91325,.15299466E-2,.2187E-4,0
FENGYUN 1C DEB,1999-025DHW,2026-02-17T17:19:21.713376,14.32341747,.00740102,99.0943,142.2494,333.8871,179.4343,0,U,33733,999,91406,.22693579E-2,.6276E-4,0
FENGYUN 1C DEB,1999-025DJA,2026-02-18T12:40:46.534368,14.03320514,.01277928,98.3426,242.8396,91.0117,330.9287,0,U,33737,999,89691,.88277584E-3,.1444E-4,0
FENGYUN 1C DEB,1999-025DJB,2026-02-18T10:19:01.057440,13.99718777,.01871097,99.1425,114.4557,195.1759,232.2480,0,U,33738,999,90183,.45470516E-3,.729E-5,0
FENGYUN 1C DEB,1999-025DJD,2026-02-17T20:54:29.640960,14.12366090,.0001075,98.6861,64.7165,15.5952,344.5253,0,U,33740,999,91094,.12265E-3,.183E-5,0
FENGYUN 1C DEB,1999-025DJE,2026-02-16T04:38:38.364576,14.10511428,.0125402,98.5647,322.6990,264.1120,94.5747,0,U,33741,999,57785,.1987E-2,.3766E-4,0
FENGYUN 1C DEB,1999-025DJJ,2026-02-18T02:01:34.201632,14.22817641,.00543523,99.1082,93.5181,76.9182,283.8053,0,U,33745,999,66959,.11499445E-2,.2574E-4,0
FENGYUN 1C DEB,1999-025DJM,2026-02-18T02:52:05.887776,14.32704478,.00350964,98.5766,104.5954,44.8667,315.5345,0,U,33748,999,92358,.6206955E-3,.1657E-4,0
FENGYUN 1C DEB,1999-025DJQ,2026-01-28T03:54:58.419360,14.13546473,.02590234,94.6207,186.3729,58.8832,303.7484,0,U,35088,999,59455,.52787806E-2,.1371E-3,0
FENGYUN 1C DEB,1999-025DJR,2026-02-16T11:34:43.050144,14.19677776,.00272674,98.5582,60.1155,230.9140,128.9611,0,U,35089,999,61808,.76829713E-3,.1588E-4,0
FENGYUN 1C DEB,1999-025DJS,2026-02-17T23:31:15.694464,14.18064955,.0056223,99.1956,69.0419,184.4951,175.5725,0,U,35090,999,67203,.1222E-2,.2498E-4,0
FENGYUN 1C DEB,1999-025DJT,2026-02-17T18:27:17.330976,14.64035205,.00462148,98.5924,160.8081,88.3814,272.2681,0,U,35091,999,90907,.2115121E-2,.11229E-3,0
FENGYUN 1C DEB,1999-025DKE,2026-02-18T11:33:47.569248,14.29104493,.00587946,98.4800,62.9009,251.7446,107.7332,0,U,35102,999,65880,.45149918E-3,.1123E-4,0
FENGYUN 1C DEB,1999-025DKG,2026-02-15T23:26:28.769568,14.20470674,.0029724,98.5968,56.8538,315.0037,74.7344,0,U,35104,999,90693,.39497E-3,.808E-5,0
FENGYUN 1C DEB,1999-025DKH,2026-02-17T04:25:31.880064,14.45624314,.01106565,98.9512,37.8129,215.5897,143.7879,0,U,35105,999,95453,.32606976E-3,.1189E-4,0
FENGYUN 1C DEB,1999-025DKL,2026-01-24T06:23:24.140832,14.06986673,.0133068,98.8015,23.7597,301.9693,56.8597,0,U,35108,999,89836,.67057E-3,.1169E-4,0
FENGYUN 1C DEB,1999-025DKM,2026-02-18T10:46:05.024928,14.20995041,.01519646,98.6224,42.0953,197.6675,161.9184,0,U,35109,999,65121,.17356012E-3,.379E-5,0
FENGYUN 1C DEB,1999-025DKP,2026-02-17T11:06:35.088768,14.11094395,.00219094,99.4576,135.6472,39.7931,320.4840,0,U,35111,999,65085,.42066054E-3,.71E-5,0
FENGYUN 1C DEB,1999-025DKU,2026-02-04T09:30:11.812320,14.25393313,.00577598,98.6553,85.6653,251.0084,108.4832,0,U,35116,999,60724,.1046659E-2,.2468E-4,0
FENGYUN 1C DEB,1999-025DKZ,2026-02-16T09:28:09.444000,14.04807452,.0156434,98.2996,270.0998,270.2034,88.1211,0,U,35121,999,62013,.32299E-3,.538E-5,0
FENGYUN 1C DEB,1999-025DLA,2026-02-18T12:30:44.454240,14.14217291,.00240975,98.6686,70.9256,328.1221,31.8493,0,U,35122,999,64825,.26843768E-3,.471E-5,0
FENGYUN 1C DEB,1999-025DLB,2026-02-06T23:30:35.794944,14.24394898,.00482684,99.1270,227.8143,275.3205,84.2467,0,U,35123,999,61874,.67397925E-3,.153E-4,0
FENGYUN 1C DEB,1999-025DLD,2026-01-25T06:07:33.070368,14.33487686,.0053069,98.2167,39.0879,163.3792,196.9149,0,U,35125,999,31905,.16841E-2,.469E-4,0
FENGYUN 1C DEB,1999-025DLJ,2026-01-30T07:36:14.063616,15.16203993,.00127395,99.0301,248.2207,320.5236,39.5063,0,U,35130,999,65645,.14654748E-1,.295058E-2,0
FENGYUN 1C DEB,1999-025DLP,2026-02-17T20:18:26.214336,14.22700119,.008283,98.5650,60.7803,89.3256,271.7412,0,U,35135,999,88778,.39487E-3,.874E-5,0
FENGYUN 1C DEB,1999-025DLT,2026-02-12T19:52:07.494528,14.21216014,.00697792,98.5846,52.3048,116.8883,243.9449,0,U,35139,999,65035,.3589637E-3,.759E-5,0
FENGYUN 1C DEB,1999-025DLU,2026-02-15T09:43:37.908768,14.21426561,.02916486,98.4540,30.1143,137.8151,224.5874,0,U,35140,999,88197,.9061648E-4,.258E-5,0
FENGYUN 1C DEB,1999-025DLW,2026-02-18T11:09:44.824896,13.90548137,.010894,99.0523,44.8222,30.8821,120.3035,0,U,35142,999,86630,.18894851E-3,.204E-5,0
FENGYUN 1C DEB,1999-025DLY,2026-02-13T18:55:31.514880,14.61313524,.00289787,98.6965,168.2439,171.8794,188.2880,0,U,35144,999,66133,.25653956E-2,.12714E-3,0
FENGYUN 1C DEB,1999-025DMB,2026-02-15T16:32:35.561472,14.75890232,.00255416,99.4812,136.0586,357.7938,2.3150,0,U,35147,999,75262,.16556352E-2,.1138E-3,0
FENGYUN 1C DEB,1999-025DMG,2026-02-08T11:23:53.295360,13.76540188,.01945106,99.8230,229.0210,225.7806,132.7228,0,U,35152,999,62987,.93839263E-3,.1008E-4,0
FENGYUN 1C DEB,1999-025DMH,2026-02-13T12:13:47.584128,14.74327999,.01673767,98.8986,307.4537,246.7931,111.5572,0,U,35153,999,98142,.37199674E-3,.3013E-4,0
FENGYUN 1C DEB,1999-025DMJ,2026-02-11T13:57:29.055456,14.19034878,.01787895,99.4284,172.9170,230.8726,127.6438,0,U,35154,999,65440,.55121427E-3,.1298E-4,0
FENGYUN 1C DEB,1999-025DMK,2026-02-10T18:22:31.912896,14.19477813,.00242899,98.5001,56.0078,257.3094,102.5367,0,U,35155,999,73565,.63874788E-3,.1307E-4,0
FENGYUN 1C DEB,1999-025DML,2026-02-16T10:32:26.676960,14.10727930,.00360874,98.7605,37.1674,325.1292,34.7515,0,U,35156,999,64970,.35714736E-3,.599E-5,0
FENGYUN 1C DEB,1999-025DMP,2026-02-17T04:46:21.125568,14.46300143,.00082026,98.8351,131.1450,323.0819,66.4117,0,U,35159,999,62441,.22722839E-2,.8109E-4,0
FENGYUN 1C DEB,1999-025DMQ,2026-02-10T14:02:51.165024,14.36198442,.01766375,99.1559,164.7549,65.1178,296.8253,0,U,35160,999,65790,.30266163E-3,.1001E-4,0
FENGYUN 1C DEB,1999-025DMV,2026-02-14T18:05:23.977536,14.34654356,.00212407,98.8732,144.3326,226.0652,133.8780,0,U,35165,999,90638,.16261043E-2,.4567E-4,0
FENGYUN 1C DEB,1999-025DMX,2026-01-29T22:11:25.811520,14.31343071,.02303719,98.4515,26.8522,61.8960,300.5303,0,U,35167,999,70709,.95493303E-3,.334E-4,0
FENGYUN 1C DEB,1999-025DMY,2026-02-17T21:59:03.461856,14.15625034,.0124114,98.2711,301.0206,293.7804,65.0397,0,U,35168,999,58874,.25039E-3,.488E-5,0
FENGYUN 1C DEB,1999-025DMZ,2026-02-11T22:10:12.014688,14.59187353,.0149375,99.1224,297.5332,282.5109,75.9413,0,U,35169,999,66672,.63157E-3,.3413E-4,0
FENGYUN 1C DEB,1999-025DNB,2026-02-09T09:32:36.432096,13.95374026,.01396111,99.0100,195.4341,158.9984,201.6990,0,U,35171,999,89376,.19174431E-2,.2777E-4,0
FENGYUN 1C DEB,1999-025DND,2026-02-16T10:07:41.323584,13.37602236,.04861648,99.7792,121.6791,54.1217,310.4050,0,U,35173,999,66707,.13374448E-2,.135E-4,0
FENGYUN 1C DEB,1999-025DNE,2026-02-11T04:12:02.743200,15.03830954,.01406625,98.9671,30.6965,348.2499,11.5450,0,U,35174,999,91072,.32218758E-2,.55434E-3,0
FENGYUN 1C DEB,1999-025DNF,2026-01-23T18:25:18.701184,14.21381373,.0058513,98.5751,35.8996,157.1761,203.2037,0,U,35175,999,61832,.54973069E-3,.1179E-4,0
FENGYUN 1C DEB,1999-025DNG,2026-02-16T18:09:11.486016,14.17119282,.00525982,98.5626,37.0490,225.2674,134.4214,0,U,35176,999,91863,.29528335E-3,.56E-5,0
FENGYUN 1C DEB,1999-025DNL,2026-02-07T06:35:34.318464,13.75215418,.0494634,99.7256,205.0299,231.4630,124.1199,0,U,35180,999,811,.46543E-2,.10942E-3,0
FENGYUN 1C DEB,1999-025DNX,2026-02-16T17:39:07.070400,13.91243361,.01032998,99.0244,32.7592,30.0103,330.6923,0,U,35191,999,88819,.2523923E-3,.289E-5,0
FENGYUN 1C DEB,1999-025DPA,2026-02-13T01:44:14.525376,14.60955906,.01122176,98.9410,137.3594,244.7575,114.1958,0,U,35194,999,66300,.9366851E-3,.4959E-4,0
FENGYUN 1C DEB,1999-025DPB,2026-02-11T03:01:56.885376,14.56574400,.01018351,98.9777,146.0717,244.5743,114.4886,0,U,35195,999,91805,.98382568E-3,.4646E-4,0
FENGYUN 1C DEB,1999-025DPC,2026-02-18T00:10:29.342784,14.20097197,.02150033,98.5344,66.8505,142.9764,248.4939,0,U,35196,999,90089,.48920983E-3,.1271E-4,0
FENGYUN 1C DEB,1999-025DPG,2026-02-16T09:40:38.216640,13.42019192,.03510461,98.8788,22.0011,254.8739,264.1037,0,U,35200,999,66784,.24077693E-3,.155E-5,0
FENGYUN 1C DEB,1999-025DPH,2026-02-17T12:41:22.276320,14.11084004,.00077727,98.7082,60.5312,66.7046,85.4285,0,U,35201,999,87961,.80566933E-4,.102E-5,0
FENGYUN 1C DEB,1999-025DPJ,2026-02-18T13:09:08.765568,13.34833555,.03790782,100.0849,98.7953,205.9122,152.2579,0,U,35202,999,57881,.84575485E-3,.594E-5,0
FENGYUN 1C DEB,1999-025DPK,2026-02-04T04:02:12.081696,13.26651284,.05193088,102.0726,16.0213,42.1426,321.8427,0,U,35203,999,60359,.17906478E-2,.16E-4,0
FENGYUN 1C DEB,1999-025DPL,2026-02-18T12:21:29.558880,14.50166711,.00374392,99.0073,247.6463,120.4836,268.9898,0,U,35204,999,91912,.16228582E-2,.6317E-4,0
FENGYUN 1C DEB,1999-025DPP,2026-02-15T06:15:52.347456,14.56864105,.0052929,98.6869,152.2578,60.1668,300.4776,0,U,35207,999,65843,.19865E-2,.9034E-4,0
FENGYUN 1C DEB,1999-025DPQ,2026-02-17T06:54:20.558880,13.99918744,.0100724,98.9013,70.6620,331.8588,27.7155,0,U,35208,999,91494,.10213E-2,.1524E-4,0
FENGYUN 1C DEB,1999-025DPS,2026-02-16T12:05:39.450048,14.34637198,.00496304,99.0998,59.7092,48.6868,103.3909,0,U,35210,999,91065,.25191772E-2,.7181E-4,0
FENGYUN 1C DEB,1999-025DPZ,2026-02-06T13:34:45.954624,13.57727540,.02958463,101.8781,329.2926,166.4319,194.4985,0,U,35217,999,61977,.1884014E-2,.1742E-4,0
FENGYUN 1C DEB,1999-025DQC,2026-02-14T04:09:54.408096,14.23117726,.00459583,99.0215,121.7632,128.2052,232.3277,0,U,35220,999,64085,.13880046E-2,.3122E-4,0
FENGYUN 1C DEB,1999-025DQF,2026-02-16T10:48:44.609184,14.90004510,.0127737,98.9767,43.7277,115.5746,245.8736,0,U,35223,999,94860,.54849E-3,.6098E-4,0
FENGYUN 1C DEB,1999-025DQM,2026-02-18T10:47:17.301120,14.64885904,.00398378,98.4507,135.0791,2.8558,357.2864,0,U,35229,999,65496,.35198489E-2,.19028E-3,0
FENGYUN 1C DEB,1999-025DQP,2026-02-17T13:58:03.294048,14.14534113,.0035952,98.7095,95.1446,253.7273,105.9944,0,U,35231,999,92447,.15645E-4,-.13E-6,0
FENGYUN 1C DEB,1999-025DQR,2026-02-18T05:22:35.549184,14.43007207,.00388926,98.7665,155.2288,64.4912,325.5871,0,U,35233,999,92149,.17373115E-2,.5829E-4,0
FENGYUN 1C DEB,1999-025DQS,2026-02-17T12:41:59.111232,14.66157506,.0100338,98.0620,80.2693,52.6997,308.3301,0,U,35234,999,95334,.93659E-3,.5501E-4,0
FENGYUN 1C DEB,1999-025DQU,2026-02-05T00:41:13.603488,14.45730544,.00862691,98.8122,330.2869,28.9819,331.6122,0,U,35236,999,98716,.10344447E-2,.3788E-4,0
FENGYUN 1C DEB,1999-025DQX,2026-02-18T10:11:47.155776,13.69467959,.02297449,99.2707,212.6023,194.0934,165.3730,0,U,35239,999,59057,.14127587E-2,.1438E-4,0
FENGYUN 1C DEB,1999-025DQY,2026-02-17T20:16:53.407776,14.24027818,.00475096,99.3558,20.4728,324.8857,34.9190,0,U,35240,999,94119,.16334496E-2,.3748E-4,0
FENGYUN 1C DEB,1999-025DQZ,2026-02-18T05:52:45.346656,14.02320626,.01387723,98.6340,339.7716,18.6209,341.9964,0,U,35241,999,88552,.17830241E-2,.2936E-4,0
FENGYUN 1C DEB,1999-025DRA,2026-02-13T15:12:14.286816,13.52444548,.02970481,99.9652,102.5505,33.2316,118.9865,0,U,35242,999,58977,.4951145E-3,.387E-5,0
FENGYUN 1C DEB,1999-025DRB,2026-02-18T04:34:57.899424,14.90616142,.00600074,98.8716,141.1549,41.6038,318.9719,0,U,35243,999,92004,.18580859E-2,.18799E-3,0
FENGYUN 1C DEB,1999-025DRC,2026-02-17T13:45:38.367936,14.06773328,.0069998,98.8327,92.2479,330.5119,29.2109,0,U,35244,999,66761,.41071E-3,.654E-5,0
FENGYUN 1C DEB,1999-025DRD,2026-02-17T17:37:04.861920,14.13610892,.00590416,99.0794,140.2551,85.5732,67.6522,0,U,35245,999,88723,.12634233E-2,.2378E-4,0
FENGYUN 1C DEB,1999-025DRU,2026-02-12T09:26:19.564800,13.46785871,.04419061,98.5172,107.6696,104.9986,260.0491,0,U,36147,999,60827,.11613739E-2,.1244E-4,0
FENGYUN 1C DEB,1999-025DRV,2026-02-15T19:24:00.620064,13.85827359,.02762024,98.4276,256.1500,172.1138,188.4500,0,U,36148,999,91145,.39089659E-2,.6011E-4,0
FENGYUN 1C DEB,1999-025DRZ,2026-02-14T22:33:17.931168,14.17583752,.00536341,98.7509,89.7757,30.2728,330.1527,0,U,36152,999,65066,.84845843E-3,.1705E-4,0
FENGYUN 1C DEB,1999-025DSH,2026-01-26T20:04:24.180672,14.13271598,.01352241,98.1388,229.4274,22.5801,338.1247,0,U,36160,999,60689,.33967162E-3,.656E-5,0
FENGYUN 1C DEB,1999-025DSL,2026-02-17T13:04:54.402240,14.61996138,.0036472,99.0797,263.9844,234.2119,125.5687,0,U,36163,999,90162,.3194E-2,.16143E-3,0
FENGYUN 1C DEB,1999-025DSQ,2026-02-04T13:42:48.559968,14.49746672,.00708161,98.8141,310.1615,81.5075,279.4136,0,U,36167,999,68059,.11707658E-2,.4608E-4,0
FENGYUN 1C DEB,1999-025DSW,2026-02-13T19:56:00.399552,14.25308574,.01472305,98.2225,2.9910,0.1903,359.9309,0,U,36173,999,59989,.49066954E-3,.1252E-4,0
FENGYUN 1C DEB,1999-025DTD,2026-02-08T21:21:35.019360,14.20921135,.02109558,98.4476,106.0338,221.3718,137.1318,0,U,36180,999,71409,.68295142E-3,.1806E-4,0
FENGYUN 1C DEB,1999-025DTF,2026-02-16T06:49:02.777952,14.35416906,.00192396,99.0921,343.2771,250.9550,108.9550,0,U,36182,999,88897,.13135831E-2,.3733E-4,0
FENGYUN 1C DEB,1999-025DTM,2026-02-12T18:04:14.686464,14.62777640,.00466534,98.5801,151.5242,116.1646,244.4364,0,U,36188,999,88958,.24755704E-2,.12794E-3,0
FENGYUN 1C DEB,1999-025DTX,2026-02-16T00:25:55.693344,14.08275967,.00946652,98.6167,78.4510,289.0096,70.0837,0,U,36198,999,64506,.14311996E-2,.2506E-4,0
FENGYUN 1C DEB,1999-025DTY,2026-02-12T21:23:42.053280,14.29768889,.0090836,98.2860,67.0451,242.5583,116.6341,0,U,36199,999,65868,.26698E-3,.675E-5,0
FENGYUN 1C DEB,1999-025DTZ,2026-02-17T10:53:54.800736,14.62050081,.00362927,99.3818,136.1770,170.3347,189.8556,0,U,36200,999,74334,.45502297E-2,.23071E-3,0
FENGYUN 1C DEB,1999-025DUC,2026-01-23T14:31:17.438016,14.79378156,.0082955,99.1014,337.8172,19.5507,340.8850,0,U,36203,999,64048,.24813E-2,.19585E-3,0
FENGYUN 1C DEB,1999-025DUD,2026-02-09T01:33:30.741696,14.35060345,.00174403,99.2866,146.5186,353.8323,6.2643,0,U,36204,999,95264,.10814076E-2,.304E-4,0
FENGYUN 1C DEB,1999-025DUF,2026-02-11T06:57:32.556960,14.21786865,.00304006,98.4809,68.0752,200.3487,159.6482,0,U,36206,999,65281,.61035879E-3,.1307E-4,0
FENGYUN 1C DEB,1999-025DUL,2026-02-10T19:05:56.340672,14.26209824,.02678306,98.5092,38.2951,53.0774,309.4622,0,U,36211,999,95225,.73876327E-3,.2537E-4,0
FENGYUN 1C DEB,1999-025DUR,2026-02-06T19:04:59.162880,14.18959334,.00443762,98.6047,61.3659,213.8232,146.0112,0,U,36216,999,65167,.40854191E-3,.817E-5,0
FENGYUN 1C DEB,1999-025DUT,2026-02-17T01:08:58.846848,14.72111725,.00723606,99.0778,261.6545,89.3694,271.5801,0,U,36218,999,60118,.98907047E-3,.6426E-4,0
FENGYUN 1C DEB,1999-025DUZ,2026-02-13T22:22:03.395136,14.12801277,.01148717,98.7708,96.0144,171.4278,188.8893,0,U,36224,999,65324,.12544516E-3,.205E-5,0
FENGYUN 1C DEB,1999-025DVA,2026-02-13T14:03:34.699392,15.13033034,.00342898,98.8176,180.3305,83.0165,277.4960,0,U,36225,999,67720,.25589691E-2,.46045E-3,0
FENGYUN 1C DEB,1999-025DVB,2026-02-09T23:05:19.124160,14.10651873,.0096757,98.6068,85.9612,210.9460,148.5989,0,U,36226,999,64597,.13493E-2,.2475E-4,0
FENGYUN 1C DEB,1999-025DVE,2026-02-04T21:00:06.664032,14.07567265,.01056786,100.9248,271.8543,341.3141,18.4155,0,U,36229,999,64017,.21413114E-2,.3742E-4,0
FENGYUN 1C DEB,1999-025DVF,2026-01-23T23:54:35.886816,13.75460521,.02118376,99.5205,104.0718,31.6572,329.7118,0,U,36230,999,62467,.26078257E-2,.2911E-4,0
FENGYUN 1C DEB,1999-025DVG,2026-02-16T17:18:10.679616,14.12046895,.00614421,98.6981,25.6397,143.9730,216.5607,0,U,36231,999,86474,.12858739E-3,.198E-5,0
FENGYUN 1C DEB,1999-025DVH,2026-02-08T05:14:16.169280,14.12595450,.0117723,98.7128,26.6675,223.7951,135.3839,0,U,36232,999,62547,.29717E-3,.544E-5,0
FENGYUN 1C DEB,1999-025DVK,2026-01-27T11:24:52.768800,13.45693770,.03164229,98.9937,97.6506,272.5936,83.9019,0,U,36234,999,88562,.84914733E-3,.643E-5,0
FENGYUN 1C DEB,1999-025DVM,2026-01-24T08:49:44.527872,13.81993902,.01493587,98.8445,67.1558,242.7448,115.8425,0,U,36236,999,60336,.45934321E-3,.496E-5,0
FENGYUN 1C DEB,1999-025DVP,2026-02-17T08:37:15.294720,14.12414270,.00223084,98.6568,23.5245,91.0244,269.3484,0,U,36238,999,87958,.87756853E-4,.12E-5,0
FENGYUN 1C DEB,1999-025DVV,2026-02-17T13:10:24.657600,14.25576617,.0049583,98.9245,165.3287,95.4099,265.2739,0,U,36244,999,92930,.12159E-2,.287E-4,0
FENGYUN 1C DEB,1999-025DVY,2026-02-18T00:05:01.388256,14.33845266,.01857972,98.2663,64.1400,192.3000,167.3619,0,U,36247,999,71226,.29540403E-3,.951E-5,0
FENGYUN 1C DEB,1999-025DWG,2026-02-07T14:56:13.179264,14.36910553,.0064668,99.4369,329.6881,0.4647,123.2066,0,U,36255,999,64827,.11282E-2,.3369E-4,0
FENGYUN 1C DEB,1999-025DWK,2026-02-16T08:12:12.130848,14.75282147,.0170475,99.0783,89.8168,281.5172,76.6936,0,U,36258,999,91789,.3233028E-3,.2694E-4,0
FENGYUN 1C DEB,1999-025DWM,2026-02-18T05:27:32.803200,14.15430495,.00170213,98.6643,54.4794,59.6524,300.6331,0,U,36260,999,88763,.16428134E-3,.278E-5,0
FENGYUN 1C DEB,1999-025DWN,2026-01-23T11:31:06.695904,13.45530930,.03560344,101.3643,286.2208,338.5874,20.0670,0,U,36261,999,84994,.97684733E-3,.793E-5,0
FENGYUN 1C DEB,1999-025DWP,2026-02-17T11:14:50.343936,14.27912974,.00616956,98.9569,295.6802,81.5986,279.2181,0,U,36262,999,90449,.24916194E-3,.584E-5,0
FENGYUN 1C DEB,1999-025DWQ,2026-02-09T02:57:49.658688,14.46504735,.0036751,98.9979,289.7293,88.0610,272.4788,0,U,36263,999,88829,.14314474E-2,.515E-4,0
FENGYUN 1C DEB,1999-025DWU,2026-02-16T18:55:28.074432,14.09390280,.01286132,98.5644,356.9285,22.9698,6.6731,0,U,36267,999,87460,.14356525E-2,.2663E-4,0
FENGYUN 1C DEB,1999-025DWW,2026-02-18T02:29:40.593120,14.27324276,.02343635,99.1149,358.9388,85.3908,277.3998,0,U,36269,999,88677,.72015991E-3,.231E-4,0
FENGYUN 1C DEB,1999-025DWZ,2026-02-01T09:37:15.845376,14.17371983,.01687097,99.1350,275.1224,124.2130,237.5161,0,U,36272,999,64334,.37665421E-3,.831E-5,0
FENGYUN 1C DEB,1999-025DXB,2026-02-04T11:21:09.023040,14.24332698,.00587443,99.1351,116.7248,81.6107,295.1349,0,U,36274,999,63750,.26223679E-2,.6127E-4,0
FENGYUN 1C DEB,1999-025DXF,2026-02-09T01:05:55.634784,14.17503679,.00617839,99.1264,324.8897,124.0817,236.6241,0,U,36278,999,94302,.42697205E-3,.836E-5,0
FENGYUN 1C DEB,1999-025DXG,2026-02-12T18:13:09.283872,14.14772435,.0060891,98.5692,24.2590,236.4418,123.0932,0,U,36279,999,89916,.13699027E-3,.226E-5,0
FENGYUN 1C DEB,1999-025DXH,2026-02-04T07:43:12.180864,14.09945976,.0062045,98.7618,67.9184,272.3145,151.2701,0,U,36280,999,87109,.10246E-2,.1795E-4,0
FENGYUN 1C DEB,1999-025DXJ,2026-02-15T17:55:22.336320,13.60828823,.0293692,99.2591,330.3221,305.4026,52.0006,0,U,36281,999,85401,.29762824E-2,.2953E-4,0
FENGYUN 1C DEB,1999-025DXL,2026-02-09T16:14:50.229600,15.10474821,.00585606,99.4259,24.0307,216.4280,143.2953,0,U,36283,999,67554,.15890064E-2,.2724E-3,0
FENGYUN 1C DEB,1999-025DXN,2026-02-17T07:33:45.698400,13.59373847,.0282205,98.4251,182.6886,5.3312,355.0730,0,U,36644,999,62472,.10535E-2,.975E-5,0
FENGYUN 1C DEB,1999-025DXR,2026-02-02T04:07:50.483712,13.89461212,.02420232,96.1187,161.3267,151.2249,210.2519,0,U,36647,999,31126,.26450001E-2,.4068E-4,0
FENGYUN 1C DEB,1999-025DXW,2026-02-18T04:51:22.278816,14.23494527,.00544249,98.9351,137.4042,160.0066,200.3261,0,U,36652,999,65284,.15634938E-2,.3565E-4,0
FENGYUN 1C DEB,1999-025DYB,2026-02-14T21:48:05.376384,14.66151664,.0103882,99.4176,211.1549,231.9435,127.2357,0,U,36657,999,67196,.95940601E-3,.565E-4,0
FENGYUN 1C DEB,1999-025DYD,2026-02-07T05:01:26.820480,13.87498414,.0134689,99.8591,49.7571,286.1494,72.4871,0,U,36659,999,61208,.85965E-3,.104E-4,0
FENGYUN 1C DEB,1999-025DYJ,2026-02-18T06:53:40.008768,14.17996014,.01712993,98.5988,76.8240,265.0099,93.1504,0,U,36664,999,64708,.82469325E-4,.15E-5,0
FENGYUN 1C DEB,1999-025DYN,2026-02-10T18:36:09.299232,14.15565554,.00521405,98.6100,55.0944,54.8048,305.7993,0,U,36668,999,58267,.67200116E-3,.129E-4,0
FENGYUN 1C DEB,1999-025DYY,2026-02-14T04:46:03.988128,14.38189154,.0151073,98.3015,30.4295,161.2514,199.4322,0,U,36678,999,65901,.22036E-3,.718E-5,0
FENGYUN 1C DEB,1999-025DYZ,2026-02-17T05:42:59.430240,14.04792937,.0084069,98.8407,47.6176,267.6486,91.5055,0,U,36679,999,25482,.42942E-3,.667E-5,0
FENGYUN 1C DEB,1999-025DZA,2026-02-17T05:41:48.156288,14.18792669,.0190209,98.5543,43.0275,57.4218,8.6844,0,U,36680,999,65240,.57146E-3,.1379E-4,0
FENGYUN 1C DEB,1999-025DZB,2026-02-15T10:48:01.362528,14.10440850,.00446456,98.7007,47.9635,163.9061,196.3540,0,U,36681,999,73670,.61328615E-3,.1059E-4,0
FENGYUN 1C DEB,1999-025DZC,2026-02-14T03:51:22.813344,13.70293322,.02335967,98.4842,306.5765,107.1387,255.5484,0,U,36682,999,62261,.11876655E-2,.1236E-4,0
FENGYUN 1C DEB,1999-025DZE,2026-02-18T02:43:43.085568,15.07262494,.00214192,99.4477,160.7695,247.9633,111.9314,0,U,36684,999,66912,.52457077E-2,.80286E-3,0
FENGYUN 1C DEB,1999-025DZG,2026-02-07T07:04:11.328384,14.78237265,.01019032,99.0012,241.2756,236.1409,123.0070,0,U,36686,999,66687,.13008771E-2,.10238E-3,0
FENGYUN 1C DEB,1999-025DZH,2026-02-16T01:06:38.697408,14.04587781,.00920994,98.7072,135.8640,82.4687,278.6932,0,U,36687,999,63639,.18587398E-3,.267E-5,0
FENGYUN 1C DEB,1999-025DZN,2026-02-16T13:31:44.998464,13.93575830,.0113764,99.9936,323.9021,198.6319,161.0658,0,U,36692,999,60722,.40267E-3,.506E-5,0
FENGYUN 1C DEB,1999-025DZR,2026-02-18T04:13:04.550304,14.44038923,.02540628,98.2301,33.3397,285.6946,71.6352,0,U,36695,999,90541,.28459061E-3,.1386E-4,0
FENGYUN 1C DEB,1999-025DZS,2026-02-14T12:01:16.475232,14.40185275,.00240671,98.9911,62.6082,138.5232,221.7787,0,U,36696,999,65313,.1835448E-2,.5779E-4,0
FENGYUN 1C DEB,1999-025DZV,2026-02-15T06:01:12.169920,14.24407643,.0092792,98.5640,44.1080,302.9516,56.2767,0,U,36699,999,74245,.3455E-3,.792E-5,0
FENGYUN 1C DEB,1999-025DZX,2026-02-06T03:24:53.153568,13.71592431,.02570273,102.7487,14.4620,126.5526,235.9565,0,U,36701,999,61898,.25505469E-2,.2843E-4,0
FENGYUN 1C DEB,1999-025EAD,2026-02-16T22:17:02.694624,14.17555755,.0047822,98.7458,98.0159,291.2143,68.3927,0,U,36707,999,65017,.68696E-3,.1367E-4,0
FENGYUN 1C DEB,1999-025EAG,2026-02-02T09:54:33.200064,14.50517014,.00655668,98.3738,95.2518,25.3678,335.0711,0,U,36710,999,65702,.10985634E-2,.4376E-4,0
FENGYUN 1C DEB,1999-025EAH,2026-02-17T07:39:25.456896,14.43706405,.0095449,100.7966,90.2492,23.2810,337.2653,0,U,36711,999,65271,.23383E-2,.8339E-4,0
FENGYUN 1C DEB,1999-025EAN,2026-02-16T14:45:36.115776,13.88461907,.0149769,99.2305,330.9876,51.7586,309.6942,0,U,36716,999,63845,.2754E-3,.318E-5,0
FENGYUN 1C DEB,1999-025EAW,2026-02-18T14:26:55.696128,14.25954428,.01003851,99.4630,91.7072,5.6848,145.4465,0,U,36724,999,58439,.12660542E-2,.3133E-4,0
FENGYUN 1C DEB,1999-025EBB,2026-02-07T05:40:44.474304,14.10383264,.00475071,98.7143,23.2740,95.3354,265.3240,0,U,36729,999,88048,.36504344E-3,.613E-5,0
FENGYUN 1C DEB,1999-025EBG,2026-02-18T08:57:11.377440,14.26471804,.00335679,99.0499,103.5119,28.8616,331.4411,0,U,36734,999,83698,.12941871E-2,.3089E-4,0
FENGYUN 1C DEB,1999-025EBJ,2026-02-17T11:03:48.798144,14.26048060,.00583182,98.8086,127.2215,304.6555,54.9136,0,U,36736,999,89566,.14944464E-2,.359E-4,0
FENGYUN 1C DEB,1999-025EBR,2026-02-04T23:16:00.949152,14.29527596,.00487501,98.6496,88.8530,211.5192,148.3068,0,U,36743,999,61512,.15816104E-2,.4052E-4,0
FENGYUN 1C DEB,1999-025EBS,2026-02-15T03:30:53.605728,14.15186760,.00849113,99.1399,118.7160,62.9322,298.0483,0,U,36986,999,82655,.13021225E-2,.2573E-4,0
FENGYUN 1C DEB,1999-025EBT,2026-02-04T22:21:40.417056,13.45980685,.03196933,100.8176,285.9972,278.9251,77.5820,0,U,36987,999,61606,.6973824E-3,.514E-5,0
FENGYUN 1C DEB,1999-025ECA,2026-02-16T20:34:55.138368,13.90813340,.01164085,98.6524,10.5612,110.7965,250.5711,0,U,36994,999,81826,.77460319E-4,.63E-6,0
FENGYUN 1C DEB,1999-025ECB,2026-02-06T21:14:00.762720,14.04882900,.0039692,98.3392,277.0906,149.1733,211.1778,0,U,36995,999,64345,.16666E-3,.231E-5,0
FENGYUN 1C DEB,1999-025ECC,2026-01-28T04:50:38.500800,14.11872038,.02544805,98.2264,181.6629,214.8168,324.0983,0,U,36996,999,60347,.25091054E-2,.6182E-4,0
FENGYUN 1C DEB,1999-025ECK,2026-02-13T07:12:38.379744,13.96359490,.009534,98.8418,70.4772,350.5762,70.4312,0,U,37003,999,61530,.8082E-3,.1115E-4,0
FENGYUN 1C DEB,1999-025ECN,2026-02-14T22:50:23.071488,14.49382283,.0255474,99.2957,306.0971,57.4220,305.1363,0,U,37006,999,66044,.68116E-3,.3892E-4,0
FENGYUN 1C DEB,1999-025ECQ,2026-02-18T07:22:46.084512,14.08151964,.0061402,99.1363,173.9738,68.6948,292.0761,0,U,37008,999,61265,.26870138E-3,.421E-5,0
FENGYUN 1C DEB,1999-025ECZ,2026-02-13T01:55:13.004832,14.41678601,.02780661,98.7969,355.4807,179.0093,181.1706,0,U,37017,999,62059,.66362762E-3,.3382E-4,0
FENGYUN 1C DEB,1999-025EDD,2026-02-17T00:16:50.625984,14.32633195,.0176775,98.3829,67.5412,55.4657,334.1407,0,U,37021,999,71003,.80465495E-3,.2555E-4,0
FENGYUN 1C DEB,1999-025EDL,2026-02-17T13:55:27.724800,14.23429023,.0031933,99.2467,324.6237,275.4359,84.3175,0,U,37028,999,61426,.16009E-2,.3607E-4,0
FENGYUN 1C DEB,1999-025EDU,2026-02-13T10:06:38.160000,14.03664045,.01226735,98.7199,39.5743,239.1429,119.7625,0,U,37036,999,64627,.40621257E-3,.64E-5,0
FENGYUN 1C DEB,1999-025EEA,2026-02-18T14:07:21.142560,14.78060206,.00531136,98.5904,178.7025,178.8220,181.3123,0,U,37042,999,73799,.27546938E-2,.20371E-3,0
FENGYUN 1C DEB,1999-025EEC,2026-02-11T12:17:28.430304,13.71626387,.0499372,98.9581,149.8398,0.1622,359.9606,0,U,37044,999,84691,.13742327E-2,.2995E-4,0
FENGYUN 1C DEB,1999-025EEE,2026-02-15T06:09:19.292256,14.25087265,.0051723,98.5396,63.7919,118.6414,241.9982,0,U,37046,999,65100,.74833E-3,.1737E-4,0
FENGYUN 1C DEB,1999-025EEG,2026-02-16T10:48:03.380832,13.65195456,.02541351,98.8839,268.3209,337.7090,140.4183,0,U,37048,999,63066,.45880698E-3,.424E-5,0
FENGYUN 1C DEB,1999-025EEM,2026-02-10T02:16:24.539808,14.54613793,.00401637,99.1383,157.5790,353.1953,184.7318,0,U,37053,999,65900,.14424346E-2,.6177E-4,0
FENGYUN 1C DEB,1999-025EEN,2026-02-12T18:47:15.330048,14.19571261,.00988716,98.5574,29.1325,286.4124,72.6203,0,U,37054,999,65309,.34945543E-3,.731E-5,0
FENGYUN 1C DEB,1999-025EEQ,2026-02-18T12:30:41.342976,14.50799244,.02658762,98.9741,81.3847,302.1631,55.4021,0,U,37056,999,66394,.30882981E-3,.1853E-4,0
FENGYUN 1C DEB,1999-025EER,2026-02-10T19:41:42.541728,13.96222006,.02838364,98.9243,59.8502,334.1552,24.5658,0,U,37057,999,64436,.49397607E-3,.909E-5,0
FENGYUN 1C DEB,1999-025EEY,2026-02-15T05:04:44.639328,14.16956174,.0104922,98.9028,203.3857,275.9608,82.9616,0,U,37064,999,82448,.40704E-2,.8589E-4,0
FENGYUN 1C DEB,1999-025EEZ,2026-02-11T18:08:18.248064,13.59476268,.0289653,103.2930,244.0473,110.6303,252.6137,0,U,37065,999,23031,.2352E-2,.2224E-4,0
FENGYUN 1C DEB,1999-025EFB,2026-02-05T13:30:55.874880,14.01566829,.015609,99.5404,345.5317,325.4238,33.6852,0,U,37067,999,58176,.11462E-1,.1929E-3,0
FENGYUN 1C DEB,1999-025EFD,2026-02-13T02:17:00.362112,13.38227242,.04257425,95.8474,353.2055,87.8482,277.1333,0,U,37069,999,88542,.33500802E-2,.2986E-4,0
FENGYUN 1C DEB,1999-025EFM,2026-02-14T11:24:24.571296,14.41411007,.00964814,99.0251,129.2088,139.7985,221.0391,0,U,37077,999,85873,.40784052E-3,.1346E-4,0
FENGYUN 1C DEB,1999-025EFP,2026-02-07T03:19:02.578656,14.62334662,.0011559,98.8572,182.0224,312.5835,47.4388,0,U,37079,999,65439,.42391E-2,.21443E-3,0
FENGYUN 1C DEB,1999-025EFR,2026-02-04T04:58:16.134816,14.15998892,.0270438,98.6945,191.2098,197.2676,161.9162,0,U,37081,999,59330,.95927E-2,.27065E-3,0
FENGYUN 1C DEB,1999-025EFS,2026-02-18T12:03:04.260096,13.63732111,.04008564,98.8384,245.9050,319.2339,37.9438,0,U,37400,999,81117,.34804171E-3,.434E-5,0
FENGYUN 1C DEB,1999-025EFW,2026-02-18T12:02:34.439136,14.31951742,.0043289,98.4548,55.5820,324.0938,187.6732,0,U,37404,999,83710,.67796836E-3,.1793E-4,0
FENGYUN 1C DEB,1999-025EFY,2026-01-28T21:04:12.154944,14.04459510,.01499407,98.4409,262.7424,132.3748,290.3136,0,U,37406,999,63894,.12138992E-2,.2101E-4,0
FENGYUN 1C DEB,1999-025EGH,2026-02-17T01:49:35.736384,13.52134689,.02840034,98.9788,154.7198,13.2547,347.5857,0,U,37415,999,63218,.28350692E-3,.202E-5,0
FENGYUN 1C DEB,1999-025EGK,2026-02-06T16:39:39.889152,14.07460055,.00802533,98.8021,34.0229,102.9488,258.0659,0,U,37417,999,69137,.45548825E-3,.747E-5,0
FENGYUN 1C DEB,1999-025EGL,2026-02-07T08:58:14.968704,11.95153798,.10693945,98.6141,276.6796,207.9932,145.9430,0,U,37418,999,50161,-.13067779E-2,-.555E-5,0
FENGYUN 1C DEB,1999-025EGN,2026-02-04T05:40:01.289856,13.99796853,.0073459,98.8641,28.5496,127.1757,233.6144,0,U,37420,999,60513,.18021E-3,.228E-5,0
FENGYUN 1C DEB,1999-025EGP,2026-02-18T02:14:06.962496,13.40632050,.04074189,98.8933,0.8364,276.4330,79.0574,0,U,37421,999,61848,.16558493E-3,.108E-5,0
FENGYUN 1C DEB,1999-025EGR,2026-02-13T09:14:57.725376,14.07748924,.00467696,98.7739,97.8925,344.4316,15.5412,0,U,37423,999,64491,.69451916E-3,.1144E-4,0
FENGYUN 1C DEB,1999-025EGS,2026-01-31T14:31:36.744960,14.18276071,.02156272,97.1983,155.7598,133.4476,228.4869,0,U,37424,999,69280,.11402016E-2,.2924E-4,0
FENGYUN 1C DEB,1999-025EGV,2026-02-05T15:50:13.865280,14.99473549,.0183269,98.6311,189.3790,117.6141,244.3822,0,U,37427,999,61145,.86766E-3,.15116E-3,0
FENGYUN 1C DEB,1999-025EGW,2026-02-04T20:26:08.705760,14.35372410,.00549476,97.7195,257.8300,297.1208,62.4382,0,U,37428,999,64212,.22864911E-2,.6641E-4,0
FENGYUN 1C DEB,1999-025EGY,2026-02-10T03:55:10.098912,14.29585051,.00182521,98.7587,120.5875,247.2935,112.6317,0,U,37430,999,62550,.16231937E-2,.4118E-4,0
FENGYUN 1C DEB,1999-025EHA,2026-02-09T18:30:38.251584,14.53932403,.01832096,98.1836,57.7258,105.3040,256.8488,0,U,37432,999,9234,.65723149E-3,.3409E-4,0
FENGYUN 1C DEB,1999-025EHD,2026-02-17T21:37:45.172128,14.22725942,.0042026,98.6408,88.9428,177.3510,182.7898,0,U,37435,999,89894,.87339E-3,.1932E-4,0
FENGYUN 1C DEB,1999-025EHE,2026-02-07T08:12:44.035776,14.06471987,.00585532,98.9297,97.0963,351.3341,8.6811,0,U,37436,999,64794,.5356084E-3,.855E-5,0
FENGYUN 1C DEB,1999-025EHF,2026-02-18T05:21:43.255584,14.19056087,.01114645,98.5943,44.0211,213.1948,210.5598,0,U,37437,999,64948,.39765346E-3,.841E-5,0
FENGYUN 1C DEB,1999-025EHG,2026-01-30T20:22:47.219232,14.15667031,.0029574,98.7353,73.8645,83.9756,276.4787,0,U,37438,999,60830,.72871E-3,.1391E-4,0
FENGYUN 1C DEB,1999-025EHK,2026-02-04T07:46:13.640736,13.14361711,.05097357,99.1452,240.0741,287.2282,67.3669,0,U,37441,999,82876,.15377648E-2,.106E-4,0
FENGYUN 1C DEB,1999-025EHN,2026-02-16T04:31:48.034560,14.48796670,.02438288,99.0773,137.6544,153.3013,208.0978,0,U,37444,999,66098,.11144344E-2,.609E-4,0
FENGYUN 1C DEB,1999-025EHS,2026-02-16T10:12:06.714144,13.87448203,.0306345,99.3158,116.9404,242.0105,114.9743,0,U,37448,999,63286,.13844E-2,.2322E-4,0
FENGYUN 1C DEB,1999-025EJE,2026-02-15T22:39:49.368960,14.49176747,.0054506,98.3801,227.3233,92.5481,268.1954,0,U,37460,999,83433,.17609E-2,.679E-4,0
FENGYUN 1C DEB,1999-025EJF,2026-02-07T10:01:58.765728,12.79290264,.0658629,99.8690,284.9006,203.2590,153.7394,0,U,37461,999,52759,.10815747E-2,.571E-5,0
FENGYUN 1C DEB,1999-025EJJ,2026-01-26T13:18:10.016640,13.47380699,.0458619,102.7030,327.7387,19.2029,342.5768,0,U,37464,999,61525,.7542E-2,.8723E-4,0
FENGYUN 1C DEB,1999-025EJQ,2026-02-18T09:18:32.934816,15.16323264,.00125455,98.6640,206.3761,271.3108,88.6684,0,U,37470,999,66481,.62358007E-2,.122994E-2,0
FENGYUN 1C DEB,1999-025EJU,2026-02-08T08:12:58.427424,14.76460449,.01287871,99.1642,257.1631,316.4851,42.6249,0,U,37474,999,63225,.13635938E-2,.10818E-3,0
FENGYUN 1C DEB,1999-025EJW,2026-02-18T06:04:40.177920,11.91246578,.10762419,98.9359,56.9219,94.5791,277.8767,0,U,37476,999,68247,.32153937E-2,.1218E-4,0
FENGYUN 1C DEB,1999-025EJX,2026-02-18T11:02:30.040224,14.19922667,.00361616,98.6067,57.2442,270.8859,88.8175,0,U,37477,999,82875,.490229E-3,.1005E-4,0
FENGYUN 1C DEB,1999-025EJY,2026-02-17T21:25:35.526720,13.03196315,.0542556,99.6500,29.4577,164.3440,197.5212,0,U,37478,999,57436,.95998E-3,.574E-5,0
FENGYUN 1C DEB,1999-025EKK,2026-02-18T02:19:33.257280,14.55503933,.00688956,98.4116,0.7619,143.3964,285.0601,0,U,37591,999,67444,.34282305E-2,.1539E-3,0
FENGYUN 1C DEB,1999-025EKN,2026-02-12T07:18:30.920256,14.11190416,.0086938,98.7282,75.9454,95.2728,265.8370,0,U,37594,999,78630,.29572E-3,.51E-5,0
FENGYUN 1C DEB,1999-025EKP,2026-02-13T02:02:15.513792,14.75435139,.00219473,99.0483,265.4593,173.7531,339.3532,0,U,37595,999,63523,.37565023E-2,.25655E-3,0
FENGYUN 1C DEB,1999-025EKU,2026-01-22T16:16:51.974112,13.82991977,.03601939,98.9310,182.3855,298.5357,57.9979,0,U,37600,999,89053,.43146081E-2,.7729E-4,0
FENGYUN 1C DEB,1999-025ELB,2026-01-21T06:54:39.890880,13.35405175,.03948965,99.0198,40.1981,304.0987,69.8585,0,U,37686,999,61155,.82803216E-3,.614E-5,0
FENGYUN 1C DEB,1999-025ELC,2026-02-13T22:09:05.281056,13.85956830,.0338559,98.2021,77.3540,184.5739,299.3433,0,U,37687,999,84129,.16851723E-2,.3002E-4,0
FENGYUN 1C DEB,1999-025ELE,2026-02-10T08:43:18.865920,14.49869738,.00190793,98.9185,90.6650,68.7214,291.6014,0,U,37689,999,58676,.19286542E-2,.7423E-4,0
FENGYUN 1C DEB,1999-025ELG,2026-02-16T12:48:31.445856,14.60850134,.0269289,98.3705,316.8342,306.6389,51.0321,0,U,37691,999,86593,.30884E-2,.25342E-3,0
FENGYUN 1C DEB,1999-025ELJ,2026-02-15T11:47:58.335360,14.08662467,.00703833,98.6974,48.9706,251.6110,261.1787,0,U,37693,999,63060,.53316088E-3,.896E-5,0
FENGYUN 1C DEB,1999-025ELK,2026-02-03T00:20:25.081152,14.17105548,.01446618,98.1932,102.5616,300.0346,180.9642,0,U,37694,999,52444,.17386785E-2,.384E-4,0
FENGYUN 1C DEB,1999-025ELL,2026-02-03T20:28:22.227456,13.65192869,.04647199,98.2031,75.2056,118.9021,51.9274,0,U,37695,999,89976,.75682264E-3,.1259E-4,0
FENGYUN 1C DEB,1999-025ELY,2026-02-11T21:26:25.179936,14.56914126,.014213,100.2199,65.6160,207.3266,276.1447,0,U,37707,999,86456,.52826E-3,.2645E-4,0
FENGYUN 1C DEB,1999-025EMD,2026-02-08T15:37:02.400672,14.36660688,.00795777,98.8224,185.0677,181.6696,191.5364,0,U,37712,999,64792,.63808229E-3,.1901E-4,0
FENGYUN 1C DEB,1999-025EMF,2026-02-13T18:51:07.209504,14.32998417,.00485945,98.8907,163.1094,255.2218,104.3578,0,U,37714,999,58412,.1751179E-2,.4812E-4,0
FENGYUN 1C DEB,1999-025EMG,2026-02-12T23:55:25.593600,13.95535869,.0112885,98.9570,55.0031,301.3646,85.4853,0,U,37715,999,58672,.49933E-3,.672E-5,0
FENGYUN 1C DEB,1999-025EMJ,2026-02-13T03:22:49.255104,14.99359836,.00469481,98.7398,12.0624,261.8998,160.0098,0,U,37717,999,90331,.26896962E-2,.33729E-3,0
FENGYUN 1C DEB,1999-025EML,2026-02-05T08:43:48.201312,14.56910924,.00445972,99.4955,74.8989,97.7515,281.0424,0,U,37719,999,1034,.19465401E-2,.8805E-4,0
FENGYUN 1C DEB,1999-025EMZ,2026-02-13T02:06:50.983776,14.03851895,.02099769,102.2926,147.2226,81.2666,281.2208,0,U,37900,999,60689,.16353033E-2,.3068E-4,0
FENGYUN 1C DEB,1999-025ENB,2026-02-17T00:47:00.691296,13.52921958,.03173324,98.6897,265.2527,135.8146,226.8813,0,U,37902,999,63873,.20059414E-2,.1803E-4,0
FENGYUN 1C DEB,1999-025ENF,2026-02-11T08:26:27.254976,13.80890280,.01628965,99.5940,89.1720,228.7080,192.3838,0,U,37906,999,60292,.60402208E-3,.657E-5,0
FENGYUN 1C DEB,1999-025ENG,2026-02-16T02:52:40.406304,14.24411882,.0056571,99.0783,167.2295,357.7065,2.3845,0,U,37907,999,84203,.18515E-2,.4311E-4,0
FENGYUN 1C DEB,1999-025ENH,2026-02-14T07:58:11.646336,14.36827260,.00742744,99.1470,86.1847,332.2952,27.4284,0,U,37908,999,64974,.50049972E-3,.1476E-4,0
FENGYUN 1C DEB,1999-025ENT,2026-02-18T07:54:59.157504,14.34677412,.0056685,99.0363,6.8226,84.9983,275.7668,0,U,37918,999,4511,.62866059E-3,.1764E-4,0
FENGYUN 1C DEB,1999-025ENU,2026-02-09T01:15:22.042080,14.26943028,.00477552,99.0641,345.0520,206.5579,153.3152,0,U,37919,999,65740,.44964576E-3,.1059E-4,0
FENGYUN 1C DEB,1999-025ENW,2026-02-14T07:59:11.896512,13.95198544,.00824454,99.0141,90.0037,284.4059,74.7963,0,U,37921,999,64034,.33594247E-3,.423E-5,0
FENGYUN 1C DEB,1999-025EPA,2026-02-11T21:37:46.177824,14.82103088,.0053867,99.0838,285.1679,148.4268,212.0193,0,U,37925,999,66588,.14003E-2,.11368E-3,0
FENGYUN 1C DEB,1999-025EPB,2026-02-17T04:28:46.929792,14.24748481,.00516607,98.7166,115.8800,31.5966,35.1524,0,U,37926,999,75216,.13814398E-2,.322E-4,0
FENGYUN 1C DEB,1999-025EPC,2026-02-12T15:41:09.820896,14.75972974,.0003607,98.8073,197.6176,88.5145,271.6475,0,U,37927,999,66028,.41552E-2,.28651E-3,0
FENGYUN 1C DEB,1999-025EPD,2026-02-16T02:44:25.482048,14.37419119,.0071196,98.9127,289.0775,199.7811,160.0610,0,U,37928,999,82131,.4795E-3,.1428E-4,0
FENGYUN 1C DEB,1999-025EPM,2026-01-29T20:36:40.285440,14.17139740,.00709821,98.7076,72.6105,10.0547,164.3786,0,U,38116,999,65166,.71061997E-3,.1424E-4,0
FENGYUN 1C DEB,1999-025EPS,2026-02-14T15:36:33.606144,14.22051103,.0203836,99.1155,204.2955,305.1099,53.1118,0,U,38121,999,84828,.62242E-3,.1649E-4,0
FENGYUN 1C DEB,1999-025EPT,2026-02-14T05:23:08.043360,14.43066938,.0225391,98.3199,51.1757,325.2829,33.3823,0,U,38122,999,68654,.76152E-3,.342E-4,0
FENGYUN 1C DEB,1999-025EPV,2026-01-28T13:40:19.862976,13.40953273,.03561921,97.8148,335.6119,184.5197,175.2693,0,U,38124,999,55209,.22480485E-3,.151E-5,0
FENGYUN 1C DEB,1999-025EQB,2026-02-17T02:11:36.946176,13.77592402,.0206078,98.5984,98.5872,47.6550,314.1854,0,U,38130,999,70196,.17221648E-2,.1972E-4,0
FENGYUN 1C DEB,1999-025EQG,2026-02-17T09:15:28.988352,14.25493059,.02204578,98.6440,109.3274,236.9763,121.0065,0,U,38135,999,61990,.45874043E-3,.1348E-4,0
FENGYUN 1C DEB,1999-025EQJ,2026-02-17T22:35:55.046976,14.06234906,.0045133,98.8550,95.2496,239.1464,120.5260,0,U,38137,999,64653,.13693E-3,.184E-5,0
FENGYUN 1C DEB,1999-025EQQ,2026-02-04T22:37:48.741600,14.05038277,.0056662,99.0209,96.5643,71.1034,289.6264,0,U,38143,999,61044,.86578044E-3,.1371E-4,0
FENGYUN 1C DEB,1999-025EQR,2026-01-26T17:30:09.566496,13.59175631,.02884465,98.9721,212.4446,75.0508,288.2376,0,U,38144,999,61648,.18345979E-2,.1738E-4,0
FENGYUN 1C DEB,1999-025EQT,2026-02-04T12:18:32.052672,14.59823924,.01991952,99.4767,128.6774,301.5429,75.6309,0,U,38146,999,32664,.85638541E-3,.5338E-4,0
FENGYUN 1C DEB,1999-025EQU,2026-02-10T06:20:17.507328,14.23638724,.0051288,98.5557,58.8646,125.8819,234.7137,0,U,38147,999,61234,.60038E-3,.1345E-4,0
FENGYUN 1C DEB,1999-025EQW,2026-02-06T04:57:02.185920,14.26004688,.0077698,98.3619,31.8936,359.9486,0.1674,0,U,38149,999,71278,.38778E-3,.914E-5,0
FENGYUN 1C DEB,1999-025ERC,2026-02-04T23:24:23.302944,14.25919367,.0100107,98.4416,303.3209,331.3115,28.2580,0,U,38155,999,64548,.43218934E-2,.10826E-3,0
FENGYUN 1C DEB,1999-025ERE,2026-02-16T05:07:04.032768,14.22260587,.0271654,99.6578,325.4247,290.7699,66.4566,0,U,38157,999,77178,.10011E-2,.3181E-4,0
FENGYUN 1C DEB,1999-025ERG,2026-02-16T11:45:32.811840,14.03582528,.00559995,99.3140,305.7280,158.5087,201.8447,0,U,38159,999,84034,.57197696E-3,.863E-5,0
FENGYUN 1C DEB,1999-025ERL,2026-02-14T21:29:16.506816,14.06108866,.0076405,99.1211,87.8981,65.4287,295.4819,0,U,38163,999,25443,.79137449E-3,.129E-4,0
FENGYUN 1C DEB,1999-025ERP,2026-02-18T05:59:24.470592,14.32158451,.00570282,99.0739,160.3648,206.5433,153.2826,0,U,38166,999,64738,.27066011E-2,.7377E-4,0
FENGYUN 1C DEB,1999-025ERW,2026-01-22T23:50:10.237056,14.37575660,.01620059,98.9995,290.1336,352.0382,7.8236,0,U,38173,999,61236,.19628223E-2,.6802E-4,0
FENGYUN 1C DEB,1999-025ESA,2026-01-28T18:00:00.214272,13.96412443,.0224876,98.9375,38.6334,256.8190,100.7796,0,U,38491,999,67116,.648E-3,.1062E-4,0
FENGYUN 1C DEB,1999-025ESB,2026-02-13T09:55:30.197280,13.94484507,.02240575,98.6086,117.0100,335.8456,23.2327,0,U,38492,999,56877,.28702583E-2,.4677E-4,0
FENGYUN 1C DEB,1999-025ESC,2026-02-10T14:23:26.756736,13.62372850,.04279554,99.0877,2.1037,89.8191,275.1973,0,U,38493,999,57313,.4337473E-3,.586E-5,0
FENGYUN 1C DEB,1999-025ESD,2026-02-16T02:02:19.066560,14.01597342,.03783923,98.4340,357.4983,184.4164,175.3632,0,U,38494,999,8069,.17661156E-2,.4976E-4,0
FENGYUN 1C DEB,1999-025ESF,2026-02-15T06:14:52.378080,14.10230107,.00785474,98.7618,59.3374,182.6461,177.4305,0,U,38496,999,81930,.69806026E-3,.123E-4,0
FENGYUN 1C DEB,1999-025ESH,2026-02-14T20:11:59.134560,12.96760403,.05556051,99.6983,64.1435,286.2504,67.8188,0,U,38498,999,54574,.66075091E-3,.345E-5,0
FENGYUN 1C DEB,1999-025ESV,2026-02-01T17:43:06.069216,14.13477461,.00981432,98.6017,44.8588,5.0195,355.1939,0,U,38510,999,89390,.74702497E-3,.1429E-4,0
FENGYUN 1C DEB,1999-025ESX,2026-02-15T03:05:21.159168,13.74202900,.02267625,98.3800,285.1190,292.6387,65.0926,0,U,38512,999,60454,.87308833E-3,.952E-5,0
FENGYUN 1C DEB,1999-025ESZ,2026-02-14T20:32:11.213376,14.18275246,.02665289,98.0550,74.5041,186.4707,173.3004,0,U,38514,999,88904,.2753803E-2,.8028E-4,0
FENGYUN 1C DEB,1999-025ETB,2026-02-09T05:12:45.555552,14.34119362,.01096258,98.4491,27.7779,312.3658,46.8285,0,U,38516,999,85711,.19935828E-3,.551E-5,0
FENGYUN 1C DEB,1999-025ETJ,2026-02-12T00:09:40.807584,14.20397314,.0057417,99.1571,65.3561,179.8246,211.6001,0,U,38717,999,59296,.12679E-2,.2716E-4,0
FENGYUN 1C DEB,1999-025ETP,2026-02-16T02:41:17.328768,14.60328607,.01442246,99.3493,158.6782,257.0337,101.4721,0,U,38722,999,71417,.31099627E-2,.17379E-3,0
FENGYUN 1C DEB,1999-025ETR,2026-02-15T23:15:38.067840,14.16025692,.0122593,98.7356,59.5960,243.8773,114.9746,0,U,38724,999,57547,.34643E-2,.7316E-4,0
FENGYUN 1C DEB,1999-025ETS,2026-02-15T19:29:54.600000,14.44221990,.00321128,98.8711,179.7499,67.5037,292.9547,0,U,38725,999,74291,.2403663E-2,.8267E-4,0
FENGYUN 1C DEB,1999-025ETT,2026-02-05T09:01:23.854656,15.16645895,.00158724,99.1269,75.7177,310.0145,49.9689,0,U,38726,999,70679,.11733674E-1,.237577E-2,0
FENGYUN 1C DEB,1999-025ETU,2026-02-15T22:58:46.702272,14.04534486,.0104785,98.6046,45.9534,38.5134,350.1113,0,U,38727,999,72748,.1842E-2,.3048E-4,0
FENGYUN 1C DEB,1999-025ETV,2026-02-17T06:28:35.180832,14.71972082,.00710055,99.2626,49.6767,209.3096,208.9182,0,U,38728,999,66589,.1059711E-2,.6854E-4,0
FENGYUN 1C DEB,1999-025EUM,2026-02-14T13:15:19.607328,13.61690749,.0246941,99.4817,301.6402,58.2327,304.2618,0,U,38797,999,60151,.88521821E-3,.79E-5,0
FENGYUN 1C DEB,1999-025EUP,2026-02-10T11:54:59.254560,14.49492328,.01636933,98.3972,121.7326,167.7631,192.7614,0,U,38799,999,64904,.12419346E-2,.56E-4,0
FENGYUN 1C DEB,1999-025EUR,2026-02-01T09:58:09.931872,14.25147459,.03461102,98.3665,85.8204,202.6372,174.7307,0,U,38801,999,65082,.59426474E-3,.2566E-4,0
FENGYUN 1C DEB,1999-025EUT,2026-02-18T11:19:24.195648,14.24439415,.00632635,99.1361,60.9569,201.5624,158.2887,0,U,38803,999,61176,.1512038E-2,.3528E-4,0
FENGYUN 1C DEB,1999-025EUZ,2026-02-18T06:21:23.488416,14.18353894,.02237473,98.5887,62.3314,132.8461,229.1755,0,U,38809,999,70163,.30549276E-3,.763E-5,0
FENGYUN 1C DEB,1999-025EVD,2026-02-11T19:25:18.668640,14.20333677,.00053488,99.3489,48.3909,312.0012,48.0706,0,U,38813,999,49117,.53614689E-3,.1099E-4,0
FENGYUN 1C DEB,1999-025EVH,2026-02-08T10:14:14.984448,13.57944507,.02891904,98.6006,267.7012,254.7380,102.1626,0,U,38817,999,66617,.17715187E-2,.1641E-4,0
FENGYUN 1C DEB,1999-025EVJ,2026-02-15T23:10:24.254400,14.39697229,.0086229,98.2896,106.1869,262.7291,221.7485,0,U,38818,999,68186,.4083E-3,.129E-4,0
FENGYUN 1C DEB,1999-025EVQ,2026-02-15T19:36:39.984480,14.15059706,.00912689,99.2929,188.0526,20.2251,340.2499,0,U,38824,999,70057,.24556306E-2,.4909E-4,0
FENGYUN 1C DEB,1999-025EVT,2026-02-11T20:37:02.726112,14.33265141,.0217371,98.3822,68.8935,130.8611,231.1639,0,U,38827,999,61935,.65897E-3,.2314E-4,0
FENGYUN 1C DEB,1999-025EVV,2026-02-18T12:12:44.756640,14.09383124,.00410043,98.7464,68.5264,196.5753,163.4080,0,U,38829,999,65087,.44459308E-3,.739E-5,0
FENGYUN 1C DEB,1999-025EVY,2026-02-16T22:29:05.305344,14.04786477,.00861416,99.2617,98.6561,218.2053,141.2989,0,U,38832,999,64687,.11744106E-2,.19E-4,0
FENGYUN 1C DEB,1999-025EWE,2026-02-17T08:37:55.305696,13.84568182,.01793114,99.1562,197.4711,163.2929,197.4239,0,U,39537,999,60178,.23120676E-2,.2898E-4,0
FENGYUN 1C DEB,1999-025EWJ,2026-02-04T09:08:00.840192,14.20563128,.0070155,98.6738,81.4872,277.2848,82.0359,0,U,39541,999,59764,.69115E-3,.1479E-4,0
FENGYUN 1C DEB,1999-025EWL,2026-02-12T07:07:00.797664,13.70359534,.0336707,99.0377,74.5597,340.3223,18.5186,0,U,39543,999,50028,.93339E-3,.1189E-4,0
FENGYUN 1C DEB,1999-025EWM,2026-01-31T22:02:30.279264,14.05620194,.00532133,98.7383,274.2845,226.8580,132.8133,0,U,39544,999,57560,.3323394E-3,.505E-5,0
FENGYUN 1C DEB,1999-025EWU,2026-02-07T05:00:21.744000,13.83897531,.0142066,98.9725,190.2238,238.8926,119.8226,0,U,40688,999,30698,.60419E-3,.682E-5,0
FENGYUN 1C DEB,1999-025EWV,2026-02-16T13:14:09.982752,13.65035094,.0310607,99.1278,326.6921,290.9836,65.8338,0,U,40689,999,55781,.12913E-2,.1409E-4,0
FENGYUN 1C DEB,1999-025EWX,2026-02-12T07:40:06.922848,13.89986256,.0129659,99.0498,78.9423,143.3753,217.6356,0,U,40691,999,56291,.20656E-3,.23E-5,0
FENGYUN 1C DEB,1999-025EXB,2026-02-01T13:53:12.623712,14.51245022,.02803929,99.4258,161.9716,181.9193,178.0948,0,U,40695,999,32603,.50775074E-3,.33E-4,0
FENGYUN 1C DEB,1999-025EXC,2026-02-18T04:34:49.474560,13.96786653,.00798703,98.9640,39.2064,170.4437,189.8268,0,U,40696,999,56621,.29567605E-3,.379E-5,0
FENGYUN 1C DEB,1999-025EXH,2026-02-10T13:58:47.131680,14.76421751,.00690804,98.9657,332.0489,101.2391,259.6590,0,U,41003,999,53302,.36310814E-2,.26285E-3,0
FENGYUN 1C DEB,1999-025EXK,2026-02-08T08:03:32.972256,13.50935546,.057031,98.9570,77.1766,306.3734,48.6055,0,U,41005,999,53158,.12831807E-2,.2272E-4,0
FENGYUN 1C DEB,1999-025EXL,2026-01-31T10:26:50.962848,13.85792050,.0187012,102.3690,282.9402,252.5700,105.4921,0,U,41006,999,58177,.22800591E-2,.2928E-4,0
FENGYUN 1C DEB,1999-025EXN,2026-01-26T16:26:59.450784,13.61135524,.05019211,99.3162,181.9461,40.4297,323.3037,0,U,41008,999,57056,.4286645E-3,.716E-5,0
FENGYUN 1C DEB,1999-025EXR,2026-02-12T14:30:19.397088,14.43449045,.030876,99.1594,98.3863,174.9460,185.4972,0,U,41011,999,58049,.6544E-3,.3895E-4,0
FENGYUN 1C DEB,1999-025EXY,2026-02-07T01:30:58.278528,13.52646005,.03117528,99.9389,347.6292,339.8365,19.0676,0,U,41018,999,88936,.23659965E-2,.2086E-4,0
FENGYUN 1C DEB,1999-025EXZ,2026-02-17T16:05:46.154976,14.25351101,.00528033,98.7258,119.5286,29.1395,331.2713,0,U,41822,999,48326,.11269078E-2,.2651E-4,0
FENGYUN 1C DEB,1999-025EYA,2026-02-18T03:21:19.317888,14.24019078,.0052953,98.7125,116.8760,35.7148,324.7554,0,U,41823,999,48317,.10767083E-2,.2466E-4,0
FENGYUN 1C DEB,1999-025EYB,2026-02-18T03:13:50.103552,14.24705788,.00550217,98.7235,117.7267,34.7776,325.6980,0,U,41824,999,48319,.11435904E-2,.266E-4,0
FENGYUN 1C DEB,1999-025EYC,2026-02-16T03:38:19.557600,14.25650968,.00530814,98.7358,120.9477,33.4949,326.9568,0,U,41825,999,48280,.13383525E-2,.3176E-4,0
FENGYUN 1C DEB,1999-025EYD,2026-02-09T02:59:41.099136,14.24201971,.00541251,98.7273,110.5183,57.4108,303.2280,0,U,41826,999,48191,.11651264E-2,.2683E-4,0
FENGYUN 1C DEB,1999-025EYE,2026-02-16T04:02:58.529472,14.25849906,.00551649,98.7354,121.1637,26.5107,333.8876,0,U,41827,999,48263,.13224881E-2,.3154E-4,0
FENGYUN 1C DEB,1999-025EYF,2026-02-17T08:41:18.057984,14.54376332,.00340254,98.9187,185.6397,327.3891,32.5202,0,U,41828,999,48431,.41048336E-2,.17568E-3,0
FENGYUN 1C DEB,1999-025EYG,2026-02-18T04:24:24.915744,14.25668176,.00530739,98.7374,123.1715,25.4789,334.8989,0,U,41829,999,48268,.12305609E-2,.2917E-4,0
FENGYUN 1C DEB,1999-025EYH,2026-02-18T03:41:35.221632,14.27075766,.00513026,98.7454,126.1273,23.0651,337.2817,0,U,41830,999,48235,.12322884E-2,.3001E-4,0
FENGYUN 1C DEB,1999-025EYJ,2026-02-18T03:19:39.753984,14.25103848,.00535905,98.7267,120.6308,28.3623,332.0455,0,U,41831,999,48219,.11593962E-2,.2717E-4,0
FENGYUN 1C DEB,1999-025EYK,2026-02-18T03:25:59.310048,14.24795821,.00530521,98.7214,117.7270,32.9773,327.4696,0,U,41832,999,48310,.1201718E-2,.28E-4,0
FENGYUN 1C DEB,1999-025EYL,2026-02-18T04:00:14.116320,14.26436706,.00514194,98.7408,123.6145,30.3118,330.1019,0,U,41833,999,48325,.12472402E-2,.3E-4,0
FENGYUN 1C DEB,1999-025EYM,2026-02-18T03:38:46.063392,14.24376425,.00526654,98.7267,118.1104,34.9284,325.5332,0,U,43213,999,41332,.11068493E-2,.2553E-4,0
FENGYUN 1C DEB,1999-025EYN,2026-02-18T03:40:26.650272,14.24666794,.00528581,98.7291,118.4649,34.5402,325.9193,0,U,43214,999,41363,.11595088E-2,.2692E-4,0
FENGYUN 1C DEB,1999-025EYP,2026-02-18T05:52:52.169664,13.40588240,.03611202,98.6852,164.8560,32.4198,329.8574,0,U,43358,999,54635,.12219123E-2,.949E-5,0
FENGYUN 1C DEB,1999-025EYQ,2026-02-18T05:06:00.309312,14.23976710,.00776715,99.0470,136.1339,180.9886,179.1151,0,U,43359,999,48709,.19890834E-2,.4665E-4,0
FENGYUN 1C DEB,1999-025EYR,2026-02-18T03:11:08.632320,14.26585021,.0051058,98.7566,126.3014,29.5950,330.8103,0,U,45526,999,44337,.13228216E-2,.3193E-4,0
FENGYUN 1C DEB,1999-025EYS,2026-02-17T17:02:27.214944,14.25053950,.0052684,98.7312,119.9946,34.4670,325.9907,0,U,45527,999,40533,.11595E-2,.2713E-4,0
FENGYUN 1C DEB,1999-025EYU,2026-02-05T05:42:10.458720,14.22410711,.0118808,98.5298,26.4323,248.8900,109.9544,0,U,46439,999,61138,.44223E-3,.1015E-4,0
FENGYUN 1C DEB,1999-025EYV,2026-02-16T07:26:17.080224,14.20446378,.0175235,98.5900,77.4691,305.7990,113.2601,0,U,46440,999,63300,.32289E-3,.763E-5,0
FENGYUN 1C DEB,1999-025EYY,2026-02-18T09:41:10.079232,14.11384544,.01000863,99.2075,123.0205,166.7751,256.0705,0,U,46443,999,60550,.1493611E-2,.2788E-4,0
FENGYUN 1C DEB,1999-025EYZ,2026-02-10T06:15:59.142816,14.27381647,.00833096,98.5167,46.6956,337.8747,37.4177,0,U,46444,999,63431,.7268256E-3,.1805E-4,0
FENGYUN 1C DEB,1999-025EZE,2026-02-17T01:15:38.997216,14.19284300,.02039911,98.6357,85.8355,79.6722,282.7381,0,U,46449,999,58577,.51379484E-3,.1283E-4,0
FENGYUN 1C DEB,1999-025EZF,2026-02-09T01:11:31.734240,14.04145697,.01813112,98.0793,255.2979,255.3496,102.7512,0,U,46450,999,61937,.20157658E-2,.3661E-4,0
FENGYUN 1C DEB,1999-025EZG,2026-02-13T12:42:49.752864,14.21378083,.01675036,98.1501,63.9152,2.3443,149.5108,0,U,46451,999,57898,.30482198E-2,.7639E-4,0
FENGYUN 1C DEB,1999-025EZK,2026-02-17T11:44:49.279200,14.25422381,.00422559,98.8780,142.0674,42.0398,15.1759,0,U,46468,999,74767,.16682319E-2,.393E-4,0
FENGYUN 1C DEB,1999-025EZL,2026-02-06T19:28:40.721952,14.47421130,.01043718,98.2342,65.0671,41.4851,319.4205,0,U,46986,999,64211,.5860911E-3,.2256E-4,0
FENGYUN 1C DEB,1999-025EZM,2026-02-05T15:19:28.701696,14.45483623,.0034497,98.9063,174.6842,181.8055,178.3016,0,U,46987,999,58134,.56765E-2,.20163E-3,0
FENGYUN 1C DEB,1999-025EZP,2026-02-05T05:20:37.424832,13.80197108,.0247572,99.5031,203.2665,196.5886,344.1430,0,U,46989,999,71793,.89511E-2,.11719E-3,0
FENGYUN 1C DEB,1999-025EZQ,2026-02-08T09:12:03.255264,14.26182258,.03493201,98.2299,245.0656,250.6424,234.6662,0,U,46990,999,9350,.62298842E-2,.28557E-3,0
FENGYUN 1C DEB,1999-025EZS,2026-02-16T18:14:12.150240,14.00796998,.00711968,98.9144,37.8450,338.4351,21.3819,0,U,46992,999,61881,.38530671E-3,.544E-5,0
FENGYUN 1C DEB,1999-025EZT,2026-02-07T03:45:46.154880,13.69234695,.02641632,98.7237,156.3620,149.9963,332.0777,0,U,46993,999,61029,.63831554E-3,.67E-5,0
FENGYUN 1C DEB,1999-025EZV,2026-02-17T16:25:08.859648,13.86774870,.01854429,98.5907,130.2952,293.2432,64.9296,0,U,46995,999,61396,.18379883E-2,.2413E-4,0
FENGYUN 1C DEB,1999-025EZX,2026-02-17T08:46:19.181856,14.28418169,.00269917,98.5521,92.3770,140.1484,285.6808,0,U,46997,999,63402,.1003755E-2,.2478E-4,0
FENGYUN 1C DEB,1999-025FAB,2026-02-08T10:38:44.856672,14.39141782,.00519325,99.2976,107.2918,238.7077,120.9017,0,U,47001,999,74744,.16356059E-2,.5095E-4,0
FENGYUN 1C DEB,1999-025FAF,2026-02-13T02:44:35.156256,14.11786013,.00601103,99.5958,142.3314,75.3346,43.5717,0,U,47005,999,83647,.21148276E-2,.3874E-4,0
FENGYUN 1C DEB,1999-025FAH,2026-01-30T20:50:36.884544,13.97787552,.02352053,98.2081,252.6979,276.0887,81.3527,0,U,47007,999,79535,.30947777E-2,.5501E-4,0
FENGYUN 1C DEB,1999-025FAK,2026-02-13T09:15:15.542784,13.37343844,.03539213,98.9477,25.7352,103.0772,261.0106,0,U,47009,999,59646,.41145797E-3,.274E-5,0
FENGYUN 1C DEB,1999-025FAN,2026-01-30T21:57:21.542688,13.77973040,.0162223,98.7520,270.6022,292.1170,66.2831,0,U,47012,999,55250,.3529E-3,.349E-5,0
FENGYUN 1C DEB,1999-025FAP,2026-01-30T10:53:57.321888,14.25403495,.0053641,98.0763,101.4111,19.1042,341.2135,0,U,47013,999,73953,.19573125E-2,.465E-4,0
FENGYUN 1C DEB,1999-025FAR,2026-02-18T09:51:54.930816,14.88573715,.01704152,98.6977,117.7242,254.8958,103.3348,0,U,47015,999,65388,.59388925E-3,.7175E-4,0
FENGYUN 1C DEB,1999-025FBB,2026-02-18T12:58:26.937984,14.47519220,.00378711,99.0339,265.5776,154.9788,235.7523,0,U,47025,999,63722,.1553426E-2,.5716E-4,0
FENGYUN 1C DEB,1999-025FBF,2026-02-01T07:14:26.835072,15.02235315,.0123117,98.9504,46.5975,182.1080,188.9944,0,U,47029,999,3834,.13649E-2,.2118E-3,0
FENGYUN 1C DEB,1999-025FBN,2026-02-04T09:34:49.552896,14.15215422,.00668575,98.7141,82.6027,304.6975,70.3404,0,U,47036,999,60686,.16247273E-3,.279E-5,0
FENGYUN 1C DEB,1999-025FBS,2026-02-03T11:40:52.611456,14.06592596,.00636944,100.2961,313.4415,90.7983,270.0479,0,U,47040,999,89850,.64738103E-3,.1038E-4,0
FENGYUN 1C DEB,1999-025FBT,2026-02-10T08:04:18.154272,15.11890347,.0012338,98.2497,77.3411,355.9907,66.4037,0,U,47041,999,72088,.22402E-2,.38518E-3,0
FENGYUN 1C DEB,1999-025FBU,2026-02-17T22:49:47.169696,14.22937953,.0053884,98.9980,312.9167,200.2877,219.1568,0,U,47042,999,63477,.21116E-3,.436E-5,0
FENGYUN 1C DEB,1999-025FBY,2026-02-18T11:47:11.298336,14.53014478,.00864259,99.0225,239.0489,150.8282,209.7779,0,U,47100,999,27751,.19845575E-2,.8559E-4,0
FENGYUN 1C DEB,1999-025FCA,2026-01-27T19:09:34.137792,14.17430737,.01168867,98.4388,329.1009,279.9399,106.4283,0,U,47102,999,62593,.18428617E-2,.3952E-4,0
FENGYUN 1C DEB,1999-025FCG,2026-02-18T03:02:56.283648,14.10138274,.01296529,99.2560,17.4093,271.6416,86.9906,0,U,48518,999,61119,.19594349E-2,.37E-4,0
