OBJECT_NAME,OBJECT_ID,EPOCH,MEAN_MOTION,ECCENTRICITY,INCLINATION,RA_OF_ASC_NODE,ARG_OF_PERICENTER,MEAN_ANOMALY,EPHEMERIS_TYPE,CLASSIFICATION_TYPE,NORAD_CAT_ID,ELEMENT_SET_NO,REV_AT_EPOCH,BSTAR,MEAN_MOTION_DOT,MEAN_MOTION_DDOT
OPS 6582 (TRANSIT 5B-5),1964-083D,2025-11-25T02:06:18.144000,13.56988086,.004226,90.0689,201.4718,152.4258,15.2097,0,U,965,999,1593,.11001E-3,.88E-6,0
LES-1,1965-008C,2025-11-24T23:05:58.164864,9.88355061,.0015855,32.1376,168.5105,254.7865,105.0879,0,U,1002,999,19598,-.16845E-2,-.4E-7,0
SOLRAD 7B,1965-016D,2025-11-25T02:38:01.592160,13.94942469,.0019812,70.0790,310.1276,21.3699,338.8229,0,U,1291,999,8824,.6855E-4,.4E-6,0
SECOR 4 (EGRS 4),1965-027B,2025-11-25T03:25:07.611744,12.92661795,.0031526,90.2463,10.9607,16.4132,39.0781,0,U,1315,999,86056,.26768E-4,.15E-6,0
TIROS 10,1965-051A,2025-11-25T01:14:23.777376,14.41516383,.0054747,98.4853,84.5618,333.1408,26.6949,0,U,1430,999,16650,.88493E-4,.247E-5,0
ALOUETTE 2,1965-098A,2025-11-25T00:54:10.595232,12.28073204,.1330381,79.8012,90.3229,286.3935,59.5223,0,U,1804,999,65421,.2541E-3,.761E-5,0
OV3-3,1966-070A,2025-11-25T02:01:19.065216,13.39334658,.1036958,81.3254,150.3071,325.1028,28.6128,0,U,2389,999,57158,.57754E-3,.12467E-3,0
SECOR 7 (EGRS 7),1966-077B,2025-11-18T19:42:20.823840,8.59615590,.00114867,90.3337,274.9805,270.5209,89.4327,0,U,2411,999,85930,-.13158997E-1,-.25E-6,0
ERS 15,1966-077C,2025-11-22T07:10:43.637952,8.59078603,.00066785,90.3344,274.8140,275.9388,84.0702,0,U,2412,999,37269,0,.2E-7,0
ISIS 1,1969-009A,2025-11-25T00:06:08.018208,11.30344150,.1707045,88.4496,166.7362,300.5458,43.7912,0,U,3669,999,33670,.14058E-3,.193E-5,0
SECOR 13 (EGRS 13),1969-037B,2025-11-25T03:12:34.170912,13.42966092,.0039955,99.6755,204.1460,33.1334,119.6698,0,U,3891,999,77436,.61015E-4,-.7E-7,0
ATS 5,1969-069A,2025-11-25T01:58:32.078208,0.99496226,.0006519,0.4902,240.8246,29.1105,178.1611,0,U,4068,999,4429,0,-.145E-5,0
OPS 7613 (P/L 4),1969-082E,2025-11-25T01:07:03.323136,13.95953963,.001897,70.0127,179.9745,29.3241,123.0999,0,U,4237,999,85781,.87907E-4,.68E-6,0
OPS 7613 (P/L 1),1969-082B,2025-11-25T03:11:22.934112,13.99121764,.0021232,70.0110,43.3532,324.7925,35.1778,0,U,4256,999,86192,.13878E-3,.148E-5,0
SHINSEI (MS-F2),1971-080A,2025-11-25T02:36:08.070336,12.74247182,.0639667,32.0538,266.1793,129.7110,236.1663,0,U,5485,999,52321,.82504E-4,.61E-6,0
PROSPERO (BLACK ARROW),1971-093A,2025-11-25T02:23:41.144064,14.01085912,.0504383,82.0370,109.9000,92.1563,273.7425,0,U,5580,999,71994,.33268E-3,.1577E-4,0
OPS 7898 (P/L 2),1971-110C,2025-11-24T22:27:35.343072,13.74736443,.0005372,69.9906,64.4298,52.2009,307.9571,0,U,5680,999,32014,.72795E-4,.19E-6,0
NOAA 2 (ITOS-D),1972-082A,2025-11-24T23:59:37.210272,12.53207653,.0004032,102.0204,340.2515,198.1212,217.7480,0,U,6235,999,42937,.37019E-4,-.41E-6,0
OSCAR 7 (AO-7),1974-089B,2025-11-25T00:16:38.889408,12.53693641,.0012251,101.9974,335.0927,159.9007,223.4642,0,U,7530,999,33493,.28745E-4,-.42E-6,0
TIROS N,1978-096A,2025-11-25T01:17:02.205600,14.19279869,.0011513,98.4727,354.1829,112.3141,247.9257,0,U,11060,999,64979,.12402E-3,.219E-5,0
PHASE 3B (AO-10),1983-058B,2025-11-24T21:56:36.119616,2.05870818,.6066327,26.1006,254.2298,58.6543,346.8199,0,U,14129,999,29128,0,.209E-5,0
HILAT,1983-063A,2025-11-25T02:30:26.895744,14.38516921,.0039343,82.0244,350.7533,187.1255,227.5215,0,U,14154,999,21824,.16106E-3,.512E-5,0
UOSAT 2 (UO-11),1984-021B,2025-11-25T03:10:57.058176,14.90053589,.0008742,97.7791,292.4384,130.6449,229.5530,0,U,14781,999,22673,.21502E-3,.2022E-4,0
NOAA 9,1984-123A,2025-11-25T01:45:55.012032,14.16994078,.0014241,99.1166,345.8097,204.5983,221.6104,0,U,15427,999,11451,.91576E-4,.137E-5,0
GEOSAT,1985-021A,2025-11-25T02:35:41.032320,14.39816671,.0001641,108.0517,16.7153,271.5658,88.5296,0,U,15595,999,13339,.11705E-3,.232E-5,0
EUTELSAT 1-F4 (ECS 4),1987-078B,2025-11-24T15:54:28.584576,0.98688445,.00076201,13.9753,343.5533,16.2953,339.8704,0,U,18351,999,12473,0,-.25E-6,0
PACSAT (AO-16),1990-005D,2025-11-25T01:37:49.204704,14.33850008,.0011634,98.8764,354.7186,108.9374,310.7339,0,U,20439,999,87268,.79504E-4,.175E-5,0
LUSAT (LO-19),1990-005G,2025-11-24T23:07:35.203296,14.34033915,.0012653,98.8971,340.0253,85.5957,274.6672,0,U,20442,999,87312,.83358E-4,.186E-5,0
IRS-1B,1991-061A,2025-11-24T23:22:18.772896,13.97832370,.0024247,99.4096,326.8586,196.5442,182.9145,0,U,21688,999,63996,-.93111E-4,-.179E-5,0
COSMOS 2197,1992-042A,2025-11-25T03:08:07.455840,12.64243276,.0013007,82.5958,359.3447,24.1805,30.8520,0,U,22034,999,53950,.69195E-4,.23E-6,0
PEGASUS R/B,1993-009C,2025-11-25T01:19:20.559648,14.57570037,.00445,24.9783,294.2551,66.1015,294.4151,0,U,22491,999,73981,.24666E-3,.1362E-4,0
EYESAT A (AO-27),1993-061C,2025-11-25T02:20:03.749568,14.30867282,.0008011,98.7168,31.3207,346.6953,13.4017,0,U,22825,999,67781,.82366E-4,.171E-5,0
ITAMSAT (IO-26),1993-061D,2025-11-25T03:17:20.179968,14.31287271,.0008211,98.7116,31.2582,329.0683,31.0015,0,U,22826,999,67812,.88847E-4,.19E-5,0
RADIO ROSTO (RS-15),1994-085A,2025-11-25T05:16:26.169312,11.27582330,.0149117,64.8172,273.0826,41.7993,319.4208,0,U,23439,999,27290,.21323E-3,-.35E-6,0
JAS-2 (FO-29),1996-046B,2025-11-25T02:27:16.457184,13.53261264,.0348826,98.5474,200.6028,265.8416,90.2794,0,U,24278,999,44556,.14836E-4,-.24E-6,0
FORTE,1997-047A,2025-11-25T02:29:32.712576,14.27821412,.002307,69.9516,114.9471,203.9342,156.0710,0,U,24920,999,46955,.15797E-3,.334E-5,0
NOAA 15,1998-030A,2025-11-25T02:10:14.827296,14.27060436,.0009501,98.5236,350.0816,220.8209,139.2261,0,U,25338,999,43218,.92937E-4,.184E-5,0
TECHSAT 1B (GO-32),1998-043D,2025-11-24T22:25:49.710432,14.24369632,.0002385,98.9908,311.7372,84.8407,275.3043,0,U,25397,999,42225,.68755E-4,.112E-5,0
ISS (ZARYA),1998-067A,2025-11-24T20:48:53.618400,15.49056620,.0003896,51.6314,230.9455,164.8499,195.2607,0,U,25544,999,54008,.27142E-3,.14562E-3,0
ORSTED,1999-008B,2025-11-24T19:22:18.471936,14.51450175,.01338559,96.4703,277.8663,121.6058,239.8287,0,U,25635,999,41231,.15362168E-3,.658E-5,0
LANDSAT 7,1999-020A,2025-11-25T01:40:54.637248,14.63664094,.0001554,97.8597,337.1014,77.3055,15.5965,0,U,25682,999,41598,.14585E-3,.714E-5,0
ORBCOMM FM36,1999-065E,2025-11-24T22:07:36.900768,14.38636626,.0001268,45.0399,48.9129,356.3056,3.7784,0,U,25984,999,35756,.58215E-3,.1658E-4,0
DMSP 5D-3 F15 (USA 147),1999-067A,2025-11-25T02:01:39.770112,14.17464849,.0009316,99.0233,359.8284,218.9556,166.4678,0,U,25991,999,34173,.12456E-3,.207E-5,0
OPAL (OO-38),2000-004C,2025-11-24T22:49:56.214912,14.37861722,.0035149,100.1908,223.1658,252.2163,107.5182,0,U,26063,999,35393,.9673E-4,.234E-5,0
IMAGE,2000-017A,2025-11-24T03:05:24.234144,1.68664171,.75867951,94.0059,312.4525,311.6197,4.6569,0,U,26113,999,15804,-.54239124E-2,-.136E-5,0
CLUSTER II-FM7 (SAMBA),2000-041A,2025-11-26T01:08:32.406720,0.44813942,.87241806,147.2482,23.2808,238.9692,0.5749,0,U,26410,999,1939,0,.2142E-4,0
CLUSTER II-FM8 (TANGO),2000-045B,2025-11-26T18:20:39.521184,0.44425991,.87321217,147.5882,24.0364,239.5720,0.4902,0,U,26464,999,1940,0,.2148E-4,0
MEGSAT-1,2000-057B,2025-11-25T02:43:26.539104,15.03784216,.0032019,64.5517,2.3049,303.8057,56.0011,0,U,26546,999,36695,.36462E-3,.4909E-4,0
PHASE 3D (AO-40),2000-072B,2025-11-20T06:29:23.475840,1.25587373,.79444247,9.7600,22.1787,113.5994,341.9069,0,U,26609,999,11488,0,-.93E-6,0
ODIN,2001-007A,2025-11-25T00:36:13.578624,15.49850187,.0003836,97.4252,356.4087,156.2066,203.9363,0,U,26702,999,35758,.65526E-3,.36558E-3,0
OMNI-M1,2001-026A,2025-11-19T06:37:14.528640,3.92402813,.00164935,44.9262,293.6100,352.0802,7.9093,0,U,26857,999,19733,0,-.42E-6,0
PCSAT (NO-44),2001-043C,2025-11-24T22:10:57.271872,14.31840437,.0007338,67.0520,52.5494,271.0276,88.9985,0,U,26931,999,26120,.12879E-3,.262E-5,0
PROBA-1,2001-049B,2025-11-25T03:48:07.128576,15.06305060,.0057758,97.9585,325.7508,92.3260,268.4581,0,U,26958,999,31289,.22247E-3,.3324E-4,0
SPOT 5,2002-021A,2025-11-25T02:00:35.852256,14.54519901,.0129838,98.0148,11.7088,190.5488,169.2982,0,U,27421,999,23317,.15502E-3,.69E-5,0
FENGYUN 1D,2002-024B,2025-11-25T02:14:47.618880,14.10184199,.0016418,98.9839,15.0494,96.9679,263.3359,0,U,27431,999,21071,.22081E-4,-.6E-7,0
SAUDISAT 1C (SO-50),2002-058C,2025-11-24T15:46:43.026816,14.82283645,.00712183,64.5547,41.4816,299.9429,59.4618,0,U,27607,999,23413,.24345391E-3,.1883E-4,0
CORIOLIS,2003-001A,2025-11-24T23:37:46.790112,14.19863160,.0015107,98.7146,333.9958,81.8587,278.4302,0,U,27640,999,18524,.10922E-3,.188E-5,0
CUTE-1 (CO-55),2003-031E,2025-11-24T22:56:12.721056,14.24157139,.0010583,98.6770,335.0879,61.7905,298.4341,0,U,27844,999,16260,.21465E-3,.451E-5,0
CUBESAT XI-IV (CO-57),2003-031J,2025-11-24T23:36:47.987136,14.23468618,.0010595,98.6799,334.9922,78.1228,282.1138,0,U,27848,999,16232,.18314E-3,.373E-5,0
MOZHAETS 4 (RS-22),2003-042A,2025-11-25T04:39:13.806720,14.72895453,.0011069,98.3367,142.9285,190.1726,286.1068,0,U,27939,999,18551,.27229E-3,.1693E-4,0
IRS-P6 (RESOURCESAT-1),2003-046A,2025-11-25T05:30:54.285408,14.36062362,.0063244,98.2202,10.4460,233.6101,205.2984,0,U,28051,999,15125,.86774E-4,.217E-5,0
SAUDISAT 2,2004-025F,2025-11-24T22:36:24.852384,14.56500837,.0024271,98.5411,318.7899,201.6163,158.4011,0,U,28371,999,13601,.10938E-3,.439E-5,0
COSMOS 2407,2004-028A,2025-11-25T02:03:45.248832,13.76310724,.0040534,82.9619,225.9616,102.6276,15.6143,0,U,28380,999,7180,.7035E-4,.85E-6,0
COSMOS 2414,2005-002A,2025-11-25T02:01:59.914272,13.87899587,.0039718,82.9507,198.0086,189.5806,170.4605,0,U,28521,999,5550,.63302E-4,.91E-6,0
INMARSAT 4-F1,2005-009A,2025-11-24T13:09:07.188768,1.00272233,.00033866,4.8930,42.5171,204.5305,192.0938,0,U,28628,999,7562,0,.52E-6,0
HAMSAT (VO-52),2005-017B,2025-11-24T23:20:16.110816,15.07312470,.0020685,98.0039,338.5781,12.4853,347.6882,0,U,28650,999,11597,.5217E-3,.7851E-4,0
NOAA 18,2005-018A,2025-11-25T03:31:41.147328,14.13672147,.001435,98.8310,46.6304,15.1983,344.9618,0,U,28654,999,5748,.11108E-3,.166E-5,0
SJ-7,2005-024A,2025-11-25T01:17:09.687840,15.17749976,.0017878,97.7496,348.9682,25.4012,334.8096,0,U,28737,999,11702,.54288E-3,.1094E-3,0
CUBESAT XI-V,2005-043F,2025-11-24T21:39:01.188576,14.71794111,.001523,98.2719,115.6807,131.0841,229.1684,0,U,28895,999,7169,.40407E-3,.2477E-4,0
CLOUDSAT,2006-016A,2025-11-25T01:47:51.900864,14.85806920,.0004024,98.4150,349.8695,274.0612,86.0142,0,U,29107,999,4419,.19948E-3,.1675E-4,0
CALIPSO,2006-016B,2025-11-25T04:10:12.199584,14.68771195,.0001153,98.4524,332.9018,108.1460,251.9870,0,U,29108,999,4310,.30637E-3,.1734E-4,0
HINODE (SOLAR-B),2006-041A,2025-11-25T00:56:39.331968,14.68258555,.0016831,98.0661,343.1371,212.0932,147.9249,0,U,29479,999,2491,.17468E-3,.96E-5,0
METOP-A,2006-044A,2025-11-25T01:48:19.244736,14.74932885,.0176673,98.3306,64.6371,0.2601,75.1305,0,U,29499,999,99535,.22674E-3,.1893E-4,0
SHIJIAN-6 02B (SJ-6 02B),2006-046B,2025-11-25T05:11:00.257280,15.00439440,.0015284,97.6876,355.0044,30.7970,329.4147,0,U,29506,999,4014,.16419E-3,.201E-4,0
DMSP 5D-3 F17 (USA 191),2006-050A,2025-11-25T02:12:10.666368,14.14908457,.0009119,98.7397,334.8480,280.2538,79.7607,0,U,29522,999,98355,.12422E-3,.197E-5,0
LAPAN-TUBSAT,2007-001A,2025-11-25T04:50:13.896672,14.85631815,.0013341,98.1248,318.9989,125.9754,234.2699,0,U,29709,999,2086,.98754E-4,.799E-5,0
HAIYANG-1B,2007-010A,2025-11-24T23:22:07.984992,14.30956253,.0014748,98.3302,313.9872,86.7546,273.5325,0,U,31113,999,97142,.67432E-4,.136E-5,0
BEIDOU-2 M1,2007-011A,2025-11-21T21:19:14.424960,1.77349375,.00025688,51.0040,226.1707,8.8721,351.2119,0,U,31115,999,7247,0,.19E-6,0
CAPE-1,2007-012P,2025-11-24T21:22:20.540064,14.64099989,.0084566,98.4216,293.3275,349.8460,10.1030,0,U,31130,999,98844,.51219E-3,.2779E-4,0
CBERS 2B,2007-042A,2025-11-25T01:51:45.190368,14.41324652,.0030052,98.3694,272.5842,228.0278,144.0514,0,U,32062,999,95528,.12311E-3,.357E-5,0
COSMO-SKYMED 2,2007-059A,2025-11-25T03:27:52.010208,14.82161787,.0001507,97.8813,150.7322,87.0345,273.1041,0,U,32376,999,97177,.98534E-4,.732E-5,0
CARTOSAT-2A,2008-021A,2025-11-25T03:31:51.748608,14.78887007,.0012956,97.7955,19.5186,58.5631,301.6846,0,U,32783,999,94864,.16169E-3,.1142E-4,0
CUTE-1.7+APD II (CO-65),2008-021C,2025-11-25T04:11:15.325152,15.06723218,.000994,97.8073,302.0200,14.4809,345.6701,0,U,32785,999,95444,.51316E-3,.7573E-4,0
COMPASS-1,2008-021E,2025-11-24T23:58:11.502336,15.96541279,.0007024,97.6327,331.7256,118.3934,241.8050,0,U,32787,999,95848,.2101E-2,.876471E-2,.3489E-3
SEEDS II (CO-66),2008-021J,2025-11-24T22:08:31.196256,15.24397689,.0002405,97.7440,313.4676,356.4692,3.6527,0,U,32791,999,95608,.88306E-3,.21613E-3,0
YUBILEINY (RS-30),2008-025A,2025-11-25T03:59:25.475712,12.43171266,.0019562,82.5000,122.3530,39.0760,321.1729,0,U,32953,999,79434,.13019E-3,.28E-6,0
FENGYUN 3A,2008-026A,2025-11-25T01:32:02.256000,14.19506073,.0008819,98.6671,268.9652,3.9046,356.2197,0,U,32958,999,90644,.90825E-4,.148E-5,0
HUANJING 1A (HJ-1A),2008-041A,2025-11-25T05:23:55.845888,14.83313822,.0020801,97.6532,318.2572,88.1767,272.1829,0,U,33320,999,92816,.21682E-3,.1731E-4,0
HUANJING 1B (HJ-1B),2008-041B,2025-11-25T05:51:50.138784,14.82755590,.003781,97.6388,322.0181,131.1256,229.3232,0,U,33321,999,92818,.17678E-3,.1394E-4,0
SHIJIAN-6 03A (SJ-6 03A),2008-053A,2025-11-25T05:13:23.608704,15.14415527,.001204,97.8632,350.5758,0.9634,359.1617,0,U,33408,999,93206,.5245E-3,.9584E-4,0
SHIJIAN-6 03B (SJ-6 03B),2008-053B,2025-11-25T05:26:04.818624,15.03281387,.0020224,97.8707,340.7525,15.0822,345.1002,0,U,33409,999,93209,.1634E-3,.2159E-4,0
CHUANGXIN 1-02 (CX-1-02),2008-056B,2025-11-25T03:26:34.244160,14.30096446,.0014648,98.6343,352.2462,23.9276,336.2584,0,U,33434,999,88945,.61976E-4,.116E-5,0
STARS (KUKAI),2009-002G,2025-11-24T18:56:42.052704,14.93645428,.0010102,98.1364,263.3255,117.1379,243.0871,0,U,33498,999,90794,.55636E-3,.5824E-4,0
KKS-1 (KISEKI),2009-002H,2025-11-25T01:22:08.906592,14.82333196,.0006782,98.1161,243.3975,225.5513,134.5145,0,U,33499,999,90594,.31464E-3,.2462E-4,0
NOAA 19,2009-005A,2025-11-25T02:38:20.170752,14.13430724,.0012888,98.9789,34.6030,245.7189,114.2637,0,U,33591,999,86565,.71248E-4,.89E-6,0
UK-DMC 2,2009-041C,2025-11-25T05:11:25.130976,14.75564703,.0001166,97.8556,104.6158,100.7688,259.3653,0,U,35683,999,87648,.18827E-3,.1234E-4,0
METEOR-M 1,2009-049A,2025-11-25T02:43:14.970144,14.23087566,.0002409,98.7110,288.3918,152.9101,207.2203,0,U,35865,999,84022,.89933E-4,.159E-5,0
OCEANSAT-2,2009-051A,2025-11-25T04:13:33.479616,13.99628067,.0016976,98.2239,331.5564,90.4002,269.9109,0,U,35931,999,85079,-.32024E-4,-.84E-6,0
SWISSCUBE,2009-051B,2025-11-24T16:50:25.906272,14.61876680,.0007711,98.4143,227.9587,121.8892,238.3059,0,U,35932,999,85927,.31446089E-3,.1524E-4,0
BEESAT-1,2009-051C,2025-11-24T16:17:22.938144,14.61209212,.00059817,98.4073,227.9819,132.1912,227.9796,0,U,35933,999,85931,.2714423E-3,.1289E-4,0
ITUPSAT1,2009-051E,2025-11-25T02:38:01.014144,14.59972440,.0008018,98.4163,227.8149,143.4461,216.7287,0,U,35935,999,85895,.2815E-3,.1302E-4,0
DMSP 5D-3 F18 (USA 210),2009-057A,2025-11-25T02:47:04.809696,14.14754320,.0011996,98.8816,305.6068,108.6534,251.5942,0,U,35951,999,83073,.17225E-3,.288E-5,0
PROBA-2,2009-059B,2025-11-25T02:29:44.455200,14.54690156,.001296,98.2378,150.3432,186.0805,174.0237,0,U,36037,999,85185,.11149E-3,.432E-5,0
YAOGAN-7,2009-069A,2025-11-25T02:11:12.831072,14.77692553,.0024321,98.0307,210.9106,340.4423,19.5852,0,U,36110,999,85948,.12608E-3,.854E-5,0
XIWANG-1 (HOPE-1),2009-072B,2025-11-25T04:27:29.531808,13.16431713,.0007406,100.3749,281.5540,344.6025,15.4862,0,U,36122,999,76616,.35821E-4,-.31E-6,0
RADUGA-1M 2,2010-002A,2025-11-25T02:53:34.306080,0.98969443,.0007097,3.0863,81.4200,223.3125,350.2104,0,U,36358,999,4800,0,-.101E-5,0
COSMOS 2463,2010-017A,2025-11-25T03:39:52.739136,13.71646946,.0035488,82.9627,39.6345,338.3096,39.2975,0,U,36519,999,77996,.73134E-4,.81E-6,0
CARTOSAT-2B,2010-035A,2025-11-25T04:26:18.184416,14.78747013,.0012611,97.7877,18.7833,129.0138,231.2198,0,U,36795,999,82970,.13614E-3,.951E-5,0
AISSAT 1,2010-035C,2025-11-25T02:52:54.839424,14.96134915,.0010008,98.1111,216.0687,22.9594,337.2072,0,U,36797,999,83369,.3693E-3,.4098E-4,0
TISAT 1,2010-035E,2025-11-24T18:35:33.989280,15.22514659,.0000698,98.0581,253.8598,168.5203,191.6048,0,U,36799,999,83650,.10223E-2,.23678E-3,0
YAOGAN-10,2010-038A,2025-11-25T06:00:35.279712,14.84530874,.0001558,97.9157,349.2020,87.0225,336.9928,0,U,36834,999,82694,.11694E-3,.932E-5,0
SHIJIAN-6 04B (SJ-6 04B),2010-051B,2025-11-25T05:42:28.886112,14.98771811,.0008927,97.8698,327.6463,279.2023,80.8189,0,U,37180,999,82512,.78644E-4,.886E-5,0
FENGYUN 3B,2010-059A,2025-11-25T05:04:02.437248,14.14782689,.0022786,98.9932,9.0639,46.7626,40.4658,0,U,37214,999,77858,.74958E-4,.99E-6,0
COSMO-SKYMED 4,2010-060A,2025-11-25T03:46:05.048832,14.82154381,.000151,97.8817,150.7444,87.2455,272.8931,0,U,37216,999,81434,.93823E-4,.695E-5,0
O/OREOS (USA 219),2010-062C,2025-11-24T23:59:59.756352,14.92531801,.0012904,71.9695,182.4709,97.3541,262.9095,0,U,37224,999,8616,.31399E-3,.3171E-4,0
ELEKTRO-L 1 (GOMS 2),2011-001A,2025-11-25T01:48:18.056736,1.00212168,.0002489,9.2213,56.5522,42.1364,311.0473,0,U,37344,999,5443,0,-.256E-5,0
RESOURCESAT-2,2011-015A,2025-11-25T02:52:02.068032,14.21593101,.0006946,98.7898,32.7487,87.4618,272.7354,0,U,37387,999,75718,.96523E-4,.167E-5,0
YOUTHSAT,2011-015B,2025-11-24T23:35:58.331328,14.25505569,.0013648,98.3449,307.5483,218.2070,211.6776,0,U,37388,999,75854,.13517E-3,.279E-5,0
APRIZESAT 6,2011-044F,2025-11-24T23:34:59.264832,14.76472497,.0044053,98.2454,230.2347,20.8122,349.9854,0,U,37793,999,76701,.19724E-3,.1338E-4,0
JUGNU,2011-058B,2025-11-24T17:53:28.258944,14.13685218,.00186248,19.9597,110.4046,338.9422,51.9639,0,U,37839,999,73006,.11073373E-3,.479E-5,0
SRMSAT,2011-058D,2025-11-25T01:54:07.610400,14.11502890,.0011866,19.9709,214.8425,118.6265,21.1680,0,U,37841,999,72894,.10452E-3,.457E-5,0
SUOMI NPP,2011-061A,2025-11-25T03:25:13.228608,14.19506714,.0001529,98.7747,266.6449,153.1531,206.9724,0,U,37849,999,72949,.91191E-4,.148E-5,0
YAOGAN-12,2011-066B,2025-11-25T04:20:40.278336,15.23930255,.0009164,97.1438,12.3599,223.3304,136.7214,0,U,37875,999,78094,.27511E-3,.659E-4,0
ZIYUAN 3-1 (ZY 3-1),2012-001A,2025-11-25T05:10:46.674336,15.65578448,.0002685,97.1777,35.2620,59.4027,300.7498,0,U,38046,999,77222,.79614E-3,.80396E-3,0
BEIDOU-2 M4,2012-018B,2025-11-24T00:03:50.605056,1.86229625,.0015766,55.8377,311.0181,275.3565,84.4599,0,U,38251,999,9212,0,-.48E-6,0
ARIRANG-3 (KOMPSAT-3),2012-025B,2025-11-25T03:36:31.347648,14.61677545,.0006548,98.3304,283.6102,31.7708,328.3887,0,U,38338,999,72153,.15082E-3,.702E-5,0
HORYU-2,2012-025D,2025-11-24T18:56:16.084320,14.89242399,.0009213,98.1954,88.9696,127.1264,233.0795,0,U,38340,999,71828,.52071E-3,.4873E-4,0
CSSWE,2012-048D,2025-11-24T14:55:40.807776,15.32201983,.0092894,64.6642,60.4278,231.9157,127.3571,0,U,38761,999,8492,.9522696E-3,.34033E-3,0
CP5,2012-048F,2025-11-25T02:02:13.295040,15.20983463,.0119,64.6472,104.0426,234.3755,124.6242,0,U,38763,999,8564,.87722E-3,.23553E-3,0
METOP-B,2012-049A,2025-11-25T02:59:08.514240,14.21398831,.0002058,98.6823,19.3797,186.7918,173.3232,0,U,38771,999,68427,.10203E-3,.179E-5,0
SJ-9A,2012-056A,2025-11-25T02:14:35.374272,14.84894494,.0025006,97.6464,303.8398,206.3087,153.6860,0,U,38860,999,66929,.13801E-3,.1128E-4,0
COSMOS 2484,2013-001C,2025-11-25T04:11:16.130400,12.42930726,.0027526,82.5034,348.7644,117.5524,242.8357,0,U,39059,999,58321,.1834E-3,.36E-6,0
SARAL,2013-009A,2025-11-25T03:05:43.147104,14.32747846,.0002294,98.5509,153.2888,143.3046,216.8295,0,U,39086,999,66638,.73087E-4,.155E-5,0
AAUSAT 3,2013-009B,2025-11-25T00:04:24.472992,14.39566771,.0012458,98.3643,152.5150,104.0414,256.2160,0,U,39087,999,66779,.33193E-3,.994E-5,0
STRAND-1,2013-009E,2025-11-25T01:16:37.865856,14.36982388,.0009657,98.3827,149.3979,117.8408,242.3759,0,U,39090,999,66774,.16722E-3,.453E-5,0
BRITE-AUSTRIA,2013-009F,2025-11-25T02:54:03.527424,14.36420915,.0011126,98.3892,148.6953,125.8324,234.3897,0,U,39091,999,66775,.11883E-3,.306E-5,0
UNIBRITE,2013-009G,2025-11-25T02:45:24.261696,14.36292334,.0010112,98.3931,148.7494,122.1765,238.0404,0,U,39092,999,66769,.11361E-3,.29E-5,0
AIST-2 (RS-43),2013-015D,2025-11-25T04:02:26.848320,15.23266577,.0029854,64.8689,203.0609,257.5752,102.2035,0,U,39133,999,69279,.33894E-3,.7968E-4,0
GAOFEN-1,2013-018A,2025-11-25T05:13:35.122368,14.76487712,.001704,97.9345,40.1853,198.8241,161.2341,0,U,39150,999,67814,.15148E-3,.1006E-4,0
NEE-01 PEGASO,2013-018B,2025-11-24T22:07:23.797344,14.92167527,.0014203,98.0955,101.9108,115.0860,245.1833,0,U,39151,999,68022,.49308E-3,.497E-4,0
TURKSAT-3USAT,2013-018C,2025-11-24T23:03:37.865088,14.94622426,.0013476,97.8027,55.8315,64.0131,296.2476,0,U,39152,999,68056,.44722E-3,.4794E-4,0
CUBEBUG-1 (CAPITAN BETO),2013-018D,2025-11-24T23:08:30.304032,14.95432721,.0013404,98.1417,115.3995,103.1025,257.1691,0,U,39153,999,68052,.58986E-3,.6473E-4,0
PROBA-V,2013-021A,2025-11-24T22:31:10.333056,14.23540953,.0004631,98.3374,312.8962,26.2767,333.8647,0,U,39159,999,65205,.59262E-4,.94E-6,0
ESTCUBE 1,2013-021C,2025-11-25T02:08:37.044096,14.80533659,.0007475,97.7599,25.2217,329.9805,30.0978,0,U,39161,999,67481,.35028E-3,.2634E-4,0
ARIRANG-5 (KOMPSAT-5),2013-042A,2025-11-25T07:37:53.916096,15.04500687,.000422,97.6174,153.8690,100.6874,259.4828,0,U,39227,999,67320,.17256E-3,.2355E-4,0
GONETS-M 5,2013-048A,2025-11-25T05:10:52.870080,12.42873100,.0015745,82.4794,110.5483,297.7541,62.1942,0,U,39249,999,55354,.20968E-3,.39E-6,0
GONETS-M 7,2013-048C,2025-11-25T04:23:01.704768,12.42905307,.001657,82.4860,113.3848,298.9446,60.9971,0,U,39251,999,55349,.56411E-4,.18E-6,0
FENGYUN 3C,2013-052A,2025-11-25T05:12:15.221376,14.15688287,.0013593,98.4745,307.7534,249.3697,110.6021,0,U,39260,999,62970,.93304E-4,.142E-5,0
CASSIOPE,2013-055A,2025-11-25T01:58:42.072096,15.09378702,.0350028,80.9300,311.8594,23.6351,338.0515,0,U,39265,999,63670,.71377E-3,.5262E-3,-.28345E-6
APRIZESAT 7,2013-066A,2025-11-24T18:26:15.974016,14.90814674,.0036548,97.7446,280.3714,166.4860,193.7346,0,U,39416,999,65076,.17924087E-3,.1729E-4,0
ZACUBE-1 (TSHEPISOSAT),2013-066B,2025-11-25T04:02:42.372672,14.98821228,.0040797,97.8040,285.6899,204.7267,155.2001,0,U,39417,999,65014,.64204E-3,.782E-4,0
APRIZESAT 8,2013-066K,2025-11-25T02:25:16.768128,14.87043657,.0045084,97.7981,274.8150,236.5273,123.1630,0,U,39425,999,64933,.18358E-3,.1619E-4,0
CINEMA-3 (KHUSAT-2),2013-066L,2025-11-25T00:28:35.838336,14.77483480,.0091795,97.8436,241.5834,152.7938,207.8126,0,U,39426,999,64429,.25087E-3,.1863E-4,0
TRITON-1,2013-066M,2025-11-25T03:14:27.264192,14.80348125,.0092077,97.8304,238.6725,177.9018,182.2600,0,U,39427,999,64388,.42538E-3,.3432E-4,0
DELFI-N3XT,2013-066N,2025-11-25T00:45:13.963968,14.91446595,.0079878,97.8327,245.0444,163.3466,197.0404,0,U,39428,999,64415,.88776E-3,.9383E-4,0
GOMX-1,2013-066Q,2025-11-25T04:28:16.911840,14.68463682,.0131166,97.6606,177.4094,12.9637,347.4887,0,U,39430,999,63996,.41342E-3,.2678E-4,0
BRITE-PL1 (LEM),2013-066R,2025-11-24T21:27:59.712768,14.50955926,.0189725,97.7789,91.1752,286.7876,71.2584,0,U,39431,999,63430,.21416E-3,.1017E-4,0
ICUBE-1,2013-066S,2025-11-24T21:39:46.315296,15.19376496,.0018146,97.5541,308.1969,333.6401,26.3908,0,U,39432,999,65332,.87795E-3,.18613E-3,0
HUMSAT-D,2013-066T,2025-11-24T22:51:12.491424,15.53754677,.0004803,97.5036,329.6547,196.9824,163.1269,0,U,39433,999,65502,.14333E-2,.9271E-3,0
VELOX-PII,2013-066Y,2025-11-24T19:16:23.537280,14.91435659,.00531305,97.8507,275.4867,301.0596,58.5413,0,U,39438,999,64735,.522148E-3,.5302E-4,0
FIRST-MOVE,2013-066Z,2025-11-24T22:17:55.154112,15.48884402,.0021196,97.7527,312.0064,103.5737,256.7875,0,U,39439,999,65075,.20328E-2,.111816E-2,0
CUBEBUG-2 (LO-74),2013-066AA,2025-11-24T19:56:03.930720,14.91678826,.00599469,97.8688,272.5309,346.1253,13.8315,0,U,39440,999,64650,.60512321E-3,.624E-4,0
NEE-02 KRYSAOR,2013-066AB,2025-11-24T19:00:50.605632,14.85415387,.00684224,97.8707,264.8571,20.9922,339.4078,0,U,39441,999,64584,.42296874E-3,.3743E-4,0
FUNCUBE-1 (AO-73),2013-066AE,2025-11-24T20:17:04.308000,15.05544884,.0039118,97.8058,291.9119,175.0182,185.1441,0,U,39444,999,64887,.73704E-3,.10738E-3,0
HINCUBE,2013-066AF,2025-11-24T18:58:11.671104,15.04542632,.0035222,97.7723,290.1121,181.7736,178.3370,0,U,39445,999,64875,.70419E-3,.995E-4,0
UWE-3,2013-066AG,2025-11-24T19:35:50.047008,14.94839006,.0049224,97.8466,279.1601,281.2214,78.3476,0,U,39446,999,64702,.66905E-3,.7404E-4,0
SMDC ONE 2.4,2013-072H,2025-11-24T22:25:45.056064,15.11755696,.0164087,120.4956,286.9390,150.3290,210.7202,0,U,39469,999,8687,.62603E-3,.14585E-3,0
CP8 (IPEX),2013-072K,2025-11-24T12:29:07.868544,15.03787926,.01828552,120.4665,243.2882,138.7109,222.7941,0,U,39471,999,8440,.4763027E-3,.918E-4,0
COSMOS 2488,2013-076A,2025-11-25T05:17:22.930656,12.42869279,.0018912,82.4826,295.7995,176.5974,183.5238,0,U,39483,999,54055,.2518E-3,.45E-6,0
COSMOS 2489,2013-076B,2025-11-25T04:37:22.537344,12.42870840,.0020675,82.4862,297.1310,177.2296,182.8902,0,U,39484,999,54060,.20475E-3,.38E-6,0
COSMOS 2490,2013-076C,2025-11-25T03:56:22.922880,12.42869122,.0020524,82.4804,295.3035,193.7368,166.3156,0,U,39485,999,54053,.22524E-3,.41E-6,0
AIST-1 (RS-41),2013-078C,2025-11-25T04:24:15.097248,14.95230235,.0015948,82.4148,108.3987,239.3159,120.6491,0,U,39492,999,64475,.24773E-3,.2755E-4,0
KAZEOSAT 1,2014-024A,2025-11-25T03:59:17.151936,14.42047478,.0001043,98.3452,41.4663,95.3975,264.7334,0,U,39731,999,60915,.10329E-3,.296E-5,0
COSMOS 2496,2014-028A,2025-11-25T02:55:28.064640,12.42869702,.0019445,82.4465,236.5147,161.5691,198.6097,0,U,39761,999,52216,.20363E-3,.38E-6,0
COSMOS 2497,2014-028B,2025-11-25T04:17:29.135616,12.42869911,.0020072,82.4512,238.0896,156.5540,203.6459,0,U,39762,999,52217,.36613E-3,.61E-6,0
COSMOS 2498,2014-028C,2025-11-25T04:07:40.907136,12.42971160,.0020788,82.4474,236.6704,156.1489,204.0558,0,U,39763,999,52220,.23982E-3,.43E-6,0
COSMOS 2499 (RS-47),2014-028E,2025-11-25T04:26:03.747840,12.82898053,.0232619,82.4524,30.0951,120.4987,241.9307,0,U,39765,999,53886,.39525E-4,.24E-6,0
HODOYOSHI-4,2014-033B,2025-11-25T04:27:04.723776,14.87387382,.0022435,97.5423,158.9347,261.5553,98.3121,0,U,40011,999,61847,.23088E-3,.2044E-4,0
UNISAT-6,2014-033C,2025-11-24T23:28:37.371648,14.86629707,.0046843,97.7620,120.8423,22.8669,337.4618,0,U,40012,999,61580,.49186E-3,.4398E-4,0
DEIMOS-2,2014-033D,2025-11-25T05:17:44.566944,14.92858611,.0001061,97.6074,205.5983,64.6363,295.4966,0,U,40013,999,60728,.30976E-3,.3154E-4,0
BUGSAT-1 (TITA),2014-033E,2025-11-25T04:44:00.670272,15.12980724,.0030208,98.0578,45.1085,154.3813,205.8921,0,U,40014,999,62496,.43613E-3,.7709E-4,0
SAUDISAT 4,2014-033G,2025-11-24T23:41:19.976064,14.79123562,.004561,97.7289,117.6134,19.7891,340.5077,0,U,40016,999,61588,.13325E-3,.953E-5,0
APRIZESAT 9,2014-033J,2025-11-24T21:14:03.461856,14.73837932,.0067535,97.8783,102.5073,136.4003,224.2571,0,U,40018,999,61346,.17889E-3,.1163E-4,0
BRITE-CA1 (TORONTO),2014-033L,2025-11-24T21:36:30.622752,14.72124197,.0078773,97.9488,97.0288,210.1628,149.5032,0,U,40020,999,61215,.29317E-3,.1884E-4,0
DUCHIFAT-1,2014-033M,2025-11-25T00:47:55.773888,15.38855099,.000861,98.0809,359.0258,86.5080,273.7148,0,U,40021,999,62412,.11703E-2,.45154E-3,0
NANOSATC-BR1,2014-033Q,2025-11-25T01:34:28.913088,15.23823828,.0004498,98.0910,339.3325,148.6448,211.5056,0,U,40024,999,62281,.84924E-3,.20427E-3,0
QB50P1,2014-033R,2025-11-24T23:25:02.227008,15.13978575,.0008587,98.0967,321.4514,191.8387,168.2643,0,U,40025,999,62208,.62902E-3,.11358E-3,0
DTUSAT-2,2014-033W,2025-11-24T15:54:57.293568,15.11308560,.00072814,98.0747,309.1192,199.1263,160.9693,0,U,40030,999,62175,.52687922E-3,.8813E-4,0
QB50P2,2014-033Y,2025-11-24T22:32:54.687840,15.11382528,.000902,98.0632,308.8299,137.7383,222.4542,0,U,40032,999,62177,.62201E-3,.10445E-3,0
PERSEUS-M1,2014-033AF,2025-11-24T18:56:56.667264,14.94632597,.0009992,97.9444,264.9793,254.5483,105.4633,0,U,40039,999,62009,.29497E-3,.3138E-4,0
POLYITAN-1,2014-033AJ,2025-11-24T23:14:49.281216,15.24737284,.000986,98.1087,332.0760,129.2299,230.9814,0,U,40042,999,62238,.92155E-3,.22816E-3,0
TIGRISAT,2014-033AK,2025-11-25T00:52:39.631584,14.84001039,.0050889,97.7559,119.2349,25.7045,334.6682,0,U,40043,999,61533,.3522E-3,.2945E-4,0
AISAT,2014-034B,2025-11-25T02:49:49.747296,15.03652500,.0009466,98.2514,222.2782,178.5071,181.6183,0,U,40054,999,61648,.12011E-2,.16419E-3,0
CANX-4,2014-034C,2025-11-25T02:48:15.194592,14.80714476,.0012007,98.3375,191.6303,311.4803,48.5376,0,U,40055,999,61432,.21404E-3,.1591E-4,0
CANX-5,2014-034D,2025-11-25T02:49:17.882112,14.80730323,.0012001,98.3378,191.6628,311.6333,48.3850,0,U,40056,999,60513,.21493E-3,.1598E-4,0
VELOX-I,2014-034E,2025-11-25T05:20:50.365824,14.95268501,.0006598,98.2687,217.8158,219.2359,140.8383,0,U,40057,999,61609,.7715E-3,.8439E-4,0
GONETS-M 10,2014-036C,2025-11-25T04:19:40.760832,12.42938677,.0021505,82.5111,74.3887,224.6941,135.2406,0,U,40063,999,51690,.28078E-3,.49E-6,0
METEOR-M 2,2014-037A,2025-11-25T05:17:05.574624,14.21376558,.0004604,98.4884,307.4780,270.3847,89.6804,0,U,40069,999,59034,.10199E-3,.181E-5,0
DX1,2014-037C,2025-11-25T03:38:43.067040,14.89029437,.0006354,98.3616,273.9510,206.8435,153.2452,0,U,40071,999,61573,.29061E-3,.2675E-4,0
UKUBE-1,2014-037F,2025-11-24T11:45:29.777472,15.09192166,.00031266,98.4140,306.0641,99.6448,260.5132,0,U,40074,999,61763,.7990648E-3,.1264E-3,0
GAOFEN-2,2014-049A,2025-11-25T04:04:48.840672,14.80563179,.0007682,98.0408,28.3062,164.3077,195.8375,0,U,40118,999,60904,.14258E-3,.104E-4,0
BRITE-PL2 (HEWELIUSZ),2014-049B,2025-11-24T18:42:21.068064,14.93532351,.0015609,97.8994,74.5559,70.1289,290.1611,0,U,40119,999,61092,.33017E-3,.3427E-4,0
CBERS 4,2014-079A,2025-11-25T03:50:49.100064,14.35523972,.000115,98.3332,27.7764,132.8826,227.2457,0,U,40336,999,57468,.84075E-4,.2E-5,0
SMAP,2015-003A,2025-11-25T02:43:49.433376,14.63343294,.0001337,98.1295,334.0914,89.9666,270.1689,0,U,40376,999,57777,.14113E-3,.682E-5,0
GONETS-M 11,2015-020A,2025-11-25T04:29:58.690176,12.42867442,.0016568,82.4841,158.0994,87.6598,272.6378,0,U,40552,999,48339,.77282E-4,.21E-6,0
GONETS-M 12,2015-020B,2025-11-25T03:55:27.558624,12.42884332,.0015515,82.4876,159.1843,72.7662,287.5115,0,U,40553,999,48338,.43262E-4,.16E-6,0
GONETS-M 13,2015-020C,2025-11-25T05:08:08.824992,12.42862316,.0014033,82.4838,157.8281,57.9411,302.3029,0,U,40554,999,48336,-.85014E-4,-.2E-7,0
DMC3-FM1,2015-032A,2025-11-25T04:30:54.921024,14.85395014,.0006028,97.6711,197.0186,20.1435,340.0017,0,U,40715,999,55962,.11969E-3,.979E-5,0
DMC3-FM2,2015-032B,2025-11-25T03:26:19.975200,14.85395923,.0006661,97.6763,198.4068,24.1756,335.9771,0,U,40716,999,55961,.12555E-3,.103E-4,0
DMC3-FM3,2015-032C,2025-11-25T05:34:21.411264,14.85393040,.0005998,97.6817,200.1139,25.6387,334.5125,0,U,40717,999,55963,.1022E-3,.828E-5,0
CARBONITE 1 (CBNT-1),2015-032D,2025-11-25T04:04:16.672224,14.82622279,.0013434,97.6409,150.9887,241.9838,118.0017,0,U,40718,999,55910,.37116E-3,.2943E-4,0
DEORBITSAIL,2015-032E,2025-11-25T02:49:18.162048,14.99948169,.0009802,97.6171,184.9831,185.9707,174.1402,0,U,40719,999,56061,.95686E-3,.11849E-3,0
2015-049G,2015-049G,2025-11-25T04:49:47.739936,15.52178542,.0005098,97.4871,357.9503,240.6889,119.3854,0,U,40905,999,56466,.5392E-3,.32647E-3,0
LILACSAT-2,2015-049K,2025-11-25T04:14:34.588608,15.43992275,.0006208,97.4932,354.0267,275.1217,84.9322,0,U,40908,999,56419,.41481E-3,.18844E-3,0
COSMOS 2507,2015-050A,2025-11-25T04:16:30.120960,12.42918757,.0010312,82.4936,206.6551,72.7048,287.5159,0,U,40920,999,46151,.29506E-3,.51E-6,0
COSMOS 2508,2015-050B,2025-11-25T03:08:40.697376,12.42905171,.0014409,82.4891,205.2676,106.3767,253.8898,0,U,40921,999,46149,.18941E-3,.36E-6,0
COSMOS 2509,2015-050C,2025-11-25T03:37:00.846336,12.42925979,.0014606,82.4894,205.3446,124.7356,235.5102,0,U,40922,999,46153,.32942E-3,.56E-6,0
LQSAT,2015-057A,2025-11-25T05:40:31.362240,14.76406151,.0016286,97.6602,327.8919,210.4487,149.5780,0,U,40958,999,54521,.11728E-3,.769E-5,0
LINGQIAO VIDEO A,2015-057B,2025-11-25T04:54:49.284576,14.76999050,.0016057,97.6557,329.2371,208.3770,151.6568,0,U,40959,999,54529,.15597E-3,.1053E-4,0
LINGQIAO VIDEO B,2015-057C,2025-11-25T04:39:20.564928,14.77071282,.0016221,97.6535,330.4345,208.4715,151.5611,0,U,40960,999,54533,.15035E-3,.1015E-4,0
JILIN-1,2015-057D,2025-11-25T02:18:40.000320,14.77761255,.0016406,97.6485,333.7074,203.3633,156.6835,0,U,40961,999,54546,.14071E-3,.963E-5,0
FOX-1A (AO-85),2015-058D,2025-11-25T00:24:05.230080,14.89453449,.0137117,64.7741,192.8038,136.7634,224.4340,0,U,40967,999,8314,.36176E-3,.3945E-4,0
SINOD-D 1,2015-058E,2025-11-24T23:29:27.303936,14.93781770,.0125724,64.7738,177.4593,135.0690,226.0684,0,U,40968,999,8613,.47602E-3,.5742E-4,0
ELEKTRO-L 2,2015-074A,2025-11-25T03:38:44.978208,1.00271158,.0003473,6.1785,73.0364,195.5535,195.9769,0,U,41105,999,3646,0,-.98E-6,0
DAMPE,2015-078A,2025-11-25T05:50:13.712928,15.30073418,.0013946,97.4545,328.8365,80.9455,279.3363,0,U,41173,999,55335,.67084E-4,.188E-4,0
ORBCOMM FM114,2015-081A,2025-11-25T01:44:10.873248,14.58524819,.0002292,47.0029,246.8093,349.8551,10.2288,0,U,41179,999,52795,.2051E-3,.792E-5,0
ORBCOMM FM110,2015-081D,2025-11-25T01:30:22.679136,14.58587950,.000249,47.0021,246.3659,233.3323,126.7334,0,U,41182,999,52782,.2965E-3,.1223E-4,0
ORBCOMM FM112,2015-081F,2025-11-24T23:06:42.471648,14.58601387,.000126,46.9971,155.6761,343.9386,16.1459,0,U,41184,999,52913,.20199E-3,.779E-5,0
ORBCOMM FM113,2015-081G,2025-11-24T22:33:58.177152,14.58592464,.0000944,46.9989,156.1366,357.4025,2.6855,0,U,41185,999,52911,.22296E-3,.877E-5,0
ORBCOMM FM108,2015-081J,2025-11-24T13:25:30.867456,14.58505526,.000268,47.0047,69.4236,312.3724,47.6935,0,U,41187,999,53020,.27728518E-3,.113E-4,0
ORBCOMM FM117,2015-081K,2025-11-24T19:11:32.903232,14.58517974,.0002977,47.0015,66.9986,323.1531,36.9150,0,U,41188,999,53028,.25055E-3,.1005E-4,0
ORBCOMM FM116,2015-081L,2025-11-24T22:01:07.317120,14.58602661,.0002001,47.0005,156.2175,190.7909,169.2934,0,U,41189,999,52911,.14323E-3,.502E-5,0
CHUBUSAT-2,2016-012B,2025-11-25T01:34:55.471584,15.18069021,.0008856,30.9971,218.3263,157.0347,203.0690,0,U,41338,999,53734,.37122E-3,.7875E-4,0
CHUBUSAT-3,2016-012C,2025-11-25T02:31:56.296416,15.16224947,.0009142,31.0041,223.2337,150.4120,209.7039,0,U,41339,999,53717,.32978E-3,.6649E-4,0
HORYU-4,2016-012D,2025-11-24T23:15:43.378848,15.48495333,.0006041,30.9947,71.7858,56.6512,303.4714,0,U,41340,999,53879,.93509E-3,.51906E-3,0
ZIYUAN 3-2 (ZY 3-2),2016-033A,2025-11-25T05:23:15.364896,15.21141015,.0012804,97.4056,43.6812,317.1729,42.8508,0,U,41556,999,52697,.45299E-3,.10044E-3,0
CARTOSAT-2C,2016-040A,2025-11-25T08:13:40.981152,15.19259661,.0010225,97.4766,26.7661,119.1494,241.0765,0,U,41599,999,52276,.2988E-4,.562E-5,0
LAPAN-A3,2016-040E,2025-11-25T04:24:28.211904,15.31353309,.0011786,97.1430,327.3815,35.5731,324.6294,0,U,41603,999,52357,.17383E-3,.52E-4,0
BIROS,2016-040F,2025-11-25T01:31:44.397120,15.83327841,.0001551,97.0702,359.8768,193.6479,166.4750,0,U,41604,999,52592,.67439E-3,.147394E-2,0
M3MSAT,2016-040G,2025-11-25T01:50:41.843616,15.95952172,.0001343,97.0563,357.7669,188.9771,171.1482,0,U,41605,999,52581,.73953E-3,.298985E-2,.37214E-4
GAOFEN-3,2016-049A,2025-11-25T04:22:35.719104,14.42228420,.0001622,98.4044,335.0358,82.8846,277.2528,0,U,41727,999,48924,.42561E-4,.97E-6,0
QSS (MOZI),2016-051A,2025-11-25T06:55:38.423424,15.77091633,.0009779,97.2980,254.2897,96.3900,263.8480,0,U,41731,999,51820,.19338E-2,.326169E-2,0
PRATHAM,2016-059A,2025-11-24T23:09:14.107968,14.66784725,.003222,97.8270,329.9413,146.8509,213.4723,0,U,41783,999,48957,.17989E-3,.964E-5,0
ALSAT 1N,2016-059G,2025-11-25T02:59:47.408064,14.68810237,.0027394,97.8027,336.6415,118.9313,241.4645,0,U,41789,999,49004,.21673E-3,.1225E-4,0
CAS-2T & KS-1Q,2016-066G,2025-11-25T02:15:17.034624,14.44072720,.0344585,98.4053,42.0061,28.6167,333.3465,0,U,41847,999,47533,.18324E-3,.1241E-4,0
YUNHAI-1 01,2016-068A,2025-11-25T03:59:20.317632,14.32626469,.0004473,98.5899,337.0285,278.2140,81.8536,0,U,41857,999,47261,.16026E-3,.391E-5,0
RESOURCESAT-2A,2016-074A,2025-11-25T04:08:01.390848,14.21610349,.000134,98.7775,39.1288,338.3650,21.7471,0,U,41877,999,46531,.11558E-3,.209E-5,0
TANSAT,2016-081A,2025-11-25T04:55:15.684960,14.59757207,.0019775,98.5272,318.5799,216.9180,143.0659,0,U,41898,999,47486,.96019E-4,.409E-5,0
JILIN-1 03,2017-002B,2025-11-25T02:16:04.638432,15.35644613,.0006398,97.1997,334.8688,170.0433,190.0939,0,U,41914,999,49047,.4561E-3,.15753E-3,0
CARTOSAT-2D,2017-008A,2025-11-25T04:18:13.095936,15.19237241,.0004294,97.4409,26.9410,231.1733,128.9119,0,U,41948,999,48660,.78859E-6,-.51E-6,0
CARTOSAT-2E,2017-036C,2025-11-25T04:41:44.533248,15.19240602,.0002994,97.4575,27.0085,313.5123,46.5862,0,U,42767,999,46717,.32324E-3,.6745E-4,0
D-SAT,2017-036AF,2025-11-24T15:53:19.713408,15.13255317,.00888975,97.5360,303.9483,148.0853,212.5807,0,U,42794,999,45988,.39284702E-3,.7631E-4,0
IRIDIUM 113,2017-039A,2025-11-24T22:59:43.103328,14.34217754,.0002074,86.3987,47.5268,91.9222,268.2211,0,U,42803,999,44191,.87453E-4,.265E-5,0
NORSAT 2,2017-042D,2025-11-25T01:46:24.758688,15.16528101,.0011688,97.3905,141.6589,49.2273,310.9973,0,U,42828,999,45674,.74171E-3,.14436E-3,0
TECHNOSAT,2017-042E,2025-11-25T00:32:59.769600,15.03204282,.0019709,97.4023,129.9986,71.5525,288.7841,0,U,42829,999,45601,.31717E-3,.425E-4,0
FLYING LAPTOP,2017-042G,2025-11-25T04:31:57.383904,14.99735692,.0014381,97.4192,128.6214,104.4299,255.8522,0,U,42831,999,45586,.33446E-3,.4084E-4,0
WNISAT 1R,2017-042L,2025-11-25T01:01:25.535424,15.00208504,.0012349,97.4168,128.5014,112.8322,247.4208,0,U,42835,999,45588,.31519E-3,.3891E-4,0
LEMUR-2-GREENBERG,2017-042N,2025-11-25T01:18:32.624064,15.23601048,.0010689,97.3710,146.8361,14.1280,346.0254,0,U,42837,999,45722,.88357E-3,.21153E-3,0
LEMUR-2-FURIAUS,2017-042R,2025-11-25T00:19:23.311200,15.21452418,.0010235,97.3706,145.3580,66.4224,293.8086,0,U,42840,999,45707,.77021E-3,.17287E-3,0
CORVUS BC2,2017-042X,2025-11-25T00:20:56.052960,15.04506866,.0014645,97.3845,133.8159,90.1785,270.1120,0,U,42846,999,45634,.43744E-3,.6083E-4,0
CORVUS BC1,2017-042Y,2025-11-24T23:18:56.577024,15.04746939,.001374,97.3871,134.4416,69.3565,290.9134,0,U,42847,999,45636,.32725E-3,.4563E-4,0
VRSS-2,2017-060A,2025-11-25T05:05:58.411104,14.80735418,.0018299,97.6809,10.8610,50.2739,310.0083,0,U,42954,999,43826,.16999E-3,.1262E-4,0
MOHAMMED VI-A,2017-070A,2025-11-25T04:07:36.583680,14.77032725,.0000921,97.9605,39.4042,96.4470,263.6845,0,U,43005,999,43386,-.13736E-4,-.148E-5,0
FENGYUN 3D,2017-072A,2025-11-25T04:32:36.320928,14.19676094,.0000513,98.9878,295.2389,286.7047,73.4072,0,U,43010,999,41604,.83854E-4,.131E-5,0
CZ-4C R/B,2017-072C,2025-11-25T00:53:48.632352,14.58535079,.0123931,98.5755,65.5137,61.0010,300.3543,0,U,43012,999,42687,.1161E-3,.544E-5,0
NOAA 20 (JPSS-1),2017-073A,2025-11-25T02:05:15.449568,14.19518728,.0001906,98.7573,265.5790,112.1699,247.9680,0,U,43013,999,41551,.83722E-4,.132E-5,0
MAKERSAT 0,2017-073D,2025-11-25T02:47:37.894848,15.22451868,.0127643,97.4898,206.0630,273.9677,84.6975,0,U,43016,999,43531,.96041E-3,.27871E-3,0
RADFXSAT (FOX-1B),2017-073E,2025-11-25T01:37:02.665344,15.08297226,.0161561,97.4953,195.6695,311.6221,47.1260,0,U,43017,999,43457,.71114E-3,.14907E-3,0
JILIN-1 04,2017-074A,2025-11-25T02:58:45.581088,15.36255537,.000422,97.4814,69.3685,193.1256,166.9879,0,U,43022,999,44287,.45717E-3,.16093E-3,0
JILIN-1 05,2017-074B,2025-11-25T02:53:59.128800,15.30753967,.0004439,97.4837,68.1147,222.1103,137.9798,0,U,43023,999,44275,.28072E-3,.8269E-4,0
JILIN-1 06,2017-074C,2025-11-25T02:03:10.579968,15.30590026,.0006159,97.4781,65.2814,239.4912,120.5721,0,U,43024,999,44258,.34307E-3,.10076E-3,0
IRIDIUM 116,2017-083C,2025-11-25T03:24:36.376416,14.34218286,.0002285,86.3981,47.2883,105.3304,254.8144,0,U,43072,999,41492,.12948E-3,.382E-5,0
IRIDIUM 130,2017-083D,2025-11-24T18:16:36.274080,14.34217863,.0002042,86.3990,47.7028,105.0071,255.1351,0,U,43073,999,41481,.13004E-3,.384E-5,0
LKW-2,2017-084A,2025-11-25T04:55:54.924384,15.23745722,.0002797,97.1494,13.6161,142.7297,217.4136,0,U,43080,999,44060,.37821E-3,.9029E-4,0
SUPERVIEW-1 03,2018-002A,2025-11-25T03:38:36.872160,15.31638488,.0055476,97.3312,50.2364,191.7521,168.2430,0,U,43099,999,43705,.70093E-3,.22428E-3,0
CARTOSAT-2F,2018-004A,2025-11-25T07:04:05.721024,15.19248493,.0000449,97.4335,27.2112,248.0787,112.0400,0,U,43111,999,43637,.52586E-3,.11023E-3,0
LKW-3,2018-006A,2025-11-25T04:30:57.707424,15.30088602,.0002554,97.6376,117.8681,325.7134,34.3940,0,U,43146,999,43746,.54723E-3,.15873E-3,0
ASNARO-2,2018-007A,2025-11-25T04:01:45.882624,15.22391374,.0001643,97.4015,334.2320,91.7730,268.3695,0,U,43152,999,43637,.17368E-4,.332E-5,0
JILIN-1 07,2018-008E,2025-11-25T02:13:43.311360,15.30805520,.0010852,97.1948,349.8179,73.7499,286.4935,0,U,43159,999,43373,.34675E-3,.1027E-3,0
JILIN-1 08,2018-008F,2025-11-25T02:50:31.972704,15.30163445,.0008462,97.1967,349.3266,85.8106,274.4102,0,U,43160,999,43370,.34672E-3,.1006E-3,0
LEMUR-2-KADI,2018-014E,2025-11-24T17:53:47.897664,15.48425413,.000151,97.4908,243.5393,324.6846,35.4304,0,U,43184,999,42907,.11025E-2,.58734E-3,0
S-NET D,2018-014G,2025-11-24T23:27:27.391968,15.14027337,.0009351,97.5483,230.2128,17.7695,342.3861,0,U,43186,999,42783,.44318E-3,.7996E-4,0
S-NET B,2018-014H,2025-11-24T23:38:39.254784,15.14004112,.0009885,97.5487,230.2000,12.5417,347.6059,0,U,43187,999,42783,.45706E-3,.8245E-4,0
S-NET A,2018-014J,2025-11-24T17:06:27.682560,15.14027341,.00098789,97.5497,230.1033,14.0603,346.0902,0,U,43188,999,42779,.37150966E-3,.6692E-4,0
S-NET C,2018-014K,2025-11-24T23:42:50.597568,15.13999040,.0010935,97.5516,230.4182,4.8947,355.2390,0,U,43189,999,42638,.46419E-3,.8375E-4,0
PAZ,2018-020A,2025-11-25T04:17:37.169088,15.19151933,.0001747,97.4451,334.5051,89.2364,270.9071,0,U,43215,999,43003,.14342E-3,.2946E-4,0
GOES 17,2018-022A,2025-11-25T01:34:41.860992,1.00272245,.0002981,0.4107,89.5398,178.0479,90.8764,0,U,43226,999,2837,0,-.163E-5,0
LKW-4,2018-025A,2025-11-25T00:05:07.164096,15.46755669,.0002793,97.6182,121.6524,335.5479,24.5637,0,U,43236,999,42831,.65084E-3,.32581E-3,0
ZHUHAI-1 OVS-02,2018-040B,2025-11-25T04:11:23.882208,15.21970524,.0001965,97.0568,353.7111,254.4386,105.6635,0,U,43440,999,42165,.41183E-3,.9335E-4,0
ZHUHAI-1 OHS-02,2018-040C,2025-11-25T05:18:06.899616,15.30511613,.0009939,97.0595,0.2551,240.2063,119.8191,0,U,43441,999,8319,.51346E-3,.15111E-3,0
GAOFEN-6,2018-048A,2025-11-25T04:00:24.910272,14.76632150,.0012915,97.8053,34.0214,113.3019,246.9552,0,U,43484,999,40328,.15589E-3,.1041E-4,0
LUOJIA-1 01,2018-048B,2025-11-25T04:34:20.872704,14.86205545,.0010454,97.8305,45.6124,75.0000,285.2372,0,U,43485,999,40390,.3728E-3,.3224E-4,0
PAKTES 1A,2018-056A,2025-11-25T03:25:59.232288,14.97869153,.0022725,98.1002,112.4877,71.0674,289.3008,0,U,43529,999,40136,.2968E-3,.3446E-4,0
PRSS-1,2018-056B,2025-11-25T04:33:19.806912,14.81523044,.0001212,97.8090,37.4934,83.4201,276.7149,0,U,43530,999,39822,.17364E-3,.1311E-4,0
HAIYANG-1C,2018-068A,2025-11-25T04:10:47.816256,14.34187463,.0010128,98.5453,39.1998,347.2309,12.8617,0,U,43609,999,37784,.91014E-4,.211E-5,0
SSTL S1-4,2018-071A,2025-11-25T04:18:07.695072,14.96202520,.0002645,97.5278,203.8727,100.7940,259.3580,0,U,43618,999,39243,.11672E-3,.1261E-4,0
HAIYANG-2B,2018-081A,2025-11-25T04:25:07.474656,13.79306286,.0001959,99.3332,335.9979,98.2065,261.9309,0,U,43655,999,35680,.37072E-4,-.6E-7,0
CZ-4B R/B,2018-081B,2025-11-24T23:52:51.646944,14.31748227,.0205658,99.3755,225.5797,134.6874,227.1269,0,U,43656,999,37008,.71167E-4,.183E-5,0
CFOSAT,2018-083A,2025-11-25T04:38:11.270400,15.16404688,.0001245,97.3626,334.7291,112.9827,247.1538,0,U,43662,999,39152,.26947E-3,.5171E-4,0
TEN-KOH,2018-084G,2025-11-25T01:18:18.500256,15.01640840,.0009298,98.0713,147.9637,73.4851,286.7393,0,U,43677,999,38551,.37163E-3,.4764E-4,0
DIWATA-2B,2018-084H,2025-11-25T04:00:49.510944,14.99306235,.0007297,98.1035,151.9251,89.1111,271.0947,0,U,43678,999,38563,.24932E-3,.2982E-4,0
STARS-AO,2018-084J,2025-11-25T01:45:38.088000,15.13883575,.0003223,98.0647,165.6389,120.0945,240.0605,0,U,43679,999,38655,.52032E-3,.9348E-4,0
AUTCUBE 2,2018-084K,2025-11-24T11:48:22.568832,15.08052393,.00098806,98.0797,158.8934,21.7180,338.4463,0,U,43681,999,38605,.37573279E-3,.5726E-4,0
METOP-C,2018-087A,2025-11-25T03:42:17.481600,14.21502303,.000196,98.6952,27.1912,70.1417,289.9972,0,U,43689,999,36584,.10315E-3,.182E-5,0
ES'HAIL 2,2018-090A,2025-11-25T01:42:21.546144,1.00274790,.0002603,0.0268,73.2154,210.2049,192.2825,0,U,43700,999,2563,0,.164E-5,0
MOHAMMED VI-B,2018-095A,2025-11-25T06:33:54.181728,14.77031833,.0001377,97.9591,39.5226,83.6865,276.4502,0,U,43717,999,37808,-.16599E-4,-.168E-5,0
HYSIS,2018-096A,2025-11-25T04:25:41.338272,14.78671062,.0001639,98.0118,32.2466,86.1809,273.9589,0,U,43719,999,37727,.23001E-3,.1634E-4,0
COSMOS 2530,2018-097A,2025-11-25T03:41:56.730912,12.42873067,.0020722,82.5159,348.9401,119.2950,241.0204,0,U,43751,999,31694,.37197E-4,.15E-6,0
COSMOS 2531,2018-097B,2025-11-25T04:21:22.165056,12.42904095,.0017622,82.5206,349.9119,137.0222,223.2238,0,U,43752,999,31696,.13807E-5,.1E-6,0
COSMOS 2532,2018-097C,2025-11-25T05:00:27.703872,12.42866149,.001895,82.5150,348.7735,138.5815,221.6705,0,U,43753,999,31693,-.55206E-4,.2E-7,0
MINXSS-2,2018-099A,2025-11-25T03:23:27.208896,15.33284957,.0008842,97.4818,36.2827,280.2834,79.7411,0,U,43758,999,38272,.10267E-2,.33087E-3,0
SIRION PATHFINDER-2,2018-099B,2025-11-25T01:51:53.471808,15.12031937,.0007705,97.4562,17.9707,289.2858,70.7539,0,U,43759,999,38175,.47794E-3,.8158E-4,0
AISTECHSAT 2,2018-099L,2025-11-25T02:11:45.200832,15.12703906,.0003585,97.4606,16.6043,292.5160,67.5692,0,U,43768,999,38139,.51428E-3,.8946E-4,0
FOX-1CLIFF (AO-95),2018-099N,2025-11-25T02:27:35.296704,15.21286992,.0009355,97.4696,25.5216,354.1500,5.9625,0,U,43770,999,38213,.70218E-3,.1567E-3,0
2018-099Q,2018-099Q,2025-11-25T03:29:57.646176,15.42579321,.0002905,97.4501,36.2611,210.1336,149.9745,0,U,43772,999,38286,.12738E-2,.55595E-3,0
RANGE-A,2018-099R,2025-11-25T01:28:09.217920,15.11072818,.0010169,97.4271,12.5737,341.2143,18.8711,0,U,43773,999,38164,.44247E-3,.7353E-4,0
HIBER-2,2018-099S,2025-11-24T23:17:40.513920,15.61179967,.0004145,97.4654,43.3861,239.0725,121.0125,0,U,43774,999,38320,.16872E-2,.144791E-2,0
VESTA-1,2018-099Z,2025-11-24T16:48:45.569952,15.66291983,.0002859,97.4344,36.3902,261.4244,98.6692,0,U,43781,999,38306,.19827318E-2,.209428E-2,0
SNUSAT-2,2018-099AA,2025-11-25T02:59:46.735872,15.17809683,.0009648,97.4374,20.8372,292.1134,67.9075,0,U,43782,999,38203,.56745E-3,.1143E-3,0
SNUGLITE,2018-099AC,2025-11-25T02:15:28.626048,15.21665777,.0001767,97.4188,20.7930,300.3453,59.7608,0,U,43784,999,38222,.72594E-3,.16368E-3,0
ITASAT,2018-099AE,2025-11-25T03:20:14.326080,15.15683644,.0013113,97.4345,19.8204,350.1431,9.9543,0,U,43786,999,38196,.52714E-3,.9995E-4,0
EAGLET-I,2018-099AJ,2025-11-25T02:08:28.545792,15.10860849,.001087,97.4545,19.0814,337.5186,22.5566,0,U,43790,999,38149,.42181E-3,.6966E-4,0
ESEO,2018-099AL,2025-11-25T02:39:32.464224,15.03387530,.0010456,97.4271,10.0143,317.2937,42.7476,0,U,43792,999,38113,.16634E-3,.2205E-4,0
THEA,2018-099AQ,2025-11-25T02:41:37.500576,15.26958717,.0007462,97.4733,32.6878,291.7290,68.3154,0,U,43796,999,38146,.81857E-3,.21648E-3,0
ASTROCAST 0.1,2018-099AS,2025-11-25T03:32:44.635776,15.36065586,.0005725,97.4647,38.1176,228.5854,131.4898,0,U,43798,999,38297,.95717E-3,.33663E-3,0
JY1SAT (JO-97),2018-099AX,2025-11-25T02:46:47.853696,15.26043999,.0005318,97.4445,26.9981,275.3198,84.7433,0,U,43803,999,38242,.81629E-3,.2099E-3,0
SUOMI-100,2018-099AY,2025-11-25T02:42:18.025632,15.22657486,.0009738,97.4501,25.7169,280.3333,79.6805,0,U,43804,999,38230,.73681E-3,.17127E-3,0
AL-FARABI 2,2018-099AZ,2025-11-25T02:56:26.861568,15.47261161,.0004596,97.4325,35.8490,228.1020,131.9838,0,U,43805,999,38309,.13221E-2,.67764E-3,0
CENTAURI-1,2018-099BD,2025-11-25T03:11:05.724096,15.13606371,.0013872,97.4534,20.2452,320.6699,39.3524,0,U,43809,999,38160,.45127E-3,.8059E-4,0
GLOBAL-2,2018-099BG,2025-11-25T02:18:50.943744,15.07119854,.0007487,97.3838,8.9770,125.7056,234.4869,0,U,43812,999,38115,.28499E-3,.4224E-4,0
SEAHAWK-1,2018-099BQ,2025-11-25T02:33:18.254592,15.18519466,.0007793,97.4271,19.9314,309.7682,50.2865,0,U,43820,999,38151,.61816E-3,.12711E-3,0
SAUDISAT 5A,2018-102A,2025-11-25T05:04:33.212928,15.25342635,.0011467,97.3371,29.7429,130.2744,229.9499,0,U,43831,999,38455,.33415E-3,.837E-4,0
SAUDISAT 5B,2018-102C,2025-11-25T04:56:45.351744,15.25704059,.0012105,97.3465,32.4446,133.1942,227.0310,0,U,43833,999,38466,.33236E-3,.8418E-4,0
2018-102D,2018-102D,2025-11-25T05:00:51.071616,15.47516272,.0007382,97.3646,47.3035,96.3880,263.8211,0,U,43834,999,38552,.75265E-3,.38762E-3,0
ISAT,2018-111D,2025-11-24T17:57:41.000544,15.40011966,.00061522,97.5901,247.7536,351.7246,8.3897,0,U,43879,999,37947,.11587691E-2,.46413E-3,0
UWE-4,2018-111E,2025-11-25T00:26:25.789056,15.33210011,.0009928,97.5845,245.0694,352.7477,7.3620,0,U,43880,999,37936,.99967E-3,.32141E-3,0
D-STAR ONE (SPARROW),2018-111F,2025-11-24T18:11:49.408800,15.42082432,.0006996,97.6084,251.4124,29.6889,330.4753,0,U,43881,999,37959,.11848E-2,.50858E-3,0
JILIN-1 09,2019-005B,2025-11-25T02:12:06.424128,15.18103077,.0004155,97.4791,61.1373,88.6535,271.5175,0,U,43943,999,37815,.36273E-3,.7333E-4,0
JILIN-1 10,2019-005E,2025-11-25T02:24:07.382016,15.22580152,.0007079,97.4810,63.3933,276.8945,83.1486,0,U,43946,999,37822,.37976E-3,.8758E-4,0
EGYPTSAT-A (MISRSAT-A),2019-008A,2025-11-25T04:36:22.347648,14.72356210,.0001364,98.0012,31.9293,111.1360,248.9993,0,U,44047,999,36322,.14823E-3,.889E-5,0
EMISAT,2019-018A,2025-11-25T05:42:01.264032,14.43677011,.0020032,98.4958,23.8522,111.9023,248.4299,0,U,44078,999,35063,.10981E-3,.329E-5,0
JILIN-1 GAOFEN 3A,2019-032C,2025-11-25T04:28:59.034432,15.27013069,.0008183,44.9782,35.2283,244.3394,115.6644,0,U,44312,999,35659,.60465E-3,.16085E-3,0
WT 1A,2019-032F,2025-11-25T03:52:27.401664,15.53070804,.0005742,44.9830,319.9095,1.0186,359.0718,0,U,44315,999,35750,.11282E-2,.7258E-3,0
WT 1B,2019-032G,2025-11-25T04:26:14.875296,15.21776508,.0011079,44.9745,90.3054,188.6674,171.4017,0,U,44316,999,35594,.57301E-3,.12995E-3,0
PROX-1,2019-036A,2025-11-24T13:30:43.607808,14.84506786,.00067179,23.9975,35.0873,185.3259,174.7168,0,U,44339,999,34296,.18811906E-2,.16522E-3,0
NPSAT1,2019-036B,2025-11-25T01:19:08.359104,14.71826703,.0008582,23.9985,104.7198,67.5757,292.5647,0,U,44340,999,34235,.13545E-2,.89E-4,0
FORMOSAT 7-3,2019-036E,2025-11-24T15:19:42.316608,15.07597886,.00010964,23.9969,144.2310,39.1016,320.9567,0,U,44343,999,35231,.31672673E-3,.5286E-4,0
FORMOSAT 7-1,2019-036L,2025-11-25T02:53:31.676928,14.98251072,.0001321,23.9996,328.7902,103.0057,257.0592,0,U,44349,999,35404,.36589E-3,.4765E-4,0
FORMOSAT 7-4,2019-036M,2025-11-24T21:01:12.927648,14.98235546,.0001539,24.0001,32.5296,93.1258,266.9420,0,U,44350,999,35342,.35685E-3,.4653E-4,0
FORMOSAT 7-2,2019-036N,2025-11-25T00:45:26.229312,14.98239554,.000146,23.9984,85.7926,94.4093,265.6575,0,U,44351,999,35296,.34825E-3,.4549E-4,0
FORMOSAT 7-6,2019-036Q,2025-11-25T02:21:51.566400,14.98243679,.0001582,23.9985,266.1768,114.9752,245.0913,0,U,44353,999,35120,.36166E-3,.4713E-4,0
FORMOSAT 7-5,2019-036V,2025-11-25T00:13:20.004384,14.98239932,.0001362,23.9975,205.5212,72.3379,287.7270,0,U,44358,999,35172,.32919E-3,.4317E-4,0
METEOR-M2 2,2019-038A,2025-11-25T04:10:59.267712,14.24280452,.0000451,98.8955,308.6897,192.5523,167.5644,0,U,44387,999,33225,.11171E-3,.212E-5,0
COSMOS 2535,2019-039A,2025-11-25T05:13:26.184288,14.91309461,.0008828,97.6012,359.9916,162.2679,197.8849,0,U,44421,999,34623,.16717E-3,.1613E-4,0
GLOBAL-4,2019-054E,2025-11-24T23:25:58.359360,15.47252577,.0006209,45.0105,318.9731,54.0711,306.0755,0,U,44499,999,34856,.68765E-3,.35642E-3,0
ZY-1 02D,2019-059A,2025-11-25T04:23:41.468640,14.35452744,.000192,98.3492,32.5992,54.6520,305.4845,0,U,44528,999,32507,.9706E-4,.237E-5,0
TAURUS-1 (JINNIUZUO 1),2019-059C,2025-11-25T04:43:40.684224,14.68725880,.0009031,98.6232,117.0902,228.1665,131.8768,0,U,44530,999,32866,.18008E-2,.10457E-3,0
ZHUHAI-1 03B,2019-060C,2025-11-25T04:24:30.708864,15.40517117,.0010936,97.5352,113.3038,343.8744,16.2153,0,U,44536,999,34477,.81721E-3,.33245E-3,0
ZHUHAI-1 03C,2019-060D,2025-11-25T05:29:32.570880,15.54441638,.0014394,97.5564,119.5341,300.1429,59.8397,0,U,44537,999,34517,.90825E-3,.6018E-3,0
ZHUHAI-1 03D,2019-060E,2025-11-25T05:06:41.503104,15.37255394,.0009816,97.5193,107.1549,327.3406,32.7230,0,U,44538,999,34461,.81357E-3,.2973E-3,0
ZHUHAI-1 03E,2019-060F,2025-11-25T05:12:13.951296,15.33066819,.0010213,97.5393,108.7016,25.9533,334.2219,0,U,44539,999,34443,.79273E-3,.25337E-3,0
ATLAS 5 CENTAUR DEB,2018-079BG,2025-11-24T03:22:30.018144,1.77426644,.47462136,13.4017,56.0168,266.0892,40.4969,0,U,44694,999,4292,0,-.63E-6,0
GAOFEN-7,2019-072A,2025-11-25T04:18:36.266688,15.21459152,.0016159,97.2723,32.9783,36.8515,323.3828,0,U,44703,999,33662,.31851E-3,.7117E-4,0
JILIN-1 GAOFEN 2A,2019-075A,2025-11-25T02:53:18.578688,15.32649500,.0008688,97.5166,43.9414,92.8976,267.3260,0,U,44777,999,33355,.57033E-3,.17944E-3,0
NINGXIA-1 1,2019-076A,2025-11-25T04:01:38.114400,14.01997695,.0012427,45.0085,11.5515,269.4664,90.4746,0,U,44779,999,30922,.52081E-4,-.5E-6,0
NINGXIA-1 5,2019-076E,2025-11-25T04:20:37.077216,14.01982339,.00123,45.0073,10.8405,259.2688,100.6761,0,U,44783,999,30914,.58704E-4,-.39E-6,0
KL-ALPHA A,2019-077A,2025-11-25T04:02:23.617824,13.56017728,.0011176,88.9162,245.0022,354.6008,5.5024,0,U,44785,999,29808,.12743E-3,.101E-5,0
CARTOSAT-3,2019-081A,2025-11-25T04:14:12.088320,15.19301513,.0013825,97.4603,28.9797,144.8582,215.3567,0,U,44804,999,33249,.30565E-3,.64E-4,0
JILIN-1 GAOFEN 2B,2019-086A,2025-11-25T02:36:42.897312,15.17599194,.0013911,97.5133,37.5447,314.9472,45.0632,0,U,44836,999,32950,.43354E-3,.867E-4,0
DUCHIFAT-3,2019-089C,2025-11-25T04:24:52.907616,15.88921263,.0009673,36.9298,343.7287,161.6941,198.4179,0,U,44854,999,32933,.18379E-2,.58282E-2,0
ANGELS,2019-092D,2025-11-25T02:39:39.004704,15.58371884,.0003402,97.4345,173.0463,229.8653,130.2305,0,U,44876,999,33024,.94877E-3,.72502E-3,0
TIANQIN 1 (CAS-6),2019-093A,2025-11-25T04:34:57.808704,14.93988863,.0011894,97.7972,49.5686,20.3442,339.8249,0,U,44879,999,32157,.42505E-3,.4479E-4,0
ETRSS-1,2019-093B,2025-11-25T05:51:10.279008,14.94217046,.0012001,97.7979,49.9367,21.1417,339.0297,0,U,44880,999,32158,.5245E-3,.5574E-4,0
TIANYAN 01,2019-093C,2025-11-25T04:39:22.061376,14.86044219,.0014591,97.7778,41.2167,42.4690,317.7652,0,U,44881,999,32111,.1549E-3,.1304E-4,0
TIANYAN 02,2019-093D,2025-11-25T05:25:18.769152,15.01782674,.0014543,97.8012,57.5391,2.3938,357.7353,0,U,44882,999,32196,.71817E-3,.9323E-4,0
CBERS 4A,2019-093E,2025-11-25T04:50:39.185088,14.81582695,.0003123,97.7764,37.7371,112.1930,247.9615,0,U,44883,999,32087,.20861E-3,.1588E-4,0
WEILAI 1R,2019-093F,2025-11-25T04:58:18.490080,14.98285214,.0010295,97.8039,53.9646,13.8016,346.3486,0,U,44884,999,32185,.5845E-3,.6903E-4,0
FLORIPASAT-1,2019-093G,2025-11-25T04:17:40.911072,15.00922994,.0011898,97.8057,57.2920,30.8405,329.3515,0,U,44885,999,32201,.6983E-3,.8853E-4,0
SHUNTIAN,2019-093H,2025-11-25T04:56:49.841088,14.93755136,.0012681,97.8137,53.5174,30.1747,330.0200,0,U,44886,999,32171,.37815E-3,.3955E-4,0
2019-093L,2019-093L,2025-11-25T05:26:37.807008,14.92995069,.0012427,97.7757,44.9139,16.8064,343.3565,0,U,44889,999,32135,.48962E-3,.504E-4,0
ELEKTRO-L 3,2019-095A,2025-11-25T04:04:35.003712,1.00272469,.0002272,0.0404,216.8236,49.2841,295.4127,0,U,44903,999,2166,0,-.77E-6,0
GONETS-M 14,2019-096A,2025-11-25T03:32:20.025600,12.42899831,.0012679,82.5248,211.1064,239.1791,120.8041,0,U,44905,999,26833,.18359E-3,.35E-6,0
GONETS-M 15,2019-096B,2025-11-25T04:12:22.769856,12.42864909,.0014831,82.5268,211.5151,263.2510,96.6882,0,U,44906,999,26830,.3208E-3,.54E-6,0
GONETS-M 16,2019-096C,2025-11-25T02:59:05.366688,12.42884239,.0010958,82.5215,210.5957,306.8931,53.1144,0,U,44907,999,26828,.26788E-3,.47E-6,0
RS-44 & BREEZE-KM R/B,2019-096E,2025-11-24T21:01:33.451968,12.79745528,.0216531,82.5188,115.4792,262.0120,95.6361,0,U,44909,999,27621,.59306E-4,.24E-6,0
JILIN-1 KUANFU 01,2020-003A,2025-11-25T03:26:53.932128,15.09599991,.0006748,97.5264,42.0013,296.9931,63.0609,0,U,45016,999,32453,.33798E-3,.5371E-4,0
XINGYUN-2 01,2020-028A,2025-11-25T03:25:38.619840,15.10563276,.0009182,97.4762,320.9192,176.1976,183.9325,0,U,45602,999,30402,.2328E-3,.3782E-4,0
XINGYUN-2 02,2020-028B,2025-11-25T05:20:35.570688,15.10386056,.0009559,97.5096,333.9535,250.8496,109.1699,0,U,45603,999,30403,.22378E-3,.3614E-4,0
HAIYANG-1D,2020-036A,2025-11-25T04:29:20.198976,14.34232972,.0003845,98.4340,270.5450,51.3570,308.7959,0,U,45721,999,28573,.11069E-3,.268E-5,0
M2 PATHFINDER,2020-037E,2025-11-25T01:50:00.445056,15.03334394,.001263,97.8115,153.1425,119.5565,240.6920,0,U,45727,999,29481,.31656E-3,.4241E-4,0
GAOFEN DUOMO (GFDM),2020-042A,2025-11-25T04:50:34.874592,14.76768231,.0011942,97.8052,31.1929,19.3018,340.8642,0,U,45856,999,29090,.17276E-3,.1163E-4,0
ZINYUAN-3,2020-051A,2025-11-25T05:25:59.126592,15.21286418,.0002834,97.3100,38.2426,351.8455,8.2735,0,U,45939,999,29633,.35159E-3,.7797E-4,0
TYVAK-0172,2020-059C,2025-11-25T02:01:52.063104,15.47966263,.0001713,97.7291,198.1106,40.6700,319.4676,0,U,46267,999,28686,.773E-3,.40405E-3,0
ION-MK01,2020-061C,2025-11-25T02:45:49.384224,15.65101990,.0000676,97.2207,39.0953,357.6419,2.4838,0,U,46274,999,29119,.69914E-3,.69162E-3,0
NEMO-HD,2020-061F,2025-11-25T03:37:34.220928,15.39815751,.0002622,97.2230,28.4778,79.4352,280.7189,0,U,46277,999,29053,.34981E-3,.138E-3,0
3CAT-5A,2020-061W,2025-11-25T02:37:51.194784,15.38894683,.0003311,97.2719,27.9180,123.1557,237.0007,0,U,46292,999,28956,.50779E-3,.19488E-3,0
3CAT-5B,2020-061X,2025-11-25T02:37:32.303424,15.39715632,.0003559,97.2726,28.5571,123.8420,236.3166,0,U,46293,999,28957,.53442E-3,.21078E-3,0
NAPA-1,2020-061BA,2025-11-25T04:22:41.587392,15.47723014,.0001886,97.2792,34.6670,89.6500,270.4967,0,U,46320,999,28999,.78802E-3,.40852E-3,0
JILIN-1 GAOFEN 3B,2020-065A,2025-11-25T02:59:37.801248,15.58132581,.0004409,97.2562,18.3600,135.7358,224.4252,0,U,46454,999,28834,.93034E-3,.7045E-3,0
JILIN-1 GAOFEN 3E,2020-065D,2025-11-25T01:53:59.625312,15.45419200,.0017194,97.2616,14.4853,187.4489,172.6508,0,U,46457,999,28806,.775E-3,.37303E-3,0
JILIN-1 GAOFEN 3F,2020-065E,2025-11-25T01:55:18.646752,15.44398273,.0018752,97.2553,12.4783,175.0273,185.1166,0,U,46458,999,28804,.76853E-3,.35758E-3,0
JILIN-1 GAOFEN 3G,2020-065F,2025-11-25T02:49:24.992832,15.47927886,.0018006,97.2655,17.2485,85.9758,274.3550,0,U,46459,999,28816,.84789E-3,.44572E-3,0
JILIN-1 GAOFEN 3H,2020-065G,2025-11-25T03:03:10.613952,15.47204305,.0010474,97.2572,14.2830,23.5807,336.5921,0,U,46460,999,28814,.80528E-3,.4109E-3,0
JILIN-1 GAOFEN 3J,2020-065J,2025-11-25T02:50:40.972992,15.56418496,.0005415,97.2593,18.0474,137.7311,222.4362,0,U,46462,999,28832,.93539E-3,.66442E-3,0
HAIYANG-2C,2020-066A,2025-11-25T05:19:58.468800,13.83374451,.0014346,65.9989,3.1121,266.8732,93.0695,0,U,46469,999,26128,.74232E-4,.1E-7,0
HJ-2A,2020-067A,2025-11-25T07:43:56.316576,14.76558521,.0003447,97.9026,47.3293,174.3171,185.8078,0,U,46478,999,27817,.42765E-4,.248E-5,0
HJ-2B,2020-067B,2025-11-25T05:20:59.874144,14.76560869,.0001052,97.9084,48.1043,61.6737,298.4579,0,U,46479,999,27816,.1657E-3,.1106E-4,0
GONETS-M 17,2020-068A,2025-11-25T03:30:52.512768,12.42865060,.00233,82.4950,114.4417,120.6794,239.6586,0,U,46486,999,23381,.11323E-3,.26E-6,0
GONETS-M 18,2020-068B,2025-11-25T04:37:08.391936,12.42892094,.0020678,82.4904,113.6114,117.4244,242.8942,0,U,46487,999,23380,.24328E-3,.44E-6,0
GONETS-M 19,2020-068C,2025-11-25T04:03:34.859808,12.42884127,.0014336,82.4929,114.0359,131.5714,228.6597,0,U,46488,999,23390,.12334E-3,.27E-6,0
DEKART,2020-068H,2025-11-25T04:24:29.247840,15.31528883,.0008383,97.8725,319.7650,294.2566,65.7798,0,U,46493,999,28448,.54848E-3,.1665E-3,0
NORBI,2020-068J,2025-11-25T05:09:41.438016,15.38158172,.0005836,97.8675,323.7497,276.4909,83.5670,0,U,46494,999,28474,.75985E-3,.28547E-3,0
SALSAT,2020-068K,2025-11-24T23:01:24.561984,15.25887911,.0008964,97.8779,315.2795,304.8274,55.2119,0,U,46495,999,28417,.42324E-3,.10784E-3,0
ICEYE-X6,2020-068M,2025-11-25T04:24:32.652864,15.02926038,.0008903,98.0812,308.5334,57.1460,303.0619,0,U,46497,999,28257,.35983E-3,.477E-4,0
NETSAT-4,2020-068U,2025-11-24T21:59:49.374816,15.35958319,.0006048,97.8601,317.0049,350.7407,9.3723,0,U,46504,999,28433,.61442E-3,.21467E-3,0
NETSAT-3,2020-068V,2025-11-24T22:36:30.508128,15.34508626,.0006505,97.8617,315.5876,6.9454,353.1876,0,U,46505,999,28427,.63081E-3,.21047E-3,0
NETSAT-1,2020-068W,2025-11-24T22:15:18.993888,15.28425327,.00069,97.8663,312.0317,22.3450,337.8088,0,U,46506,999,28403,.61142E-3,.1687E-3,0
NETSAT-2,2020-068X,2025-11-24T22:05:38.933664,15.36295226,.000591,97.8607,316.4707,26.5002,333.6541,0,U,46507,999,28427,.70401E-3,.24888E-3,0
TIANQI-6,2020-076D,2025-11-25T01:31:55.938432,15.05234949,.0010158,34.9984,219.5653,179.9782,180.0929,0,U,46810,999,27778,.36242E-3,.5263E-4,0
KSM1-C,2020-081B,2025-11-25T04:12:06.746112,15.22331367,.0005924,36.8928,234.5603,300.3858,59.6304,0,U,46906,999,27801,.53004E-3,.12434E-3,0
KSM1-D,2020-081C,2025-11-25T04:54:31.180320,15.20864136,.0006556,36.8961,239.9868,313.9068,46.1138,0,U,46907,999,27798,.49914E-3,.11204E-3,0
KSM1-A,2020-081H,2025-11-25T03:44:10.371840,15.21802679,.0002472,36.8954,235.7727,341.5571,18.5087,0,U,46912,999,27803,.51295E-3,.11837E-3,0
R2,2020-081J,2025-11-25T02:49:39.986688,15.21427810,.0008617,36.8981,235.1048,339.2925,20.7472,0,U,46913,999,28084,.49068E-3,.11202E-3,0
KSM1-B,2020-081K,2025-11-25T04:24:24.729984,15.20710080,.0007278,36.9005,240.2897,335.4304,24.6096,0,U,46914,999,28107,.46896E-3,.10473E-3,0
GONETS-M 20,2020-091A,2025-11-25T04:29:56.634720,12.42856550,.0019915,82.5050,69.2443,264.1704,95.7105,0,U,47227,999,22573,.21772E-3,.4E-6,0
GONETS-M 21,2020-091B,2025-11-25T05:46:54.044256,12.42877216,.0013673,82.4975,68.0433,278.1490,81.8039,0,U,47228,999,22573,.25021E-3,.44E-6,0
GONETS-M 22,2020-091C,2025-11-25T05:08:58.333920,12.42864903,.0020807,82.5032,68.8630,259.0179,100.8560,0,U,47229,999,22568,.29344E-3,.5E-6,0
CUBEL,2021-006AM,2025-11-25T01:42:23.623200,15.36658385,.0007066,97.2651,16.8560,176.8673,183.2617,0,U,47448,999,26836,.32459E-3,.11553E-3,0
ASTROCAST-0103,2021-006CC,2025-11-25T02:58:31.205856,15.58861549,.0005507,97.2826,30.0824,153.2907,206.8634,0,U,47487,999,26916,.75915E-3,.58993E-3,0
ASTROCAST-0104,2021-006DK,2025-11-25T02:44:46.561920,16.08638580,.0004596,97.2517,29.9532,268.8885,91.1871,0,U,47519,999,26922,.2752E-2,.2177777E-1,.44139E-2
ARKTIKA-M 1,2021-016A,2025-11-19T03:34:54.050880,2.00614507,.71907821,63.1741,87.2289,269.0386,15.7832,0,U,47719,999,3457,0,-.55E-6,0
STARLINK-2342,2021-021Z,2025-11-25T03:18:10.299744,15.06391436,.0001444,53.0546,25.9729,100.8168,259.2984,0,U,47883,999,26053,.33165E-3,.4661E-4,0
GRUS-1B,2021-022C,2025-11-25T05:02:53.393280,14.98396217,.0016328,97.5604,213.8115,289.5305,70.4154,0,U,47934,999,25534,.19293E-3,.2249E-4,0
2021-022F,2021-022F,2025-11-25T05:14:15.892800,15.28832819,.0012698,97.4052,225.4222,95.1728,265.0961,0,U,47937,999,25850,.46084E-3,.12876E-3,0
WILDTRACKCUBE-SIMBA,2021-022K,2025-11-25T04:48:19.147104,15.62968534,.0010404,97.4056,238.9854,65.6410,294.5933,0,U,47941,999,25934,.11275E-2,.103331E-2,0
UNISAT-7,2021-022P,2025-11-24T23:31:55.286400,15.33897818,.0012659,97.4036,227.5015,85.5274,274.7414,0,U,47945,999,25848,.55177E-3,.1808E-3,0
2021-022X,2021-022X,2025-11-25T05:35:55.118112,15.48117696,.0011815,97.4044,232.8387,76.0213,284.2350,0,U,47953,999,25871,.89349E-3,.47129E-3,0
2021-022AC,2021-022AC,2025-11-25T04:17:47.635584,15.53515052,.0011461,97.3985,234.4930,70.9112,289.3382,0,U,47958,999,25792,.93823E-3,.60017E-3,0
GLOBAL-9,2021-023G,2025-11-24T23:17:56.427936,15.38939930,.0007393,44.9838,310.9130,83.7954,276.3775,0,U,47971,999,26341,.63296E-3,.24674E-3,0
AII-BRAVO,2021-034C,2025-11-25T02:25:57.191232,15.01283655,.0005912,97.5925,23.5957,271.1874,88.8673,0,U,48270,999,24897,.58901E-3,.7522E-4,0
TYVAK-182A,2021-034D,2025-11-25T03:40:03.707616,15.03619249,.0004435,97.6033,26.6245,319.4917,40.5978,0,U,48271,999,24914,.57398E-3,.7796E-4,0
CSS (TIANHE),2021-035A,2025-11-24T13:57:13.070592,15.58193834,.00107432,41.4653,126.8581,261.2431,98.7190,0,U,48274,999,26119,.27858096E-3,.21413E-3,0
TYVAK-0130,2021-041BF,2025-11-25T01:54:04.461120,15.23781048,.0009129,52.9906,251.5078,243.5873,116.4186,0,U,48606,999,24922,.4719E-3,.11195E-3,0
HAIYANG-2D,2021-043A,2025-11-25T04:54:12.281184,13.83375792,.0008655,65.9981,92.5466,281.1417,78.8678,0,U,48621,999,22833,.80993E-4,.8E-7,0
2021-050D,2021-050D,2025-11-25T04:42:44.186400,15.23360314,.0001366,97.3552,44.6126,196.8730,163.2462,0,U,48843,999,24790,.39825E-3,.94E-4,0
TYVAK-0173,2021-059P,2025-11-24T22:34:53.855040,14.80806002,.0009478,96.0088,91.1663,13.9041,346.2436,0,U,48892,999,23800,.40354E-3,.3082E-4,0
TUBIN,2021-059X,2025-11-25T04:30:37.996128,15.94928454,.0002322,97.6642,155.0243,319.7850,40.3253,0,U,48900,999,24651,.10183E-2,.389916E-2,.62463E-4
MANDRAKE 2 ABLE,2021-059AE,2025-11-25T00:58:16.550112,15.45691627,.0005814,97.6989,139.7195,34.3816,325.7807,0,U,48907,999,24549,.47352E-3,.2281E-3,0
MANDRAKE 2 BAKER,2021-059AF,2025-11-25T01:31:23.796768,15.48494824,.000448,97.6974,141.4663,20.2136,339.9290,0,U,48908,999,24559,.49168E-3,.26101E-3,0
PACE-1,2021-059AG,2025-11-25T00:37:39.240768,15.56107473,.000354,97.6835,143.2783,355.7438,4.3785,0,U,48909,999,24583,.6249E-3,.43706E-3,0
YAM-3,2021-059AN,2025-11-25T00:44:43.222848,15.42461806,.000617,97.6939,138.5592,24.0689,336.0845,0,U,48915,999,24545,.39655E-3,.17099E-3,0
FARADAY_PHOENIX,2021-059AX,2025-11-24T23:35:15.673056,15.50745892,.0007456,97.6908,144.6614,6.6470,353.4879,0,U,48924,999,24579,.47996E-3,.276E-3,0
DEMO8 (TENZING),2021-059CA,2025-11-25T00:15:15.388128,15.46126046,.0008544,97.7001,143.2314,22.3227,337.8391,0,U,48951,999,24566,.43701E-3,.21372E-3,0
ASTROCAST-0201,2021-059CD,2025-11-25T01:16:41.111040,15.76684050,.0004517,97.6448,151.5006,94.3295,265.8486,0,U,48954,999,24641,.6143E-3,.98845E-3,0
ASTROCAST-0203,2021-059CE,2025-11-25T00:18:35.877600,15.76868626,.0001848,97.6493,150.9995,84.5968,275.5507,0,U,48955,999,24640,.67998E-3,.110419E-2,0
ASTROCAST-0205,2021-059CK,2025-11-25T01:06:20.945664,15.84323756,.0004505,97.6398,151.6740,222.4722,137.6199,0,U,48960,999,24644,.86715E-3,.199981E-2,0
NAPA-2,2021-059CN,2025-11-25T04:36:45.141696,15.56868016,.0004778,97.6850,142.5652,0.1253,0.0001,0,U,48963,999,24575,.76005E-3,.54785E-3,0
JILIN-1 GAOFEN 3D01,2021-061B,2025-11-25T05:00:36.533952,16.15976320,.0007376,97.3184,50.3739,282.2718,77.7743,0,U,49004,999,24504,.13963E-2,.1835993E-1,.33253E-2
JILIN-1 GAOFEN 3D03,2021-061D,2025-11-25T05:29:00.508704,15.56649789,.0005354,97.3207,37.0979,112.2228,247.9596,0,U,49006,999,24419,.1078E-2,.77344E-3,0
XINGSHIDAI 10,2021-061E,2025-11-25T04:07:51.016800,15.56059633,.0004682,97.3200,36.9118,97.4140,262.7647,0,U,49007,999,24417,.10359E-2,.72669E-3,0
FENGYUN 3E,2021-062A,2025-11-25T04:45:24.956064,14.19876521,.0001176,98.7476,329.9273,357.4448,2.6722,0,U,49008,999,22763,.30161E-4,.2E-6,0
ISS (NAUKA),2021-066A,2025-11-24T20:48:53.618400,15.49056620,.00038955,51.6314,230.9455,164.8499,195.2607,0,U,49044,999,23044,.27142085E-3,.14562E-3,0
STARLINK-3100,2021-082Q,2025-11-25T00:31:24.855744,14.98309851,.0002737,69.9980,198.3460,268.8622,91.2224,0,U,49144,999,23030,.52435E-3,.6166E-4,0
CUTE,2021-088D,2025-11-24T18:57:22.739328,15.57068109,.0004925,97.4363,50.8542,348.1758,11.9380,0,U,49263,999,23050,.41952E-3,.30327E-3,0
2021-091B,2021-091B,2025-11-25T04:49:50.740608,15.18991819,.0011728,97.4452,154.9600,359.6493,0.4731,0,U,49316,999,22803,.26483E-3,.5482E-4,0
SDGSAT 1,2021-100A,2025-11-25T05:25:53.817312,15.19342789,.0010311,97.2938,18.4760,297.8313,62.1877,0,U,49387,999,22494,.22457E-3,.4685E-4,0
TEIKYOSAT-4 (OORURI),2021-102B,2025-11-25T02:11:12.722208,15.08526429,.0010508,97.3919,1.3528,276.5169,83.4863,0,U,49396,999,22194,.18776E-3,.2872E-4,0
Z-SAT,2021-102E,2025-11-25T03:46:33.265344,15.16190962,.0015883,97.3602,5.6303,235.6697,124.3034,0,U,49399,999,22250,.31189E-3,.5976E-4,0
HIBARI,2021-102F,2025-11-25T03:11:30.315264,15.26715696,.0012381,97.3548,12.7059,198.1781,161.9017,0,U,49400,999,22300,.57779E-3,.15156E-3,0
KOSEN-1,2021-102H,2025-11-25T02:23:20.476320,15.23195771,.0014134,97.3493,10.3603,201.9136,158.1498,0,U,49402,999,22291,.45179E-3,.1065E-3,0
GLOBAL-14,2021-106A,2025-11-24T14:41:46.046400,15.40111889,.00089523,42.0064,57.4678,39.4305,320.7185,0,U,49469,999,22647,.56526248E-3,.22992E-3,0
GAOFEN-3 02,2021-109A,2025-11-25T03:31:24.054816,14.42224130,.0001549,98.4122,335.1278,225.6336,134.4727,0,U,49495,999,21090,.40933E-4,.91E-6,0
GLOBAL-12,2021-115BA,2025-11-25T01:39:10.189152,15.41556947,.0004915,53.1984,297.1988,94.4279,265.7289,0,U,49772,999,22429,.68754E-3,.29032E-3,0
GLOBAL-13,2021-115BB,2025-11-25T02:09:34.441344,15.38849955,.0003873,53.1998,298.9442,356.5696,3.5282,0,U,49773,999,22427,.61717E-3,.23752E-3,0
GLOBAL-17,2021-120A,2025-11-24T23:35:00.877920,15.41106194,.0008187,41.9954,176.0639,257.7465,102.2458,0,U,49949,999,22327,.57236E-3,.24071E-3,0
GLOBAL-16,2021-120B,2025-11-24T15:38:24.380448,15.39852988,.0006489,41.9946,178.7830,239.2206,120.7996,0,U,49950,999,22320,.52092578E-3,.20968E-3,0
XW-3 (CAS-9),2021-131B,2025-11-25T05:20:43.548864,14.41076880,.0003965,98.5064,57.7322,6.6383,353.4857,0,U,50466,999,20573,.24116E-3,.732E-5,0
ION SCV-004,2022-002K,2025-11-25T03:34:57.264096,15.27869283,.0007928,97.3146,25.6321,12.0692,348.0736,0,U,50993,999,21411,.28022E-3,.7558E-4,0
ETV-A1,2022-002CE,2025-11-25T03:29:27.463200,15.35515615,.0005915,97.3176,31.4343,16.5876,343.5560,0,U,51060,999,21447,.41503E-3,.14262E-3,0
BRO-5,2022-002CF,2025-11-25T05:17:57.878592,15.40151484,.0005588,97.3268,37.0007,4.8459,355.2841,0,U,51061,999,21479,.39122E-3,.15623E-3,0
VZLUSAT-2,2022-002DF,2025-11-25T02:02:11.434848,16.12097513,.0006608,97.2984,49.9186,273.1353,86.9176,0,U,51085,999,21572,.12127E-2,.1271371E-1,.11035E-2
LUDI TANCE 1-01A (L-SAR 01A),2022-007A,2025-11-25T05:09:16.958304,14.88415715,.0001618,97.8102,334.5727,86.5741,273.5661,0,U,51284,999,20813,.10908E-3,.957E-5,0
INSPIRESAT 1,2022-013B,2025-11-25T01:43:13.997856,15.58756271,.0006463,97.4654,5.1169,90.6045,269.5952,0,U,51657,999,21049,.84826E-3,.6574E-3,0
LUDI TANCE 1-01B (L-SAR 01B),2022-018A,2025-11-25T04:20:47.906592,14.88426437,.0001485,97.8091,334.5220,84.9985,275.1401,0,U,51822,999,20336,.11303E-3,.994E-5,0
2022-019D,2022-019D,2025-11-25T05:12:59.504832,15.49226938,.0008056,97.3818,49.2005,156.8081,203.3535,0,U,51827,999,20792,.79699E-3,.43605E-3,0
JILIN-1 GAOFEN 03D14,2022-019H,2025-11-25T05:33:03.187296,15.55750615,.0007599,97.3841,52.4892,143.6555,216.5217,0,U,51831,999,20813,.1104E-2,.76672E-3,0
2022-019J,2022-019J,2025-11-25T04:26:19.406112,15.19299962,.0007944,97.3709,32.1038,213.9706,146.1021,0,U,51832,999,20681,.17599E-3,.365E-4,0
JILIN-1 GAOFEN 03D16,2022-019L,2025-11-25T04:36:37.866816,15.57819982,.000555,97.3838,53.1929,143.8856,216.2776,0,U,51834,999,20818,.11051E-2,.82878E-3,0
JILIN-1 GAOFEN 03D11,2022-019M,2025-11-25T05:18:41.400864,15.55091588,.0005229,97.3874,52.6172,160.0988,200.0471,0,U,51835,999,20813,.10825E-2,.73307E-3,0
JILIN-1 GAOFEN 03D15,2022-019R,2025-11-25T05:31:37.727328,15.52193907,.0004257,97.3831,51.4375,172.0071,188.1250,0,U,51839,999,20808,.10058E-2,.61229E-3,0
JILIN-1 GAOFEN 03D10,2022-019S,2025-11-25T05:32:17.780640,15.55150354,.0001463,97.3834,52.6752,85.1445,274.9976,0,U,51840,999,20815,.10739E-2,.7284E-3,0
JILIN-1 GAOFEN 03D12,2022-019T,2025-11-25T05:49:50.710656,15.52345926,.0003423,97.3811,51.3624,127.3278,232.8287,0,U,51841,999,20808,.10153E-2,.62141E-3,0
JILIN-1 GAOFEN 03D18,2022-019W,2025-11-25T04:34:15.878784,15.54964199,.0008296,97.3820,51.7805,141.9883,218.1958,0,U,51844,999,20801,.10628E-2,.71681E-3,0
2022-023F,2022-023F,2025-11-25T05:00:30.981888,15.18477027,.0112506,63.4701,246.8267,339.9147,19.7554,0,U,51951,999,20674,.16962E-2,.41549E-3,0
CZ-4C R/B,2022-027B,2025-11-25T03:07:46.521984,13.65461708,.02143,63.3942,242.1036,23.4150,337.6470,0,U,52085,999,18417,.12176E-3,.21E-6,0
MERIDIAN 10,2022-030A,2025-11-24T14:18:42.765120,2.00594222,.6741537,62.6626,162.4655,273.1109,17.9241,0,U,52145,999,2692,0,.332E-5,0
OMNI-L1,2022-033A,2025-11-25T02:40:01.456608,14.81658262,.0004536,97.8580,47.2296,218.8101,141.2786,0,U,52157,999,19722,.49886E-3,.3875E-4,0
ENMAP,2022-033C,2025-11-25T05:46:34.473792,14.74912588,.0001425,97.9788,49.4089,89.5980,270.5392,0,U,52159,999,19659,.11284E-3,.707E-5,0
ARCSAT-1,2022-033E,2025-11-25T02:15:55.227744,15.47747324,.0004561,97.2846,54.1672,202.3111,157.7942,0,U,52161,999,20407,.28609E-3,.14742E-3,0
GLOBAL-18,2022-034B,2025-11-24T21:33:54.440064,15.39209824,.0008336,52.9815,146.6946,20.0349,340.0979,0,U,52196,999,20544,.51251E-3,.19901E-3,0
GAOFEN-3 03,2022-035A,2025-11-25T04:32:10.663584,14.42211763,.0001624,98.4106,335.7090,94.2563,265.8813,0,U,52200,999,19144,.40856E-4,.91E-6,0
DAQI 1,2022-039A,2025-11-25T04:49:01.859808,14.57797065,.0003023,98.2622,267.3988,142.2425,217.8986,0,U,52257,999,19222,.12503E-3,.526E-5,0
JILIN-1 GAOFEN 4A,2022-046A,2025-11-25T02:35:19.091040,15.87985213,.0004391,97.4872,76.3622,296.3298,63.7522,0,U,52388,999,19880,.15106E-2,.426308E-2,0
JILIN-1 GAOFEN 3D05,2022-046C,2025-11-25T02:06:10.463040,15.55338453,.0000681,97.4872,71.9287,222.6850,137.4351,0,U,52390,999,19856,.11064E-2,.75596E-3,0
JILIN-1 GAOFEN 3D07,2022-046E,2025-11-25T03:14:11.644800,15.70931487,.000174,97.4969,77.6159,218.0546,142.0593,0,U,52392,999,19885,.12517E-2,.158694E-2,0
BRO-6,2022-047AE,2025-11-25T04:30:54.856224,15.40802939,.0006039,97.3550,52.9157,91.1999,268.9939,0,U,52422,999,19965,.50754E-3,.20749E-3,0
JILIN-1 GAOFEN 3D27,2022-048B,2025-11-25T02:45:34.767072,15.46575291,.0007329,97.5697,64.9845,74.5872,285.6186,0,U,52444,999,19768,.98399E-3,.49148E-3,0
JILIN-1 GAOFEN 3D28,2022-048C,2025-11-25T02:39:26.746272,15.47347116,.0006254,97.5662,64.8123,90.0379,270.1587,0,U,52445,999,19770,.98072E-3,.50298E-3,0
CONNECTA T1.1,2022-057H,2025-11-24T23:39:43.779168,15.80762052,.0001182,97.6219,121.6045,7.2197,352.9087,0,U,52739,999,19542,.10327E-2,.201839E-2,0
VIGORIDE-3,2022-057AE,2025-11-24T21:19:38.154720,15.24464362,.0010507,97.6342,99.2639,116.3717,243.8600,0,U,52760,999,19400,.27193E-3,.6613E-4,0
ION SCV-006,2022-057AF,2025-11-25T02:17:41.695008,15.39558562,.0021008,97.5855,104.1501,128.6182,231.6948,0,U,52761,999,19465,.39254E-3,.15478E-3,0
SHERPA-AC1,2022-057AH,2025-11-24T23:03:54.579168,15.32442287,.0009529,97.6417,105.6281,97.2639,262.9686,0,U,52763,999,19438,.33582E-3,.10455E-3,0
OMNI-L2,2022-057AR,2025-11-25T03:38:57.113952,14.80557511,.0005357,97.4978,40.0372,274.0973,85.9628,0,U,52771,999,19019,.36233E-3,.2731E-4,0
STEP CUBE LAB-II,2022-065D,2025-11-25T04:47:35.778624,14.62816785,.0007672,98.1938,109.1632,309.2852,50.7669,0,U,52897,999,18167,.26289E-3,.1295E-4,0
RANDEV,2022-065E,2025-11-25T04:25:37.044192,14.63166792,.0007013,98.1926,109.4121,310.5943,49.4648,0,U,52898,999,18141,.27819E-3,.1384E-4,0
SNUGLITE-II,2022-065F,2025-11-24T23:04:11.073792,14.63761058,.0006518,98.1922,109.5968,310.5780,49.4854,0,U,52899,999,18111,.31632E-3,.1601E-4,0
MIMAN,2022-065G,2025-11-24T20:22:01.312320,14.61497451,.0006617,98.1970,107.7802,311.1805,48.8825,0,U,52900,999,18059,.20689E-3,.979E-5,0
STARLINK-4362,2022-077A,2025-11-25T01:33:56.876832,15.01262158,.0002932,97.6027,147.7786,163.3113,196.8208,0,U,53043,999,18522,.40305E-4,.459E-5,0
GREENCUBE (IO-117),2022-080E,2025-11-24T12:32:13.886016,6.42583146,.00088929,70.1595,9.4174,331.3248,28.6922,0,U,53109,999,7891,0,-.3E-7,0
STARLINK-4410,2022-084R,2025-11-25T02:50:44.585376,15.01294667,.0001943,97.6051,27.8362,106.9237,253.2200,0,U,53204,999,18428,.12312E-2,.15806E-3,0
COSMOS 2558,2022-089A,2025-11-24T15:58:24.486816,15.48374304,.0003427,97.2341,64.0203,79.3622,280.8015,0,U,53323,999,18594,.86134E-3,.45718E-3,0
TECMS,2022-090A,2025-11-25T04:44:39.005952,15.21135332,.0002966,97.3406,37.7863,132.0874,228.0614,0,U,53346,999,18379,.30426E-3,.6708E-4,0
DONGPO 04,2022-098H,2025-11-25T05:34:48.698112,15.56799719,.0001847,97.5533,88.1352,32.1383,327.9984,0,U,53451,999,18322,.10673E-2,.76963E-3,0
DONGPO 02,2022-098J,2025-11-25T05:04:03.910368,15.47507454,.0002935,97.5392,82.8649,359.6545,0.4702,0,U,53452,999,18300,.96611E-3,.49792E-3,0
DONGPO 01,2022-098K,2025-11-25T04:31:29.513856,15.46963917,.0000603,97.5472,83.5290,64.3841,295.7470,0,U,53453,999,18298,.96745E-3,.48923E-3,0
STARLINK-4400,2022-099D,2025-11-25T01:55:11.466912,15.01261857,.0002145,97.6030,87.7996,88.9943,271.1527,0,U,53468,999,18028,.5423E-4,.638E-5,0
STARLINK-4621,2022-105AE,2025-11-24T14:57:12.323520,15.01258765,.00020646,97.6052,207.3520,87.1242,273.0218,0,U,53676,999,17747,.34591405E-4,.386E-5,0
SHERPA-LTC2,2022-107BG,2025-11-25T03:01:35.668992,14.66866253,.0406296,53.2357,2.5450,16.6588,344.7291,0,U,53754,999,17256,.40365E-3,.7852E-4,0
CENTISPACE-1 S3,2022-108A,2025-11-25T01:59:15.452736,14.60923156,.0010249,53.5313,179.0586,151.5290,208.6247,0,U,53757,999,17169,.16989E-3,.65E-5,0
CENTISPACE-1 S4,2022-108B,2025-11-25T02:08:20.839776,14.61531835,.0010178,53.5288,177.4718,139.2189,220.9550,0,U,53758,999,17171,.15431E-3,.582E-5,0
BLUEWALKER-3,2022-111AL,2025-11-25T03:07:43.146336,15.35550300,.0004468,53.2304,270.1019,269.7093,90.3399,0,U,53807,999,17882,.22051E-3,.7355E-4,0
YUNHAI-1 03,2022-115A,2025-11-25T06:01:21.313632,14.32545897,.0003709,98.5468,325.1075,296.5793,63.5011,0,U,53877,999,16631,.1592E-3,.388E-5,0
CENTISPACE-1 S5,2022-126A,2025-11-25T02:33:25.190784,14.62458197,.0011543,54.9996,309.3184,341.5747,18.4827,0,U,54020,999,16717,.32411E-3,.1466E-4,0
CENTISPACE-1 S6,2022-126B,2025-11-25T01:47:40.074432,14.61867789,.0013384,54.9998,310.4363,340.7827,19.2660,0,U,54021,999,16714,.243E-3,.1037E-4,0
OTB-3-GAZELLE,2022-127A,2025-11-24T22:33:12.367008,14.42596374,.0014381,98.3812,318.9357,85.2569,275.0263,0,U,54023,999,16491,.71311E-4,.194E-5,0
ASO-S,2022-129A,2025-11-25T03:22:14.452320,14.51943156,.0014448,98.2752,332.1764,4.7887,355.3444,0,U,54029,999,16581,.74918E-4,.258E-5,0
HJ-2E,2022-132A,2025-11-25T04:06:46.135584,15.21925496,.0014118,97.3820,332.4172,18.2550,341.9191,0,U,54035,999,17339,.57639E-3,.1311E-3,0
COSMOS 2561,2022-137A,2025-11-24T16:23:58.259616,15.45722961,.0012148,96.9510,30.7492,63.3090,296.9403,0,U,54109,999,17469,.30725E-3,.14812E-3,0
GONETS-M 23,2022-139A,2025-11-25T04:50:28.781664,12.42860898,.0020547,82.5033,115.0642,306.8053,53.1141,0,U,54150,999,14030,.14176E-3,.29E-6,0
GONETS-M 24,2022-139B,2025-11-25T04:11:00.591360,12.42859276,.0015792,82.4951,114.2797,317.5674,42.4184,0,U,54151,999,14030,.1881E-3,.36E-6,0
GONETS-M 25,2022-139C,2025-11-25T03:51:21.113856,12.42858156,.001969,82.5016,114.8651,315.9871,43.9640,0,U,54152,999,14030,.12237E-3,.27E-6,0
SKIF-D,2022-139D,2025-11-17T04:57:48.343392,5.00431895,.00061895,89.9641,96.7296,258.2497,101.7163,0,U,54153,999,5350,0,.8E-7,0
MATS,2022-147A,2025-11-24T22:40:55.617024,15.03662258,.0013055,97.6795,326.7300,166.8022,193.3547,0,U,54227,999,16705,.39251E-3,.5324E-4,0
JILIN-1 GAOFEN 03D54,2022-155D,2025-11-25T05:08:59.819136,15.52631701,.0004444,97.6032,99.6844,18.3351,341.8061,0,U,54254,999,16830,.99151E-3,.61313E-3,0
EOS-6 (OCEANSAT-3),2022-158A,2025-11-25T05:48:56.175840,14.47009620,.0000704,98.3554,65.1924,160.5246,199.5974,0,U,54361,999,15834,.14592E-3,.487E-5,0
DONGPO 09,2022-167D,2025-11-25T04:38:32.424576,15.30466572,.0003903,97.6732,127.1717,118.9293,241.2339,0,U,54685,999,16418,.58823E-3,.17274E-3,0
DONGPO 08,2022-167E,2025-11-25T04:19:59.405088,15.28344765,.0009551,97.6687,125.2237,162.2266,197.9309,0,U,54686,999,16410,.5874E-3,.16175E-3,0
2022-167F,2022-167F,2025-11-25T04:39:42.912288,15.54839918,.0003825,97.6217,134.1210,74.7206,285.4470,0,U,54687,999,16483,.82135E-3,.54948E-3,0
DONGPO 10,2022-167H,2025-11-25T05:17:41.696736,15.29054395,.000659,97.6771,126.7481,113.3635,246.8298,0,U,54689,999,16413,.55766E-3,.15678E-3,0
JILIN-1 GAOFEN 03D48,2022-167P,2025-11-25T04:11:50.421696,15.29583819,.0008074,97.6703,126.0549,118.7833,241.4218,0,U,54695,999,16414,.57342E-3,.16394E-3,0
STAR VIBE,2023-001A,2025-11-25T03:32:27.943296,15.36140805,.0007832,97.3480,28.3698,123.5674,236.6319,0,U,55009,999,16083,.50732E-3,.17819E-3,0
BRO-8,2023-001C,2025-11-25T03:28:50.376864,15.36720283,.0008491,97.3540,27.9017,133.8338,226.3609,0,U,55011,999,16074,.82056E-3,.29463E-3,0
CONNECTA T1.2,2023-001D,2025-11-25T02:35:40.411968,15.39635856,.000905,97.3576,32.7000,114.5025,245.7165,0,U,55012,999,16104,.45311E-3,.17824E-3,0
BIRKELAND,2023-001G,2025-11-25T04:19:54.266880,15.35660363,.0008942,97.3621,31.9486,115.5501,244.6668,0,U,55015,999,16099,.3636E-3,.12549E-3,0
ION SCV-008,2023-001AU,2025-11-25T04:31:23.513376,15.25287346,.001621,97.5787,57.5555,16.1847,343.9905,0,U,55051,999,16020,.38027E-3,.9534E-4,0
ION SCV-007,2023-001BD,2025-11-25T03:21:29.120832,14.77286355,.0010998,97.9303,30.9236,275.7259,84.2697,0,U,55060,999,15612,.10956E-3,.727E-5,0
HUYGENS,2023-001CN,2025-11-25T02:46:09.099840,15.35669152,.0012153,97.3538,31.3609,98.1573,262.1050,0,U,55093,999,16100,.40562E-3,.1403E-3,0
SHARJAHSAT-1,2023-001CZ,2025-11-25T03:53:33.845856,15.40494196,.0008179,97.3487,30.9969,118.7419,241.4650,0,U,55104,999,16099,.5949E-3,.24111E-3,0
2023-003A,2023-003A,2025-11-24T21:26:50.208288,15.87988566,.0005635,97.1529,43.7378,303.9773,56.0963,0,U,55133,999,16087,.19863E-2,.569838E-2,0
HORUS 1,2023-025A,2025-11-25T04:54:19.209600,15.23364209,.0002696,97.3694,42.8326,147.5022,212.6382,0,U,55690,999,15299,.42319E-3,.9995E-4,0
HORUS 2,2023-032A,2025-11-25T04:08:41.006112,15.23345801,.0002597,97.3758,43.4252,108.3675,251.7844,0,U,55844,999,15042,.41992E-3,.9912E-4,0
GLOBAL-19,2023-041B,2025-11-25T01:03:27.267840,15.37865582,.0002743,42.0039,312.9180,296.4738,63.5820,0,U,55982,999,15048,.60862E-3,.22978E-3,0
BRO-9,2023-054H,2025-11-25T04:25:34.097088,15.57175163,.0006664,97.3106,233.7287,67.9106,292.2856,0,U,56185,999,14708,.5232E-3,.38054E-3,0
ION SCV-010,2023-054Q,2025-11-24T15:31:16.550112,15.23693351,.00126958,97.4004,215.7401,198.8682,161.2087,0,U,56192,999,14502,.27924501E-3,.6646E-4,0
GHOST-1,2023-054T,2025-11-25T00:08:30.598080,15.63712599,.0007884,97.3101,236.0134,63.5541,296.6526,0,U,56195,999,14720,.67227E-3,.63003E-3,0
GHOST-2,2023-054V,2025-11-24T18:07:50.253600,15.96104756,.0007044,97.3061,243.0296,81.0846,279.1228,0,U,56197,999,14764,.93565E-3,.382418E-2,.60784E-4
TELEOS-2,2023-057C,2025-11-25T00:04:36.534432,14.96439585,.0000872,9.9876,250.8998,252.0177,107.9941,0,U,56310,999,14216,.68299E-3,.8658E-4,0
SNIPE 4,2023-072B,2025-11-25T04:13:49.522368,15.33226691,.0006481,97.5386,164.8278,349.3594,10.7509,0,U,56744,999,13875,.72875E-3,.23374E-3,0
SNIPE 2,2023-072C,2025-11-25T05:22:37.838784,15.35725405,.0006425,97.5402,166.8076,21.2617,338.8892,0,U,56745,999,13882,.85998E-3,.29898E-3,0
2023-072G,2023-072G,2025-11-25T04:47:36.627936,15.38611382,.000546,97.5061,165.5034,15.4381,344.7030,0,U,56749,999,13897,.77622E-3,.29603E-3,0
OTTER PUP,2023-084B,2025-11-24T22:34:30.048384,15.60574192,.000337,97.5814,111.1374,259.7521,100.3356,0,U,56933,999,13706,.83826E-3,.69583E-3,0
GEISAT PRECURSOR,2023-084C,2025-11-25T03:53:56.652864,15.30938133,.0005761,97.5972,99.3367,358.6397,1.4827,0,U,56934,999,13627,.33923E-3,.10068E-3,0
AFRL-XVI,2023-084L,2025-11-24T21:28:36.210720,15.86597294,.0002592,97.5735,120.7538,282.4745,77.6235,0,U,56942,999,13765,.12414E-2,.323602E-2,0
BLACKJACK ACES-3,2023-084U,2025-11-25T01:48:07.896960,15.21777726,.0007639,97.5963,97.6593,342.8687,17.2289,0,U,56950,999,13616,.44342E-3,.9999E-4,0
BLACKJACK ACES-4,2023-084W,2025-11-24T22:07:22.918656,15.76038835,.0005889,97.5817,115.6072,265.7459,94.3133,0,U,56952,999,13731,.76748E-3,.12044E-2,0
BLACKJACK ACES-2,2023-084Z,2025-11-25T01:47:45.374208,15.21169544,.0007199,97.5965,97.7604,338.4931,21.6001,0,U,56955,999,13617,.58744E-3,.1304E-3,0
BLACKJACK ACES-1,2023-084AA,2025-11-24T22:43:56.033184,15.22624095,.0005996,97.5939,97.4113,341.3345,18.7670,0,U,56956,999,8587,.61186E-3,.14178E-3,0
ION SCV-011,2023-084AB,2025-11-25T00:34:27.155424,15.26062316,.000829,98.1274,132.8791,34.6462,325.5312,0,U,56957,999,13464,.3218E-3,.8215E-4,0
GHOST-3,2023-084AC,2025-11-24T22:37:27.393888,15.39537966,.0007149,97.5970,103.1935,315.1422,44.9245,0,U,56958,999,13650,.52313E-3,.20517E-3,0
TOMORROW-R2,2023-084AG,2025-11-24T23:13:11.810784,15.56093121,.0005519,97.5876,109.5426,282.1756,77.8879,0,U,56962,999,13693,.83262E-3,.58367E-3,0
AFR-1,2023-084AJ,2025-11-25T03:56:50.570880,15.26057253,.0010566,97.6016,96.6940,344.1290,15.9615,0,U,56964,999,13608,.27767E-3,.7087E-4,0
DROID.001,2023-084AK,2025-11-24T21:33:23.857056,15.66679472,.0005381,97.5842,112.0996,268.8471,91.2172,0,U,56965,999,13710,.9584E-3,.101469E-2,0
METEOR-M2 3,2023-091A,2025-11-25T04:42:09.273888,14.24023029,.000476,98.6403,23.0396,54.0886,306.0734,0,U,57166,999,12548,.28771E-4,.23E-6,0
STRATOSAT-TK 1 (RS52S),2023-091B,2025-11-25T02:13:11.491968,15.67569568,.000306,97.5249,40.1688,43.7712,316.3791,0,U,57167,999,13410,.17863E-2,.198339E-2,0
UMKA 1 (RS40S),2023-091G,2025-11-25T03:24:24.511104,15.17823556,.0015117,97.5361,23.6852,108.7066,251.5809,0,U,57172,999,13302,.44721E-3,.9009E-4,0
2023-091H,2023-091H,2025-11-25T03:25:16.039200,15.23308307,.0012452,97.5354,26.1054,109.6545,250.6037,0,U,57173,999,13318,.62945E-3,.14913E-3,0
2023-091J,2023-091J,2025-11-25T02:35:35.380032,15.12079500,.0014962,97.5367,20.0008,128.3125,231.9453,0,U,57174,999,13277,.33763E-3,.576E-4,0
CUBEBEL 2 (EU11S),2023-091K,2025-11-25T02:53:56.821056,15.23368747,.0012383,97.5359,25.9980,111.7363,248.5193,0,U,57175,999,13317,.67657E-3,.16065E-3,0
SITRO-AIS 5 (KATYS),2023-091L,2025-11-25T04:29:38.737824,15.23876503,.00142,97.5364,26.6120,100.6639,259.6198,0,U,57176,999,13321,.69101E-3,.16672E-3,0
ZORKIY-2M 1,2023-091M,2025-11-25T04:22:12.133632,15.17534820,.0015725,97.5401,23.9124,105.8517,254.4451,0,U,57177,999,13302,.51367E-3,.10276E-3,0
CUBESX-HSE 3 (RS42S),2023-091N,2025-11-25T03:58:38.772192,15.25127867,.0013691,97.5394,27.7244,93.2167,267.0637,0,U,57178,999,13326,.71008E-3,.17785E-3,0
MONITOR-3 (RS58S),2023-091Q,2025-11-25T04:55:38.026272,15.22861867,.0014478,97.5386,26.5280,96.8385,263.4499,0,U,57180,999,13319,.61755E-3,.14447E-3,0
MONITOR-4 (RS57S),2023-091S,2025-11-25T04:41:35.015424,15.22928104,.0014453,97.5381,26.4789,97.2415,263.0464,0,U,57182,999,13319,.62792E-3,.1472E-3,0
MONITOR-2 (RS39S),2023-091U,2025-11-25T04:53:08.287296,15.16440968,.0013391,97.5387,23.7859,100.4733,259.8009,0,U,57184,999,13301,.37752E-3,.7292E-4,0
SVYATOBOR 1 (RS60S),2023-091X,2025-11-25T04:59:12.561792,15.22302573,.0011793,97.5393,27.1680,89.3662,270.8925,0,U,57187,999,13323,.54431E-3,.12501E-3,0
HORS 1,2023-091Y,2025-11-25T04:51:54.036864,15.22340192,.001126,97.5373,26.9596,89.4083,270.8443,0,U,57188,999,13323,.53949E-3,.12401E-3,0
VIZARD-METEO (RS38S),2023-091Z,2025-11-25T03:59:43.401984,15.28595499,.0009799,97.5385,30.3457,79.1646,281.0696,0,U,57189,999,13344,.71764E-3,.19944E-3,0
NANOZOND 1 (RS49S),2023-091AA,2025-11-25T04:56:16.512288,15.50297267,.000498,97.5320,38.2463,62.2158,297.9598,0,U,57190,999,13398,.13081E-2,.74607E-3,0
SITRO-AIS 6 (CHIRKIN),2023-091AC,2025-11-25T05:14:42.909216,15.22605368,.0014615,97.5365,26.5482,101.0190,259.2691,0,U,57192,999,13321,.40072E-3,.9272E-4,0
SITRO-AIS 8 (ANOKHIN),2023-091AD,2025-11-25T04:16:43.017888,15.25697236,.0013464,97.5359,27.4987,99.0372,261.2390,0,U,57193,999,13327,.75931E-3,.19354E-3,0
SITRO-AIS 7 (FARTUSHNIY),2023-091AE,2025-11-25T04:31:11.126208,15.22414743,.0014432,97.5366,26.4242,101.8445,258.4410,0,U,57194,999,13320,.39141E-3,.9003E-4,0
AVION KALUGA 650,2023-091AF,2025-11-25T05:25:17.970816,15.17555251,.0012561,97.5401,24.6624,99.6571,260.6082,0,U,57195,999,13306,.43725E-3,.8731E-4,0
HORS 2,2023-091AG,2025-11-25T04:21:47.179584,15.25855610,.0010576,97.5388,28.9850,86.0559,274.1887,0,U,57196,999,13335,.71595E-3,.18311E-3,0
A-SEANSAT-PG1,2023-091AH,2025-11-25T04:29:44.003040,15.29221550,.0009738,97.5370,30.2722,84.9260,275.3091,0,U,57197,999,13345,.74737E-3,.21179E-3,0
SITRO-AIS 10 (BURDAEV),2023-091AK,2025-11-25T04:57:53.975808,15.30032239,.0009387,97.5372,30.8445,81.7678,278.4626,0,U,57199,999,13348,.83093E-3,.24158E-3,0
SITRO-AIS 9 (SHCHUKIN),2023-091AM,2025-11-25T04:23:26.469600,15.29756017,.0009437,97.5374,30.6730,82.0548,278.1763,0,U,57201,999,13347,.79399E-3,.22881E-3,0
UTMN 2 (RS27S),2023-091AP,2025-11-25T04:06:50.328576,15.26090046,.0010567,97.5385,29.1056,82.3718,277.8720,0,U,57203,999,13336,.67177E-3,.17296E-3,0
SITRO-AIS 12 (SMIRENNIY),2023-091AQ,2025-11-25T04:58:22.460160,15.29989686,.0009232,97.5381,31.0550,76.3566,283.8701,0,U,57204,999,13349,.78141E-3,.22678E-3,0
ARCCUBE 1 (RS25S),2023-091AR,2025-11-25T04:15:00.182016,16.11408400,.0005217,97.5012,45.0370,305.7657,54.3142,0,U,57205,999,13445,.24891E-2,.2296671E-1,.5854E-2
SITRO-AIS 11 (SHEFFER),2023-091AU,2025-11-25T04:48:59.715360,15.30239346,.0009133,97.5381,31.1929,76.2155,284.0101,0,U,57208,999,13350,.80405E-3,.2352E-3,0
H2SAT (HEINRICH HERTZ),2023-093A,2025-11-25T02:00:24.399072,1.00271669,.0000106,0.0328,179.4517,91.7745,183.8689,0,U,57213,999,887,0,.22E-6,0
KUZGTU 1 (RS47S),2023-091AV,2025-11-25T03:20:11.685696,15.24265295,.0013809,97.5367,27.0110,95.5622,264.7190,0,U,57217,999,13323,.63559E-3,.15503E-3,0
QIANKUN-1,2023-103B,2025-11-25T06:41:26.333664,16.02945976,.0022372,96.2424,22.5769,129.9129,230.4125,0,U,57422,999,13457,-.26889E-5,-.2197E-4,.16808E-5
FENGYUN 3F,2023-111A,2025-11-25T04:27:00.883296,14.19886838,.0000817,98.7104,37.7604,77.1115,283.0153,0,U,57490,999,11991,.71714E-4,.109E-5,0
HJ-2F,2023-116A,2025-11-25T04:53:39.501024,15.21935764,.000781,97.3875,333.1617,24.0103,336.1496,0,U,57519,999,12773,.54631E-3,.12401E-3,0
XRISM,2023-137A,2025-11-25T02:54:34.266816,15.10102344,.0007589,31.0016,239.2784,65.7926,294.3505,0,U,57800,999,12196,.43257E-3,.7323E-4,0
METEOR-M2 4,2024-039A,2025-11-25T04:33:04.703328,14.22397183,.0007883,98.6742,286.3761,46.1550,314.0279,0,U,59051,999,9026,.46859E-4,.61E-6,0
GRBBETA,2024-128C,2025-11-25T00:10:30.388224,15.04509188,.0056807,61.9891,211.5767,93.0737,267.6857,0,U,60237,999,7552,.42732E-3,.6017E-4,0
2024-149A,2024-149A,2025-11-24T23:11:09.439008,15.28617524,.0002774,97.3938,44.9316,206.0038,154.1063,0,U,60468,999,7081,.45553E-3,.12614E-3,0
WARATAH SEED-1,2024-149B,2025-11-24T22:44:18.098016,15.29855022,.0001428,97.3908,44.9975,195.5986,164.5210,0,U,60469,999,7082,.59484E-3,.17142E-3,0
PHISAT 2,2024-149C,2025-11-25T02:31:36.865056,15.27311641,.0000798,97.3966,44.7752,183.4286,176.6947,0,U,60470,999,7080,.38141E-3,.10134E-3,0
LEMUR-2-TOMATOKECHUP,2024-149D,2025-11-25T03:19:59.422944,15.30742009,.0000947,97.3994,46.2398,198.2072,161.9135,0,U,60471,999,7089,.4989E-3,.1476E-3,0
CONNECTA IOT-1,2024-149E,2025-11-24T17:52:38.525376,15.23185877,.0000266,97.3978,43.4717,250.2594,109.8614,0,U,60472,999,7068,.29096E-3,.681E-4,0
LOPEN,2024-149F,2025-11-25T03:28:26.736960,15.32713060,.0000499,97.3975,46.7532,232.1441,127.9756,0,U,60473,999,7093,.59949E-3,.18886E-3,0
ROCK,2024-149G,2025-11-24T17:48:39.287232,15.32737522,.0000426,97.3971,46.3691,221.6788,138.4422,0,U,60474,999,7087,.56508E-3,.17809E-3,0
CONNECTA IOT-3,2024-149H,2025-11-24T23:12:33.100992,15.22532725,.000153,97.3951,43.5020,252.8015,107.3054,0,U,60475,999,7072,.29532E-3,.6781E-4,0
QUBE,2024-149J,2025-11-24T18:43:11.758944,15.36750290,.0001471,97.3968,47.6751,222.6949,137.4181,0,U,60476,999,7096,.72059E-3,.25847E-3,0
SATORO-T2,2024-149K,2025-11-24T23:27:35.438400,15.55505787,.0001492,97.3900,51.5134,223.0943,137.0195,0,U,60477,999,7124,.14199E-2,.9791E-3,0
WREN-1,2024-149L,2025-11-25T03:01:59.011680,15.32546541,.0003821,97.3962,47.2595,272.2105,87.8699,0,U,60478,999,7097,.45384E-3,.14198E-3,0
TOMORROW-S1,2024-149M,2025-11-25T03:38:28.436928,15.28911553,.0001481,97.3946,45.6060,235.4198,124.6903,0,U,60479,999,7087,.35952E-3,.10026E-3,0
FLOCK 4BE-18,2024-149N,2025-11-24T18:52:44.647104,15.33578111,.0003142,97.3932,46.3849,263.5097,96.5787,0,U,60480,999,7089,.68582E-3,.22225E-3,0
FLOCK 4BE-7,2024-149P,2025-11-24T22:54:03.240288,15.32379263,.000228,97.3959,46.3496,262.7644,97.3339,0,U,60481,999,7089,.64359E-3,.20074E-3,0
FLOCK 4BE-16,2024-149R,2025-11-25T03:03:21.720672,15.37804533,.0004493,97.3941,46.9659,276.3721,83.7012,0,U,60483,999,7095,.2454E-2,.92084E-3,0
FLOCK 4BE-26,2024-149S,2025-11-24T15:55:30.956736,15.32939608,.00025456,97.3930,46.0494,262.4146,97.6807,0,U,60484,999,7086,.56266804E-3,.17847E-3,0
TOMORROW-S2,2024-149T,2025-11-25T03:38:47.361984,15.28624841,.0001537,97.4011,45.9836,264.9324,95.1740,0,U,60485,999,7087,.36141E-3,.9991E-4,0
FLOCK 4BE-36,2024-149U,2025-11-25T03:11:19.853088,15.34467680,.0003123,97.3937,47.1359,276.9150,83.1737,0,U,60486,999,7097,.6422E-3,.21398E-3,0
FLOCK 4BE-25,2024-149V,2025-11-24T22:49:02.353152,15.32136220,.0001593,97.3992,46.4894,255.4955,104.6110,0,U,60487,999,7089,.64139E-3,.19853E-3,0
FLOCK 4BE-31,2024-149W,2025-11-24T22:50:05.250624,15.34982717,.0001831,97.3989,47.3942,274.5149,85.5885,0,U,60488,999,7095,.6705E-3,.22714E-3,0
FLOCK 4BE-20,2024-149X,2025-11-24T22:57:28.708992,15.31776097,.0002793,97.3901,45.8402,267.7909,92.3013,0,U,60489,999,7088,.61804E-3,.18913E-3,0
FLOCK 4BE-23,2024-149Y,2025-11-24T23:10:02.276832,15.31433333,.0002551,97.3977,46.1142,274.9910,85.1040,0,U,60490,999,7087,.63509E-3,.1923E-3,0
FLOCK 4BE-15,2024-149Z,2025-11-24T20:05:38.391360,15.35016683,.0002702,97.3918,46.4981,327.6007,32.5070,0,U,60491,999,7091,.60635E-3,.20551E-3,0
FLOCK 4BE-17,2024-149AA,2025-11-24T23:30:37.274112,15.32673765,.0002081,97.3977,46.5791,266.8182,93.2822,0,U,60492,999,7090,.70187E-3,.22107E-3,0
NUSAT-50 (NANCY ROMAN),2024-149AB,2025-11-24T23:06:27.476064,15.29389616,.000286,97.3970,46.4874,282.5716,77.5204,0,U,60493,999,7090,.56325E-3,.15996E-3,0
FLOCK 4BE-22,2024-149AC,2025-11-24T23:24:24.636096,15.33448605,.0003473,97.3933,46.5487,285.2429,74.8429,0,U,60494,999,7092,.70957E-3,.22907E-3,0
FLOCK 4BE-34,2024-149AD,2025-11-24T23:04:17.639328,15.34007660,.0002943,97.3975,47.1548,291.3430,68.7498,0,U,60495,999,7094,.68834E-3,.22612E-3,0
TYCHE,2024-149AE,2025-11-24T22:35:35.746080,15.25650985,.0002869,97.3966,44.2522,307.8961,52.2018,0,U,60496,999,7075,.28947E-3,.7295E-4,0
FLOCK 4BE-32,2024-149AF,2025-11-25T02:54:47.174112,15.33912730,.0002959,97.3912,46.8733,281.2119,78.8791,0,U,60497,999,7096,.70822E-3,.232E-3,0
NUSAT-48 (HENRIETTA LEAVITT),2024-149AG,2025-11-25T02:32:43.081152,15.30879622,.0002765,97.3982,46.5573,297.2075,62.8884,0,U,60498,999,7093,.55969E-3,.16644E-3,0
FLOCK 4BE-30,2024-149AH,2025-11-25T03:03:15.778944,15.33904489,.0002268,97.4000,47.3410,283.8151,76.2839,0,U,60499,999,7034,.72879E-3,.2387E-3,0
NUSAT-49 (KLARA DAN VON NEUMANN),2024-149AJ,2025-11-25T02:36:06.451200,15.30319779,.0002374,97.3953,46.5697,328.1588,31.9509,0,U,60500,999,7092,.53688E-3,.15686E-3,0
FLOCK 4BE-11,2024-149AK,2025-11-25T03:30:59.650272,15.34290681,.0003213,97.3902,46.9549,289.5791,70.5105,0,U,60501,999,7097,.70875E-3,.23498E-3,0
FLOCK 4BE-33,2024-149AL,2025-11-24T23:03:10.980000,15.36165715,.0005699,97.3907,46.2274,293.5352,66.5293,0,U,60502,999,7090,.23094E-2,.82112E-3,0
FLOCK 4BE-10,2024-149AM,2025-11-25T03:19:26.018976,15.39383308,.0004688,97.3960,47.0770,267.8373,92.2336,0,U,60503,999,7095,.24804E-2,.9805E-3,0
YAM-7,2024-149AN,2025-11-25T02:11:21.884064,15.28200229,.0002361,97.3984,45.4833,317.0027,43.1027,0,U,60504,999,7084,.40193E-3,.10978E-3,0
FLOCK 4BE-24,2024-149AP,2025-11-25T03:07:26.482368,15.34499399,.0003307,97.3915,47.1632,298.8155,61.2755,0,U,60505,999,7098,.65252E-3,.21766E-3,0
LUR-1,2024-149AQ,2025-11-25T02:59:07.879200,15.26631482,.0003286,97.3956,44.7023,324.6481,35.4540,0,U,60506,999,7080,.38941E-3,.10138E-3,0
TANAGER-4001,2024-149AR,2025-11-25T03:03:17.031744,15.43676976,.0009389,97.3905,55.9523,204.3236,155.7570,0,U,60507,999,7155,.60418E-3,.27251E-3,0
EAGLEEYE,2024-149AS,2025-11-24T23:04:34.648032,15.45007990,.0002835,97.3946,50.2691,282.5270,77.5661,0,U,60508,999,7116,.99288E-3,.46957E-3,0
FLOCK 4BE-29,2024-149AT,2025-11-24T20:06:08.811936,15.35380443,.0002392,97.3998,47.7282,323.6590,36.4491,0,U,60509,999,7096,.80387E-3,.27614E-3,0
2024-149AU,2024-149AU,2025-11-24T22:59:26.810880,15.33405460,.0002795,97.3926,46.8602,312.3110,47.7895,0,U,60510,999,7094,.55904E-3,.17993E-3,0
FLOCK 4BE-2,2024-149AV,2025-11-24T18:16:55.369344,15.36217498,.0002406,97.4004,48.0191,309.1458,50.9571,0,U,60511,999,7097,.68418E-3,.24117E-3,0
FLOCK 4BE-13,2024-149AW,2025-11-25T02:52:33.103776,15.34309081,.0003468,97.3915,47.2920,285.9674,74.1186,0,U,60512,999,7099,.62058E-3,.20569E-3,0
FLOCK 4BE-27,2024-149AX,2025-11-25T03:09:19.567872,15.29880256,.0003257,97.4014,46.3425,327.9366,32.1676,0,U,60513,999,7089,.438E-3,.12606E-3,0
FLOCK 4BE-9,2024-149AY,2025-11-24T23:23:35.603232,15.33590030,.0002304,97.3986,47.1497,323.3468,36.7617,0,U,60514,999,7094,.72237E-3,.23425E-3,0
FLOCK 4BE-8,2024-149AZ,2025-11-24T23:10:49.681056,15.40896708,.0003894,97.3925,47.1444,274.3722,85.7079,0,U,60515,999,7096,.25191E-2,.104734E-2,0
FLOCK 4BE-6,2024-149BA,2025-11-25T03:09:18.279648,15.32694704,.0002753,97.3983,46.9757,322.1241,37.9807,0,U,60516,999,7094,.65347E-3,.20588E-3,0
FLOCK 4BE-14,2024-149BB,2025-11-25T03:09:48.527424,15.33682367,.0003884,97.3905,47.0116,312.2014,47.8899,0,U,60517,999,7097,.60823E-3,.19762E-3,0
FLOCK 4BE-1,2024-149BC,2025-11-25T02:49:55.924032,15.34468628,.0003548,97.3971,47.6759,308.0365,52.0557,0,U,60518,999,7099,.66324E-3,.22105E-3,0
FLOCK 4BE-28,2024-149BD,2025-11-25T03:05:22.982208,15.35816471,.0003709,97.3936,47.9008,311.5835,48.5091,0,U,60519,999,7102,.68819E-3,.23951E-3,0
IPERDRONE.0,2024-149BE,2025-11-25T02:15:51.091776,15.44787301,.000321,97.3966,50.8076,270.6923,89.3958,0,U,60520,999,7120,.89927E-3,.4218E-3,0
2024-149BF,2024-149BF,2025-11-25T01:41:53.066112,15.47112622,.00031,97.3983,51.4001,284.1250,75.9655,0,U,60521,999,7123,.10003E-2,.50868E-3,0
CONNECTA IOT-2,2024-149BG,2025-11-25T02:50:20.717376,15.22475576,.000602,97.4042,45.4369,334.8222,25.2720,0,U,60522,999,7083,.31544E-3,.7238E-4,0
PTD-R (TYVAK-0127),2024-149BH,2025-11-24T23:45:34.710912,15.51683698,.0002706,97.3939,53.2155,284.9580,75.1373,0,U,60523,999,7136,.77032E-3,.45926E-3,0
CONNECTA IOT-4,2024-149BJ,2025-11-24T22:46:44.469984,15.34178566,.0005127,97.3977,46.9387,307.6208,52.4569,0,U,60524,999,7093,.62189E-3,.20532E-3,0
ORESAT0.5,2024-149BK,2025-11-25T03:27:40.417056,15.36373725,.0005298,97.3908,48.1523,298.9040,61.1673,0,U,60525,999,7105,.62794E-3,.22241E-3,0
DEIMOS,2024-149BL,2025-11-25T03:41:09.093408,15.35895787,.0005307,97.3967,48.3472,307.0421,53.0337,0,U,60526,999,7104,.62596E-3,.21832E-3,0
CUAVA-2,2024-149BM,2025-11-25T02:12:36.493056,15.30334374,.0006352,97.3930,45.9080,308.3237,51.7432,0,U,60527,999,7089,.57598E-3,.16852E-3,0
ERNST,2024-149BN,2025-11-24T22:55:43.708800,15.32676342,.0005526,97.3994,46.9209,317.4006,42.6807,0,U,60528,999,7092,.53013E-3,.16675E-3,0
GAINDESAT-1A,2024-149BP,2025-11-24T19:19:43.140288,15.68167562,.0004511,97.3937,55.5649,271.9721,88.1024,0,U,60529,999,7148,.15265E-2,.173135E-2,0
TORO,2024-149BQ,2025-11-25T02:19:03.057024,14.95352755,.0001458,97.7019,42.4906,87.8101,272.3287,0,U,60530,999,6944,.35955E-3,.391E-4,0
HYPSO-2,2024-149BR,2025-11-25T02:09:06.549696,14.97264647,.0001033,97.7030,43.3117,94.6506,265.4834,0,U,60531,999,6949,.5015E-3,.5754E-4,0
LEMU NGE,2024-149BS,2025-11-25T02:22:15.018816,14.95664281,.0001363,97.7063,42.9836,49.5455,310.5885,0,U,60532,999,6946,.1766E-3,.1907E-4,0
LEMUR-2-STELLA,2024-149BT,2025-11-25T03:25:59.028384,15.06224902,.0001655,97.6916,46.3575,80.0844,280.0569,0,U,60533,999,6972,.11242E-2,.1645E-3,0
SATELIOT_2,2024-149BU,2025-11-25T03:24:31.087008,14.95293988,.0001706,97.7037,42.7432,86.9323,273.2093,0,U,60534,999,6946,.28981E-3,.3136E-4,0
NIGHTJAR,2024-149BV,2025-11-25T02:25:13.113408,14.97364988,.0002394,97.7067,43.6594,86.9675,273.1821,0,U,60535,999,11231,.53204E-3,.6125E-4,0
LEMUR-2-MARHISYAM,2024-149BW,2025-11-25T03:04:58.396224,15.05883241,.0003689,97.7058,46.5574,98.2537,261.9108,0,U,60536,999,6971,.10291E-2,.14914E-3,0
SATELIOT_4,2024-149BX,2025-11-24T17:27:34.680672,14.95625813,.00023556,97.6962,42.0005,30.9296,329.2063,0,U,60537,999,6940,.21099683E-3,.2287E-4,0
PICO-02A021,2024-149BY,2025-11-24T15:40:14.689920,15.00614435,.00018806,97.7056,44.4339,292.3430,67.7594,0,U,60538,999,6903,.49620091E-3,.6213E-4,0
ICEYE-X43,2024-149BZ,2025-11-25T03:10:12.593280,14.98358525,.0003465,97.6991,43.8183,35.9571,324.1884,0,U,60539,999,6954,.40978E-3,.4826E-4,0
HAWK-10A,2024-149CA,2025-11-25T02:48:16.856928,14.95650996,.0004537,97.7112,43.4394,50.4116,309.7505,0,U,60540,999,6947,.18868E-3,.204E-4,0
UMBRA-09,2024-149CB,2025-11-25T02:31:20.544096,15.10329612,.0001269,97.7131,48.8330,280.0220,80.0865,0,U,60541,999,6983,.1377E-2,.22565E-3,0
QPS-SAR-8 (AMATERU-IV),2024-149CC,2025-11-25T03:00:46.445184,15.01344968,.0007481,97.6882,45.2039,99.8624,260.3445,0,U,60542,999,6962,.62067E-3,.7943E-4,0
ARCTIC WEATHER SATELLITE,2024-149CD,2025-11-25T02:35:36.504096,14.89802958,.0003521,97.7040,40.1574,78.9917,281.1697,0,U,60543,999,6891,.15022E-3,.1387E-4,0
CAPELLA-15 (ACADIA-5),2024-149CE,2025-11-24T15:08:36.561408,14.92442360,.00041187,97.7001,41.4038,46.3212,313.8348,0,U,60544,999,6934,.70078665E-3,.7132E-4,0
HAWK-10B,2024-149CF,2025-11-25T02:48:04.711680,14.95648032,.0006679,97.7037,42.9949,63.4933,296.6973,0,U,60545,999,6947,.18425E-3,.1991E-4,0
ICEYE-X39,2024-149CG,2025-11-25T02:26:27.953088,14.98246836,.0005636,97.7010,43.8620,60.1238,300.0544,0,U,60546,999,6954,.49935E-3,.5879E-4,0
UMBRA-10,2024-149CH,2025-11-25T02:30:41.931072,15.10328109,.0000434,97.7133,48.8418,339.1194,21.0017,0,U,60547,999,6984,.13221E-2,.21659E-3,0
ICEYE-X33,2024-149CJ,2025-11-25T03:33:26.978688,14.99822594,.0004483,97.7008,44.9428,74.4698,285.7020,0,U,60548,999,6960,.52576E-3,.6452E-4,0
ICEYE-X40,2024-149CK,2025-11-25T02:30:03.831264,14.97036388,.0006051,97.7028,43.8071,55.1594,305.0196,0,U,60549,999,6953,.21513E-3,.2421E-4,0
SATELIOT_1,2024-149CL,2025-11-24T18:26:09.475872,14.96961324,.0007939,97.6970,43.0107,50.9128,309.2799,0,U,60550,999,6947,.33437E-3,.3788E-4,0
BRO-14,2024-149CM,2025-11-25T02:39:11.422368,14.95499894,.000819,97.7091,43.4283,66.3968,293.8112,0,U,60551,999,6948,.21094E-3,.228E-4,0
SATELIOT_3,2024-149CN,2025-11-25T03:31:35.544288,14.96960965,.0006209,97.7020,43.9838,60.0917,300.0921,0,U,60552,999,6954,.33182E-3,.3758E-4,0
BRO-15,2024-149CP,2025-11-25T00:34:56.531424,14.95583343,.0009293,97.7018,43.1296,57.6335,302.5785,0,U,60553,999,6948,.16561E-3,.1782E-4,0
UM5-RIBAT,2024-149CQ,2025-11-24T22:13:11.565120,14.99340337,.0008621,97.6973,44.2694,36.3508,323.8299,0,U,60554,999,6956,.39265E-3,.4745E-4,0
UM5-EOSAT,2024-149CR,2025-11-25T03:35:04.965792,14.99758196,.0007725,97.7019,45.1362,64.3327,295.8693,0,U,60555,999,6961,.41863E-3,.5118E-4,0
LASARSAT,2024-247Q,2025-11-25T00:34:10.809408,15.33332963,.0003662,44.9798,318.3111,339.0679,21.0056,0,U,62391,999,5184,.89702E-3,.29276E-3,0
CROCUBE,2024-247T,2025-11-25T01:06:12.966624,15.33918134,.0004829,44.9766,317.5762,351.4349,8.6453,0,U,62394,999,5185,.96547E-3,.32145E-3,0
TEVEL2-4,2025-052D,2025-11-24T22:52:15.422592,15.26187385,.0005103,97.4107,220.9162,96.8087,263.3732,0,U,63213,999,3887,.8758E-3,.22628E-3,0
TEVEL2-5,2025-052E,2025-11-24T22:58:56.620128,15.26122403,.0005079,97.4105,220.9113,98.0636,262.1179,0,U,63214,999,3887,.85434E-3,.22027E-3,0
TEVEL2-6,2025-052F,2025-11-24T23:08:40.322976,15.26075433,.0005172,97.4107,220.9065,98.4861,261.6964,0,U,63215,999,3887,.87845E-3,.2262E-3,0
TEVEL2-1,2025-052H,2025-11-24T16:12:36.892800,15.25749695,.00049219,97.4084,220.4458,107.5232,252.6545,0,U,63217,999,3882,.74844166E-3,.19064E-3,0
TEVEL2-3,2025-052J,2025-11-24T16:11:48.606432,15.25767876,.0004946,97.4085,220.4498,108.5383,251.6392,0,U,63218,999,3882,.75180156E-3,.19161E-3,0
TEVEL2-2,2025-052K,2025-11-24T22:31:30.058176,15.25763446,.0004934,97.4081,220.7070,108.0448,252.1328,0,U,63219,999,3886,.85393E-3,.21779E-3,0
TEVEL2-9,2025-052AD,2025-11-24T16:29:54.974976,15.24302548,.00083952,97.4143,220.1896,131.8375,228.3580,0,U,63237,999,3879,.73014837E-3,.17817E-3,0
TEVEL2-7,2025-052AE,2025-11-24T16:47:30.221376,15.24165200,.00084019,97.4151,220.1794,131.3939,228.8022,0,U,63238,999,3879,.73197576E-3,.17789E-3,0
TEVEL2-8,2025-052AF,2025-11-24T15:20:37.882176,15.24135982,.00083674,97.4150,220.1049,132.3055,227.8893,0,U,63239,999,3878,.74602846E-3,.18116E-3,0
HADES-ICM,2025-052BN,2025-11-24T22:25:22.270656,15.36654489,.0010665,97.4079,222.2804,121.2802,238.9488,0,U,63492,999,3896,.19979E-2,.72145E-3,0
