Time (yrs)/mid Altitude (km),225,275,325,375,425,475,525,575,625,675,725,775,825,875,925,975,1025,1075,1125,1175,1225,1275,1325,1375,1425,1475,1525,1575,1625,1675,1725,1775,1825,1875,1925,1975
0,0,7,38,44,173,456,2977,379,157,79,59,144,43,17,15,10,1,43,3,101,277,0,2,0,37,50,4,0,0,0,1,0,0,0,0,0
0.1001001,40.371491,51.745379,43.539235,88.387528,200.90366,451.78973,2931.7538,398.58163,201.3318,125.2446,65.638871,189.23404,89.574976,40.713695,54.357711,16.832207,21.879328,87.523929,42.196149,146.54256,304.00232,1.7695939,44.03667,46.281483,69.898602,86.555669,40.744547,19.435745,32.480444,8.4826985,35.966427,1.5773927,13.722188,2.2879014,4.8131095,40.804291
0.2002002,79.942774,95.603838,48.96867,131.8951,228.25435,447.66345,2887.4056,417.77496,244.78418,170.57168,72.145966,233.56966,135.22498,63.956661,92.93445,23.528798,42.344586,131.16492,80.615149,191.18219,330.46935,3.5041037,85.240021,91.645425,102.14454,122.38618,76.760541,38.486184,64.31701,16.797245,70.239764,3.123519,27.172382,4.5304532,9.5308169,80.799802
0.3003003,118.72971,138.59296,54.290486,174.54019,255.063,443.61937,2843.9373,436.58769,287.37458,214.99944,78.5239,277.02468,179.96838,86.738244,130.74571,30.092465,62.403983,173.94048,118.27241,234.93678,356.4117,5.2042249,125.62657,136.11002,133.75075,157.50593,112.06243,57.158957,95.522462,24.946974,103.83375,4.6389987,40.355973,6.7285541,14.155013,120.00256
0.4004004,156.74785,180.72998,59.506816,216.33993,281.34035,439.65576,2801.3317,455.02739,329.12011,258.54572,84.775238,319.61662,223.82318,109.0676,167.80669,36.525845,82.06557,215.86777,155.18303,277.82387,381.83977,6.8706395,165.21251,179.69308,164.72994,191.929,146.66437,75.461549,126.10931,32.93515,136.76184,6.1244393,53.278245,8.8830854,18.687551,158.42829
0.5005005,194.01243,222.03179,64.619753,257.31109,307.0969,435.77098,2759.5715,473.10145,370.03753,301.22801,90.902492,361.3626,266.80703,130.95371,204.13227,42.831526,101.33724,256.96361,191.36181,319.86068,406.76375,8.5040156,204.01371,222.4121,195.09453,225.66922,180.58023,93.4013,156.08982,40.764978,169.03725,7.5804362,65.944379,10.994911,23.130249,196.09237
0.6006006,230.53839,262.51495,69.631348,297.47011,332.34298,431.9634,2718.64,490.81713,410.14329,343.06347,96.908125,402.27944,308.93723,152.40538,239.73703,49.012042,120.22671,297.24449,226.82327,361.06405,431.19363,10.105008,242.04573,264.2842,224.85673,258.74012,213.82363,110.9854,185.47601,48.439596,200.6729,9.0075729,78.35945,13.064876,27.484886,233.00992
0.7007007,266.34036,302.19568,74.54361,336.83311,357.08869,428.23147,2678.5206,508.18152,449.45347,384.06888,102.79455,442.3836,350.23074,173.43122,274.63529,55.069877,138.74158,336.72656,261.58162,401.4505,455.13921,11.674259,279.32381,305.32617,254.02847,291.155,246.40789,128.22091,214.27965,55.96208,231.68148,10.406422,90.528436,15.093812,31.753208,269.19572
0.8008008,301.4327,341.0899,79.358507,375.41588,381.34394,424.57365,2639.1973,525.20161,487.98386,424.26073,108.56414,481.69122,390.70417,194.03969,308.84106,61.007466,156.88926,375.42567,295.6508,441.03622,478.61008,13.212399,315.8629,345.55446,282.62147,322.92685,278.34608,145.11472,242.5123,63.335447,262.07541,11.777543,102.45621,17.082531,35.936927,304.66428
0.9009009,335.82948,379.21319,84.077971,413.23387,405.11844,420.98847,2600.6543,541.88421,525.74995,463.65515,114.21921,520.21812,430.3738,214.23908,342.36808,66.827197,174.67705,413.35733,329.04448,479.83709,501.61566,14.720043,351.67763,384.9852,310.64722,354.06843,309.65101,161.67362,270.18527,70.562651,291.86688,13.121487,114.14756,19.031831,40.037719,339.4298
1.001001,369.54447,416.58084,88.703891,450.30226,428.42172,417.47446,2562.876,558.23603,562.76688,502.26796,119.76203,557.97982,469.25559,234.0375,375.22981,72.531408,192.11207,450.53677,361.77604,517.86867,524.16516,16.197796,386.78238,423.63421,338.11696,384.59225,340.33523,177.90425,297.30966,77.646591,321.06783,14.438791,125.60717,20.942492,44.057227,373.50623
1.1011011,402.5912,453.20781,93.238122,486.6359,451.26311,414.03021,2525.8473,574.26362,599.04952,540.11467,125.19483,594.9915,507.3652,253.44291,407.43946,78.122393,209.20132,486.97889,393.85862,555.14621,546.26762,17.646251,421.19121,461.51697,365.04172,414.51054,370.41105,193.81311,323.89634,84.590106,349.68996,15.729985,136.83964,22.815282,47.997063,406.90723
1.2012012,434.98291,489.10881,97.682481,522.24935,473.65177,410.65431,2489.5533,589.97341,634.61244,577.21047,130.51979,631.26806,544.71796,272.46312,439.00996,83.602399,225.95166,522.69832,425.30507,591.68464,567.9319,19.065989,454.91792,498.64868,391.43231,443.83534,399.89053,209.40658,349.95597,91.39598,377.74475,16.995585,147.84945,24.650949,51.858806,439.64617
1.3013013,466.73259,524.2982,102.03875,557.15689,495.59666,407.34541,2453.9793,605.3717,669.46992,613.57027,135.73906,666.8241,581.32889,291.10578,469.95399,88.973628,242.36981,557.70938,456.12801,627.49862,589.1667,20.457579,487.97602,535.04422,417.29933,472.57839,428.78549,224.69091,375.499,98.066941,405.24342,18.236099,158.64104,26.450232,55.644005,471.73618
1.4014014,497.85295,558.7901,106.30867,591.37252,517.10656,404.10217,2419.1112,620.46468,703.63595,649.20867,140.85473,701.67393,617.21273,309.37837,500.28398,94.238241,258.46235,592.02612,486.3398,662.60251,609.98051,21.82158,520.37877,570.71818,442.65316,500.75125,457.10753,239.67223,400.53566,104.60566,432.19702,19.452024,169.21871,28.213849,59.354175,503.19011
1.5015015,528.35647,592.59834,110.49396,624.90994,538.19012,400.92329,2384.9348,635.25838,737.12424,684.13998,145.86887,735.83157,652.38391,327.28824,530.01211,99.398352,274.23575,625.66231,515.95255,697.01039,630.38168,23.158537,552.13915,605.68486,467.50398,528.36522,484.86798,254.35655,425.07599,111.01477,458.61634,20.643847,179.58672,29.942509,62.990804,534.02058
1.6016016,558.25538,625.73645,114.5963,657.78259,558.85576,397.80748,2351.4365,649.75876,769.94824,718.37821,150.78348,769.31078,686.85659,344.8426,559.15033,104.45604,289.69633,658.63143,544.97814,730.73604,650.37839,24.468988,583.2699,639.95829,491.86177,555.43138,512.078,268.74975,449.12983,117.29682,484.51197,21.812047,189.74922,31.636904,66.555351,564.23993
1.7017017,587.56166,658.21773,118.61732,690.00366,579.11177,394.75349,2318.6028,663.97161,802.12113,751.93713,155.60054,802.12501,720.64463,362.04849,587.71032,109.41333,304.85029,690.9467,573.42821,763.79299,669.97866,25.753458,613.78349,673.5522,515.7363,581.9606,538.74848,282.8576,472.70682,123.45435,509.89428,22.957091,199.71027,33.297714,70.049243,593.86029
1.8018018,616.28706,690.0552,122.55864,721.58605,598.96627,391.76009,2286.4205,677.90266,833.65582,784.83021,160.32198,834.28748,753.76162,378.91284,615.70357,114.27222,319.70372,722.6211,601.31415,796.19449,689.19034,27.012462,643.69216,706.48006,539.13716,607.96353,564.89014,296.68577,495.81641,129.48982,534.77345,24.079438,209.47389,34.925603,73.473881,622.89351
1.9019019,644.44309,721.26161,126.42184,752.54243,618.42722,388.82608,2254.8767,691.55747,864.56497,817.07065,164.94972,865.81113,786.2209,395.44243,643.14132,119.03466,334.26257,753.66732,628.64717,827.95354,708.02114,28.246505,673.00789,738.75507,562.07376,633.4506,590.51344,310.2398,518.46786,135.40564,559.15946,25.179539,219.04397,36.521226,76.830638,651.35124
2.002002,672.04104,751.84947,130.20846,782.8852,637.50241,385.95027,2223.9586,704.94153,894.86099,848.67141,169.4856,896.70865,818.03551,411.64389,670.03458,123.70257,348.53268,784.09782,655.43821,859.08287,726.47859,29.456081,701.74243,770.39017,584.55528,658.43205,615.62866,323.52511,540.67027,141.20419,583.06207,26.257834,228.42435,38.08522,80.120858,679.24488
2.1021021,699.09197,781.83104,133.92003,812.62652,656.19949,383.13151,2193.6539,718.06021,924.55603,879.64516,173.93144,926.99245,849.21827,427.52375,696.39416,128.27782,362.51978,813.92481,681.69802,889.59495,744.57011,30.641677,729.90731,801.39805,606.59076,682.9179,640.24588,336.54704,562.43251,146.8878,606.49086,27.314756,237.61879,39.618214,83.345862,706.5856
2.2022022,725.60672,811.21834,137.55803,841.77831,674.52595,380.36867,2163.9504,730.91876,953.66202,910.00435,178.28904,956.67474,879.78171,443.08838,722.23064,132.76225,376.22949,843.16024,707.43712,919.50202,762.30294,31.803766,757.51381,831.79113,628.18905,706.91798,664.37497,349.3108,583.76333,152.45874,629.45523,28.350728,246.63099,41.120822,86.506942,733.38436
2.3023023,751.59591,840.02315,141.12393,870.35226,692.48914,377.66063,2134.8361,743.52234,982.19063,939.76116,182.56015,985.76746,909.73812,458.34404,747.55441,137.15767,389.66729,871.81585,732.66585,948.81607,779.68419,32.942816,784.573,861.58159,649.35882,730.44192,688.0256,361.82152,604.67126,157.91925,651.96438,29.366165,255.46454,42.593645,89.605364,759.65191
2.4024024,777.06997,868.25702,144.61914,898.35982,710.09626,375.00631,2106.2995,755.87602,1010.1533,968.92755,186.74649,1014.2823,939.09957,473.29687,772.37562,141.46584,402.83859,899.90313,757.39431,977.54885,796.72082,34.059283,811.09572,890.78138,670.10856,753.49916,711.20725,374.0842,625.1647,163.27151,674.02732,30.361474,264.12299,44.037274,92.642371,785.39876
2.5025025,802.03911,895.93125,148.04507,925.81222,727.35437,372.40464,2078.3289,767.98473,1037.5613,997.51522,190.84973,1042.2308,967.87787,487.95287,796.70425,145.68849,415.74867,927.43334,781.63242,1005.7119,813.41967,35.153615,837.09261,919.40222,690.4466,776.09897,733.92923,386.10378,645.25185,168.51767,695.6529,31.337055,272.60982,45.452289,95.61918,810.63524
2.6026026,826.51334,923.05696,151.4031,952.72047,744.27038,369.85457,2050.9132,779.85335,1064.4256,1025.5357,194.87153,1069.6241,996.08458,502.31794,820.55008,149.82733,428.4027,954.41753,805.3899,1033.3165,829.78744,36.22625,862.57408,947.45556,710.38112,798.25041,756.20065,397.88506,664.94077,173.65984,716.8498,32.293299,280.92842,46.839256,98.536984,835.37147
2.7027027,850.50246,949.64499,154.69457,979.09534,760.85107,367.35509,2024.0413,791.48662,1090.757,1053.0001,198.8135,1096.4733,1023.7311,516.39785,843.92267,153.88401,440.80576,980.86652,828.67628,1060.3736,845.83068,37.27762,887.55036,974.95266,729.92012,819.96238,778.03043,409.43277,684.23935,178.70007,737.6265,33.230588,289.08212,48.198731,101.39695,859.61734
2.8028028,874.01608,975.70602,157.92079,1004.9474,777.1031,364.90517,1997.7025,802.88921,1116.5661,1079.9196,202.67722,1122.7891,1050.8284,530.19826,866.83141,157.86016,452.96284,1006.7909,851.50089,1086.8943,861.55582,38.308145,912.03144,1001.9045,749.07143,841.24358,799.42733,420.75153,703.15533,183.64038,757.99132,34.149298,297.0742,49.531259,104.20023,883.38259
2.9029029,897.06365,1001.2505,161.08307,1030.287,793.03297,362.50385,1971.8861,814.06571,1141.8631,1106.3049,206.46426,1148.5822,1077.3876,543.72472,889.28551,161.75738,464.8788,1032.2011,873.87289,1112.889,876.96916,39.318238,936.02715,1028.322,767.84275,862.10256,820.39993,431.84589,721.69628,188.48277,777.95244,35.049799,304.90786,50.837374,106.94795,906.67673
3.003003,919.65438,1026.2886,164.18267,1055.1244,808.64707,360.15016,1946.5819,825.02057,1166.6583,1132.1667,210.17613,1173.863,1103.4192,556.98266,911.29398,165.57725,476.55843,1057.1073,895.80125,1138.3683,892.07689,40.308305,959.5471,1054.2156,786.24161,882.54769,840.95664,442.7203,739.86965,193.22915,797.51785,35.932449,312.58624,52.1176,109.6412,929.50909
3.1031031,941.79733,1050.8305,167.22083,1079.4694,823.95165,357.84315,1921.7797,835.75821,1190.9617,1157.5153,213.81433,1198.6416,1128.9338,569.97742,932.86565,169.32129,488.00642,1081.5195,917.29475,1163.3423,906.88507,41.278743,982.60072,1079.5958,804.2754,902.58718,861.10571,453.37911,757.68271,197.88145,816.69539,36.797605,320.11242,53.372449,112.28106,951.88883
3.2032032,963.50139,1074.8859,170.19877,1103.3319,838.95286,355.5819,1897.4694,846.28293,1214.7829,1182.3609,217.38031,1222.9279,1153.9416,582.71421,954.0092,172.99101,499.22734,1105.4475,938.36202,1187.821,921.39961,42.229941,1005.1972,1104.4727,821.95135,922.22907,880.8552,463.82659,775.1426,202.44153,835.49274,37.645611,327.4894,54.602425,114.8686,973.82491
3.3033033,984.77525,1098.4645,173.11768,1126.7213,853.65671,353.36549,1873.6413,856.59894,1238.1315,1206.7135,220.87551,1246.7319,1178.4527,595.19816,974.73312,176.58788,510.22572,1128.9009,959.0115,1211.8142,935.62636,43.16228,1027.3457,1128.8564,839.27658,941.48124,900.21304,474.06695,792.25633,206.9112,853.91745,38.476809,334.72015,55.808021,117.40485,995.32613
3.4034034,1005.6274,1121.5757,175.97874,1149.6471,868.06909,351.19304,1850.2859,866.71038,1261.0169,1230.5829,224.30134,1270.0629,1202.4769,607.43428,995.04572,180.11336,521.00596,1151.889,979.25147,1235.3317,949.571,44.076134,1049.0551,1152.7565,856.25802,960.35143,919.187,484.10427,809.03076,211.29227,871.97689,39.29153,341.80758,56.98972,119.89082,1016.4011
3.5035035,1026.0663,1144.2289,178.78308,1172.1185,882.19578,349.06368,1827.3938,876.62132,1283.4483,1253.9785,227.65917,1292.9305,1226.0239,619.4275,1014.9552,183.56885,531.57238,1174.4211,999.09006,1258.3827,963.23913,44.971871,1070.3339,1176.1826,872.9025,978.84721,937.78469,493.94259,825.4726,215.5865,889.67831,40.090103,348.75451,58.147996,122.32752,1037.0583
3.6036036,1046.1,1166.433,181.53184,1194.1445,896.04245,346.97655,1804.9558,886.33572,1305.4347,1276.9099,230.95035,1315.3438,1249.1031,631.18263,1034.4695,186.95576,541.92923,1196.5063,1018.5352,1280.9766,976.63624,45.849848,1091.1909,1199.1442,889.2167,996.976,956.01355,503.58584,841.58846,219.79559,907.02879,40.872846,355.56373,59.283312,124.71592,1057.3059
3.7037037,1065.7367,1188.197,184.22612,1215.7338,909.61464,344.9308,1782.9628,895.85749,1326.985,1299.3863,234.17621,1337.3118,1271.724,642.70441,1053.5964,190.27543,552.08067,1218.1534,1037.5948,1303.1224,989.76769,46.710419,1111.6343,1221.6505,905.20719,1014.7451,973.88093,513.03792,857.38479,223.92125,924.03532,41.640075,362.23798,60.396126,127.05698,1077.1522
3.8038038,1084.9842,1209.5296,186.86699,1236.8952,922.9178,342.92563,1761.406,905.19043,1348.1076,1321.4167,237.33804,1358.8435,1293.8955,653.99746,1072.3438,193.5292,562.03076,1239.3711,1056.2763,1324.829,1002.6387,47.553928,1131.6724,1243.7105,920.88036,1032.1616,991.39395,522.30258,872.86793,227.96512,940.70468,42.392096,368.77992,61.486882,129.35164,1096.605
3.9039039,1103.8501,1230.4394,189.45552,1257.6372,935.95725,340.96023,1740.2769,914.33829,1368.8113,1343.0098,240.43711,1379.9473,1315.6265,665.06631,1090.719,196.71839,571.78349,1260.1679,1074.5873,1346.1051,1015.2546,48.380713,1151.3131,1265.3329,936.24252,1049.2325,1008.5597,531.38356,888.04408,231.92882,957.04355,43.129211,375.19219,62.556016,131.60081,1115.6721
4.004004,1122.3421,1250.9348,191.99274,1277.968,948.73825,339.0338,1719.5668,923.30476,1389.1042,1364.1744,243.47467,1400.632,1336.9259,675.91544,1108.7295,199.84427,581.34279,1280.5522,1092.5352,1366.9592,1027.6202,49.191107,1170.5643,1286.5266,951.29984,1065.9647,1025.3849,540.28449,902.91933,235.81396,973.05851,43.851715,381.47734,63.60396,133.8054,1134.3612
4.1041041,1140.4676,1271.0239,194.47967,1297.8958,961.26587,337.14558,1699.2675,932.0934,1408.9944,1384.919,246.45194,1420.9056,1357.8022,686.54918,1126.3826,202.9081,590.71248,1300.532,1110.1271,1387.3996,1039.7406,49.985434,1189.4338,1307.3,966.05834,1082.3649,1041.8765,549.00894,917.49963,239.62207,988.75594,44.559898,387.63791,64.631131,135.96629,1152.6798
4.2042042,1158.2338,1290.7148,196.9173,1317.4286,973.54517,335.2948,1679.3709,940.70774,1428.49,1405.2519,249.37012,1440.7765,1378.2637,696.97181,1143.6852,205.91111,599.89632,1320.1155,1127.3701,1407.4347,1051.6207,50.764011,1207.9291,1327.6614,980.52397,1098.4397,1058.041,557.56041,931.79083,243.35469,1004.1421,45.254043,393.67635,65.637941,138.08435,1170.6352
4.3043043,1175.6478,1310.0154,199.30662,1336.5742,985.58107,333.48073,1659.8689,949.15126,1447.5989,1425.1813,252.23037,1460.2526,1398.3188,707.18753,1160.6443,208.85451,608.898,1339.3105,1144.2712,1427.0724,1063.2651,51.527154,1226.0577,1347.619,994.70254,1114.1954,1073.885,565.94233,945.79867,247.01331,1019.2233,45.93443,399.59509,66.624796,140.16042,1188.2347
4.4044044,1192.7167,1328.9334,201.64857,1355.3403,997.37837,331.70263,1640.7537,957.42733,1466.3286,1444.7152,255.03385,1479.3418,1417.9754,717.20043,1177.2668,211.73947,617.72113,1358.1246,1160.8369,1446.3205,1074.6787,52.275164,1243.8267,1367.1807,1008.5997,1129.6385,1089.4146,574.15805,959.52874,250.5994,1034.0054,46.601329,405.39649,67.592087,142.19534,1205.4851
4.5045045,1209.4473,1347.4765,203.94411,1373.7344,1008.9418,329.9598,1622.0177,965.53926,1484.6866,1463.8613,257.78168,1498.0516,1437.2415,727.01455,1193.5594,214.56717,626.36924,1376.5655,1177.0742,1465.1868,1085.8658,53.008345,1261.2434,1386.3545,1022.2211,1144.7752,1104.6363,582.21087,972.98656,254.11441,1048.4945,47.255009,411.08289,68.540206,144.18992,1222.3936
4.6046046,1225.8462,1365.652,206.19414,1391.764,1020.2761,328.25153,1603.6533,973.49032,1502.6805,1482.6275,260.47497,1516.3898,1456.1249,736.63383,1209.5285,217.33874,634.84582,1394.6406,1192.9893,1483.6789,1096.8311,53.72699,1278.3147,1405.1479,1035.5721,1159.6114,1119.5561,590.10402,986.17753,257.55973,1062.6963,47.895733,416.65657,69.469532,146.14497,1238.9668
4.7047047,1241.9201,1383.4672,208.39958,1409.4361,1031.3856,326.57713,1585.6531,981.28368,1520.3172,1501.0212,263.11481,1534.3635,1474.633,746.06213,1225.1806,220.05528,643.15424,1412.357,1208.5888,1501.8042,1107.579,54.431386,1295.0474,1423.5687,1048.6582,1174.1532,1134.1799,597.84066,999.10692,260.93674,1076.6164,48.523755,422.11975,70.380435,148.06126,1255.2114
4.8048048,1257.6754,1400.9293,210.5613,1426.7579,1042.2749,324.93594,1568.01,988.92249,1537.6041,1519.0498,265.70224,1551.9801,1492.7735,755.30325,1240.522,222.7179,651.29787,1429.7219,1223.8788,1519.5699,1118.1136,55.121817,1311.4482,1441.624,1061.4846,1188.4065,1148.5137,605.4239,1011.7799,264.24681,1090.2606,49.139329,427.47464,71.273283,149.93957,1271.1339
4.9049049,1273.1184,1418.0453,212.68017,1443.7363,1052.9484,323.3273,1550.7168,996.4098,1554.5479,1536.7206,268.23832,1569.2467,1510.5536,764.3609,1255.5588,225.32767,659.27996,1446.7422,1238.8656,1536.9832,1128.4393,55.79856,1327.5238,1459.3213,1074.0564,1202.3769,1162.5631,612.85678,1024.2016,267.49126,1103.6342,49.742702,432.72337,72.148434,151.78065,1286.7407
5.005005,1288.2553,1434.822,214.75704,1460.3782,1063.4103,321.75056,1533.7666,1003.7486,1571.1555,1554.0407,270.72406,1586.1702,1527.9804,773.23871,1270.2971,227.88562,667.1037,1463.4248,1253.5551,1554.051,1138.5603,56.461884,1343.2806,1476.6674,1086.3787,1216.07,1176.3339,620.14226,1036.377,270.67139,1116.7427,50.334114,437.86804,73.006236,153.58523,1302.038
5.1051051,1303.0921,1451.2662,216.79275,1476.6903,1073.6649,320.20508,1517.1526,1010.9419,1587.4336,1571.017,273.16046,1602.7574,1545.0609,781.94028,1284.7428,230.3928,674.77226,1479.7765,1267.9532,1570.7803,1148.4804,57.112058,1358.7249,1493.6696,1098.4564,1229.4914,1189.8316,627.2833,1048.311,273.78847,1129.5912,50.913804,442.91073,73.847036,155.35404,1317.032
5.2052052,1317.6349,1467.3845,218.78811,1492.679,1083.7161,318.69025,1500.8681,1017.9925,1603.3887,1587.6563,275.54851,1619.015,1561.8021,790.46908,1298.9017,232.85021,682.28869,1495.8036,1282.0657,1587.1776,1158.2039,57.74934,1373.8628,1510.3344,1110.2944,1242.6463,1203.0615,634.28273,1060.0083,276.84376,1142.185,51.482003,447.85345,74.67117,157.08779,1331.7287
5.3053053,1331.8894,1483.1832,220.74391,1508.3507,1093.5681,317.20546,1484.9065,1024.9032,1619.0271,1603.9653,277.88915,1634.9495,1578.2106,798.82855,1312.7795,235.25884,689.65603,1511.5128,1295.8982,1603.2497,1167.7344,58.373989,1388.7006,1526.6687,1121.8974,1255.5403,1216.0289,641.14338,1071.4736,279.83848,1154.529,52.03894,452.69819,75.478968,158.78718,1346.1339
5.4054054,1345.8615,1498.6689,222.66096,1523.7119,1103.2249,315.75011,1469.2615,1031.6769,1634.3554,1619.9507,280.18335,1650.5675,1594.2932,807.0221,1326.3819,237.61966,696.87726,1526.9103,1309.4564,1619.003,1177.076,58.986256,1403.2441,1542.6791,1133.2703,1268.1783,1228.7393,647.86803,1082.7116,282.77385,1166.6284,52.58484,457.44691,76.270758,160.45288,1360.2536
5.5055055,1359.5566,1513.8477,224.54002,1538.7687,1112.6903,314.32362,1453.9267,1038.3163,1649.3794,1635.6188,282.43201,1665.8751,1610.0562,815.05297,1339.7142,239.93362,703.95524,1542.0022,1322.7456,1634.4437,1186.2323,59.586385,1417.4991,1558.3719,1144.4173,1280.5656,1241.1975,654.45933,1093.7268,285.65103,1178.4878,53.11992,462.10149,77.046855,162.08557,1374.0934
5.6056056,1372.9803,1528.7256,226.38183,1553.5269,1121.968,312.92541,1438.8961,1044.824,1664.1053,1650.9758,284.63604,1680.8785,1625.506,822.92439,1352.7818,242.20165,710.89281,1556.7947,1335.7712,1649.5781,1195.2069,60.174615,1431.4714,1573.7534,1155.3431,1292.7069,1253.4085,660.91993,1104.5235,288.47117,1190.112,53.644394,466.6638,77.807567,163.6859,1387.6586
5.7057057,1386.1379,1543.3085,228.18712,1567.9926,1131.0618,311.55494,1424.1636,1051.2026,1678.5389,1666.0279,286.79631,1695.5837,1640.6487,830.63948,1365.5898,244.42464,717.69272,1571.2935,1348.5384,1664.4121,1204.0035,60.75118,1445.1665,1588.8296,1166.052,1304.6073,1265.3773,667.25239,1115.106,291.23538,1201.5057,54.158469,471.13564,78.553197,165.2545,1400.9548
5.8058058,1399.0347,1557.6025,229.95664,1582.1716,1139.9754,310.21164,1409.7233,1057.4547,1692.6861,1680.7813,288.91371,1709.9967,1655.4905,838.20143,1378.1436,246.60351,724.35777,1585.5047,1361.0523,1678.9518,1212.6256,61.316317,1458.59,1603.6068,1176.5484,1316.2714,1277.1087,673.45931,1125.4788,293.94481,1212.6735,54.662357,475.51884,79.28405,166.79201,1413.9874
5.9059059,1411.6759,1571.6132,231.69109,1596.0696,1148.7123,308.89496,1395.5693,1063.5828,1706.5527,1695.2419,290.98909,1724.1233,1670.0375,845.61328,1390.4482,248.73914,730.89064,1599.4339,1373.318,1693.2032,1221.0768,61.870252,1471.7473,1618.091,1186.8365,1327.7041,1288.6074,679.54319,1135.6458,296.60054,1223.6199,55.15626,479.81518,80.000422,168.29905,1426.7616
6.006006,1424.0666,1585.3462,233.39116,1609.6921,1157.2761,307.6044,1381.696,1069.5894,1720.144,1709.4154,293.02328,1737.9691,1684.2954,852.87795,1402.5085,250.83237,737.29389,1613.0867,1385.3403,1707.1717,1229.3602,62.413205,1484.6436,1632.2877,1196.9203,1338.9099,1299.878,685.50641,1145.6112,299.20361,1234.3491,55.640372,484.02634,80.702592,169.77622,1439.2825
6.1061061,1436.2117,1598.8069,235.05753,1623.0445,1165.67,306.33944,1368.0979,1075.4768,1733.4655,1723.3074,295.01709,1751.5397,1698.2699,859.99834,1414.3292,252.88403,743.57009,1626.4684,1397.124,1720.863,1237.4794,62.94539,1497.2839,1646.2027,1206.8039,1349.8932,1310.925,691.35136,1155.379,301.75507,1244.8656,56.114886,488.15399,81.390841,171.2241,1451.5549
6.2062062,1448.1159,1612.0007,236.69085,1636.1321,1173.8975,305.09957,1354.7697,1081.2473,1746.5225,1736.9235,296.9713,1764.8404,1711.9665,866.97728,1425.915,254.89495,749.7217,1639.5844,1408.6739,1734.2824,1245.4373,63.467018,1509.6735,1659.8415,1216.4912,1360.6583,1321.7527,697.08034,1164.9528,304.25592,1255.1734,56.57999,492.19976,82.065441,172.64327,1463.5839
6.3063063,1459.7843,1624.9332,238.29182,1648.9605,1181.962,303.88427,1341.7055,1086.9035,1759.3206,1750.2695,298.88674,1777.8769,1725.3911,873.81774,1437.271,256.86597,755.75137,1652.4402,1419.9947,1747.4357,1253.2375,63.978313,1521.8174,1673.2099,1225.9864,1371.2099,1332.3657,702.69579,1174.337,306.70722,1265.2769,57.035881,496.16539,82.726678,174.03432,1475.3745
6.4064064,1471.2214,1637.6093,239.86106,1661.5346,1189.8666,302.69307,1328.9005,1092.4474,1771.8646,1763.3505,300.76417,1790.6543,1738.5488,880.52238,1448.4014,258.79787,761.6614,1665.0409,1431.0909,1760.328,1260.8829,64.47947,1533.7203,1686.3131,1235.293,1381.552,1342.7681,708.19988,1183.535,309.10993,1275.18,57.482736,500.0524,83.374809,175.3978,1486.9312
6.5065065,1482.4318,1650.0341,241.39919,1673.8594,1197.6146,301.52549,1316.3494,1097.8814,1784.1596,1776.1717,302.60433,1803.1777,1751.445,887.09386,1459.3108,260.69141,767.45417,1677.3914,1441.9669,1772.9644,1268.3767,64.970689,1545.3871,1699.1562,1244.4148,1391.6888,1352.9642,713.5948,1192.5506,311.46499,1284.8867,57.920731,503.86233,84.01009,176.73425,1498.2587
6.6066066,1493.4199,1662.2126,242.90682,1685.9399,1205.2089,300.38108,1304.0474,1103.2076,1796.2104,1788.7382,304.40794,1815.452,1764.0848,893.53481,1470.0034,262.54734,773.13196,1689.4967,1452.6269,1785.3499,1275.7216,65.452166,1556.8224,1711.7443,1253.3555,1401.6242,1362.9578,718.8827,1201.3872,313.77335,1294.4008,58.350042,507.5967,84.632774,178.0442,1509.3614
6.7067067,1504.1902,1674.1496,244.38456,1697.7808,1212.6526,299.25936,1291.9894,1108.428,1808.022,1801.0552,306.17575,1827.4822,1776.4732,899.84781,1480.4835,264.36641,778.69707,1701.3616,1463.0754,1797.4895,1282.9209,65.924094,1568.0307,1724.0826,1262.1186,1411.3624,1372.7531,724.06569,1210.0486,316.03593,1303.7261,58.77084,511.25701,85.243112,179.32817,1520.2439
6.8068068,1514.7471,1685.8501,245.83303,1709.3871,1219.9489,298.15988,1280.1704,1113.545,1819.5993,1813.1277,307.90848,1839.2735,1788.6156,906.03553,1490.7557,266.1494,784.15183,1712.991,1473.3167,1809.3884,1289.9773,66.386671,1579.0167,1736.1762,1270.7078,1420.9073,1382.3542,729.14597,1218.5382,318.25368,1312.8666,59.183303,514.84479,85.841359,180.58671,1530.9106
6.9069069,1525.0947,1697.3187,247.25278,1720.7634,1227.1005,297.0822,1268.5858,1118.5604,1830.9467,1824.9605,309.60683,1850.8303,1800.5166,912.10037,1500.8238,267.89699,789.49836,1724.3896,1483.3547,1821.051,1296.8937,66.840076,1589.7848,1748.0297,1279.1265,1430.2627,1391.7647,734.12548,1226.8594,320.42745,1321.8258,59.587589,518.36144,86.427746,181.82029,1541.3657
7.007007,1535.2372,1708.5599,248.64439,1731.9141,1234.1103,296.02589,1257.231,1123.4763,1842.0689,1836.5583,311.27145,1862.1572,1812.1809,918.04475,1510.6919,269.60987,794.73878,1735.5619,1493.1935,1832.482,1303.6729,67.28449,1600.3391,1759.648,1287.378,1439.4323,1400.9885,739.00622,1235.0155,322.55812,1330.6072,59.98386,521.80835,87.002508,183.02942,1551.6134
7.1071071,1545.1786,1719.5783,250.0084,1742.8436,1240.9811,294.99053,1246.1015,1128.2947,1852.9701,1847.9257,312.90301,1873.2589,1823.6132,923.87103,1520.3639,271.28873,799.87518,1746.5123,1502.8369,1843.6861,1310.3175,67.720089,1610.6839,1771.0356,1295.4656,1448.4197,1410.0291,743.79012,1243.0098,324.64653,1339.2144,60.372273,525.18689,87.565872,184.21457,1561.6577
7.2072072,1554.923,1730.3782,251.34538,1753.5566,1247.7158,293.97571,1235.1927,1133.0174,1863.655,1859.0673,314.5022,1884.1399,1834.8183,929.58162,1529.8438,272.93427,804.90968,1757.2452,1512.2889,1854.6678,1316.8302,68.147053,1620.8235,1782.1972,1303.3926,1457.2287,1418.8904,748.47915,1250.8455,326.69354,1347.6508,60.752988,528.49845,88.11807,185.37623,1571.5029
7.3073073,1564.4743,1740.9642,252.65587,1764.0573,1254.317,292.981,1224.5001,1137.6465,1874.1278,1869.9878,316.06965,1894.8046,1845.8007,935.17884,1539.1355,274.54715,809.84432,1767.7652,1521.5535,1865.4315,1323.2138,68.565554,1630.7619,1793.1374,1311.1622,1465.8629,1427.5759,753.07522,1258.5258,328.69998,1355.92,61.126159,531.74438,88.659326,186.51487,1581.1527
7.4074074,1573.8362,1751.3403,253.94038,1774.3498,1260.7873,292.00601,1214.0196,1142.1838,1884.3927,1880.6914,317.60599,1905.2573,1856.5648,940.6649,1548.2425,276.12801,814.68103,1778.0762,1530.6341,1875.9815,1329.4706,68.975758,1640.5031,1803.8604,1318.7776,1474.3256,1436.089,757.58012,1266.0537,330.66663,1364.0251,61.491932,534.92595,89.189853,187.63094,1590.6112
7.5075075,1583.0126,1761.5107,255.19942,1784.4383,1267.1294,291.05037,1203.747,1146.631,1894.4537,1891.1823,319.11182,1915.502,1867.1147,946.04198,1557.1686,277.67747,819.42175,1788.1824,1539.5345,1886.322,1335.6033,69.377827,1650.051,1814.3705,1326.2416,1482.6202,1444.4331,761.99566,1273.4323,332.59429,1371.9694,61.850453,538.04442,89.709861,188.72488,1599.8819
7.6076076,1592.0069,1771.4795,256.4335,1794.3267,1273.3457,290.11368,1193.6781,1150.9899,1904.3149,1901.4648,320.58775,1925.5429,1877.4548,951.31222,1565.9173,279.19616,824.06835,1798.0879,1548.2581,1896.4572,1341.6141,69.77192,1659.4092,1824.6719,1333.5574,1490.75,1452.6116,766.32358,1280.6644,334.48371,1379.756,62.201865,541.10103,90.219557,189.79712,1608.9686
7.7077077,1600.8232,1781.2507,257.64313,1804.0192,1279.4388,289.19555,1183.8089,1155.2624,1913.9804,1911.5431,322.03439,1935.3843,1887.5895,956.47786,1574.4923,280.68472,828.6228,1807.7968,1556.8086,1906.3912,1347.5058,70.158205,1668.5819,1834.7689,1340.728,1498.7185,1460.6278,770.5657,1287.7531,336.33568,1387.3883,62.546314,544.09707,90.719155,190.84812,1617.8752
7.8078078,1609.4646,1790.8283,258.82879,1813.5196,1285.4112,288.29563,1174.1354,1159.4502,1923.454,1921.4213,323.45233,1945.03,1897.5226,961.5409,1582.8969,282.14372,833.08688,1817.3128,1565.1894,1916.128,1353.2805,70.536831,1677.5725,1844.6655,1347.7562,1506.5287,1468.485,774.7237,1294.7011,338.15095,1394.8691,62.883937,547.0337,91.208851,191.87829,1626.6051
7.9079079,1617.9348,1800.216,259.99094,1822.8316,1291.2651,287.41355,1164.6537,1163.5548,1932.7395,1931.1033,324.84211,1954.4838,1907.2581,966.50338,1591.1345,283.57375,837.46236,1826.6399,1573.4039,1925.6714,1358.9406,70.90795,1686.3846,1854.3656,1354.6448,1514.1838,1476.1861,778.79921,1301.5113,339.93021,1402.2015,63.214867,549.91211,91.688838,192.88803,1635.1617
8.008008,1626.2371,1809.4176,261.13005,1831.9591,1297.003,286.54897,1155.3601,1167.578,1941.8406,1940.5929,326.2043,1963.7495,1916.8,971.36727,1599.2084,284.97538,841.75098,1835.7817,1581.4552,1935.0252,1364.4883,71.271708,1695.0218,1863.873,1361.3965,1521.6868,1483.7344,782.79386,1308.1864,341.67419,1409.3884,63.539235,552.73342,92.159309,193.87775,1643.5485
8.1081081,1634.3747,1818.4368,262.24658,1840.9055,1302.6272,285.70154,1146.2508,1171.5213,1950.7609,1949.894,327.53944,1972.8309,1926.1521,976.13454,1607.1218,286.34919,845.95449,1844.7418,1589.3466,1944.1933,1369.9259,71.628254,1703.4875,1873.1917,1368.0141,1529.0407,1491.1328,786.70926,1314.7289,343.38359,1416.4327,63.857172,555.49879,92.620453,194.84785,1651.7689
8.2082082,1642.3513,1827.2775,263.34101,1849.6749,1308.14,284.87088,1137.3219,1175.3865,1959.5043,1959.0105,328.84812,1981.732,1935.3185,980.80726,1614.8782,287.69575,850.0747,1853.5243,1597.0816,1953.1795,1375.2557,71.977741,1711.7854,1882.3256,1374.5005,1536.2488,1498.3846,790.54712,1321.1419,345.05914,1423.3374,64.168817,558.2094,93.072469,195.79875,1659.8264
8.3083083,1650.1698,1835.943,264.41375,1858.2705,1313.5436,284.05669,1128.57,1179.175,1968.0741,1967.946,330.13083,1990.456,1944.3026,985.38719,1622.4805,289.01559,854.11315,1862.1323,1604.6631,1961.9873,1380.4797,72.3203,1719.9186,1891.2782,1380.858,1543.3138,1505.4925,794.30886,1327.4276,346.70148,1430.1051,64.474286,560.86627,93.515526,196.7308,1667.7241
8.4084084,1657.8334,1844.4368,265.46523,1866.6958,1318.84,283.25864,1119.9916,1182.8883,1976.4737,1976.704,331.38808,1999.0065,1953.108,989.87615,1629.9318,290.30922,858.07146,1870.5694,1612.094,1970.6202,1385.6,72.656067,1727.8904,1900.0531,1387.0893,1550.2384,1512.4592,797.99598,1333.5886,348.31126,1436.7385,64.773699,563.47047,93.949802,197.64437,1675.465
8.5085085,1665.345,1852.7621,266.49587,1874.954,1324.0315,282.47642,1111.5835,1186.528,1984.7065,1985.2879,332.62036,2007.3868,1961.7382,994.27592,1637.2349,291.57716,861.95119,1878.8388,1619.3774,1979.0816,1390.6187,72.985175,1735.7038,1908.6537,1393.1967,1557.0254,1519.2877,801.60995,1339.6273,349.88911,1443.2403,65.067176,566.02301,94.375467,198.53983,1683.0523
8.6086086,1672.7077,1860.9223,267.50606,1883.0483,1329.12,281.70972,1103.3421,1190.0953,1992.7757,1993.7012,333.82816,2015.6003,1970.1967,998.58824,1644.3927,292.81991,865.75387,1886.9438,1626.516,1987.3748,1395.5376,73.307755,1743.3621,1917.0833,1399.1828,1563.6775,1525.9805,805.15218,1345.5461,351.43565,1449.613,65.354833,568.5249,94.792689,199.41753,1690.4889
8.7087087,1679.9242,1868.9206,268.49621,1890.9821,1334.1075,280.95824,1095.2644,1193.5918,2000.6844,2001.9472,335.01196,2023.6502,1978.4867,1002.8148,1651.4082,294.03796,869.481,1894.8876,1633.5128,1995.503,1400.3588,73.623932,1750.8681,1925.3454,1405.0498,1570.1973,1532.5402,808.62407,1351.3473,352.9515,1455.8591,65.636781,570.97713,95.201632,200.27781,1697.7778
8.8088088,1686.998,1876.7607,269.46677,1898.7589,1338.9963,280.22164,1087.3465,1197.019,2008.4363,2010.0296,336.17231,2031.5403,1986.6121,1006.9576,1658.2845,295.23188,873.13429,1902.6739,1640.3709,2003.4701,1405.0844,73.933852,1758.2254,1933.4437,1410.8004,1576.5878,1538.97,812.02722,1357.0336,354.43735,1461.9815,65.913151,573.38083,95.602484,201.12107,1704.9223
8.9089089,1693.9317,1884.4455,270.41811,1906.3817,1343.7883,279.49962,1079.5855,1200.3783,2016.0344,2017.9515,337.30964,2039.2735,1994.576,1011.0181,1665.0242,296.4021,876.71513,1910.3056,1647.0928,2011.2791,1409.7163,74.237632,1765.4367,1941.3813,1416.4369,1582.8515,1545.2723,815.36291,1362.6072,355.89376,1467.9825,66.184047,575.73689,95.995396,201.94762,1711.9252
9.009009,1700.728,1891.9779,271.35059,1913.8534,1348.4853,278.79192,1071.9785,1203.6709,2023.4816,2025.7161,338.42439,2046.8528,2002.3814,1014.998,1671.6299,297.54909,880.22488,1917.7856,1653.6813,2018.9329,1414.2562,74.535389,1772.5048,1949.1613,1421.9614,1588.9907,1551.4493,818.63242,1368.0701,357.32129,1473.8644,66.449573,578.04624,96.38052,202.75779,1718.789
9.1091091,1707.3895,1899.3611,272.26458,1921.1769,1353.0892,278.09826,1064.5223,1206.8981,2030.7807,2033.3262,339.517,2054.2813,2010.0314,1018.8988,1678.1043,298.6733,883.66494,1925.1169,1660.1389,2026.4346,1418.7059,74.82724,1779.4325,1956.7866,1427.3761,1595.0079,1557.5037,821.83704,1373.4245,358.7205,1479.6295,66.709834,580.30977,96.758006,203.55189,1725.5165
9.2092092,1713.9189,1906.5977,273.16044,1928.3551,1357.6017,277.41836,1057.2141,1210.0612,2037.9348,2040.785,340.5879,2061.5617,2017.5291,1022.722,1684.4498,299.77516,887.03667,1932.3025,1666.4681,2033.787,1423.0672,75.1133,1786.2225,1964.2604,1432.6831,1600.9054,1563.4378,824.97804,1378.6726,360.09195,1485.28,66.964931,582.52837,97.128004,204.33024,1732.1104
9.3093093,1720.3186,1913.6907,274.03852,1935.3909,1362.0247,276.75197,1050.051,1213.1614,2044.9465,2048.0954,341.63752,2068.6971,2024.8775,1026.4691,1690.669,300.85512,890.34137,1939.345,1672.6714,2040.9932,1427.3417,75.393681,1792.8775,1971.5855,1437.8846,1606.6855,1569.2539,828.05663,1383.8164,361.43616,1490.8183,67.214966,584.70293,97.490657,205.09313,1738.5732
9.4094094,1726.5915,1920.6431,274.89919,1942.2872,1366.36,276.09878,1043.03,1216.2001,2051.8189,2055.2605,342.6663,2075.6905,2032.0795,1030.1418,1696.7646,301.91363,893.58046,1946.2475,1678.7515,2048.0562,1431.5314,75.668502,1799.4003,1978.765,1442.9826,1612.3508,1574.9545,831.07415,1388.8581,362.75372,1496.2467,67.460044,586.83435,97.846122,205.8409,1744.9078
9.5095095,1732.7404,1927.4581,275.74285,1949.0471,1370.6096,275.45852,1036.1479,1219.1786,2058.5551,2062.2835,343.6747,2082.545,2039.1386,1033.7417,1702.7392,302.95118,896.75541,1953.0132,1684.7111,2054.9791,1435.638,75.937887,1805.7939,1985.8023,1447.9796,1617.9038,1580.5421,834.03194,1393.7999,364.04521,1501.5675,67.700275,588.92361,98.194556,206.57388,1751.1168
9.6096096,1738.7674,1934.1379,276.56977,1955.673,1374.7749,274.83095,1029.4022,1222.098,2065.1575,2069.1669,344.66307,2089.263,2046.0572,1037.2701,1708.595,303.96812,899.86732,1959.6444,1690.5523,2061.7644,1439.6631,76.20193,1812.0604,1992.6997,1452.8772,1623.3463,1586.0187,836.93103,1398.6437,365.3111,1506.7827,67.935743,590.97142,98.536082,207.29233,1757.2026
9.7097097,1744.6749,1940.6853,277.38031,1962.1675,1378.8576,274.21583,1022.7904,1224.9594,2071.6286,2075.9134,345.63182,2095.8473,2052.838,1040.7284,1714.3343,304.96485,902.91743,1966.1437,1696.2774,2068.4148,1443.6081,76.460736,1818.2025,1999.4601,1457.6775,1628.6807,1591.3866,839.77259,1403.3912,366.55187,1511.8944,68.166542,592.97861,98.870836,207.99653,1763.1676
9.8098098,1750.4652,1947.1028,278.17476,1968.5331,1382.8593,273.61292,1016.3098,1227.764,2077.971,2082.5257,346.58133,2102.3004,2059.4837,1044.1178,1719.9595,305.94179,905.90693,1972.5137,1701.8887,2074.933,1447.4748,76.714407,1824.2224,2006.086,1462.3823,1633.909,1596.6477,842.55772,1408.0444,367.76801,1516.9045,68.392763,594.94596,99.19895,208.68676,1769.014
9.9099099,1756.1406,1953.393,278.95345,1974.7725,1386.7816,273.02197,1009.9578,1230.5129,2084.1873,2089.0064,347.51196,2108.6248,2065.997,1047.4399,1725.4726,306.8993,908.83702,1978.7569,1707.3883,2081.3213,1451.2646,76.963043,1830.1226,2012.5801,1466.9935,1639.0332,1601.8042,845.28753,1412.6052,368.96002,1521.815,68.614495,596.87425,99.520551,209.36328,1774.7442
10.01001,1761.7033,1959.5583,279.71668,1980.8879,1390.6261,272.44276,1003.732,1233.207,2090.2798,2095.358,348.42407,2114.8232,2072.3804,1050.6958,1730.8758,307.83776,911.70883,1984.8757,1712.7785,2087.5825,1454.9789,77.20674,1835.9054,2018.9449,1471.5128,1644.0553,1606.8581,847.96307,1417.0752,370.12834,1526.6278,68.831823,598.76423,99.835766,210.02638,1780.3604
10.11011,1767.1561,1965.6017,280.46483,1986.8826,1394.3945,271.875,997.62923,1235.8479,2096.2516,2101.5838,349.31814,2120.8985,2078.6371,1053.8872,1736.172,308.75765,914.5238,1990.8733,1718.0619,2093.7196,1458.6197,77.44562,1841.5736,2025.1836,1475.9427,1648.978,1611.812,850.58569,1421.4568,371.27357,1531.3455,69.044857,600.61684,100.14475,210.67637,1785.8655
10.21021,1772.5008,1971.5254,281.19815,1992.7584,1398.0883,271.31849,991.6475,1238.4363,2102.1048,2107.6858,350.19446,2126.8528,2084.7693,1057.0152,1741.3628,309.65927,917.28288,1996.7516,1723.2404,2099.7346,1462.1881,77.679765,1847.1293,2031.2983,1480.2844,1653.8028,1616.6674,853.15627,1425.7513,372.39609,1535.9694,69.253669,602.43271,100.44761,211.31347,1791.2612
10.31031,1777.7396,1977.3316,281.91693,1998.5177,1401.7088,270.77303,985.7844,1240.9733,2107.8416,2113.6665,351.05338,2132.6885,2090.7793,1060.0811,1746.4503,310.54298,919.98716,2002.513,1728.3159,2105.63,1465.6856,77.909265,1852.5745,2037.2914,1484.5398,1658.5316,1621.4263,855.67583,1429.9606,373.49634,1540.5015,69.45834,604.21255,100.74447,211.93794,1796.5498
10.41041,1782.8744,1983.0227,282.62146,2004.1627,1405.2575,270.23838,980.03762,1243.4599,2113.4643,2119.5281,351.89523,2138.4079,2096.6696,1063.0859,1751.4365,311.40914,922.63771,2008.1598,1733.2904,2111.4082,1469.1136,78.134213,1857.9114,2043.1654,1488.7106,1663.1663,1626.0907,858.14537,1434.0862,374.57476,1544.9436,69.658952,605.95708,101.03544,212.55002,1801.7333
10.510511,1787.9075,1988.6009,283.31201,2009.6958,1408.7359,269.71434,974.40489,1245.8971,2118.9751,2125.2731,352.72035,2144.0133,2102.4425,1066.031,1756.3235,312.25808,925.23559,2013.6941,1738.166,2117.0713,1472.4735,78.354697,1863.1422,2048.9225,1492.7983,1667.7089,1630.6623,860.56585,1438.1299,375.63178,1549.2974,69.855583,607.66697,101.32064,213.14996,1806.8137
10.610611,1792.8406,1994.0684,283.98885,2015.1191,1412.1451,269.2007,968.88399,1248.2859,2124.3763,2130.9037,353.52907,2149.5069,2108.1002,1068.9175,1761.1131,313.09013,927.78181,2019.1182,1742.9446,2122.6216,1475.7664,78.570804,1868.2689,2054.565,1496.8047,1672.1609,1635.1429,862.93823,1442.0931,376.66781,1553.5646,70.048312,609.3429,101.60017,213.73799,1811.7931
10.710711,1797.676,1999.4276,284.65229,2020.4349,1415.4869,268.69724,963.47248,1250.6272,2129.6701,2136.4224,354.32175,2154.8912,2113.6454,1071.7467,1765.8074,313.90568,930.27751,2024.4345,1747.6283,2128.0616,1478.994,78.782629,1873.2938,2060.0953,1500.7315,1676.5246,1639.5346,865.26357,1445.9777,377.68331,1557.7471,70.237224,610.98562,101.87417,214.31436,1816.6737
10.810811,1802.4157,2004.6807,285.3026,2025.6456,1418.7625,268.20374,958.16811,1252.9221,2134.8589,2141.8316,355.09871,2160.1683,2119.0803,1074.5197,1770.4085,314.70506,932.72371,2029.6452,1752.219,2133.3936,1482.1575,78.99026,1878.219,2065.5159,1504.5803,1680.8015,1643.8392,867.54283,1449.7853,378.6787,1561.8467,70.422396,612.5958,102.14274,214.87933,1821.4575
10.910911,1807.0615,2009.8297,285.94002,2030.7529,1421.9732,267.72004,952.96892,1255.1715,2139.9445,2147.1331,355.86024,2165.3403,2124.4069,1077.2376,1774.918,315.48856,935.12134,2034.7522,1756.7184,2138.6194,1485.2582,79.193775,1883.0463,2070.8287,1508.3525,1684.9934,1648.0582,869.77685,1453.5172,379.65435,1565.8649,70.603898,614.17404,102.40599,215.4331,1826.1463
11.011011,1811.6151,2014.8766,286.5648,2035.759,1425.1202,267.24592,947.87285,1257.3762,2144.929,2152.3292,356.60664,2170.4093,2129.6274,1079.9015,1779.3378,316.25649,937.47133,2039.7575,1761.1283,2143.7413,1488.2972,79.393252,1887.7775,2076.0358,1512.0497,1689.1019,1652.1933,871.96652,1457.175,380.61064,1569.8032,70.7818,615.72096,102.66402,215.97588,1830.7418
11.111111,1816.0785,2019.8234,287.17719,2040.6658,1428.2048,266.78121,942.87789,1259.537,2149.8144,2157.4218,357.33822,2175.3771,2134.7438,1082.5123,1783.6695,317.00917,939.77461,2044.6632,1765.4505,2148.7612,1491.2757,79.588773,1892.4147,2081.1393,1515.6734,1693.1286,1656.2462,874.1127,1460.7601,381.54796,1573.6633,70.956174,617.23718,102.91693,216.5079,1835.2461
11.211211,1820.4532,2024.672,287.77743,2045.4752,1431.2282,266.32572,937.98208,1261.6549,2154.6024,2162.413,358.05525,2180.2459,2139.7581,1085.0713,1787.9149,317.74688,942.0321,2049.4712,1769.6867,2153.6811,1494.195,79.780412,1896.9596,2086.1412,1519.2249,1697.0751,1660.2184,876.21623,1464.2739,382.46666,1577.4466,71.127088,618.72329,103.16483,217.02936,1839.6607
11.311311,1824.7412,2029.4245,288.36576,2050.1892,1434.1916,265.87927,933.18341,1263.7307,2159.2952,2167.3049,358.75803,2185.0175,2144.6725,1087.5793,1792.0758,318.46993,944.24472,2054.1834,1773.8386,2158.5031,1497.0562,79.968249,1901.414,2091.0435,1522.7056,1700.9431,1664.1116,878.27798,1467.7178,383.36713,1581.1546,71.294611,620.17989,103.4078,217.54047,1843.9876
11.411411,1828.9444,2034.083,288.94246,2054.81,1437.0964,265.44164,928.47965,1265.7654,2163.8949,2172.0997,359.44689,2189.6943,2149.4891,1090.0375,1796.154,319.17865,946.41349,2058.802,1777.9081,2163.2293,1499.8606,80.15237,1905.7801,2095.8485,1526.1173,1704.7342,1667.9277,880.2989,1471.0935,384.24979,1584.7892,71.458821,621.60767,103.64597,218.04147,1848.2287
11.511512,1833.0644,2038.6492,289.50773,2059.3392,1439.9436,265.0127,923.86915,1267.7596,2168.4032,2176.799,360.12208,2194.2779,2154.2098,1092.447,1800.151,319.8733,948.53919,2063.3288,1781.8966,2167.8614,1502.6093,80.332842,1910.0593,2100.558,1529.4612,1708.45,1671.6679,882.27972,1474.4021,385.11494,1588.3517,71.619777,623.00713,103.87942,218.53254,1852.3855
11.611612,1837.1026,2043.1249,290.06179,2063.7786,1442.7344,264.59226,919.35008,1269.7143,2172.8217,2181.4049,360.78385,2198.77,2158.8364,1094.8084,1804.0684,320.55415,950.62265,2067.7653,1785.8059,2172.4013,1505.3033,80.509734,1914.2535,2105.1737,1532.7385,1712.0918,1675.3337,884.2212,1477.645,385.96293,1591.8433,71.777541,624.37882,104.10824,219.01387,1856.4597
11.711712,1841.0608,2047.5118,290.60487,2068.13,1445.4698,264.18015,914.92065,1271.6301,2177.1524,2185.9191,361.43248,2203.1726,2163.3707,1097.123,1807.9078,321.22147,952.6647,2072.1136,1789.6373,2176.8508,1507.9437,80.683117,1918.3642,2109.6975,1535.9505,1715.6611,1678.9266,886.12413,1480.8234,386.7941,1595.2655,71.932177,625.72329,104.33252,219.48566,1860.4529
11.811812,1844.9404,2051.8116,291.13717,2072.395,1448.151,263.77623,910.57912,1273.5078,2181.3968,2190.3433,362.06821,2207.4873,2167.8145,1099.3914,1811.6707,321.87553,954.66615,2076.3751,1793.3924,2181.2116,1510.5316,80.853059,1922.393,2114.1313,1539.0986,1719.1593,1682.4479,887.98924,1483.9386,387.60876,1598.6196,72.083744,627.04106,104.55236,219.94808,1864.3667
11.911912,1848.743,2056.0262,291.6589,2076.5754,1450.7789,263.38032,906.3238,1275.3481,2185.5567,2194.6794,362.69131,2211.7158,2172.1696,1101.6147,1815.3585,322.51657,956.62778,2080.5517,1797.0728,2185.4855,1513.0679,81.019627,1926.3416,2118.4767,1542.184,1722.5878,1685.8992,889.81727,1486.9919,388.40724,1601.907,72.232303,628.33265,104.76782,220.40132,1868.2026
12.012012,1852.4708,2060.1577,292.17037,2080.6735,1453.3551,262.99221,902.15228,1277.1522,2189.6343,2198.9298,363.30211,2215.8606,2176.4385,1103.7941,1818.9733,323.14497,958.55069,2084.6457,1800.6804,2189.6748,1515.5541,81.182914,1930.2122,2122.7362,1545.2083,1725.9485,1689.2823,891.60926,1489.9848,389.18999,1605.1295,72.377937,629.59878,104.97905,220.84564,1871.9627
12.112112,1856.1249,2064.2077,292.67173,2084.6906,1455.8804,262.61176,898.06316,1278.9205,2193.6312,2203.0959,363.90082,2219.9231,2180.6225,1105.9303,1822.5164,323.76094,960.43554,2088.6584,1804.2164,2193.781,1517.991,81.342975,1934.006,2126.9112,1548.1727,1729.2425,1692.5984,893.36579,1492.9185,389.95727,1608.2882,72.520694,630.83988,105.1861,221.28117,1875.6483
12.212212,1859.7067,2068.1774,293.16317,2088.6282,1458.3557,262.23885,894.05503,1280.6537,2197.5486,2207.1791,364.48766,2223.9045,2184.7233,1108.0241,1825.989,324.36468,962.28298,2092.5912,1807.6822,2197.8056,1520.3795,81.499867,1937.7245,2131.0032,1551.0782,1732.4711,1695.8486,895.08749,1495.7939,390.70935,1611.3842,72.660624,632.05639,105.38906,221.70808,1879.2608
12.312312,1863.2176,2072.0686,293.64487,2092.4878,1460.782,261.87333,890.1263,1282.3525,2201.3881,2211.1812,365.06285,2227.8066,2188.7422,1110.0762,1829.3925,324.95644,964.09373,2096.4458,1811.0791,2201.75,1522.7206,81.65365,1941.369,2135.0137,1553.9258,1735.6354,1699.0342,896.77503,1498.6123,391.44653,1614.4187,72.797783,633.24878,105.58799,222.12654,1882.8015
12.412412,1866.6589,2075.8827,294.11703,2096.271,1463.1602,261.51504,886.27543,1284.0176,2205.1513,2215.1036,365.62662,2231.6309,2192.6811,1112.0876,1832.7282,325.53645,965.86852,2100.2237,1814.4084,2205.6158,1525.015,81.804384,1944.941,2138.9445,1556.7168,1738.7367,1702.1564,898.42908,1501.3746,392.16908,1617.3929,72.932224,634.41752,105.78298,222.5367,1886.2719
12.512513,1870.032,2079.6211,294.57983,2099.9791,1465.4913,261.16387,882.50094,1285.6496,2208.8396,2218.9479,366.17919,2235.3789,2196.5414,1114.0589,1835.9974,326.10494,967.60803,2103.9262,1817.6714,2209.4046,1527.2638,81.95213,1948.4419,2142.797,1559.4523,1741.7763,1705.2165,900.05027,1504.082,392.8773,1620.3079,73.063999,635.56306,105.9741,222.93872,1889.6732
12.612613,1873.3381,2083.2854,295.03345,2103.6137,1467.7761,260.81966,878.80135,1287.2491,2212.4544,2222.7155,366.72078,2239.052,2200.3245,1115.991,1839.2014,326.66212,969.31293,2107.5549,1820.8693,2213.1179,1529.4678,82.096942,1951.8731,2146.5727,1562.1332,1744.7553,1708.2157,901.63923,1506.7356,393.57146,1623.165,73.193159,636.68585,106.16143,223.33277,1893.0068
12.712713,1876.5786,2086.8768,295.47805,2107.176,1470.0155,260.48229,875.17527,1288.8167,2215.9971,2226.408,367.25158,2242.6516,2204.032,1117.8846,1842.3414,327.20821,970.98387,2111.1111,1824.0035,2216.7569,1531.6278,82.238877,1955.2358,2150.273,1564.7606,1747.6748,1711.1551,903.19657,1509.3362,394.25182,1625.9651,73.319754,637.78631,106.34504,223.71898,1896.2739
12.812813,1879.7546,2090.3969,295.91382,2110.6675,1472.2103,260.15162,871.62131,1290.3532,2219.469,2230.0267,367.77181,2246.1792,2207.6653,1119.7404,1845.4186,327.74342,972.6215,2114.5961,1827.0751,2220.3232,1533.7448,82.377989,1958.5313,2153.8994,1567.3355,1750.536,1714.0358,904.72289,1511.885,394.91864,1628.7094,73.44383,638.86486,106.525,224.09751,1899.4759
12.912913,1882.8674,2093.8469,296.34091,2114.0895,1474.3615,259.82755,868.13815,1291.8589,2222.8715,2233.573,368.28165,2249.636,2211.2258,1121.5591,1848.4341,328.26794,974.22642,2118.0114,1830.0852,2223.8181,1535.8193,82.514329,1961.761,2157.4532,1569.8589,1753.3399,1716.8589,906.21875,1514.3829,395.57217,1631.3989,73.565436,639.92191,106.70138,224.46851,1902.6139
13.013013,1885.9186,2097.2285,296.75954,2117.4437,1476.4701,259.50989,864.72395,1293.3347,2226.2064,2237.0488,368.78138,2253.0239,2214.7152,1123.3416,1851.3896,328.78206,975.79948,2121.3587,1833.0355,2227.2434,1537.8527,82.64797,1964.9264,2160.9363,1572.332,1756.088,1719.6259,907.68495,1516.8312,396.21275,1634.0349,73.684634,640.95801,106.87426,224.83215,1905.6896
13.113113,1888.9103,2100.5443,297.17002,2120.7326,1478.5375,259.19841,861.37628,1294.7817,2229.476,2240.4565,369.27136,2256.3453,2218.1362,1125.0893,1854.2872,329.28615,977.34181,2124.6404,1835.928,2230.6016,1539.8462,82.779005,1968.0298,2164.3512,1574.7568,1758.7823,1722.3388,909.12252,1519.2316,396.84084,1636.6194,73.80151,641.9739,107.04377,225.18871,1908.7051
13.213213,1891.8428,2103.7945,297.57237,2123.9564,1480.5641,258.89311,858.09491,1296.2,2232.6806,2243.7964,369.75161,2259.6004,2221.489,1126.8023,1857.1271,329.78022,978.85351,2127.8567,1838.7629,2233.8929,1541.8001,82.907445,1971.0715,2167.6981,1577.1333,1761.423,1724.9978,910.53157,1521.5844,397.45649,1639.1526,73.916071,642.96966,107.20993,225.5382,1911.6607
13.313313,1894.7173,2106.9802,297.96674,2127.1162,1482.5505,258.59386,854.87857,1297.5901,2235.8214,2247.0698,370.22233,2262.7906,2224.7749,1128.4812,1859.9104,330.26449,980.33516,2131.0089,1841.5414,2237.1185,1543.7151,83.03334,1974.0527,2170.9784,1579.4625,1764.0111,1727.6038,911.91264,1523.8903,398.05992,1641.6354,74.028362,643.94566,107.37279,225.88077,1914.5575
13.413413,1897.5347,2110.1028,298.3533,2130.2135,1484.4975,258.30053,851.72602,1298.9525,2238.8997,2250.278,370.68369,2265.917,2227.9951,1130.1267,1862.6381,330.73913,981.78735,2134.0982,1844.2646,2240.2798,1545.5919,83.156737,1976.9744,2174.1932,1581.7453,1766.5476,1730.1579,913.26627,1526.1504,398.65138,1644.0688,74.138426,644.90228,107.53242,226.21654,1917.3967
13.513514,1900.2962,2113.1634,298.73219,2133.2492,1486.4058,258.01303,848.63604,1300.2878,2241.9166,2253.4222,371.13587,2268.9809,2231.151,1131.7394,1865.3114,331.20433,983.21063,2137.1258,1846.9334,2243.378,1547.4313,83.277685,1979.8379,2177.3439,1583.9825,1769.0335,1732.6611,914.59299,1528.3655,399.23109,1646.4537,74.246306,645.8399,107.68889,226.54565,1920.1793
13.613614,1903.0028,2116.1632,299.10355,2136.2246,1488.2762,257.73125,845.60747,1301.5965,2244.8732,2256.5036,371.57905,2271.9834,2234.2436,1133.3199,1867.9312,331.66027,984.60553,2140.0928,1849.5489,2246.4142,1549.234,83.396228,1982.6442,2180.4317,1586.1751,1771.4697,1735.1144,915.89328,1530.5364,399.79927,1648.7911,74.352041,646.75886,107.84224,226.86821,1922.9064
13.713714,1905.6557,2119.1033,299.46752,2139.1409,1490.1094,257.45507,842.63917,1302.8791,2247.7707,2259.5233,372.01339,2274.9257,2237.2742,1134.8688,1870.4985,332.10711,985.97259,2143.0004,1852.112,2249.3896,1551.0007,83.512411,1985.3943,2183.4576,1588.3237,1773.8571,1737.5186,917.16765,1532.664,400.35614,1651.0817,74.455673,647.65951,107.99255,227.18436,1925.579
13.813814,1908.2556,2121.9848,299.82423,2141.999,1491.9061,257.18439,839.73005,1304.1361,2250.6102,2262.4825,372.43905,2277.8088,2240.244,1136.3868,1873.0143,332.54502,987.31232,2145.8497,1854.6238,2252.3052,1552.7319,83.626278,1988.0893,2186.4229,1590.4293,1776.1967,1739.8747,918.41656,1534.749,400.9019,1653.3266,74.557239,648.5422,108.13985,227.49419,1928.1981
13.913914,1910.8036,2124.8088,300.17383,2144.8,1493.6669,256.91912,836.87902,1305.3678,2253.3927,2265.3823,372.85619,2280.6339,2243.1539,1137.8743,1875.4795,332.97417,988.6252,2148.6416,1857.0852,2255.1623,1554.4284,83.737871,1990.7303,2189.3286,1592.4927,1778.4893,1742.1835,919.64047,1536.7922,401.43674,1655.5264,74.656777,649.40723,108.28422,227.79784,1930.7647
14.014014,1913.3007,2127.5763,300.51642,2147.545,1495.3924,256.65916,834.08507,1306.5749,2256.1193,2268.2237,373.26496,2283.402,2246.0051,1139.3319,1877.895,333.39471,989.91172,2151.3773,1859.497,2257.9617,1556.0908,83.847229,1993.318,2192.1758,1594.5144,1780.7357,1744.4459,920.83984,1538.7944,401.96088,1657.6821,74.754322,650.25493,108.42569,228.09541,1933.2797
14.114114,1915.7493,2130.2901,300.85238,2150.2367,1497.0845,256.40423,831.34527,1307.7584,2258.7927,2271.0098,373.66579,2286.1159,2248.8007,1140.7611,1880.2634,333.80708,991.17321,2154.0595,1861.8618,2260.7065,1557.7207,83.954467,1995.8554,2194.9674,1596.4968,1782.9383,1746.6642,922.0159,1540.7576,402.47484,1659.7958,74.849976,651.08617,108.56443,228.38721,1935.7458
14.214214,1918.1498,2132.9505,301.18172,2152.8755,1498.7433,256.15433,828.65942,1308.9186,2261.4132,2273.7406,374.05871,2288.7759,2251.5407,1142.1621,1882.5848,334.21131,992.40978,2156.6886,1864.1798,2263.3968,1559.3184,84.059592,1998.3424,2197.7037,1598.4399,1785.0972,1748.8386,923.16874,1542.682,402.97868,1661.8677,74.943747,651.90102,108.70043,228.67326,1938.1631
14.314314,1920.5026,2135.5582,301.50453,2155.4619,1500.3692,255.90937,826.02683,1310.0557,2263.9815,2276.417,374.44382,2291.3828,2254.2259,1143.5351,1884.8599,334.60751,993.62174,2159.2651,1866.4515,2266.0334,1560.8843,84.162632,2000.7799,2200.3854,1600.3442,1787.2131,1750.9696,924.29868,1544.568,403.47251,1663.8983,75.035658,652.69969,108.83373,228.95364,1940.5322
14.414414,1922.8088,2138.1141,301.82094,2157.997,1501.9628,255.66928,823.44648,1311.1701,2266.4986,2279.04,374.82127,2293.9374,2256.8573,1144.8808,1887.0895,334.99582,994.80957,2161.7901,1868.6779,2268.6173,1562.4189,84.263628,2003.1687,2203.0136,1602.2105,1789.2867,1753.0582,925.40613,1546.4165,403.95654,1665.8885,75.125746,653.48249,108.96439,229.22845,1942.8541
14.514515,1925.0692,2140.6193,302.13107,2160.4818,1503.5248,255.43396,820.91737,1312.2624,2268.9654,2281.6106,375.1912,2296.4408,2259.436,1146.1997,1889.2744,335.37641,995.97373,2164.2646,1870.8597,2271.1495,1563.9228,84.362616,2005.5098,2205.5891,1604.0396,1791.3189,1755.105,926.49154,1548.2282,404.43094,1667.839,75.214045,654.24972,109.09245,229.49781,1945.1296
14.614615,1927.2847,2143.0746,302.43503,2162.9172,1505.0557,255.20331,818.43854,1313.3328,2271.3828,2284.1298,375.55376,2298.894,2261.963,1147.4922,1891.4156,335.74941,997.11466,2166.6895,1872.998,2273.6309,1565.3967,84.459637,2007.804,2208.1132,1605.832,1793.3104,1757.111,927.55532,1550.0036,404.89591,1669.7505,75.300588,655.00168,109.21797,229.7618,1947.3597
14.714715,1929.4561,2145.4812,302.73294,2165.3041,1506.5561,254.97725,816.00904,1314.3819,2273.7519,2286.5985,375.90909,2301.2979,2264.4393,1148.7589,1893.5138,336.11497,998.23279,2169.0658,1875.0934,2276.0625,1566.841,84.554726,2010.0523,2210.5866,1607.5885,1795.262,1759.0768,928.59787,1551.7436,405.35161,1671.6238,75.385408,655.73865,109.34099,230.02054,1949.5453
14.814815,1931.5842,2147.8397,303.02491,2167.6435,1508.0267,254.7557,813.62798,1315.41,2276.0735,2289.0177,376.25732,2303.6534,2266.8657,1150.0002,1895.5699,336.47322,999.32854,2171.3942,1877.1467,2278.4452,1568.2564,84.647918,2012.2555,2213.0104,1609.3098,1797.1744,1761.0032,929.61958,1553.4487,405.79821,1673.4596,75.468538,656.46091,109.46155,230.27412,1951.687
14.914915,1933.6698,2150.1512,303.31106,2169.9361,1509.4678,254.53857,811.29446,1316.4175,2278.3485,2291.3883,376.59857,2305.9614,2269.2432,1151.2166,1897.5846,336.8243,1000.4023,2173.6758,1879.1587,2280.78,1569.6434,84.739249,2014.4143,2215.3854,1610.9964,1799.0483,1762.8909,930.62083,1555.1197,406.23589,1675.2586,75.550007,657.16872,109.57971,230.52263,1953.7857
15.015015,1935.7137,2152.4164,303.59148,2172.1828,1510.8802,254.32578,809.00764,1317.4047,2280.5777,2293.7111,376.93297,2308.2227,2271.5726,1152.4085,1899.5586,337.16834,1001.4545,2175.9113,1881.1302,2283.0676,1571.0024,84.828752,2016.5297,2217.7125,1612.6491,1800.8845,1764.7406,931.60199,1556.757,406.66481,1677.0214,75.629847,657.86234,109.69551,230.76617,1955.8422
15.115115,1937.7172,2154.6368,303.86635,2174.3851,1512.2645,254.1172,806.76607,1318.3723,2282.7625,2295.9877,377.26074,2310.4388,2273.8555,1153.5767,1901.4932,337.50555,1002.4858,2178.1022,1883.0625,2285.3095,1572.3343,84.916483,2018.603,2219.9932,1614.2688,1802.6841,1766.5534,932.56368,1558.3618,407.08522,1678.7491,75.708106,658.54222,109.80901,231.00489,1957.8578
15.215215,1939.6817,2156.8141,304.13589,2176.5447,1513.622,253.91267,804.56799,1319.3211,2284.9046,2298.2198,377.58213,2312.6115,2276.0937,1154.7222,1903.39,337.8362,1003.4971,2180.2502,1884.9569,2287.5076,1573.6402,85.002511,2020.6357,2222.2293,1615.8569,1804.4485,1768.3309,933.50665,1559.9353,407.49747,1680.4431,75.784846,659.20888,109.92031,231.23897,1959.834
15.315315,1941.6074,2158.9482,304.40008,2178.6614,1514.9526,253.7122,802.4135,1320.251,2287.0041,2300.4073,377.89713,2314.7406,2278.287,1155.8448,1905.2488,338.16028,1004.4881,2182.3552,1886.8135,2289.6616,1574.92,85.086833,2022.6278,2224.4206,1617.4133,1806.1776,1770.0729,934.43086,1561.4774,407.90153,1682.1034,75.860065,659.86229,110.0294,231.46841,1961.7709
15.415415,1943.4948,2161.04,304.65904,2180.7362,1516.2568,253.5157,800.30174,1321.1623,2289.0616,2302.5511,378.20587,2316.8271,2280.4363,1156.945,1907.0704,338.47791,1005.4595,2184.418,1888.633,2291.7725,1576.1743,85.169481,2024.58,2226.5682,1618.9385,1807.8721,1771.7802,935.33669,1562.9887,408.29756,1683.7305,75.933791,660.50272,110.13633,231.69329,1963.6691
15.515516,1945.3448,2163.0903,304.91285,2182.7698,1517.5351,253.32309,798.23191,1322.0555,2291.0779,2304.6521,378.50845,2318.8716,2282.5425,1158.0233,1908.8555,338.78922,1006.4114,2186.4395,1890.4161,2293.8411,1577.4035,85.250488,2026.4933,2228.6727,1620.4333,1809.5327,1773.4533,936.22447,1564.4699,408.68573,1685.3252,76.006054,661.13041,110.24113,231.91371,1965.5294
15.615616,1947.1581,2165.0999,305.16162,2184.7629,1518.788,253.13432,796.20319,1322.9309,2293.054,2306.711,378.80501,2320.8751,2284.6064,1159.08,1910.6048,339.09433,1007.3444,2188.4205,1892.1634,2295.8682,1578.6081,85.329885,2028.3682,2230.7351,1621.8981,1811.1601,1775.0929,937.09456,1565.9216,409.06617,1686.888,76.076881,661.74561,110.34385,232.12974,1967.3525
15.715716,1948.9352,2167.0695,305.40545,2186.7165,1520.016,252.94929,794.2148,1323.7888,2294.9905,2308.7287,379.09565,2322.8383,2286.6289,1160.1156,1912.319,339.39335,1008.2587,2190.3616,1893.8758,2297.8546,1579.7885,85.407702,2030.2055,2232.7561,1623.3335,1812.7548,1776.6997,937.9473,1567.3442,409.43904,1688.4196,76.1463,662.34855,110.44453,232.34148,1969.1391
15.815816,1950.6771,2168.9999,305.64442,2188.6311,1521.2196,252.76795,792.26599,1324.6295,2296.8882,2310.7059,379.38049,2324.7619,2288.6106,1161.1305,1913.9987,339.68641,1009.1547,2192.2637,1895.5538,2299.801,1580.9453,85.48397,2032.006,2234.7364,1624.7402,1814.3176,1778.2744,938.783,1568.7383,409.80448,1689.9205,76.214337,662.93946,110.5432,232.549,1970.8899
15.915916,1952.3842,2170.8919,305.87863,2190.5076,1522.3991,252.59022,790.35603,1325.4534,2298.7479,2312.6434,379.65964,2326.6467,2290.5523,1162.125,1915.6446,339.9736,1010.0328,2194.1275,1897.198,2301.7082,1582.0789,85.558718,2033.7703,2236.677,1626.1186,1815.8489,1779.8174,939.60198,1570.1044,410.16263,1691.3913,76.281017,663.51857,110.63991,232.75238,1972.6056
16.016016,1954.0572,2172.7461,306.10817,2192.3466,1523.5551,252.41604,788.48419,1326.2608,2300.5701,2314.5419,379.93319,2328.4934,2292.4549,1163.0996,1917.2574,340.25505,1010.8933,2195.9537,1898.8092,2303.5769,1583.1896,85.631972,2035.499,2238.5784,1627.4692,1817.3493,1781.3293,940.40455,1571.4432,410.51361,1692.8325,76.346366,664.08609,110.73469,232.9517,1974.2868
16.116116,1955.6967,2174.5632,306.33311,2194.1489,1524.688,252.24534,786.64979,1327.0519,2302.3556,2316.4022,380.20125,2330.3028,2294.3189,1164.0545,1918.8375,340.53085,1011.7365,2197.7429,1900.3878,2305.4078,1584.2779,85.70376,2037.1929,2240.4414,1628.7926,1818.8195,1782.8108,941.19101,1572.7549,410.85756,1694.2448,76.410407,664.64223,110.82757,233.14703,1975.9341
16.216216,1957.3045,2176.345,306.55369,2195.9162,1525.7989,252.07795,784.85097,1327.8276,2304.1062,2318.2261,380.4641,2332.0766,2296.1463,1164.9908,1920.3867,340.80128,1012.5632,2199.4971,1901.9355,2307.2028,1585.3449,85.774155,2038.8536,2242.2679,1630.0901,1820.2608,1784.2634,941.96216,1574.0411,411.19483,1695.6294,76.473207,665.18756,110.91864,233.33857,1977.5493
16.316316,1958.8805,2178.0917,306.76992,2197.6486,1526.8878,251.91386,783.08766,1328.588,2305.8221,2320.0137,380.72173,2333.8149,2297.9372,1165.9085,1921.9049,341.06636,1013.3735,2201.2162,1903.4524,2308.9619,1586.3907,85.84316,2040.4812,2244.058,1631.3617,1821.6735,1785.687,942.71802,1575.3017,411.52544,1696.9866,76.534766,665.72211,111.00792,233.52632,1979.1324
16.416416,1960.4253,2179.8037,306.98186,2199.3466,1527.9552,251.75303,781.3593,1329.3332,2307.5036,2321.7655,380.97425,2335.5183,2299.6921,1166.8079,1923.3927,341.32617,1014.1677,2202.9009,1904.9389,2310.6858,1587.4156,85.910796,2042.0763,2245.8122,1632.6079,1823.0579,1787.0822,943.45885,1576.5372,411.84948,1698.3167,76.595105,666.24602,111.09543,233.71035,1980.6838
16.516517,1961.9395,2181.4818,307.1896,2201.011,1529.0014,251.59538,779.66522,1330.0635,2309.1515,2323.4823,381.22173,2337.1875,2301.4118,1167.6894,1924.8507,341.58081,1014.946,2204.5517,1906.3957,2312.375,1588.42,85.97709,2043.6394,2247.5312,1633.8291,1824.4145,1788.4495,944.18492,1577.748,412.16708,1699.6202,76.654246,666.75953,111.1812,233.89073,1982.2042
16.616617,1963.4236,2183.1266,307.39321,2202.6423,1530.0268,251.44086,778.00475,1330.7793,2310.7665,2325.1648,381.46429,2338.823,2303.0969,1168.5532,1926.2794,341.83038,1015.7089,2206.1693,1907.8233,2314.0303,1589.4042,86.042068,2045.1712,2249.2158,1635.0259,1825.7439,1789.7894,944.89652,1578.9346,412.47837,1700.8977,76.712214,667.26281,111.26527,234.06752,1983.6942
16.716717,1964.8782,2184.7388,307.59278,2204.2413,1531.0319,251.28941,776.37726,1331.4807,2312.3492,2326.8135,381.70201,2340.4257,2304.7481,1169.3998,1927.6794,342.07498,1016.4564,2207.7545,1909.2222,2315.6523,1590.3687,86.105755,2046.6722,2250.8665,1636.1987,1827.0467,1791.1025,945.59392,1580.0975,412.78346,1702.1496,76.76903,667.75607,111.34767,234.2408,1985.1544
16.816817,1966.3039,2186.3189,307.78839,2205.8084,1532.017,251.14096,774.78211,1332.1682,2313.9001,2328.4292,381.93499,2341.996,2306.366,1170.2294,1929.0512,342.3147,1017.189,2209.3077,1910.593,2317.2416,1591.3139,86.168175,2048.1432,2252.484,1637.3479,1828.3233,1792.3893,946.27741,1581.2371,413.08248,1703.3764,76.824717,668.2395,111.42843,234.41064,1986.5853
16.916917,1967.7012,2187.8675,307.9801,2207.3444,1532.9824,250.99547,773.21871,1332.8419,2315.4199,2330.0124,382.16332,2343.5346,2307.9512,1171.0424,1930.3954,342.54963,1017.907,2210.8296,1911.9363,2318.7989,1592.2401,86.229351,2049.5845,2254.069,1638.4741,1829.5742,1793.6502,946.94723,1582.3538,413.37554,1704.5786,76.879295,668.71329,111.50759,234.57709,1987.9875
17.017017,1969.0707,2189.3853,308.16799,2208.8497,1533.9286,250.85288,771.68646,1333.5021,2316.9092,2331.5638,382.38707,2345.0421,2309.5044,1171.8391,1931.7125,342.77986,1018.6106,2212.3207,1913.2525,2320.3248,1593.1476,86.289308,2050.9968,2255.622,1639.5775,1830.7999,1794.8858,947.60364,1583.4481,413.66275,1705.7567,76.932785,669.1776,111.58516,234.74022,1989.3616
17.117117,1970.4128,2190.8728,308.35213,2210.325,1534.856,250.71313,770.1848,1334.149,2318.3684,2333.0839,382.60634,2346.5191,2311.0262,1172.6198,1933.0029,343.00549,1019.3,2213.7817,1914.5421,2321.8197,1594.0368,86.348068,2052.3806,2257.1436,1640.6587,1832.0009,1796.0964,948.24689,1584.5204,413.94421,1706.9111,76.985207,669.63262,111.66119,234.90009,1990.7079
17.217217,1971.7285,2192.3309,308.53264,2211.7712,1535.765,250.57614,768.71278,1334.7831,2319.7987,2334.5737,382.82126,2347.9664,2312.5174,1173.3849,1934.2675,343.22664,1019.9757,2215.2134,1915.806,2323.2847,1594.9083,86.405666,2053.7368,2258.6347,1641.7183,1833.1778,1797.283,948.87737,1585.5714,414.22011,1708.0426,77.036594,670.07863,111.73571,235.0568,1992.0275
17.317317,1973.0185,2193.7606,308.70962,2213.1892,1536.6563,250.44182,767.26944,1335.4048,2321.2008,2336.0342,383.03198,2349.3851,2313.9792,1174.135,1935.5072,343.44347,1020.6382,2216.6169,1917.0449,2324.7208,1595.7626,86.462142,2055.0662,2260.0965,1642.757,1834.3316,1798.4462,949.49551,1586.6017,414.49062,1709.1517,77.086979,670.51592,111.80878,235.21046,1993.321
17.417417,1974.2829,2195.162,308.88311,2214.579,1537.5299,250.31016,765.8547,1336.014,2322.5748,2337.4655,383.23851,2350.7752,2315.4116,1174.8702,1936.722,343.65599,1021.2874,2217.9921,1918.2591,2326.128,1596.5998,86.517498,2056.369,2261.5289,1643.775,1835.4622,1799.5861,950.10135,1587.6115,414.75576,1710.2388,77.136366,670.94452,111.88041,235.36106,1994.5888
17.517518,1975.5223,2196.5356,309.05315,2215.9414,1538.3862,250.18111,764.46799,1336.6111,2323.9214,2338.8681,383.44092,2352.1373,2316.8151,1175.5907,1937.9123,343.86428,1021.9237,2219.3396,1919.4488,2327.5068,1597.4203,86.571755,2057.6456,2262.9325,1644.7725,1836.5702,1800.7032,950.69511,1588.6011,415.01563,1711.3041,77.184773,671.36459,111.95061,235.50868,1995.8311
17.617618,1976.7371,2197.882,309.21982,2217.2767,1539.2255,250.05461,763.10878,1337.1963,2325.241,2340.2427,383.6393,2353.472,2318.1903,1176.2967,1939.0787,344.06842,1022.5473,2220.6601,1920.6147,2328.8579,1598.2242,86.624936,2058.8967,2264.3079,1645.75,1837.6559,1801.7979,951.27704,1589.5708,415.27034,1712.3481,77.23222,671.77631,112.01942,235.65337,1997.0486
17.717718,1977.9278,2199.2016,309.38318,2218.5855,1540.0481,249.93062,761.77655,1337.7698,2326.5342,2341.5896,383.83373,2354.7797,2319.5378,1176.9887,1940.2217,344.2685,1023.1585,2221.9539,1921.7572,2330.1817,1599.012,86.677061,2060.1226,2265.6556,1646.7078,1838.7198,1802.8706,951.84736,1590.5212,415.51998,1713.3711,77.278725,672.17984,112.08686,235.79518,1998.2417
17.817818,1979.0949,2200.4951,309.5433,2219.8683,1540.8544,249.8091,760.47077,1338.3319,2327.8015,2342.9095,384.02427,2356.0609,2320.8581,1177.6667,1941.3416,344.46459,1023.7574,2223.2215,1922.8766,2331.4789,1599.784,86.72815,2061.3238,2266.9762,1647.6464,1839.7622,1803.9218,952.40629,1591.4525,415.76466,1714.3737,77.324306,672.57531,112.15297,235.93418,1999.4108
17.917918,1980.2387,2201.7628,309.70023,2221.1256,1541.6447,249.68999,759.19097,1338.8827,2329.0433,2344.2029,384.21101,2357.3163,2322.1516,1178.3312,1942.4389,344.65676,1024.3443,2224.4636,1923.9735,2332.7498,1600.5405,86.778221,2062.5008,2268.2701,1648.5661,1840.7837,1804.9519,952.95404,1592.3651,416.00445,1715.3561,77.36898,672.9629,112.21775,236.0704,2000.5564
18.018018,1981.3597,2203.0052,309.85403,2222.3578,1542.4192,249.57325,757.93664,1339.4224,2330.2601,2345.4702,384.39401,2358.5462,2323.419,1178.9823,1943.514,344.84509,1024.9194,2225.6805,1925.0483,2333.9949,1601.2817,86.827295,2063.6541,2269.5379,1649.4673,1841.7845,1805.9612,953.49082,1593.2594,416.23946,1716.3188,77.412764,673.34274,112.28125,236.20391,2001.679
18.118118,1982.4584,2204.2229,310.00477,2223.5654,1543.1783,249.45884,756.70734,1339.9513,2331.4524,2346.712,384.57334,2359.7511,2324.6606,1179.6203,1944.5673,345.02965,1025.483,2226.8727,1926.1013,2335.2148,1602.0079,86.875389,2064.784,2270.7799,1650.3502,1842.7651,1806.9502,954.01683,1594.1356,416.46977,1717.2621,77.455674,673.71497,112.34348,236.33476,2002.7789
18.218218,1983.5351,2205.4162,310.15249,2224.7489,1543.9221,249.34672,755.50261,1340.4696,2332.6206,2347.9287,384.74907,2360.9314,2325.877,1180.2455,1945.5992,345.2105,1026.0352,2228.0407,1927.133,2336.4099,1602.7194,86.922521,2065.891,2271.9968,1651.2153,1843.7258,1807.9191,954.53226,1594.9942,416.69546,1718.1864,77.497725,674.07974,112.40446,236.46298,2003.8567
18.318318,1984.5917,2206.5872,310.29745,2225.9103,1544.6521,249.23668,754.32039,1340.9781,2333.7667,2349.1223,384.92149,2362.0893,2327.0702,1180.8589,1946.6115,345.38796,1026.577,2229.1865,1928.1451,2337.5822,1603.4174,86.968771,2066.9771,2273.1906,1652.0639,1844.6683,1808.8697,955.038,1595.8366,416.91693,1719.0932,77.538991,674.43766,112.46431,236.58881,2004.914
18.418418,1985.6276,2207.7353,310.43957,2227.0489,1545.3677,249.12881,753.16136,1341.4765,2334.8901,2350.2923,385.09052,2363.224,2328.2395,1181.4601,1947.6037,345.56192,1027.1081,2230.3094,1929.1371,2338.7311,1604.1016,87.014113,2068.0415,2274.3605,1652.8957,1845.592,1809.8015,955.53376,1596.6623,417.13404,1719.982,77.579447,674.78853,112.52298,236.71216,2005.9503
18.518519,1986.643,2208.8607,310.57889,2228.165,1546.0692,249.02306,752.02518,1341.965,2335.9912,2351.4389,385.25619,2364.3359,2329.3854,1182.0494,1948.5759,345.73244,1027.6286,2231.4097,1930.1092,2339.8569,1604.7721,87.05856,2069.0846,2275.507,1653.7109,1846.4973,1810.7146,956.01967,1597.4715,417.34686,1720.8531,77.619104,675.13245,112.58049,236.83308,2006.966
18.618619,1987.6384,2209.9639,310.71545,2229.2591,1546.7569,248.9194,750.91143,1342.4439,2337.0702,2352.5627,385.41858,2365.4253,2330.5082,1182.6269,1949.5286,345.89958,1028.1388,2232.4879,1931.0619,2340.9601,1605.4291,87.102129,2070.1068,2276.6304,1654.5097,1847.3844,1811.6095,956.49594,1598.2645,417.55546,1721.7068,77.657978,675.46956,112.63686,236.9516,2007.9614
18.718719,1988.6141,2211.0453,310.84932,2230.3316,1547.431,248.81778,749.81966,1342.9132,2338.1277,2353.6639,385.57774,2366.4929,2331.6083,1183.1929,1950.4622,346.06341,1028.6388,2233.5443,1931.9954,2342.041,1606.073,87.144836,2071.1086,2277.7313,1655.2925,1848.2537,1812.4865,956.96274,1599.0418,417.75993,1722.5435,77.696084,675.79998,112.69212,237.06779,2008.9368
18.818819,1989.5705,2212.1053,310.98054,2231.3828,1548.0917,248.71817,748.74949,1343.3731,2339.164,2354.7431,385.73373,2367.5388,2332.6863,1183.7476,1951.3769,346.22398,1029.1289,2234.5795,1932.9102,2343.1001,1606.704,87.186699,2072.0901,2278.81,1656.0596,1849.1055,1813.3459,957.42024,1599.8035,417.96035,1723.3634,77.733436,676.12384,112.74629,237.18167,2009.8928
18.918919,1990.508,2213.1443,311.10916,2232.4133,1548.7393,248.62054,747.70051,1343.8239,2340.1796,2355.8006,385.88662,2368.5636,2333.7425,1184.2912,1952.2733,346.38135,1029.6091,2235.5938,1933.8066,2344.1379,1607.3223,87.227731,2073.052,2279.867,1656.8113,1849.9402,1814.188,957.86862,1600.5499,418.15679,1724.1669,77.770048,676.44126,112.79938,237.29329,2010.8295
19.019019,1991.4268,2214.1627,311.23523,2233.4232,1549.3741,248.52484,746.67233,1344.2656,2341.1748,2356.8369,386.03645,2369.5676,2334.7772,1184.8238,1953.1515,346.53559,1030.0797,2236.5875,1934.6848,2345.1546,1607.9281,87.267948,2073.9944,2280.9026,1657.5478,1850.758,1815.0132,958.30805,1601.2814,418.34932,1724.9543,77.805933,676.75235,112.85142,237.4027,2011.7474
19.119119,1992.3274,2215.1608,311.35879,2234.4131,1549.9963,248.43103,745.66459,1344.6985,2342.1499,2357.8523,386.18329,2370.5512,2335.791,1185.3458,1954.0119,346.68675,1030.5409,2237.561,1935.5453,2346.1506,1608.5217,87.307365,2074.9178,2281.9173,1658.2694,1851.5593,1815.8218,958.73867,1601.9981,418.53801,1725.7258,77.841104,677.05723,112.90243,237.50992,2012.6469
19.219219,1993.21,2216.1391,311.47989,2235.3833,1550.606,248.3391,744.67694,1345.1227,2343.1054,2358.8472,386.32718,2371.5148,2336.7841,1185.8573,1954.8548,346.83488,1030.9928,2238.5148,1936.3884,2347.1264,1609.1033,87.345996,2075.8224,2282.9113,1658.9765,1852.3443,1816.614,959.16065,1602.7004,418.72293,1726.4818,77.875574,677.356,112.95241,237.61501,2013.5281
19.319319,1994.075,2217.0978,311.59856,2236.3341,1551.2035,248.24901,743.70902,1345.5383,2344.0415,2359.8219,386.46818,2372.4586,2337.7569,1186.3585,1955.6805,346.98004,1031.4356,2239.449,1937.2143,2348.0822,1609.673,87.383854,2076.7087,2283.885,1659.6691,1853.1134,1817.3901,959.57414,1603.3885,418.90414,1727.2224,77.909354,677.64878,113.0014,237.71799,2014.3915
19.419419,1994.9227,2218.0372,311.71486,2237.2657,1551.7891,248.16072,742.76051,1345.9455,2344.9587,2360.7769,386.60633,2373.383,2338.7098,1186.8494,1956.4894,347.12227,1031.8694,2240.3641,1938.0234,2349.0185,1610.2312,87.420951,2077.5768,2284.8388,1660.3477,1853.8668,1818.1504,959.97927,1604.0626,419.08171,1727.9481,77.942456,677.93565,113.0494,237.81891,2015.2373
19.51952,1995.7533,2218.9578,311.82881,2238.1787,1552.3629,248.0742,741.83108,1346.3445,2345.8571,2361.7123,386.74168,2374.2884,2339.643,1187.3304,1957.2816,347.26162,1032.2943,2241.2603,1938.8159,2349.9354,1610.7779,87.457301,2078.4272,2285.7731,1661.0123,1854.6047,1818.8952,960.37618,1604.723,419.25569,1728.6589,77.974892,678.21673,113.09644,237.91779,2016.0659
19.61962,1996.5671,2219.8597,311.94047,2239.0731,1552.925,247.98943,740.92044,1346.7353,2346.7371,2362.6285,386.87428,2375.175,2340.5569,1187.8016,1958.0575,347.39814,1032.7106,2242.138,1939.592,2350.8333,1611.3134,87.492916,2079.26,2286.688,1661.6633,1855.3275,1819.6247,960.76501,1605.3698,419.42614,1729.3551,78.006672,678.49209,113.14253,238.01466,2016.8775
19.71972,1997.3643,2220.7434,312.04985,2239.9494,1553.4757,247.90638,740.02829,1347.1181,2347.599,2363.5258,387.00416,2376.0432,2341.4518,1188.263,1958.8172,347.53188,1033.1184,2242.9975,1940.3521,2351.7126,1611.8378,87.527806,2080.0756,2287.584,1662.3008,1856.0352,1820.3392,961.14588,1606.0034,419.59312,1730.037,78.037805,678.76184,113.18767,238.10957,2017.6723
19.81982,1998.1462,2221.6099,312.15712,2240.8088,1554.0158,247.82494,739.15336,1347.4934,2348.444,2364.4056,387.13152,2376.8941,2342.3289,1188.7155,1959.562,347.66302,1033.5182,2243.8399,1941.0972,2352.5745,1612.3519,87.562022,2080.8752,2288.4623,1662.9257,1856.729,1821.0396,961.51933,1606.6245,419.75686,1730.7056,78.068338,679.02634,113.23195,238.20264,2018.4515
19.91992,1998.9141,2222.461,312.26247,2241.6528,1554.5463,247.74494,738.29404,1347.862,2349.2738,2365.2694,387.25659,2377.7295,2343.1901,1189.1597,1960.2932,347.7918,1033.9108,2244.667,1941.8287,2353.4206,1612.8566,87.595627,2081.6601,2289.3245,1663.5393,1857.4102,1821.7273,961.88606,1607.2344,419.91767,1731.3621,78.098324,679.2861,113.27543,238.29404,2019.2166
20.02002,1999.6668,2223.2953,312.36575,2242.4802,1555.0662,247.66653,737.45167,1348.2232,2350.0869,2366.1159,387.37917,2378.5479,2344.0338,1189.5951,1961.0096,347.91804,1034.2955,2245.4773,1942.5456,2354.2495,1613.3512,87.628567,2082.4293,2290.1693,1664.1406,1858.0777,1822.4012,962.24549,1607.8321,420.0753,1732.0054,78.127719,679.54071,113.31806,238.38364,2019.9664
20.12012,2000.4047,2224.1131,312.46698,2243.2912,1555.5759,247.58966,736.62594,1348.5772,2350.8837,2366.9455,387.49931,2379.3498,2344.8604,1190.0218,1961.7115,348.04176,1034.6726,2246.2711,1943.2479,2355.0617,1613.8358,87.660856,2083.183,2290.9971,1664.7297,1858.7317,1823.0615,962.59776,1608.4178,420.2298,1732.6358,78.156532,679.79026,113.35984,238.47147,2020.7011
20.22022,2001.1279,2224.9147,312.56622,2244.0861,1556.0755,247.51431,735.81655,1348.9242,2351.6646,2367.7583,387.61706,2380.1353,2345.6701,1190.4399,1962.3992,348.16302,1035.0421,2247.0489,1943.9361,2355.8573,1614.3107,87.692505,2083.9214,2291.8081,1665.307,1859.3725,1823.7085,962.94299,1608.9917,420.38123,1733.2535,78.184775,680.03484,113.4008,238.55755,2021.421
20.32032,2001.8369,2225.7004,312.66348,2244.8653,1556.5652,247.44045,735.0232,1349.2642,2352.4297,2368.5547,387.73245,2380.9047,2346.4634,1190.8497,1963.073,348.28187,1035.4042,2247.8108,1944.6103,2356.6367,1614.7759,87.723526,2084.6448,2292.6026,1665.8725,1860.0003,1824.3425,963.28132,1609.5541,420.52965,1733.8588,78.212457,680.27454,113.44094,238.64192,2022.1264
20.42042,2002.5317,2226.4705,312.75881,2245.629,1557.0451,247.36806,734.24562,1349.5973,2353.1794,2369.3351,387.84553,2381.6585,2347.2405,1191.2511,1963.733,348.39834,1035.759,2248.5571,1945.2708,2357.4002,1615.2317,87.753929,2085.3536,2293.3809,1666.4266,1860.6153,1824.9637,963.61287,1610.1051,420.6751,1734.4519,78.239589,680.50945,113.48028,238.72462,2022.8175
20.520521,2003.2127,2227.2253,312.85224,2246.3774,1557.5154,247.29711,733.48352,1349.9238,2353.9139,2370.0997,387.95634,2382.3967,2348.0017,1191.6445,1964.3795,348.51247,1036.1067,2249.2881,1945.9178,2358.1481,1615.6782,87.783726,2086.0479,2294.1433,1666.9694,1861.2178,1825.5722,963.93774,1610.645,420.81765,1735.033,78.266179,680.73966,113.51884,238.80566,2023.4946
20.620621,2003.88,2227.9649,312.9438,2247.1109,1557.9764,247.22758,732.73665,1350.2436,2354.6335,2370.8487,388.06491,2383.1198,2348.7471,1192.0299,1965.0128,348.62432,1036.4473,2250.0041,1946.5516,2358.8805,1616.1157,87.812926,2086.728,2294.8901,1667.5012,1861.808,1826.1683,964.25606,1611.1739,420.95733,1735.6022,78.292238,680.96523,113.55663,238.88508,2024.1579
20.720721,2004.534,2228.6897,313.03352,2247.8297,1558.4281,247.15944,732.00475,1350.557,2355.3384,2371.5824,388.17129,2383.8279,2349.4772,1192.4074,1965.633,348.7339,1036.781,2250.7054,1947.1724,2359.5978,1616.5441,87.84154,2087.3941,2295.6215,1668.022,1862.3861,1826.7522,964.56793,1611.6921,421.09421,1736.1599,78.317774,681.18625,113.59365,238.9629,2024.8077
20.820821,2005.1748,2229.4,313.12144,2248.534,1558.8707,247.09267,731.28758,1350.864,2356.0289,2372.3011,388.2755,2384.5213,2350.1922,1192.7773,1966.2404,348.84126,1037.1078,2251.392,1947.7804,2360.3002,1616.9637,87.869577,2088.0465,2296.3377,1668.5321,1862.9522,1827.3242,964.87346,1612.1996,421.22831,1736.7061,78.342794,681.4028,113.62994,239.03915,2025.4441
20.920921,2005.8027,2230.0958,313.20758,2249.224,1559.3043,247.02725,730.58492,1351.1647,2356.7052,2373.0049,388.37759,2385.2002,2350.8922,1193.1395,1966.8352,348.94644,1037.428,2252.0644,1948.3758,2360.988,1617.3747,87.897046,2088.6854,2297.0391,1669.0316,1863.5066,1827.8843,965.17275,1612.6967,421.35969,1737.2411,78.367309,681.61493,113.66548,239.11385,2026.0674
21.021021,2006.4177,2230.7775,313.29196,2249.9,1559.7291,246.96315,729.89653,1351.4592,2357.3676,2373.6942,388.47758,2385.8648,2351.5775,1193.4943,1967.4175,349.04947,1037.7416,2252.7226,1948.9587,2361.6613,1617.7771,87.923956,2089.3109,2297.7258,1669.5208,1864.0495,1828.4328,965.4659,1613.1835,421.48839,1737.765,78.391324,681.82273,113.70031,239.18704,2026.6778
21.121121,2007.0202,2231.4453,313.37462,2250.5622,1560.1452,246.90037,729.22222,1351.7476,2358.0161,2374.3692,388.57551,2386.5154,2352.2484,1193.8416,1967.9876,349.15037,1038.0487,2253.367,1949.5295,2362.3204,1618.171,87.950315,2089.9234,2298.3981,1669.9997,1864.5809,1828.9698,965.75298,1613.6602,421.61445,1738.278,78.414848,682.02625,113.73442,239.25872,2027.2754
21.221221,2007.6103,2232.0993,313.45558,2251.2107,1560.5528,246.83887,728.56177,1352.0301,2358.6511,2375.03,388.67141,2387.1522,2352.905,1194.1818,1968.5457,349.24919,1038.3493,2253.9977,1950.0882,2362.9655,1618.5567,87.976131,2090.5229,2299.0561,1670.4685,1865.1011,1829.4956,966.0341,1614.1269,421.7379,1738.7802,78.437888,682.22555,113.76782,239.32893,2027.8605
21.321321,2008.1882,2232.7398,313.53486,2251.8458,1560.9518,246.77865,727.91499,1352.3065,2359.2727,2375.6768,388.7653,2387.7752,2353.5476,1194.5147,1969.0918,349.34595,1038.6437,2254.6148,1950.635,2363.5968,1618.9342,88.001411,2091.1096,2299.7001,1670.9273,1865.6103,1830.0102,966.30933,1614.5838,421.85878,1739.2718,78.46045,682.4207,113.80054,239.39767,2028.4332
21.421421,2008.7562,2233.3692,313.61278,2252.47,1561.3441,246.71946,727.27932,1352.5782,2359.8834,2376.3123,388.85755,2388.3872,2354.1787,1194.8419,1969.6282,349.44103,1038.9329,2255.221,1951.1721,2364.2168,1619.305,88.026256,2091.686,2300.3326,1671.3781,1866.1105,1830.5157,966.57978,1615.0326,421.97757,1739.7549,78.482624,682.61247,113.83269,239.46524,2028.9959
21.521522,2009.3134,2233.9869,313.68924,2253.0825,1561.7289,246.66138,726.65559,1352.8447,2360.4824,2376.9356,388.94806,2388.9873,2354.7976,1195.1628,1970.1542,349.53431,1039.2166,2255.8154,1951.6988,2364.8247,1619.6687,88.050633,2092.2512,2300.9529,1671.8202,1866.601,1831.0115,966.84508,1615.4729,422.09412,1740.2286,78.504381,682.80061,113.86424,239.53153,2029.5477
21.621622,2009.8597,2234.5922,313.76417,2253.6828,1562.1061,246.60446,726.04422,1353.1059,2361.0694,2377.5463,389.03675,2389.575,2355.4037,1195.4772,1970.6695,349.62574,1039.4946,2256.3976,1952.2148,2365.4202,1620.0249,88.074526,2092.8049,2301.5605,1672.2532,1867.0815,1831.4973,967.10506,1615.9042,422.20835,1740.6928,78.525705,682.98499,113.89516,239.5965,2030.0884
21.721722,2010.395,2235.1856,313.83762,2254.2711,1562.4758,246.54866,725.44499,1353.3618,2361.6444,2378.1447,389.12367,2390.1506,2355.9974,1195.7853,1971.1742,349.71533,1039.7669,2256.9678,1952.7203,2366.0034,1620.3739,88.097944,2093.3473,2302.1556,1672.6775,1867.5522,1831.9732,967.35982,1616.3268,422.3203,1741.1475,78.546606,683.16568,113.92546,239.66018,2030.618
21.821822,2010.9197,2235.7671,313.90961,2254.8478,1562.8382,246.49396,724.85766,1353.6126,2362.2078,2378.7308,389.20883,2390.7143,2356.5788,1196.0871,1971.6686,349.80313,1040.0338,2257.5262,1953.2154,2366.5745,1620.7158,88.120896,2093.8785,2302.7385,1673.093,1868.0132,1832.4393,967.60945,1616.7408,422.43001,1741.5931,78.567091,683.34275,113.95517,239.72259,2031.1369
21.921922,2011.434,2236.3371,313.98016,2255.413,1563.1933,246.44036,724.28203,1353.8582,2362.7598,2379.3051,389.29228,2391.2664,2357.1482,1196.3829,1972.1527,349.88917,1040.2953,2258.0731,1953.7003,2367.1338,1621.0507,88.143389,2094.3989,2303.3094,1673.5001,1868.4648,1832.896,967.85404,1617.1464,422.53753,1742.0295,78.587167,683.51626,113.98428,239.78375,2031.6452
22.022022,2011.938,2236.8957,314.0493,2255.9668,1563.5413,246.38783,723.71789,1354.0989,2363.3005,2379.8676,389.37404,2391.8069,2357.7058,1196.6726,1972.6268,349.97347,1040.5514,2258.6086,1954.1753,2367.6815,1621.3787,88.165432,2094.9085,2303.8685,1673.8988,1868.907,1833.3433,968.09369,1617.5438,422.64288,1742.457,78.606842,683.68628,114.0128,239.84369,2032.1431
22.122122,2012.4319,2237.4431,314.11706,2256.5096,1563.8823,246.33634,723.16505,1354.3348,2363.8301,2380.4186,389.45414,2392.3362,2358.2517,1196.9563,1973.0912,350.05608,1040.8023,2259.133,1954.6404,2368.2178,1621.6999,88.187033,2095.4076,2304.416,1674.2892,1869.3401,1833.7814,968.32848,1617.933,422.74611,1742.8758,78.626122,683.85287,114.04076,239.90242,2032.6307
22.222222,2012.9158,2237.9794,314.18346,2257.0415,1564.2165,246.28589,722.6233,1354.5658,2364.3489,2380.9583,389.53262,2392.8544,2358.7863,1197.2343,1973.5458,350.13701,1041.0481,2259.6464,1955.0959,2368.7428,1622.0144,88.2082,2095.8963,2304.952,1674.6716,1869.7643,1834.2104,968.55848,1618.3142,422.84726,1743.286,78.645015,684.01608,114.06815,239.95997,2033.1083
22.322322,2013.3901,2238.505,314.24852,2257.5626,1564.5439,246.23645,722.09246,1354.7921,2364.8571,2381.4868,389.60949,2393.3616,2359.3096,1197.5066,1973.9909,350.2163,1041.2889,2260.149,1955.5418,2369.2569,1622.3225,88.228938,2096.3749,2305.4769,1675.046,1870.1796,1834.6305,968.78379,1618.6875,422.94636,1743.6877,78.663526,684.17597,114.09499,240.01635,2033.5761
22.422422,2013.8547,2239.0199,314.31225,2258.0732,1564.8647,246.18801,721.57236,1355.0137,2365.3547,2382.0044,389.68479,2393.8582,2359.8219,1197.7732,1974.4267,350.29397,1041.5247,2260.641,1955.9785,2369.76,1622.6241,88.249257,2096.8434,2305.9907,1675.4126,1870.5862,1835.0419,969.00448,1619.0532,423.04344,1744.081,78.681662,684.3326,114.12129,240.0716,2034.0341
22.522523,2014.3098,2239.5244,314.3747,2258.5734,1565.179,246.14056,721.06282,1355.2308,2365.8419,2382.5112,389.75854,2394.3442,2360.3233,1198.0343,1974.8533,350.37005,1041.7556,2261.1226,1956.4059,2370.2525,1622.9194,88.269161,2097.3021,2306.4937,1675.7715,1870.9842,1835.4447,969.22062,1619.4112,423.13854,1744.4662,78.69943,684.48602,114.14705,240.12571,2034.4825
22.622623,2014.7557,2240.0186,314.43587,2259.0633,1565.4868,246.09407,720.56368,1355.4433,2366.319,2383.0074,389.83076,2394.8198,2360.814,1198.29,1975.2708,350.44456,1041.9817,2261.5939,1956.8244,2370.7344,1623.2084,88.288659,2097.7511,2306.986,1676.1228,1871.3739,1835.8391,969.43228,1619.7617,423.23168,1744.8433,78.716833,684.63628,114.17228,240.17872,2034.9215
22.722723,2015.1924,2240.5026,314.49578,2259.5432,1565.7884,246.04854,720.07479,1355.6514,2366.7861,2383.4932,389.90148,2395.2852,2361.2942,1198.5402,1975.6795,350.51753,1042.2031,2262.055,1957.2339,2371.206,1623.4913,88.307755,2098.1905,2307.4677,1676.4667,1871.7552,1836.2251,969.63953,1620.1048,423.3229,1745.2125,78.733879,684.78342,114.19699,240.23063,2035.3513
22.822823,2015.6201,2240.9766,314.55445,2260.0132,1566.0836,246.00394,719.59598,1355.8552,2367.2433,2383.9687,389.97071,2395.7405,2361.764,1198.7852,1976.0793,350.58898,1042.4198,2262.5062,1957.6346,2371.6674,1623.7682,88.326456,2098.6205,2307.9391,1676.8032,1872.1284,1836.6028,969.84243,1620.4407,423.41222,1745.5738,78.750573,684.9275,114.2212,240.28147,2035.7719
22.922923,2016.0392,2241.4411,314.61195,2260.4738,1566.373,245.96023,719.12675,1356.0548,2367.6912,2384.4344,390.03854,2396.1863,2362.224,1199.0252,1976.4708,350.65898,1042.632,2262.948,1958.027,2372.1191,1624.0393,88.344782,2099.0415,2308.4007,1677.1328,1872.4938,1836.9728,970.04122,1620.7697,423.49974,1745.9277,78.766932,685.06866,114.24491,240.33129,2036.1838
23.023023,2016.4514,2241.8978,314.66849,2260.9266,1566.6575,245.91726,718.66535,1356.251,2368.1314,2384.8921,390.10522,2396.6242,2362.6759,1199.2611,1976.8554,350.72781,1042.8407,2263.382,1958.4126,2372.5629,1624.3057,88.362801,2099.4553,2308.8542,1677.4566,1872.8529,1837.3363,970.23663,1621.093,423.58579,1746.2756,78.783017,685.20745,114.26823,240.38027,2036.5887
23.123123,2016.8553,2242.3455,314.7239,2261.3705,1566.9364,245.87513,718.2131,1356.4433,2368.5626,2385.3405,390.17056,2397.053,2363.1184,1199.4922,1977.2321,350.79526,1043.0451,2263.8069,1958.7902,2372.9974,1624.5667,88.380461,2099.8605,2309.2982,1677.7738,1873.2045,1837.6925,970.4281,1621.4097,423.67012,1746.6163,78.798782,685.34345,114.29109,240.42828,2036.9852
23.223223,2017.2512,2242.7843,314.77822,2261.8056,1567.2097,245.83384,717.76983,1356.6317,2368.9851,2385.7798,390.23458,2397.4728,2363.5517,1199.7186,1977.601,350.86135,1043.2454,2264.223,1959.16,2373.4228,1624.8223,88.39777,2100.2573,2309.7331,1678.0845,1873.5489,1838.0413,970.6157,1621.72,423.75277,1746.95,78.814234,685.47672,114.31349,240.47532,2037.3737
23.323323,2017.6392,2243.2144,314.83145,2262.2319,1567.4775,245.79337,717.33536,1356.8162,2369.3989,2386.2101,390.2973,2397.8838,2363.9759,1199.9404,1977.9622,350.92613,1043.4416,2264.6304,1959.5222,2373.8393,1625.0726,88.414734,2100.6459,2310.1589,1678.3887,1873.8862,1838.3829,970.79952,1622.0239,423.83376,1747.277,78.829378,685.60731,114.33545,240.52144,2037.7541
23.423423,2018.0196,2243.6358,314.88362,2262.6498,1567.7401,245.7537,716.90953,1356.997,2369.8043,2386.6315,390.35876,2398.2862,2364.3912,1200.1577,1978.3159,350.98959,1043.6338,2265.0292,1959.8768,2374.2471,1625.3177,88.43136,2101.0264,2310.5758,1678.6866,1874.2165,1838.7175,970.97961,1622.3216,423.91313,1747.5972,78.844221,685.73528,114.35697,240.56662,2038.1267
23.523524,2018.3923,2244.0489,314.93475,2263.0594,1567.9973,245.71482,716.49218,1357.1742,2370.2015,2387.0444,390.41897,2398.6801,2364.7978,1200.3705,1978.6622,351.05179,1043.8221,2265.4197,1960.2241,2374.6462,1625.5577,88.447653,2101.399,2310.984,1678.9784,1874.5399,1839.0452,971.15605,1622.6132,423.9909,1747.9108,78.858767,685.86066,114.37805,240.61091,2038.4917
23.623624,2018.7576,2244.4538,314.98486,2263.4608,1568.2495,245.67671,716.08316,1357.3477,2370.5904,2387.4487,390.47796,2399.0657,2365.1959,1200.579,1979.0012,351.11272,1044.0065,2265.8019,1960.5641,2375.037,1625.7928,88.463621,2101.7639,2311.3837,1679.2641,1874.8565,1839.366,971.3289,1622.8988,424.06711,1748.218,78.873022,685.98352,114.39872,240.65431,2038.8491
23.723724,2019.1156,2244.8505,315.03397,2263.8541,1568.4966,245.63937,715.68231,1357.5177,2370.9714,2387.8447,390.53575,2399.4431,2365.5855,1200.7831,1979.3331,351.17243,1044.1872,2266.176,1960.897,2375.4195,1626.0229,88.479268,2102.1211,2311.7749,1679.5438,1875.1665,1839.6803,971.49824,1623.1786,424.14178,1748.5189,78.886991,686.10389,114.41897,240.69683,2039.1991
23.823824,2019.4663,2245.2393,315.08209,2264.2396,1568.7387,245.60277,715.2895,1357.6843,2371.3446,2388.2325,390.59236,2399.8125,2365.9669,1200.9831,1979.658,351.23093,1044.3641,2266.5422,1961.2229,2375.7938,1626.2483,88.4946,2102.4708,2312.1579,1679.8177,1875.4701,1839.988,971.66412,1623.4525,424.21495,1748.8135,78.90068,686.22181,114.43882,240.7385,2039.5418
23.923924,2019.8101,2245.6202,315.12925,2264.6172,1568.9759,245.56691,714.90457,1357.8474,2371.71,2388.6123,390.64781,2400.1741,2366.3401,1201.179,1979.9761,351.28823,1044.5374,2266.9006,1961.5419,2376.1602,1626.4689,88.509623,2102.8131,2312.5328,1680.0859,1875.7672,1840.2892,971.82659,1623.7207,424.28663,1749.102,78.914093,686.33734,114.45826,240.77933,2039.8773
24.024024,2020.1469,2245.9935,315.17545,2264.9873,1569.2084,245.53177,714.5274,1358.0072,2372.0678,2388.9842,390.70212,2400.5278,2366.7054,1201.3707,1980.2874,351.34437,1044.7071,2267.2514,1961.8542,2376.5187,1626.6849,88.524343,2103.1482,2312.8997,1680.3483,1876.0581,1840.5841,971.98573,1623.9834,424.35685,1749.3844,78.927235,686.45051,114.47731,240.81933,2040.2059
24.124124,2020.4769,2246.3592,315.22072,2265.3499,1569.4361,245.49733,714.15786,1358.1636,2372.4182,2389.3483,390.75531,2400.874,2367.0628,1201.5585,1980.592,351.39936,1044.8733,2267.5945,1962.1599,2376.8695,1626.8963,88.538764,2103.4762,2313.2587,1680.6053,1876.3427,1840.8728,972.14158,1624.2405,424.42564,1749.661,78.940111,686.56136,114.49598,240.85852,2040.5275
24.224224,2020.8001,2246.7175,315.26506,2265.705,1569.6592,245.4636,713.79581,1358.3168,2372.7613,2389.7048,390.8074,2401.2126,2367.4126,1201.7424,1980.8901,351.45322,1045.036,2267.9303,1962.459,2377.2127,1627.1032,88.552891,2103.7971,2313.61,1680.8567,1876.6213,1841.1554,972.29421,1624.4923,424.49302,1749.9317,78.952724,686.66993,114.51426,240.89691,2040.8423
24.324324,2021.1168,2247.0684,315.3085,2266.053,1569.8778,245.43055,713.44115,1358.4669,2373.0971,2390.0537,390.8584,2401.5439,2367.7547,1201.9224,1981.1818,351.50597,1045.1953,2268.2588,1962.7517,2377.5484,1627.3056,88.566729,2104.1112,2313.9538,1681.1028,1876.8939,1841.432,972.44365,1624.7387,424.55902,1750.1967,78.96508,686.77625,114.53218,240.93451,2041.1505
24.424424,2021.427,2247.4122,315.35105,2266.3938,1570.0918,245.39818,713.09376,1358.6137,2373.4258,2390.3953,390.90834,2401.8679,2368.0893,1202.0985,1981.4671,351.55763,1045.3512,2268.58,1963.0381,2377.8768,1627.5037,88.580282,2104.4185,2314.29,1681.3436,1877.1607,1841.7027,972.58997,1624.9799,424.62365,1750.456,78.977181,686.88037,114.54972,240.97133,2041.452
24.524525,2021.7314,2247.7496,315.39282,2266.7283,1570.3019,245.3664,712.75274,1358.7579,2373.7484,2390.7304,390.95734,2402.1856,2368.4174,1202.2714,1981.7469,351.60832,1045.5042,2268.895,1963.319,2378.1987,1627.698,88.593585,2104.7198,2314.6197,1681.5798,1877.4222,1841.9681,972.73353,1625.2165,424.68708,1750.7104,78.98906,686.98254,114.56694,241.00748,2041.7478
24.624625,2022.0303,2248.0808,315.43381,2267.0566,1570.5081,245.33521,712.41803,1358.8993,2374.0647,2391.059,391.00541,2402.4969,2368.739,1202.4409,1982.0212,351.65807,1045.6543,2269.2037,1963.5943,2378.5142,1627.8886,88.606642,2105.0152,2314.9429,1681.8113,1877.6787,1842.2285,972.87439,1625.4485,424.74932,1750.96,79.000719,687.0828,114.58384,241.04295,2042.0379
24.724725,2022.3232,2248.4054,315.47399,2267.3784,1570.7102,245.30463,712.08993,1359.0378,2374.3746,2391.3809,391.05251,2402.8017,2369.0538,1202.607,1982.2897,351.70682,1045.8013,2269.5059,1963.8639,2378.823,1628.0751,88.619439,2105.3045,2315.2594,1682.038,1877.9298,1842.4834,973.0124,1625.6758,424.81032,1751.2043,79.012146,687.18105,114.6004,241.07772,2042.322
24.824825,2022.6103,2248.7236,315.51337,2267.6938,1570.9083,245.27466,711.76833,1359.1735,2374.6782,2391.6962,391.09866,2403.0999,2369.3619,1202.7697,1982.5526,351.75459,1045.9453,2269.8017,1964.1278,2379.1252,1628.2578,88.631981,2105.5877,2315.5691,1682.26,1878.1756,1842.733,973.14761,1625.8984,424.87011,1751.4437,79.023346,687.27732,114.61664,241.11179,2042.6002
24.924925,2022.8917,2249.0355,315.55198,2268.003,1571.1025,245.24528,711.45309,1359.3065,2374.9755,2392.005,391.14387,2403.3918,2369.6634,1202.929,1982.8099,351.8014,1046.0864,2270.0911,1964.3862,2379.421,1628.4366,88.644275,2105.8649,2315.8723,1682.4774,1878.4163,1842.9774,973.28008,1626.1165,424.92869,1751.678,79.034324,687.37166,114.63255,241.14519,2042.8726
25.025025,2023.1676,2249.3412,315.58981,2268.306,1571.2928,245.21648,711.14411,1359.4368,2375.2667,2392.3074,391.18816,2403.6774,2369.9586,1203.0851,1983.0618,351.84727,1046.2246,2270.3744,1964.6391,2379.7105,1628.6117,88.656323,2106.1363,2316.169,1682.6902,1878.6519,1843.2168,973.40986,1626.33,424.9861,1751.9076,79.045084,687.4641,114.64815,241.17792,2043.1393
25.125125,2023.4379,2249.6408,315.62689,2268.603,1571.4793,245.18825,710.84125,1359.5644,2375.552,2392.6036,391.23155,2403.9569,2370.2474,1203.2379,1983.3083,351.89222,1046.3599,2270.6516,1964.8867,2379.9937,1628.7831,88.668131,2106.402,2316.4595,1682.8985,1878.8825,1843.4511,973.537,1626.5391,425.04236,1752.1323,79.055629,687.55467,114.66343,241.20999,2043.4005
25.225225,2023.7029,2249.9344,315.66324,2268.8941,1571.6621,245.16059,710.54442,1359.6894,2375.8314,2392.8937,391.27405,2404.2304,2370.53,1203.3876,1983.5496,351.93626,1046.4925,2270.9228,1965.1291,2380.2708,1628.9509,88.679704,2106.662,2316.7437,1683.1025,1879.1083,1843.6805,973.66154,1626.7438,425.09749,1752.3524,79.065963,687.64342,114.67841,241.24143,2043.6563
25.325325,2023.9626,2250.2222,315.69885,2269.1793,1571.8412,245.13347,710.2535,1359.8118,2376.105,2393.1778,391.31569,2404.498,2370.8065,1203.5342,1983.7857,351.97941,1046.6223,2271.1882,1965.3663,2380.542,1629.1152,88.691044,2106.9165,2317.0219,1683.3021,1879.3292,1843.9052,973.78354,1626.9443,425.1515,1752.568,79.076092,687.73036,114.69309,241.27223,2043.9067
25.425425,2024.2171,2250.5042,315.73376,2269.4589,1572.0168,245.10689,709.96839,1359.9318,2376.3729,2393.4559,391.35647,2404.7597,2371.0771,1203.6778,1984.0168,352.02168,1046.7494,2271.4478,1965.5985,2380.8072,1629.276,88.702157,2107.1656,2317.2941,1683.4975,1879.5455,1844.125,973.90304,1627.1407,425.20443,1752.779,79.086017,687.81554,114.70748,241.30241,2044.1518
25.525526,2024.4665,2250.7805,315.76797,2269.7328,1572.1888,245.08084,709.68899,1360.0492,2376.6352,2393.7282,391.39641,2405.0158,2371.3418,1203.8183,1984.2429,352.0631,1046.8739,2271.7018,1965.8256,2381.0667,1629.4333,88.713047,2107.4093,2317.5604,1683.6887,1879.7571,1844.3402,974.02009,1627.3329,425.25628,1752.9855,79.095742,687.89899,114.72157,241.33199,2044.3918
25.625626,2024.7109,2251.0513,315.80148,2270.0012,1572.3573,245.05532,709.41519,1360.1643,2376.8921,2393.9949,391.43553,2405.2663,2371.6007,1203.9559,1984.4641,352.10367,1046.9958,2271.9503,1966.0479,2381.3205,1629.5873,88.723717,2107.6478,2317.821,1683.8759,1879.9642,1844.5509,974.13472,1627.521,425.30708,1753.1877,79.105272,687.98073,114.73539,241.36097,2044.6266
25.725726,2024.9503,2251.3167,315.83432,2270.2642,1572.5225,245.03031,709.1469,1360.277,2377.1436,2394.2559,391.47384,2405.5112,2371.8539,1204.0907,1984.6805,352.14341,1047.1151,2272.1932,1966.2654,2381.5687,1629.738,88.734171,2107.8812,2318.0758,1684.059,1880.1668,1844.757,974.24698,1627.7052,425.35684,1753.3857,79.114609,688.06079,114.74892,241.38935,2044.8565
25.825826,2025.1849,2251.5766,315.8665,2270.5219,1572.6843,245.0058,708.88405,1360.3873,2377.3898,2394.5114,391.51135,2405.7507,2372.1016,1204.2226,1984.8921,352.18234,1047.232,2272.4308,1966.4782,2381.8113,1629.8854,88.744412,2108.1095,2318.3251,1684.2382,1880.365,1844.9587,974.3569,1627.8855,425.40558,1753.5794,79.123757,688.13921,114.76218,241.41716,2045.0815
25.925926,2025.4148,2251.8313,315.89802,2270.7743,1572.8428,244.98179,708.62652,1360.4953,2377.6308,2394.7615,391.54807,2405.9849,2372.3437,1204.3517,1985.0991,352.22046,1047.3464,2272.6632,1966.6863,2382.0486,1630.0297,88.754444,2108.3328,2318.5689,1684.4135,1880.5589,1845.1561,974.46452,1628.062,425.45332,1753.769,79.132718,688.21601,114.77516,241.44441,2045.3016
26.026026,2025.6399,2252.0808,315.9289,2271.0216,1572.998,244.95827,708.37424,1360.601,2377.8667,2395.0062,391.58402,2406.2139,2372.5805,1204.478,1985.3016,352.25779,1047.4583,2272.8903,1966.8899,2382.2806,1630.1708,88.764272,2108.5512,2318.8074,1684.5849,1880.7485,1845.3492,974.56989,1628.2346,425.50007,1753.9545,79.141496,688.29121,114.78788,241.47109,2045.517
26.126126,2025.8612,2252.326,315.95925,2271.2647,1573.1506,244.93514,708.12623,1360.7049,2378.0985,2395.2466,391.61935,2406.4385,2372.8129,1204.6021,1985.5003,352.29448,1047.5683,2273.1132,1967.0897,2382.5082,1630.3093,88.773931,2108.7656,2319.0414,1684.7533,1880.9347,1845.5388,974.67342,1628.4042,425.54603,1754.1367,79.150125,688.36511,114.80039,241.49732,2045.7285
26.226226,2026.0782,2252.5664,315.989,2271.5029,1573.3002,244.91247,707.8831,1360.8067,2378.3254,2395.4821,391.65395,2406.6583,2373.0402,1204.7237,1985.6948,352.33043,1047.676,2273.3312,1967.2853,2382.7309,1630.4449,88.7834,2108.9754,2319.2703,1684.9181,1881.1169,1845.7244,974.77484,1628.5703,425.59106,1754.315,79.158583,688.43752,114.81265,241.52302,2045.9356
26.326326,2026.2909,2252.8021,316.01817,2271.7365,1573.4468,244.89024,707.64477,1360.9065,2378.5477,2395.7126,391.68785,2406.8733,2373.2626,1204.8427,1985.885,352.36566,1047.7815,2273.5445,1967.4767,2382.9487,1630.5776,88.79268,2109.1807,2319.4943,1685.0793,1881.2952,1845.9062,974.87419,1628.7329,425.63519,1754.4897,79.166873,688.50848,114.82466,241.54822,2046.1383
26.426426,2026.4993,2253.033,316.04675,2271.9654,1573.5905,244.86846,707.41114,1361.0041,2378.7654,2395.9384,391.72106,2407.0836,2373.4802,1204.9593,1986.0712,352.40018,1047.8848,2273.7532,1967.664,2383.1618,1630.7075,88.801776,2109.3817,2319.7135,1685.2372,1881.4698,1846.084,974.97152,1628.8921,425.67844,1754.6607,79.174999,688.578,114.83644,241.57291,2046.3367
26.526527,2026.7037,2253.2594,316.07477,2272.1898,1573.7314,244.8471,707.18213,1361.0998,2378.9786,2396.1595,391.75359,2407.2893,2373.693,1205.0735,1986.2534,352.43401,1047.986,2273.9572,1967.8472,2383.3701,1630.8346,88.810691,2109.5783,2319.9279,1685.3917,1881.6405,1846.2581,975.06686,1629.048,425.72082,1754.8281,79.182963,688.64612,114.84798,241.59711,2046.531
26.626627,2026.9039,2253.4813,316.10224,2272.4097,1573.8695,244.82616,706.95765,1361.1936,2379.1874,2396.376,391.78545,2407.4904,2373.9011,1205.1853,1986.4315,352.46716,1048.0851,2274.1568,1968.0265,2383.5739,1630.9591,88.819429,2109.7707,2320.1377,1685.5429,1881.8076,1846.4285,975.16025,1629.2006,425.76235,1754.9921,79.19077,688.71286,114.85929,241.62083,2046.7211
26.726727,2027.1002,2253.6988,316.12916,2272.6253,1574.0048,244.80564,706.73762,1361.2854,2379.3919,2396.5879,391.81665,2407.6871,2374.1047,1205.2947,1986.6059,352.49963,1048.1821,2274.352,1968.202,2383.7731,1631.0808,88.827992,2109.9589,2320.3428,1685.6908,1881.9711,1846.5953,975.25172,1629.35,425.80304,1755.1525,79.19842,688.77825,114.87038,241.64407,2046.9073
26.826827,2027.2926,2253.912,316.15554,2272.8365,1574.1374,244.78552,706.52196,1361.3753,2379.5921,2396.7954,391.84722,2407.8794,2374.3038,1205.4019,1986.7764,352.53145,1048.2771,2274.5428,1968.3736,2383.9679,1631.1999,88.836384,2110.143,2320.5435,1685.8356,1882.131,1846.7585,975.3413,1629.4962,425.84292,1755.3095,79.205918,688.84231,114.88124,241.66684,2047.0894
26.926927,2027.4811,2254.1209,316.18139,2273.0436,1574.2673,244.76581,706.3106,1361.4634,2379.7881,2396.9986,391.87715,2408.0674,2374.4984,1205.5068,1986.9431,352.56262,1048.3701,2274.7294,1968.5415,2384.1583,1631.3165,88.844608,2110.3231,2320.7397,1685.9772,1882.2874,1846.9182,975.42904,1629.6394,425.88198,1755.4633,79.213266,688.90506,114.89189,241.68916,2047.2677
27.027027,2027.6659,2254.3256,316.20673,2273.2464,1574.3947,244.74648,706.10346,1361.5496,2379.9799,2397.1974,391.90645,2408.2512,2374.6887,1205.6095,1987.1062,352.59316,1048.4612,2274.9117,1968.7057,2384.3445,1631.4305,88.852667,2110.4992,2320.9316,1686.1157,1882.4404,1847.0745,975.51495,1629.7795,425.92025,1755.6137,79.220466,688.96653,114.90233,241.71103,2047.4421
27.127127,2027.847,2254.5262,316.23156,2273.4452,1574.5195,244.72755,705.90047,1361.6341,2380.1678,2397.3921,391.93515,2408.4308,2374.8747,1205.71,1987.2656,352.62307,1048.5503,2275.09,1968.8662,2384.5264,1631.542,88.860562,2110.6715,2321.1192,1686.2512,1882.5901,1847.2273,975.59908,1629.9166,425.95774,1755.7609,79.227522,689.02673,114.91255,241.73245,2047.6127
27.227227,2028.0244,2254.7228,316.25588,2273.64,1574.6417,244.70899,705.70157,1361.7168,2380.3516,2397.5825,391.96324,2408.6064,2375.0565,1205.8083,1987.4215,352.65236,1048.6375,2275.2642,1969.0233,2384.7042,1631.651,88.868298,2110.84,2321.3025,1686.3837,1882.7364,1847.3769,975.68144,1630.0507,425.99446,1755.9049,79.234434,689.08569,114.92256,241.75344,2047.7797
27.327327,2028.1982,2254.9154,316.27971,2273.8309,1574.7615,244.69081,705.50669,1361.7977,2380.5316,2397.7689,391.99074,2408.7779,2375.2341,1205.9046,1987.5739,352.68105,1048.7229,2275.4344,1969.1768,2384.8779,1631.7577,88.875876,2111.0046,2321.4818,1686.5133,1882.8795,1847.5231,975.76208,1630.182,426.03043,1756.0458,79.241206,689.14343,114.93238,241.774,2047.9429
27.427427,2028.3684,2255.104,316.30306,2274.0178,1574.8788,244.67299,705.31577,1361.877,2380.7077,2397.9513,392.01766,2408.9454,2375.4077,1205.9988,1987.7228,352.70914,1048.8065,2275.6007,1969.3268,2385.0476,1631.862,88.883299,2111.1656,2321.6569,1686.64,1883.0193,1847.6661,975.841,1630.3104,426.06565,1756.1837,79.247839,689.19996,114.94199,241.79414,2048.1026
27.527528,2028.5352,2255.2888,316.32593,2274.2009,1574.9937,244.65554,705.12874,1361.9545,2380.88,2398.1297,392.04401,2409.1091,2375.5772,1206.0909,1987.8683,352.73665,1048.8882,2275.7632,1969.4735,2385.2133,1631.9639,88.890569,2111.3229,2321.828,1686.7638,1883.156,1847.8059,975.91825,1630.436,426.10014,1756.3185,79.254337,689.25531,114.9514,241.81386,2048.2588
27.627628,2028.699,2255.4703,316.34839,2274.3808,1575.1066,244.6384,704.94501,1362.0307,2381.0491,2398.3048,392.06986,2409.2694,2375.7434,1206.1814,1988.011,352.76366,1048.9685,2275.9223,1969.6172,2385.3757,1632.0638,88.89771,2111.4772,2321.9957,1686.8853,1883.29,1847.9431,975.99407,1630.5592,426.13401,1756.4507,79.260719,689.30965,114.96065,241.83324,2048.412
27.727728,2028.8602,2255.6489,316.3705,2274.5577,1575.2176,244.62152,704.76421,1362.1055,2381.2153,2398.4769,392.09529,2409.4269,2375.9066,1206.2702,1988.1511,352.79023,1049.0473,2276.0786,1969.7585,2385.5351,1632.162,88.904737,2111.6287,2322.1604,1687.0046,1883.4217,1848.0778,976.06864,1630.6803,426.16733,1756.5807,79.266999,689.36311,114.96975,241.85229,2048.5625
27.827828,2029.0183,2255.824,316.39217,2274.7313,1575.3265,244.60498,704.58691,1362.1789,2381.3782,2398.6455,392.1202,2409.5808,2376.0661,1206.3573,1988.2881,352.81627,1049.1246,2276.2313,1969.8966,2385.6909,1632.2581,88.911625,2111.7769,2322.3215,1687.1213,1883.5504,1848.2097,976.14169,1630.7989,426.19999,1756.7079,79.273156,689.41549,114.97867,241.87098,2048.7098
27.927928,2029.1733,2255.9958,316.41342,2274.9014,1575.4333,244.58875,704.41307,1362.2508,2381.5376,2398.8105,392.1446,2409.7312,2376.2221,1206.4425,1988.4221,352.84179,1049.2002,2276.3807,1970.0318,2385.8432,1632.3521,88.918379,2111.9218,2322.479,1687.2356,1883.6764,1848.3388,976.21326,1630.9149,426.23201,1756.8325,79.279193,689.46683,114.98741,241.8893,2048.854
28.028028,2029.3252,2256.1641,316.43426,2275.0682,1575.538,244.57284,704.2426,1362.3212,2381.6938,2398.9722,392.1685,2409.8783,2376.3745,1206.526,1988.5531,352.86681,1049.2743,2276.5266,1970.164,2385.9921,1632.4441,88.925001,2112.0636,2322.633,1687.3473,1883.7996,1848.4651,976.28337,1631.0286,426.26338,1756.9544,79.285111,689.51714,114.99599,241.90725,2048.9951
28.128128,2029.4742,2256.3292,316.45468,2275.2318,1575.6406,244.55724,704.07546,1362.3902,2381.8468,2399.1304,392.19191,2410.022,2376.5236,1206.6077,1988.6813,352.89132,1049.3468,2276.6693,1970.2932,2386.1376,1632.5341,88.931491,2112.2023,2322.7836,1687.4566,1883.9202,1848.5887,976.35204,1631.1398,426.29413,1757.0737,79.290913,689.56643,115.00439,241.92485,2049.1332
28.228228,2029.6202,2256.491,316.47471,2275.3921,1575.7412,244.54194,703.91159,1362.4577,2381.9966,2399.2853,392.21484,2410.1625,2376.6693,1206.6877,1988.8066,352.91534,1049.4179,2276.8087,1970.4197,2386.2797,1632.6221,88.937854,2112.3379,2322.9308,1687.5636,1884.0381,1848.7096,976.41931,1631.2487,426.32427,1757.1905,79.296601,689.61473,115.01263,241.94211,2049.2683
28.328328,2029.7634,2256.6496,316.49434,2275.5493,1575.8398,244.52694,703.75094,1362.5239,2382.1432,2399.437,392.23729,2410.2997,2376.8117,1206.766,1988.9291,352.93888,1049.4874,2276.945,1970.5433,2386.4186,1632.7082,88.944091,2112.4706,2323.0747,1687.6682,1884.1533,1848.8279,976.48519,1631.3552,426.35381,1757.3048,79.302177,689.66206,115.02071,241.95902,2049.4005
28.428428,2029.9038,2256.8051,316.51359,2275.7034,1575.9364,244.51224,703.59344,1362.5887,2382.2868,2399.5855,392.25928,2410.4338,2376.9508,1206.8427,1989.0488,352.96194,1049.5555,2277.0781,1970.6642,2386.5543,1632.7924,88.950205,2112.6002,2323.2153,1687.7705,1884.266,1848.9436,976.54971,1631.4595,426.38275,1757.4166,79.307642,689.70842,115.02863,241.97559,2049.5298
28.528529,2030.0413,2256.9576,316.53245,2275.8544,1576.0312,244.49782,703.43905,1362.6522,2382.4274,2399.7308,392.28081,2410.5648,2377.0867,1206.9177,1989.1658,352.98453,1049.6221,2277.2081,1970.7823,2386.6868,1632.8748,88.956196,2112.7269,2323.3527,1687.8705,1884.3762,1849.0567,976.61289,1631.5615,426.4111,1757.5261,79.312999,689.75383,115.03639,241.99183,2049.6563
28.628629,2030.1761,2257.107,316.55093,2276.0024,1576.124,244.48369,703.28772,1362.7144,2382.5649,2399.873,392.30189,2410.6927,2377.2194,1206.9911,1989.2802,353.00667,1049.6873,2277.335,1970.8978,2386.8162,1632.9553,88.962067,2112.8508,2323.4869,1687.9682,1884.4839,1849.1674,976.67474,1631.6613,426.43888,1757.6331,79.318249,689.79831,115.04399,242.00774,2049.7801
28.728729,2030.3083,2257.2534,316.56905,2276.1474,1576.215,244.46984,703.13941,1362.7752,2382.6996,2400.0122,392.32252,2410.8175,2377.3491,1207.0629,1989.3919,353.02834,1049.7512,2277.459,1971.0106,2386.9425,1633.0339,88.967821,2112.9718,2323.618,1688.0638,1884.5891,1849.2756,976.73529,1631.759,426.46609,1757.7378,79.323393,689.84187,115.05144,242.02334,2049.901
28.828829,2030.4377,2257.3968,316.5868,2276.2895,1576.3041,244.45627,702.99408,1362.8348,2382.8313,2400.1483,392.34271,2410.9394,2377.4756,1207.1332,1989.501,353.04958,1049.8136,2277.58,1971.1209,2387.0658,1633.1108,88.973457,2113.0901,2323.7461,1688.1572,1884.6919,1849.3814,976.79456,1631.8544,426.49275,1757.8402,79.328433,689.88453,115.05874,242.03861,2050.0193
28.928929,2030.5646,2257.5373,316.60419,2276.4287,1576.3915,244.44297,702.85168,1362.8931,2382.9602,2400.2814,392.36247,2411.0584,2377.5992,1207.202,1989.6075,353.07036,1049.8747,2277.698,1971.2285,2387.1861,1633.1859,88.978979,2113.2056,2323.871,1688.2484,1884.7923,1849.4847,976.85257,1631.9478,426.51885,1757.9403,79.333371,689.92629,115.06589,242.05358,2050.1349
29.029029,2030.6888,2257.675,316.62123,2276.5651,1576.477,244.42994,702.71217,1362.9502,2383.0863,2400.4117,392.3818,2411.1744,2377.7197,1207.2692,1989.7116,353.09072,1049.9344,2277.8132,1971.3337,2387.3035,1633.2593,88.984387,2113.3183,2323.993,1688.3376,1884.8904,1849.5857,976.90932,1632.0391,426.54441,1758.0381,79.338207,689.96717,115.0729,242.06823,2050.2479
29.129129,2030.8105,2257.8098,316.63791,2276.6987,1576.5608,244.41718,702.57553,1363.006,2383.2097,2400.539,392.40071,2411.2876,2377.8373,1207.3349,1989.8131,353.11064,1049.9929,2277.9256,1971.4363,2387.4179,1633.331,88.989683,2113.4284,2324.1121,1688.4246,1884.9861,1849.6844,976.96484,1632.1282,426.56943,1758.1337,79.342944,690.00718,115.07976,242.08258,2050.3582
29.229229,2030.9296,2257.9419,316.65425,2276.8295,1576.6428,244.40468,702.44171,1363.0606,2383.3302,2400.6634,392.4192,2411.3979,2377.952,1207.3991,1989.9121,353.13014,1050.05,2278.0351,1971.5365,2387.5295,1633.401,88.994869,2113.5359,2324.2282,1688.5096,1885.0796,1849.7808,977.01914,1632.2154,426.59392,1758.2272,79.347582,690.04633,115.08648,242.09663,2050.466
29.329329,2031.0463,2258.0711,316.67025,2276.9575,1576.7231,244.39244,702.31068,1363.114,2383.4481,2400.7851,392.43728,2411.5055,2378.0638,1207.4619,1990.0087,353.14921,1050.1058,2278.1419,1971.6342,2387.6382,1633.4692,88.999944,2113.6407,2324.3414,1688.5925,1885.1707,1849.8748,977.07224,1632.3005,426.61788,1758.3184,79.352122,690.08463,115.09305,242.11038,2050.5713
29.429429,2031.1604,2258.1977,316.6859,2277.0828,1576.8016,244.38045,702.18243,1363.1663,2383.5632,2400.9039,392.45495,2411.6102,2378.1728,1207.5232,1990.1029,353.16787,1050.1603,2278.2459,1971.7295,2387.7441,1633.5359,89.004912,2113.7429,2324.4517,1688.6734,1885.2597,1849.9666,977.12413,1632.3837,426.64133,1758.4075,79.356565,690.12208,115.09949,242.12383,2050.674
29.52953,2031.2721,2258.3215,316.70122,2277.2054,1576.8785,244.36872,702.05691,1363.2173,2383.6757,2401.0199,392.47222,2411.7122,2378.2789,1207.5831,1990.1947,353.18612,1050.2136,2278.3472,1971.8225,2387.8472,1633.6008,89.009772,2113.8426,2324.5592,1688.7523,1885.3464,1850.0562,977.17485,1632.4648,426.66426,1758.4944,79.360913,690.1587,115.10578,242.13699,2050.7742
29.62963,2031.3814,2258.4426,316.71621,2277.3254,1576.9537,244.35725,701.9341,1363.2672,2383.7856,2401.1332,392.48908,2411.8115,2378.3822,1207.6415,1990.2841,353.20396,1050.2656,2278.4458,1971.913,2387.9475,1633.6642,89.014526,2113.9397,2324.6639,1688.8293,1885.4308,1850.1435,977.22439,1632.544,426.68668,1758.5793,79.365166,690.19449,115.11194,242.14987,2050.872
29.72973,2031.4883,2258.5611,316.73087,2277.4428,1577.0273,244.34602,701.81395,1363.3159,2383.8929,2401.2438,392.50555,2411.9081,2378.4827,1207.6986,1990.3712,353.22139,1050.3164,2278.5417,1972.0012,2388.0452,1633.7259,89.019176,2114.0343,2324.7659,1688.9042,1885.5132,1850.2287,977.27279,1632.6212,426.7086,1758.6621,79.369326,690.22947,115.11796,242.16246,2050.9673
29.82983,2031.5945,2258.6788,316.74544,2277.5594,1577.1004,244.33486,701.69454,1363.3643,2383.9995,2401.3537,392.52191,2412.004,2378.5825,1207.7552,1990.4576,353.23872,1050.3668,2278.6369,1972.0888,2388.142,1633.7872,89.023796,2114.1282,2324.867,1688.9787,1885.5949,1850.3133,977.32088,1632.698,426.73038,1758.7443,79.37346,690.26423,115.12395,242.17497,2051.062
29.92993,2031.6987,2258.7942,316.75972,2277.6737,1577.1721,244.32392,701.57746,1363.4117,2384.1038,2401.4612,392.53793,2412.0976,2378.6799,1207.8107,1990.542,353.2557,1050.4162,2278.7298,1972.1743,2388.2365,1633.8471,89.028326,2114.2199,2324.9658,1689.0514,1885.6747,1850.3959,977.36796,1632.773,426.75172,1758.8247,79.377513,690.29828,115.12982,242.18723,2051.1546
30.03003,2031.8008,2258.9074,316.77373,2277.7858,1577.2424,244.31318,701.46265,1363.4581,2384.206,2401.5664,392.55361,2412.1888,2378.775,1207.8649,1990.6244,353.27233,1050.4644,2278.8203,1972.2578,2388.3287,1633.9057,89.032766,2114.3095,2325.0622,1689.1225,1885.7526,1850.4767,977.41406,1632.8464,426.77264,1758.9033,79.381486,690.33164,115.13557,242.19925,2051.245
30.13013,2031.9009,2259.0184,316.78746,2277.8957,1577.3113,244.30266,701.3501,1363.5036,2384.3059,2401.6694,392.56895,2412.2778,2378.8677,1207.918,1990.7049,353.28863,1050.5117,2278.9087,1972.3394,2388.4185,1633.9628,89.037118,2114.3969,2325.1563,1689.1919,1885.8288,1850.5557,977.45919,1632.9182,426.79313,1758.9801,79.385381,690.36432,115.14121,242.21103,2051.3335
30.23023,2031.9991,2259.1271,316.80091,2278.0034,1577.3788,244.29235,701.23975,1363.5481,2384.4037,2401.7701,392.58397,2412.3646,2378.9581,1207.9699,1990.7834,353.30459,1050.5579,2278.9948,1972.419,2388.5061,1634.0187,89.041384,2114.4823,2325.2481,1689.2597,1885.9031,1850.6328,977.50336,1632.9884,426.81321,1759.0553,79.389198,690.39632,115.14674,242.22257,2051.4199
30.33033,2032.0953,2259.2337,316.8141,2278.109,1577.4449,244.28223,701.13158,1363.5917,2384.4994,2401.8686,392.59866,2412.4492,2379.0463,1208.0206,1990.86,353.32023,1050.6032,2279.0788,1972.4967,2388.5915,1634.0732,89.045564,2114.5657,2325.3376,1689.3259,1885.9756,1850.7082,977.5466,1633.057,426.83288,1759.1287,79.39294,690.42766,115.15215,242.23388,2051.5044
30.43043,2032.1895,2259.3382,316.82703,2278.2124,1577.5098,244.27232,701.02555,1363.6343,2384.5931,2401.9649,392.61304,2412.5316,2379.1323,1208.0702,1990.9347,353.33554,1050.6474,2279.1606,1972.5726,2388.6747,1634.1265,89.04966,2114.647,2325.4249,1689.3905,1886.0465,1850.7818,977.58891,1633.1241,426.85214,1759.2005,79.396606,690.45835,115.15746,242.24497,2051.5868
30.530531,2032.2819,2259.4406,316.8397,2278.3138,1577.5733,244.2626,700.92163,1363.6761,2384.6847,2402.0591,392.62711,2412.6119,2379.216,1208.1188,1991.0076,353.35054,1050.6906,2279.2404,1972.6465,2388.7557,1634.1784,89.053674,2114.7263,2325.51,1689.4536,1886.1155,1850.8537,977.63031,1633.1896,426.87101,1759.2706,79.400199,690.48839,115.16266,242.25583,2051.6674
30.630631,2032.3724,2259.5409,316.85211,2278.4131,1577.6356,244.25307,700.81979,1363.7169,2384.7742,2402.1512,392.64086,2412.6901,2379.2977,1208.1662,1991.0787,353.36522,1050.7329,2279.318,1972.7187,2388.8346,1634.2292,89.057606,2114.8037,2325.5929,1689.5151,1886.1829,1850.9238,977.67082,1633.2536,426.88949,1759.3392,79.403719,690.51781,115.16776,242.26646,2051.7461
30.730731,2032.4611,2259.6392,316.86427,2278.5105,1577.6965,244.24374,700.72001,1363.7569,2384.8618,2402.2412,392.65432,2412.7663,2379.3772,1208.2125,1991.1479,353.37959,1050.7742,2279.3936,1972.7891,2388.9114,1634.2787,89.061457,2114.8791,2325.6737,1689.5752,1886.2486,1850.9923,977.71043,1633.3161,426.90758,1759.4061,79.407167,690.54659,115.17275,242.27688,2051.8229
30.830831,2032.548,2259.7355,316.87619,2278.6058,1577.7563,244.23459,700.62225,1363.796,2384.9474,2402.3292,392.66747,2412.8404,2379.4546,1208.2578,1991.2154,353.39366,1050.8146,2279.4672,1972.8577,2388.9861,1634.3269,89.06523,2114.9527,2325.7524,1689.6338,1886.3127,1851.0591,977.74918,1633.3772,426.92529,1759.4714,79.410545,690.57476,115.17764,242.28708,2051.8978
30.930931,2032.6331,2259.8298,316.88785,2278.6992,1577.8148,244.22564,700.5265,1363.8342,2385.0311,2402.4151,392.68032,2412.9125,2379.5299,1208.302,1991.2811,353.40743,1050.8541,2279.5387,1972.9245,2389.0588,1634.374,89.068923,2115.0243,2325.8291,1689.6909,1886.3751,1851.1243,977.78705,1633.4368,426.94263,1759.5352,79.413852,690.60232,115.18242,242.29707,2051.971
31.031031,2032.7164,2259.9221,316.89927,2278.7906,1577.872,244.21686,700.43273,1363.8716,2385.1129,2402.4991,392.69288,2412.9826,2379.6032,1208.3452,1991.3451,353.4209,1050.8926,2279.6083,1972.9896,2389.1294,1634.4198,89.072539,2115.0941,2325.9036,1689.7465,1886.4359,1851.1879,977.82408,1633.495,426.95959,1759.5974,79.417091,690.62927,115.18711,242.30684,2052.0423
31.131131,2032.7979,2260.0125,316.91046,2278.8801,1577.9281,244.20827,700.34091,1363.9081,2385.1927,2402.581,392.70515,2413.0508,2379.6744,1208.3874,1991.4074,353.43407,1050.9303,2279.676,1973.053,2389.1981,1634.4645,89.076078,2115.1621,2325.9762,1689.8007,1886.4952,1851.2498,977.86026,1633.5518,426.97618,1759.6581,79.42026,690.65563,115.1917,242.31641,2052.1118
31.231231,2032.8777,2260.101,316.9214,2278.9676,1577.983,244.19986,700.25103,1363.9438,2385.2707,2402.6611,392.71714,2413.1169,2379.7437,1208.4285,1991.4679,353.44695,1050.967,2279.7416,1973.1146,2389.2647,1634.5081,89.079542,2115.2282,2326.0467,1689.8535,1886.5528,1851.3102,977.8956,1633.6072,426.99241,1759.7173,79.423363,690.68141,115.19619,242.32577,2052.1796
31.331331,2032.9558,2260.1876,316.93211,2279.0533,1578.0366,244.19163,700.16307,1363.9787,2385.3469,2402.7391,392.72883,2413.1812,2379.8109,1208.4686,1991.5268,353.45955,1051.0029,2279.8054,1973.1746,2389.3294,1634.5504,89.08293,2115.2925,2326.1152,1689.9049,1886.6089,1851.369,977.93012,1633.6611,427.00828,1759.775,79.426398,690.70659,115.20058,242.33493,2052.2456
31.431431,2033.0322,2260.2723,316.94259,2279.1372,1578.0891,244.18357,700.07702,1364.0128,2385.4211,2402.8153,392.74025,2413.2436,2379.8762,1208.5078,1991.5841,353.47185,1051.0378,2279.8673,1973.2329,2389.3921,1634.5916,89.086243,2115.355,2326.1817,1689.9549,1886.6634,1851.4263,977.96381,1633.7137,427.02379,1759.8312,79.429366,690.7312,115.20488,242.34388,2052.3099
31.531532,2033.107,2260.3551,316.95283,2279.2191,1578.1405,244.17569,699.99285,1364.046,2385.4936,2402.8895,392.75138,2413.304,2379.9395,1208.5459,1991.6396,353.48387,1051.0719,2279.9273,1973.2896,2389.4529,1634.6317,89.089483,2115.4158,2326.2463,1690.0035,1886.7163,1851.482,977.99669,1633.765,427.03895,1759.8859,79.432269,690.75523,115.20908,242.35263,2052.3725
31.631632,2033.18,2260.436,316.96285,2279.2993,1578.1906,244.16798,699.91056,1364.0785,2385.5643,2402.9618,392.76224,2413.3626,2380.0009,1208.583,1991.6936,353.49561,1051.1051,2279.9854,1973.3446,2389.5118,1634.6707,89.092649,2115.4748,2326.309,1690.0507,1886.7678,1851.5361,978.02877,1633.8149,427.05376,1759.9392,79.435106,690.77869,115.21318,242.36119,2052.4334
31.731732,2033.2514,2260.5151,316.97264,2279.3776,1578.2397,244.16045,699.83013,1364.1101,2385.6331,2403.0323,392.77282,2413.4192,2380.0604,1208.6192,1991.7458,353.50707,1051.1375,2280.0416,1973.398,2389.5688,1634.7085,89.095742,2115.532,2326.3697,1690.0966,1886.8177,1851.5887,978.06003,1633.8634,427.06821,1759.9911,79.437878,690.80159,115.21719,242.36954,2052.4925
31.831832,2033.3211,2260.5924,316.98219,2279.454,1578.2876,244.15309,699.75155,1364.141,2385.7002,2403.1009,392.78313,2413.474,2380.1179,1208.6544,1991.7965,353.51825,1051.169,2280.096,1973.4498,2389.6239,1634.7452,89.098763,2115.5875,2326.4284,1690.1411,1886.8661,1851.6398,978.0905,1633.9106,427.08232,1760.0414,79.440585,690.82392,115.22111,242.37769,2052.55
31.931932,2033.39,2260.6689,316.99165,2279.5297,1578.3349,244.14581,699.67379,1364.1715,2385.7665,2403.1686,392.79331,2413.528,2380.1746,1208.6891,1991.8465,353.52931,1051.2001,2280.1496,1973.5008,2389.6781,1634.7814,89.101751,2115.6422,2326.4863,1690.185,1886.9138,1851.6903,978.12062,1633.9572,427.09627,1760.0912,79.443264,690.846,115.22498,242.38576,2052.6067
32.032032,2033.4582,2260.7444,317.001,2279.6045,1578.3817,244.13861,699.59695,1364.2016,2385.8319,2403.2355,392.80335,2413.5811,2380.2303,1208.7234,1991.8956,353.54023,1051.2307,2280.2022,1973.551,2389.7314,1634.8171,89.104704,2115.696,2326.5433,1690.2282,1886.9608,1851.7399,978.15034,1634.0031,427.11005,1760.1402,79.44591,690.8678,115.22881,242.39373,2052.6626
32.132132,2033.525,2260.8185,317.01016,2279.6778,1578.4276,244.13155,699.52163,1364.2311,2385.8958,2403.3008,392.81317,2413.6326,2380.2845,1208.7569,1991.9434,353.55092,1051.2607,2280.2533,1973.5999,2389.7831,1634.8518,89.107596,2115.7484,2326.5986,1690.2703,1887.0065,1851.7884,978.1794,1634.0479,427.12354,1760.188,79.448504,690.88914,115.23256,242.40154,2052.7171
32.232232,2033.5905,2260.891,317.01913,2279.7496,1578.4725,244.12464,699.4478,1364.2599,2385.9583,2403.3646,392.82276,2413.6826,2380.3371,1208.7896,1991.9899,353.56139,1051.29,2280.3029,1973.6474,2389.8332,1634.8856,89.110431,2115.7993,2326.6524,1690.3113,1887.051,1851.8356,978.20781,1634.0917,427.13676,1760.2347,79.451045,690.91002,115.23624,242.40919,2052.7702
32.332332,2033.6546,2260.9621,317.02793,2279.8199,1578.5166,244.11785,699.37544,1364.2881,2386.0194,2403.427,392.83214,2413.7311,2380.3882,1208.8215,1992.0351,353.57163,1051.3186,2280.351,1973.6937,2389.8819,1634.9186,89.113207,2115.8489,2326.7047,1690.3512,1887.0944,1851.8816,978.2356,1634.1343,427.14969,1760.2802,79.453535,690.93046,115.23984,242.41668,2052.822
32.432432,2033.7175,2261.0318,317.03655,2279.8889,1578.5597,244.11121,699.30452,1364.3157,2386.0791,2403.4879,392.8413,2413.7782,2380.4377,1208.8526,1992.079,353.58166,1051.3465,2280.3977,1973.7387,2389.929,1634.9507,89.115928,2115.8971,2326.7555,1690.3901,1887.1365,1851.9264,978.26276,1634.176,427.16236,1760.3246,79.455975,690.95046,115.24337,242.42402,2052.8725
32.532533,2033.779,2261.1001,317.04499,2279.9564,1578.602,244.10469,699.23502,1364.3426,2386.1374,2403.5473,392.85025,2413.8238,2380.4858,1208.883,1992.1217,353.59147,1051.3738,2280.4429,1973.7824,2389.9747,1634.9819,89.118592,2115.944,2326.8047,1690.4279,1887.1774,1851.97,978.28931,1634.2166,427.17476,1760.3679,79.458365,690.97003,115.24682,242.43121,2052.9217
32.632633,2033.8394,2261.167,317.05327,2280.0226,1578.6434,244.09831,699.16692,1364.369,2386.1944,2403.6054,392.85899,2413.8681,2380.5325,1208.9127,1992.1631,353.60108,1051.4004,2280.4867,1973.825,2390.019,1635.0123,89.121202,2115.9896,2326.8526,1690.4647,1887.2173,1852.0125,978.31526,1634.2562,427.18689,1760.4101,79.460706,690.98917,115.25021,242.43825,2052.9696
32.732733,2033.8985,2261.2325,317.06137,2280.0874,1578.684,244.09205,699.10019,1364.3948,2386.2501,2403.662,392.86753,2413.9109,2380.5777,1208.9416,1992.2033,353.61047,1051.4264,2280.5292,1973.8663,2390.0619,1635.0418,89.123758,2116.0338,2326.8989,1690.5005,1887.2559,1852.0538,978.34061,1634.2948,427.19877,1760.4512,79.462999,691.00789,115.25353,242.44514,2053.0162
32.832833,2033.9564,2261.2967,317.06931,2280.1509,1578.7237,244.08592,699.03482,1364.42,2386.3044,2403.7173,392.87586,2413.9524,2380.6215,1208.9698,1992.2424,353.61967,1051.4518,2280.5703,1973.9064,2390.1033,1635.0705,89.12626,2116.0768,2326.9439,1690.5352,1887.2935,1852.0941,978.36538,1634.3324,427.2104,1760.4913,79.465245,691.0262,115.25677,242.45189,2053.0616
32.932933,2034.0131,2261.3595,317.07708,2280.2131,1578.7626,244.07992,698.97079,1364.4446,2386.3575,2403.7713,392.88399,2413.9925,2380.6639,1208.9973,1992.2803,353.62866,1051.4765,2280.61,1973.9453,2390.1434,1635.0985,89.128711,2116.1185,2326.9875,1690.569,1887.33,1852.1332,978.38957,1634.369,427.22177,1760.5303,79.467444,691.04411,115.25995,242.45849,2053.1058
33.033033,2034.0686,2261.4211,317.0847,2280.274,1578.8007,244.07403,698.90807,1364.4686,2386.4093,2403.8239,392.89193,2414.0313,2380.7049,1209.0242,1992.317,353.63745,1051.5006,2280.6484,1973.9831,2390.1821,1635.1256,89.131109,2116.159,2327.0297,1690.6019,1887.3654,1852.1713,978.41319,1634.4047,427.23289,1760.5683,79.469597,691.06161,115.26306,242.46495,2053.1488
33.133133,2034.123,2261.4813,317.09215,2280.3336,1578.8379,244.06827,698.84665,1364.4922,2386.4598,2403.8752,392.89967,2414.0687,2380.7446,1209.0503,1992.3525,353.64605,1051.5241,2280.6855,1974.0197,2390.2194,1635.1519,89.133457,2116.1982,2327.0705,1690.6337,1887.3997,1852.2083,978.43626,1634.4395,427.24377,1760.6052,79.471704,691.07872,115.26611,242.47128,2053.1906
33.233233,2034.1762,2261.5403,317.09945,2280.3919,1578.8744,244.06263,698.78652,1364.5151,2386.5091,2403.9253,392.90722,2414.1049,2380.783,1209.0757,1992.387,353.65445,1051.547,2280.7213,1974.0552,2390.2555,1635.1775,89.135755,2116.2362,2327.11,1690.6647,1887.433,1852.2442,978.45877,1634.4733,427.25441,1760.6412,79.473767,691.09544,115.26909,242.47747,2053.2312
33.333333,2034.2283,2261.598,317.10659,2280.449,1578.9101,244.0571,698.72765,1364.5375,2386.5572,2403.974,392.91458,2414.1398,2380.82,1209.1005,1992.4203,353.66266,1051.5693,2280.7559,1974.0895,2390.2902,1635.2023,89.138002,2116.273,2327.1482,1690.6946,1887.4653,1852.2791,978.48073,1634.5062,427.26481,1760.6762,79.475785,691.11177,115.27201,242.48352,2053.2707
33.433433,2034.2792,2261.6545,317.11357,2280.5049,1578.9451,244.05169,698.67004,1364.5594,2386.6041,2404.0215,392.92176,2414.1734,2380.8558,1209.1247,1992.4525,353.67069,1051.5911,2280.7891,1974.1228,2390.3237,1635.2263,89.140201,2116.3087,2327.185,1690.7237,1887.4965,1852.313,978.50215,1634.5382,427.27498,1760.7102,79.47776,691.12772,115.27486,242.48944,2053.309
33.533534,2034.3291,2261.7098,317.12041,2280.5596,1578.9792,244.0464,698.61366,1364.5807,2386.6498,2404.0677,392.92875,2414.2058,2380.8902,1209.1481,1992.4836,353.67852,1051.6123,2280.8212,1974.1549,2390.3558,1635.2496,89.142351,2116.3431,2327.2206,1690.7518,1887.5267,1852.3458,978.52304,1634.5693,427.28491,1760.7432,79.479692,691.1433,115.27766,242.49523,2053.3462
33.633634,2034.3779,2261.7638,317.12709,2280.613,1579.0126,244.04122,698.55851,1364.6016,2386.6943,2404.1128,392.93555,2414.2369,2380.9234,1209.171,1992.5137,353.68618,1051.6328,2280.8519,1974.186,2390.3867,1635.2721,89.144453,2116.3764,2327.2549,1690.7791,1887.5558,1852.3776,978.54341,1634.5995,427.29461,1760.7752,79.48158,691.1585,115.28039,242.50089,2053.3822
33.733734,2034.4256,2261.8167,317.13363,2280.6653,1579.0453,244.03616,698.50458,1364.6219,2386.7377,2404.1565,392.94218,2414.2668,2380.9552,1209.1931,1992.5426,353.69365,1051.6529,2280.8815,1974.216,2390.4163,1635.2939,89.146508,2116.4085,2327.2879,1690.8054,1887.584,1852.4085,978.56324,1634.6288,427.30409,1760.8064,79.483426,691.17334,115.28305,242.50641,2053.4172
33.833834,2034.4722,2261.8683,317.14001,2280.7164,1579.0772,244.0312,698.45185,1364.6417,2386.7799,2404.1991,392.94862,2414.2954,2380.9859,1209.2147,1992.5705,353.70094,1051.6723,2280.9098,1974.245,2390.4447,1635.315,89.148515,2116.4395,2327.3196,1690.8309,1887.6112,1852.4383,978.58256,1634.6573,427.31333,1760.8365,79.48523,691.18781,115.28566,242.51181,2053.4511
33.933934,2034.5177,2261.9188,317.14626,2280.7663,1579.1084,244.02636,698.40031,1364.6609,2386.8209,2404.2405,392.95489,2414.3229,2381.0153,1209.2356,1992.5974,353.70805,1051.6913,2280.9369,1974.2729,2390.4719,1635.3354,89.150475,2116.4694,2327.3501,1690.8555,1887.6374,1852.4672,978.60137,1634.6849,427.32236,1760.8658,79.486993,691.20191,115.28821,242.51709,2053.4838
34.034034,2034.5623,2261.9683,317.15237,2280.8152,1579.1389,244.02161,698.34979,1364.6798,2386.861,2404.2809,392.961,2414.3493,2381.0436,1209.256,1992.6233,353.715,1051.7097,2280.963,1974.2999,2390.498,1635.3551,89.152396,2116.4983,2327.3796,1690.8793,1887.6628,1852.4952,978.61974,1634.7117,427.33119,1760.8942,79.48872,691.21571,115.2907,242.52225,2053.5157
34.134134,2034.6067,2262.0175,317.15845,2280.8638,1579.1693,244.01689,698.29956,1364.6985,2386.9008,2404.3209,392.96706,2414.3755,2381.0716,1209.2762,1992.649,353.72191,1051.728,2280.9888,1974.3266,2390.5237,1635.3747,89.154305,2116.5269,2327.4087,1690.9029,1887.688,1852.523,978.63797,1634.7383,427.33997,1760.9224,79.490436,691.22942,115.29318,242.52738,2053.5472
34.234234,2034.6502,2262.0656,317.16441,2280.9114,1579.1991,244.01227,698.25033,1364.7168,2386.9396,2404.36,392.97298,2414.4006,2381.0986,1209.2959,1992.6738,353.72868,1051.7458,2281.0136,1974.3524,2390.5485,1635.3936,89.156175,2116.5546,2327.4367,1690.9258,1887.7123,1852.5499,978.65578,1634.7643,427.34856,1760.9499,79.492118,691.24282,115.29561,242.53241,2053.5779
34.334334,2034.6928,2262.1129,317.17025,2280.9581,1579.2282,244.00773,698.20207,1364.7347,2386.9776,2404.3981,392.97875,2414.4247,2381.1246,1209.3151,1992.6978,353.73529,1051.7632,2281.0374,1974.3774,2390.5722,1635.412,89.158007,2116.5813,2327.4638,1690.9479,1887.7358,1852.576,978.67317,1634.7895,427.35696,1760.9765,79.493766,691.25593,115.29799,242.53733,2053.6076
34.434434,2034.7346,2262.1591,317.17597,2281.0038,1579.2568,244.00328,698.15477,1364.7522,2387.0146,2404.4353,392.98437,2414.4478,2381.1495,1209.3337,1992.7209,353.74176,1051.7802,2281.0602,1974.4015,2390.5949,1635.4298,89.159801,2116.6071,2327.4898,1690.9693,1887.7585,1852.6014,978.69015,1634.814,427.36519,1761.0024,79.495381,691.26875,115.30032,242.54215,2053.6365
34.534535,2034.7755,2262.2045,317.18158,2281.0486,1579.2848,243.99892,698.1084,1364.7693,2387.0507,2404.4715,392.98986,2414.47,2381.1735,1209.3519,1992.7432,353.74809,1051.7967,2281.082,1974.4248,2390.6166,1635.447,89.161559,2116.632,2327.5148,1690.9901,1887.7804,1852.626,978.70672,1634.8378,427.37324,1761.0276,79.496962,691.28128,115.3026,242.54687,2053.6645
34.634635,2034.8156,2262.2489,317.18707,2281.0925,1579.3122,243.99465,698.06296,1364.7859,2387.0859,2404.5067,392.9952,2414.4913,2381.1965,1209.3696,1992.7646,353.75428,1051.8127,2281.1029,1974.4472,2390.6374,1635.4637,89.16328,2116.6561,2327.5389,1691.0101,1887.8016,1852.6498,978.7229,1634.861,427.38112,1761.0521,79.498512,691.29354,115.30484,242.55149,2053.6917
34.734735,2034.8549,2262.2924,317.19245,2281.1356,1579.339,243.99046,698.01843,1364.8022,2387.1203,2404.5411,393.00041,2414.5116,2381.2185,1209.3868,1992.7853,353.76034,1051.8284,2281.1229,1974.4689,2390.6572,1635.4798,89.164966,2116.6792,2327.562,1691.0295,1887.822,1852.6728,978.73868,1634.8835,427.38882,1761.0758,79.500029,691.30552,115.30703,242.55602,2053.718
34.834835,2034.8934,2262.3351,317.19773,2281.1777,1579.3653,243.98635,697.97478,1364.8182,2387.1538,2404.5746,393.00549,2414.531,2381.2396,1209.4035,1992.8051,353.76626,1051.8436,2281.142,1974.4897,2390.6761,1635.4953,89.166617,2116.7015,2327.5842,1691.0482,1887.8417,1852.6952,978.75408,1634.9053,427.39636,1761.0989,79.501516,691.31722,115.30918,242.56045,2053.7436
34.934935,2034.9311,2262.3769,317.20289,2281.219,1579.3911,243.98232,697.93201,1364.8337,2387.1865,2404.6072,393.01043,2414.5495,2381.2598,1209.4198,1992.8242,353.77205,1051.8584,2281.1602,1974.5098,2390.6941,1635.5104,89.168234,2116.723,2327.6054,1691.0663,1887.8607,1852.7168,978.76911,1634.9265,427.40374,1761.1212,79.502972,691.32867,115.31128,242.56479,2053.7683
35.035035,2034.9681,2262.4178,317.20795,2281.2594,1579.4163,243.97838,697.89009,1364.8489,2387.2183,2404.6389,393.01524,2414.5672,2381.2791,1209.4356,1992.8425,353.77771,1051.8728,2281.1775,1974.5291,2390.7112,1635.5249,89.169817,2116.7437,2327.6258,1691.0838,1887.8789,1852.7376,978.78377,1634.9471,427.41095,1761.1429,79.504399,691.33985,115.31334,242.56903,2053.7922
35.135135,2035.0043,2262.4579,317.21291,2281.2991,1579.441,243.97451,697.84902,1364.8637,2387.2494,2404.6698,393.01993,2414.584,2381.2976,1209.4509,1992.8601,353.78324,1051.8869,2281.194,1974.5477,2390.7274,1635.5389,89.171367,2116.7636,2327.6453,1691.1006,1887.8965,1852.7578,978.79806,1634.9671,427.41801,1761.1639,79.505795,691.35078,115.31536,242.57319,2053.8154
35.235235,2035.0398,2262.4972,317.21777,2281.3379,1579.4652,243.97072,697.80879,1364.8782,2387.2796,2404.6999,393.02449,2414.5999,2381.3151,1209.4658,1992.8769,353.78865,1051.9005,2281.2096,1974.5655,2390.7428,1635.5523,89.172884,2116.7826,2327.6638,1691.1168,1887.9133,1852.7773,978.81199,1634.9865,427.42491,1761.1843,79.507163,691.36145,115.31733,242.57725,2053.8378
35.335335,2035.0745,2262.5356,317.22252,2281.3759,1579.4889,243.967,697.76937,1364.8923,2387.3091,2404.7292,393.02892,2414.615,2381.3318,1209.4803,1992.8931,353.79393,1051.9138,2281.2243,1974.5826,2390.7572,1635.5653,89.174369,2116.8009,2327.6816,1691.1323,1887.9295,1852.7962,978.82558,1635.0053,427.43165,1761.204,79.508502,691.37188,115.31926,242.58123,2053.8595
35.435435,2035.1085,2262.5733,317.22718,2281.4131,1579.5121,243.96337,697.73075,1364.9061,2387.3378,2404.7576,393.03324,2414.6293,2381.3476,1209.4944,1992.9084,353.7991,1051.9266,2281.2383,1974.599,2390.7709,1635.5778,89.175823,2116.8184,2327.6984,1691.1473,1887.9451,1852.8143,978.83881,1635.0235,427.43825,1761.2231,79.509813,691.38206,115.32115,242.58513,2053.8804
35.535536,2035.1419,2262.6102,317.23174,2281.4495,1579.5348,243.9598,697.69293,1364.9195,2387.3658,2404.7853,393.03743,2414.6428,2381.3626,1209.508,1992.9231,353.80414,1051.9391,2281.2514,1974.6147,2390.7837,1635.5898,89.177246,2116.8352,2327.7145,1691.1617,1887.9599,1852.8318,978.85171,1635.0411,427.44469,1761.2416,79.511096,691.39201,115.323,242.58894,2053.9006
35.635636,2035.1745,2262.6463,317.2362,2281.4851,1579.5571,243.95631,697.65589,1364.9326,2387.393,2404.8121,393.04151,2414.6554,2381.3768,1209.5212,1992.9371,353.80906,1051.9513,2281.2637,1974.6296,2390.7957,1635.6014,89.178638,2116.8512,2327.7297,1691.1755,1887.9741,1852.8487,978.86426,1635.0582,427.45099,1761.2594,79.512352,691.40171,115.32482,242.59266,2053.92
35.735736,2035.2064,2262.6816,317.24057,2281.52,1579.5788,243.95289,697.61962,1364.9454,2387.4195,2404.8382,393.04547,2414.6673,2381.3902,1209.534,1992.9504,353.81387,1051.9631,2281.2752,1974.6439,2390.8068,1635.6125,89.179999,2116.8664,2327.7441,1691.1888,1887.9877,1852.8649,978.87649,1635.0747,427.45714,1761.2766,79.513581,691.41119,115.32659,242.59631,2053.9388
35.835836,2035.2377,2262.7162,317.24484,2281.5542,1579.6001,243.94954,697.58411,1364.9579,2387.4452,2404.8636,393.04931,2414.6784,2381.4027,1209.5464,1992.9631,353.81857,1051.9745,2281.286,1974.6575,2390.8172,1635.6231,89.181331,2116.8809,2327.7577,1691.2014,1888.0007,1852.8805,978.88839,1635.0906,427.46315,1761.2933,79.514784,691.42043,115.32832,242.59987,2053.9569
35.935936,2035.2683,2262.7501,317.24903,2281.5876,1579.6209,243.94626,697.54935,1364.97,2387.4703,2404.8882,393.05304,2414.6887,2381.4145,1209.5584,1992.975,353.82315,1051.9856,2281.296,1974.6704,2390.8268,1635.6332,89.182633,2116.8948,2327.7704,1691.2135,1888.013,1852.8954,978.89997,1635.106,427.46902,1761.3093,79.51596,691.42945,115.33002,242.60335,2053.9743
36.036036,2035.2982,2262.7832,317.25312,2281.6203,1579.6413,243.94305,697.51533,1364.9819,2387.4946,2404.912,393.05666,2414.6983,2381.4255,1209.5701,1992.9863,353.82762,1051.9963,2281.3052,1974.6827,2390.8356,1635.6429,89.183907,2116.9078,2327.7825,1691.2251,1888.0247,1852.9097,978.91123,1635.1209,427.47475,1761.3248,79.51711,691.43824,115.33168,242.60676,2053.991
36.136136,2035.3275,2262.8156,317.25712,2281.6523,1579.6612,243.93991,697.48205,1364.9934,2387.5182,2404.9351,393.06016,2414.7071,2381.4357,1209.5813,1992.997,353.83198,1052.0067,2281.3137,1974.6943,2390.8436,1635.6522,89.185151,2116.9202,2327.7937,1691.2361,1888.0358,1852.9235,978.92217,1635.1352,427.48034,1761.3397,79.518235,691.4468,115.3333,242.61008,2054.007
36.236236,2035.3564,2262.8476,317.26108,2281.6839,1579.6809,243.9368,697.44915,1365.0047,2387.5415,2404.9579,393.06361,2414.7155,2381.4455,1209.5923,1993.0073,353.83628,1052.0169,2281.3217,1974.7055,2390.8512,1635.6612,89.186381,2116.9322,2327.8045,1691.2468,1888.0465,1852.9369,978.93294,1635.1493,427.48586,1761.3543,79.519346,691.45525,115.3349,242.61337,2054.0226
36.336336,2035.3849,2262.8791,317.26497,2281.7149,1579.7002,243.93374,697.41679,1365.0159,2387.5643,2404.9801,393.06697,2414.7234,2381.4547,1209.603,1993.0171,353.8405,1052.0268,2281.3292,1974.7163,2390.8582,1635.6698,89.187589,2116.9437,2327.8147,1691.2571,1888.0568,1852.9498,978.94348,1635.1629,427.49128,1761.3685,79.520439,691.46354,115.33647,242.61659,2054.0378
36.436436,2035.4128,2262.9099,317.26878,2281.7454,1579.7192,243.93075,697.38505,1365.0267,2387.5865,2405.0017,393.07024,2414.7306,2381.4633,1209.6134,1993.0263,353.84463,1052.0365,2281.336,1974.7265,2390.8646,1635.6781,89.188773,2116.9546,2327.8242,1691.267,1888.0666,1852.9622,978.95374,1635.1761,427.49658,1761.3821,79.52151,691.47163,115.33802,242.61975,2054.0524
36.536537,2035.4401,2262.9402,317.27252,2281.7752,1579.7378,243.92781,697.35393,1365.0373,2387.6081,2405.0227,393.07341,2414.7372,2381.4712,1209.6234,1993.035,353.84866,1052.0458,2281.3422,1974.7361,2390.8703,1635.6861,89.189933,2116.9649,2327.8331,1691.2764,1888.0759,1852.9742,978.96374,1635.1888,427.50177,1761.3953,79.522559,691.47953,115.33953,242.62285,2054.0664
36.636637,2035.4669,2262.9698,317.27618,2281.8045,1579.756,243.92492,697.32342,1365.0477,2387.6291,2405.043,393.07649,2414.7431,2381.4784,1209.6332,1993.0432,353.8526,1052.0549,2281.3478,1974.7452,2390.8753,1635.6936,89.191068,2116.9746,2327.8413,1691.2853,1888.0847,1852.9856,978.97347,1635.2011,427.50684,1761.408,79.523587,691.48725,115.34101,242.62588,2054.0798
36.736737,2035.4932,2262.9988,317.27977,2281.8331,1579.7738,243.92209,697.2935,1365.0578,2387.6496,2405.0628,393.07948,2414.7485,2381.4851,1209.6426,1993.0508,353.85645,1052.0637,2281.3528,1974.7538,2390.8797,1635.7008,89.192181,2116.9837,2327.8489,1691.2938,1888.0929,1852.9965,978.98295,1635.213,427.5118,1761.4202,79.524594,691.49479,115.34246,242.62885,2054.0927
36.836837,2035.5189,2263.0273,317.28329,2281.8612,1579.7913,243.91932,697.26416,1365.0676,2387.6695,2405.082,393.08238,2414.7532,2381.4911,1209.6517,1993.0579,353.86022,1052.0722,2281.3571,1974.7618,2390.8835,1635.7076,89.193271,2116.9923,2327.8559,1691.3018,1888.1007,1853.0069,978.99218,1635.2244,427.51665,1761.432,79.525581,691.50215,115.34388,242.63175,2054.105
36.936937,2035.5441,2263.0552,317.28674,2281.8888,1579.8084,243.9166,697.23539,1365.0772,2387.6888,2405.1006,393.08519,2414.7573,2381.4965,1209.6605,1993.0645,353.8639,1052.0805,2281.3609,1974.7693,2390.8867,1635.7141,89.194338,2117.0003,2327.8622,1691.3094,1888.108,1853.0169,979.00116,1635.2354,427.52139,1761.4433,79.526548,691.50934,115.34527,242.6346,2054.1169
37.037037,2035.5689,2263.0826,317.29012,2281.9158,1579.8252,243.91393,697.20719,1365.0866,2387.7077,2405.1187,393.08792,2414.7609,2381.5013,1209.669,1993.0706,353.86749,1052.0885,2281.364,1974.7764,2390.8893,1635.7202,89.195383,2117.0077,2327.868,1691.3166,1888.1148,1853.0263,979.00989,1635.246,427.52603,1761.4542,79.527496,691.51636,115.34664,242.63738,2054.1282
37.137137,2035.5931,2263.1094,317.29343,2281.9422,1579.8416,243.91131,697.17953,1365.0958,2387.726,2405.1362,393.09056,2414.7639,2381.5055,1209.6772,1993.0762,353.871,1052.0962,2281.3666,1974.7829,2390.8913,1635.726,89.196407,2117.0147,2327.8731,1691.3234,1888.1212,1853.0353,979.01839,1635.2562,427.53056,1761.4646,79.528424,691.52321,115.34797,242.64011,2054.1389
37.237237,2035.6169,2263.1357,317.29668,2281.9681,1579.8577,243.90875,697.15242,1365.1047,2387.7438,2405.1532,393.09312,2414.7663,2381.5092,1209.6851,1993.0813,353.87443,1052.1037,2281.3686,1974.7889,2390.8927,1635.7315,89.197409,2117.021,2327.8777,1691.3298,1888.1271,1853.0439,979.02665,1635.266,427.53499,1761.4746,79.529333,691.52989,115.34928,242.64277,2054.1492
37.337337,2035.6401,2263.1614,317.29986,2281.9935,1579.8735,243.90623,697.12584,1365.1134,2387.7611,2405.1697,393.09559,2414.7682,2381.5122,1209.6927,1993.0859,353.87778,1052.1109,2281.3701,1974.7944,2390.8936,1635.7366,89.198391,2117.0269,2327.8816,1691.3357,1888.1325,1853.052,979.03468,1635.2754,427.53932,1761.4842,79.530224,691.53641,115.35056,242.64538,2054.159
37.437437,2035.663,2263.1866,317.30298,2282.0184,1579.8889,243.90376,697.09979,1365.1218,2387.7779,2405.1856,393.09799,2414.7695,2381.5147,1209.7001,1993.0901,353.88105,1052.1179,2281.371,1974.7995,2390.8939,1635.7414,89.199351,2117.0323,2327.885,1691.3413,1888.1375,1853.0597,979.04248,1635.2844,427.54355,1761.4934,79.531096,691.54277,115.35182,242.64794,2054.1683
37.537538,2035.6853,2263.2114,317.30603,2282.0427,1579.9041,243.90134,697.07425,1365.1301,2387.7943,2405.201,393.1003,2414.7703,2381.5167,1209.7071,1993.0938,353.88424,1052.1247,2281.3714,1974.804,2390.8936,1635.7459,89.200292,2117.0371,2327.8879,1691.3465,1888.1421,1853.0669,979.05005,1635.293,427.54769,1761.5021,79.53195,691.54897,115.35305,242.65044,2054.1771
37.637638,2035.7072,2263.2356,317.30902,2282.0666,1579.9189,243.89897,697.04923,1365.1381,2387.8101,2405.2159,393.10254,2414.7706,2381.5181,1209.7139,1993.097,353.88735,1052.1312,2281.3712,1974.8082,2390.8928,1635.7501,89.201212,2117.0415,2327.8902,1691.3512,1888.1463,1853.0737,979.05741,1635.3013,427.55173,1761.5105,79.532787,691.55502,115.35425,242.65288,2054.1854
37.737738,2035.7286,2263.2593,317.31195,2282.09,1579.9334,243.89664,697.0247,1365.1459,2387.8255,2405.2304,393.1047,2414.7703,2381.519,1209.7204,1993.0997,353.89039,1052.1374,2281.3705,1974.8118,2390.8914,1635.7539,89.202113,2117.0454,2327.8919,1691.3557,1888.15,1853.0801,979.06454,1635.3092,427.55567,1761.5184,79.533606,691.56091,115.35543,242.65528,2054.1933
37.837838,2035.7496,2263.2825,317.31482,2282.1128,1579.9476,243.89436,697.00067,1365.1536,2387.8404,2405.2443,393.10678,2414.7695,2381.5193,1209.7267,1993.1021,353.89335,1052.1434,2281.3693,1974.815,2390.8895,1635.7575,89.202995,2117.0487,2327.8931,1691.3597,1888.1533,1853.0861,979.07146,1635.3167,427.55952,1761.526,79.534407,691.56665,115.35658,242.65761,2054.2007
37.937938,2035.7702,2263.3052,317.31762,2282.1352,1579.9615,243.89213,696.97713,1365.161,2387.8548,2405.2577,393.10879,2414.7682,2381.5191,1209.7327,1993.1039,353.89624,1052.1492,2281.3676,1974.8178,2390.887,1635.7607,89.203857,2117.0516,2327.8938,1691.3634,1888.1562,1853.0916,979.07817,1635.3239,427.56328,1761.5331,79.535192,691.57224,115.35771,242.6599,2054.2076
38.038038,2035.7903,2263.3275,317.32037,2282.1572,1579.9751,243.88994,696.95408,1365.1682,2387.8688,2405.2707,393.11072,2414.7664,2381.5184,1209.7384,1993.1054,353.89906,1052.1548,2281.3653,1974.8201,2390.8841,1635.7637,89.2047,2117.0541,2327.8939,1691.3667,1888.1586,1853.0968,979.08466,1635.3306,427.56695,1761.5399,79.535959,691.57768,115.35881,242.66214,2054.2141
38.138138,2035.81,2263.3493,317.32306,2282.1786,1579.9884,243.8878,696.9315,1365.1752,2387.8824,2405.2832,393.11258,2414.7642,2381.5172,1209.7438,1993.1064,353.9018,1052.1601,2281.3626,1974.822,2390.8806,1635.7663,89.205524,2117.056,2327.8935,1691.3696,1888.1607,1853.1015,979.09095,1635.3371,427.57053,1761.5463,79.53671,691.58298,115.35989,242.66432,2054.2201
38.238238,2035.8292,2263.3706,317.3257,2282.1996,1580.0014,243.88569,696.90939,1365.182,2387.8955,2405.2952,393.11436,2414.7614,2381.5155,1209.7491,1993.107,353.90447,1052.1653,2281.3593,1974.8234,2390.8766,1635.7687,89.20633,2117.0575,2327.8926,1691.3722,1888.1624,1853.1059,979.09703,1635.3432,427.57402,1761.5523,79.537445,691.58813,115.36095,242.66646,2054.2257
38.338338,2035.8482,2263.3916,317.32828,2282.2203,1580.0142,243.88363,696.88766,1365.1887,2387.9082,2405.3068,393.11609,2414.7582,2381.5134,1209.7541,1993.1072,353.90709,1052.1702,2281.3557,1974.8245,2390.8722,1635.7708,89.207121,2117.0586,2327.8913,1691.3745,1888.1637,1853.1099,979.10295,1635.349,427.57744,1761.5581,79.538167,691.59317,115.36198,242.66855,2054.2309
38.438438,2035.8669,2263.4123,317.33084,2282.2407,1580.0269,243.88159,696.86617,1365.1952,2387.9208,2405.3183,393.11777,2414.7547,2381.511,1209.7589,1993.1072,353.90967,1052.175,2281.3518,1974.8254,2390.8676,1635.7728,89.207903,2117.0595,2327.8897,1691.3766,1888.1649,1853.1137,979.10876,1635.3546,427.58082,1761.5636,79.53888,691.59813,115.36301,242.67062,2054.2359
38.538539,2035.8852,2263.4326,317.33335,2282.2607,1580.0393,243.87958,696.84509,1365.2016,2387.9329,2405.3293,393.1194,2414.7509,2381.5081,1209.7636,1993.1068,353.91219,1052.1796,2281.3474,1974.8259,2390.8624,1635.7745,89.208669,2117.06,2327.8876,1691.3783,1888.1656,1853.1172,979.1144,1635.36,427.58411,1761.5688,79.539578,691.60297,115.36401,242.67264,2054.2406
38.638639,2035.9032,2263.4525,317.33581,2282.2803,1580.0514,243.87762,696.82441,1365.2078,2387.9447,2405.3399,393.12095,2414.7466,2381.5048,1209.768,1993.1061,353.91464,1052.1841,2281.3426,1974.826,2390.8569,1635.776,89.209418,2117.0601,2327.8851,1691.3798,1888.1661,1853.1203,979.11986,1635.365,427.58733,1761.5737,79.540263,691.60769,115.36499,242.67463,2054.2448
38.738739,2035.9209,2263.472,317.33822,2282.2995,1580.0633,243.87568,696.80412,1365.2139,2387.9561,2405.3501,393.12245,2414.7418,2381.5011,1209.7723,1993.105,353.91704,1052.1883,2281.3374,1974.8258,2390.8509,1635.7772,89.210153,2117.0597,2327.8822,1691.381,1888.1662,1853.1231,979.12515,1635.3698,427.59048,1761.5782,79.540934,691.61229,115.36596,242.67657,2054.2487
38.838839,2035.9382,2263.4911,317.34058,2282.3183,1580.075,243.87379,696.78422,1365.2197,2387.9672,2405.36,393.12389,2414.7367,2381.497,1209.7763,1993.1036,353.91938,1052.1924,2281.3318,1974.8252,2390.8444,1635.7782,89.210872,2117.059,2327.8789,1691.3819,1888.166,1853.1256,979.13028,1635.3742,427.59356,1761.5825,79.541592,691.61677,115.3669,242.67847,2054.2522
38.938939,2035.9551,2263.5099,317.34289,2282.3368,1580.0864,243.87193,696.7647,1365.2255,2387.9779,2405.3694,393.12527,2414.7312,2381.4924,1209.7801,1993.1018,353.92166,1052.1963,2281.3257,1974.8242,2390.8376,1635.779,89.211576,2117.058,2327.8751,1691.3825,1888.1654,1853.1277,979.13523,1635.3784,427.59656,1761.5864,79.542236,691.62114,115.36783,242.68032,2054.2553
39.039039,2035.9718,2263.5283,317.34516,2282.3549,1580.0976,243.87011,696.74555,1365.231,2387.9882,2405.3785,393.12659,2414.7253,2381.4875,1209.7837,1993.0997,353.92389,1052.2,2281.3193,1974.8229,2390.8303,1635.7795,89.212266,2117.0565,2327.8709,1691.3828,1888.1645,1853.1296,979.14003,1635.3823,427.5995,1761.5901,79.542867,691.62538,115.36873,242.68214,2054.2581
39.139139,2035.9881,2263.5463,317.34739,2282.3726,1580.1086,243.86832,696.72678,1365.2365,2387.9982,2405.3873,393.12785,2414.719,2381.4821,1209.7871,1993.0972,353.92606,1052.2035,2281.3124,1974.8213,2390.8226,1635.7798,89.212941,2117.0547,2327.8663,1691.3828,1888.1633,1853.1311,979.14466,1635.3859,427.60236,1761.5934,79.543485,691.62952,115.36962,242.68392,2054.2606
39.239239,2036.004,2263.564,317.34957,2282.39,1580.1193,243.86656,696.70836,1365.2417,2388.0079,2405.3957,393.12905,2414.7123,2381.4764,1209.7903,1993.0944,353.92817,1052.2069,2281.3052,1974.8193,2390.8146,1635.7799,89.213602,2117.0525,2327.8613,1691.3825,1888.1618,1853.1323,979.14913,1635.3892,427.60516,1761.5965,79.544091,691.63354,115.37049,242.68566,2054.2627
39.339339,2036.0197,2263.5813,317.35171,2282.407,1580.1298,243.86484,696.69031,1365.2469,2388.0172,2405.4037,393.1302,2414.7052,2381.4702,1209.7933,1993.0912,353.93023,1052.2101,2281.2976,1974.817,2390.8061,1635.7797,89.214248,2117.05,2327.8559,1691.382,1888.16,1853.1332,979.15345,1635.3923,427.60788,1761.5993,79.544684,691.63746,115.37134,242.68737,2054.2644
39.439439,2036.035,2263.5982,317.3538,2282.4237,1580.1402,243.86315,696.6726,1365.2518,2388.0263,2405.4114,393.13129,2414.6977,2381.4637,1209.7961,1993.0878,353.93224,1052.2131,2281.2896,1974.8144,2390.7972,1635.7793,89.214881,2117.0471,2327.85,1691.3812,1888.1579,1853.1338,979.15761,1635.3951,427.61055,1761.6018,79.545265,691.64127,115.37217,242.68903,2054.2658
39.53954,2036.05,2263.6148,317.35585,2282.44,1580.1502,243.86149,696.65525,1365.2567,2388.0349,2405.4187,393.13232,2414.6899,2381.4568,1209.7987,1993.084,353.9342,1052.2159,2281.2812,1974.8114,2390.788,1635.7787,89.2155,2117.0438,2327.8438,1691.3801,1888.1555,1853.1341,979.16162,1635.3977,427.61314,1761.604,79.545834,691.64497,115.37298,242.69066,2054.2669
39.63964,2036.0647,2263.6311,317.35786,2282.456,1580.1601,243.85987,696.63823,1365.2614,2388.0433,2405.4257,393.1333,2414.6817,2381.4495,1209.8012,1993.0799,353.9361,1052.2186,2281.2724,1974.8081,2390.7783,1635.7779,89.216106,2117.0402,2327.8372,1691.3788,1888.1527,1853.1341,979.16548,1635.4,427.61568,1761.6059,79.546391,691.64856,115.37378,242.69225,2054.2677
39.73974,2036.0791,2263.6471,317.35983,2282.4717,1580.1698,243.85827,696.62156,1365.2659,2388.0514,2405.4324,393.13423,2414.6732,2381.4419,1209.8034,1993.0755,353.93795,1052.2212,2281.2633,1974.8045,2390.7683,1635.7769,89.216699,2117.0363,2327.8303,1691.3772,1888.1497,1853.1338,979.16919,1635.402,427.61814,1761.6076,79.546936,691.65205,115.37456,242.69381,2054.2681
39.83984,2036.0932,2263.6627,317.36175,2282.487,1580.1793,243.85671,696.60522,1365.2703,2388.0591,2405.4387,393.13511,2414.6642,2381.4338,1209.8055,1993.0708,353.93975,1052.2235,2281.2538,1974.8006,2390.7579,1635.7756,89.217278,2117.032,2327.8229,1691.3753,1888.1464,1853.1332,979.17275,1635.4038,427.62055,1761.609,79.547469,691.65544,115.37533,242.69533,2054.2682
39.93994,2036.107,2263.678,317.36364,2282.5021,1580.1885,243.85518,696.58922,1365.2746,2388.0665,2405.4447,393.13593,2414.655,2381.4254,1209.8074,1993.0657,353.9415,1052.2257,2281.244,1974.7963,2390.7471,1635.7742,89.217844,2117.0274,2327.8152,1691.3732,1888.1428,1853.1324,979.17617,1635.4054,427.62289,1761.6101,79.547991,691.65872,115.37607,242.69681,2054.268
40.04004,2036.1205,2263.6929,317.36548,2282.5167,1580.1976,243.85368,696.57354,1365.2787,2388.0737,2405.4504,393.1367,2414.6454,2381.4167,1209.8091,1993.0604,353.9432,1052.2278,2281.2337,1974.7918,2390.736,1635.7725,89.218397,2117.0225,2327.8071,1691.3708,1888.1389,1853.1312,979.17944,1635.4067,427.62517,1761.6109,79.548501,691.66191,115.3768,242.69826,2054.2675
40.14014,2036.1337,2263.7075,317.36729,2282.5311,1580.2065,243.85221,696.55819,1365.2827,2388.0805,2405.4558,393.13742,2414.6354,2381.4076,1209.8106,1993.0548,353.94485,1052.2297,2281.2232,1974.7869,2390.7245,1635.7707,89.218937,2117.0172,2327.7986,1691.3682,1888.1348,1853.1298,979.18257,1635.4077,427.62739,1761.6115,79.549,691.66499,115.37752,242.69967,2054.2667
40.24024,2036.1467,2263.7219,317.36905,2282.5452,1580.2151,243.85077,696.54316,1365.2866,2388.087,2405.4608,393.13808,2414.6251,2381.3981,1209.8119,1993.0488,353.94645,1052.2314,2281.2122,1974.7818,2390.7126,1635.7686,89.219465,2117.0117,2327.7898,1691.3653,1888.1303,1853.1281,979.18555,1635.4085,427.62955,1761.6119,79.549488,691.66798,115.37821,242.70105,2054.2656
40.34034,2036.1593,2263.7359,317.37078,2282.5589,1580.2236,243.84936,696.52846,1365.2903,2388.0932,2405.4655,393.1387,2414.6144,2381.3883,1209.8131,1993.0426,353.94801,1052.233,2281.201,1974.7763,2390.7004,1635.7663,89.21998,2117.0057,2327.7806,1691.3621,1888.1256,1853.1261,979.1884,1635.4091,427.63165,1761.6119,79.549964,691.67086,115.37889,242.7024,2054.2641
40.44044,2036.1716,2263.7495,317.37247,2282.5723,1580.2319,243.84798,696.51407,1365.2939,2388.0992,2405.4699,393.13926,2414.6034,2381.3781,1209.8141,1993.0361,353.94951,1052.2344,2281.1893,1974.7706,2390.6878,1635.7639,89.220482,2116.9995,2327.771,1691.3588,1888.1206,1853.1239,979.1911,1635.4094,427.63369,1761.6117,79.550429,691.67365,115.37956,242.70371,2054.2624
40.540541,2036.1842,2263.7634,317.37418,2282.586,1580.2403,243.84658,696.49949,1365.2976,2388.1053,2405.4746,393.13985,2414.5926,2381.3681,1209.8152,1993.0297,353.95105,1052.236,2281.1778,1974.765,2390.6754,1635.7615,89.220993,2116.9934,2327.7616,1691.3555,1888.1157,1853.1218,979.1939,1635.4099,427.63577,1761.6117,79.550902,691.6765,115.38023,242.70505,2054.2608
40.640641,2036.1965,2263.7771,317.37587,2282.5994,1580.2485,243.8452,696.48511,1365.3012,2388.1113,2405.479,393.14041,2414.5815,2381.3579,1209.8162,1993.0231,353.95255,1052.2374,2281.1661,1974.7592,2390.6627,1635.759,89.221495,2116.9871,2327.752,1691.3521,1888.1107,1853.1195,979.1966,1635.4102,427.6378,1761.6115,79.551367,691.67929,115.3809,242.70636,2054.259
40.740741,2036.2087,2263.7905,317.37752,2282.6126,1580.2566,243.84385,696.47097,1365.3047,2388.117,2405.4832,393.14092,2414.5702,2381.3474,1209.817,1993.0163,353.95401,1052.2387,2281.1541,1974.7531,2390.6497,1635.7564,89.221987,2116.9806,2327.7421,1691.3485,1888.1054,1853.117,979.1992,1635.4103,427.63979,1761.6111,79.551823,691.682,115.38155,242.70764,2054.257
40.840841,2036.2206,2263.8037,317.37915,2282.6255,1580.2646,243.84252,696.45709,1365.3081,2388.1225,2405.4871,393.14139,2414.5586,2381.3366,1209.8177,1993.0093,353.95544,1052.2399,2281.1419,1974.7468,2390.6365,1635.7536,89.22247,2116.9738,2327.7318,1691.3447,1888.0999,1853.1143,979.20169,1635.4102,427.64174,1761.6105,79.552271,691.68464,115.38219,242.7089,2054.2547
40.940941,2036.2323,2263.8167,317.38075,2282.6382,1580.2724,243.84121,696.44345,1365.3114,2388.1278,2405.4909,393.14183,2414.5467,2381.3255,1209.8183,1993.002,353.95683,1052.2409,2281.1293,1974.7403,2390.623,1635.7506,89.222943,2116.9667,2327.7214,1691.3407,1888.0942,1853.1113,979.20407,1635.41,427.64364,1761.6096,79.55271,691.6872,115.38282,242.71013,2054.2522
41.041041,2036.2438,2263.8294,317.38232,2282.6507,1580.2801,243.83992,696.43004,1365.3146,2388.1329,2405.4943,393.14222,2414.5346,2381.3142,1209.8187,1992.9945,353.95819,1052.2419,2281.1165,1974.7335,2390.6091,1635.7475,89.223407,2116.9594,2327.7106,1691.3365,1888.0883,1853.1082,979.20634,1635.4096,427.64549,1761.6086,79.553141,691.68969,115.38343,242.71134,2054.2495
41.141141,2036.255,2263.8418,317.38385,2282.6629,1580.2876,243.83865,696.41687,1365.3177,2388.1378,2405.4976,393.14258,2414.5222,2381.3026,1209.819,1992.9868,353.95951,1052.2427,2281.1034,1974.7266,2390.595,1635.7442,89.223861,2116.9519,2327.6995,1691.3321,1888.0822,1853.1048,979.20852,1635.4089,427.6473,1761.6074,79.553564,691.69211,115.38403,242.71252,2054.2466
41.241241,2036.2661,2263.8541,317.38536,2282.675,1580.295,243.83741,696.40394,1365.3207,2388.1424,2405.5006,393.1429,2414.5096,2381.2907,1209.8192,1992.9789,353.96079,1052.2434,2281.09,1974.7194,2390.5807,1635.7408,89.224306,2116.9441,2327.6882,1691.3275,1888.0758,1853.1013,979.21059,1635.4082,427.64906,1761.606,79.553979,691.69445,115.38463,242.71368,2054.2434
41.341341,2036.2769,2263.8661,317.38685,2282.6867,1580.3022,243.83618,696.39123,1365.3236,2388.1469,2405.5034,393.14318,2414.4967,2381.2786,1209.8192,1992.9707,353.96204,1052.244,2281.0764,1974.7119,2390.566,1635.7372,89.224743,2116.9361,2327.6766,1691.3228,1888.0693,1853.0975,979.21255,1635.4072,427.65079,1761.6044,79.554386,691.69673,115.38521,242.71481,2054.24
41.441441,2036.2876,2263.8779,317.3883,2282.6983,1580.3093,243.83498,696.37875,1365.3265,2388.1511,2405.506,393.14342,2414.4836,2381.2662,1209.8191,1992.9623,353.96326,1052.2445,2281.0625,1974.7043,2390.5511,1635.7335,89.22517,2116.9278,2327.6648,1691.3178,1888.0625,1853.0936,979.21442,1635.4061,427.65247,1761.6027,79.554785,691.69893,115.38577,242.71592,2054.2363
41.541542,2036.298,2263.8895,317.38973,2282.7097,1580.3163,243.8338,696.3665,1365.3292,2388.1551,2405.5083,393.14363,2414.4702,2381.2535,1209.8189,1992.9537,353.96444,1052.2449,2281.0484,1974.6964,2390.536,1635.7297,89.225588,2116.9193,2327.6526,1691.3127,1888.0556,1853.0894,979.21619,1635.4048,427.6541,1761.6007,79.555176,691.70107,115.38633,242.71701,2054.2325
41.641642,2036.3083,2263.9008,317.39113,2282.7208,1580.3231,243.83264,696.35447,1365.3319,2388.159,2405.5105,393.1438,2414.4565,2381.2406,1209.8186,1992.9449,353.96558,1052.2452,2281.034,1974.6883,2390.5205,1635.7257,89.225998,2116.9106,2327.6402,1691.3074,1888.0484,1853.0851,979.21786,1635.4033,427.6557,1761.5986,79.555559,691.70313,115.38688,242.71807,2054.2284
41.741742,2036.3183,2263.912,317.3925,2282.7317,1580.3298,243.8315,696.34266,1365.3344,2388.1626,2405.5124,393.14393,2414.4426,2381.2275,1209.8181,1992.9359,353.96669,1052.2453,2281.0193,1974.68,2390.5048,1635.7215,89.226399,2116.9016,2327.6276,1691.302,1888.0411,1853.0805,979.21943,1635.4016,427.65725,1761.5962,79.555934,691.70513,115.38741,242.71911,2054.2241
41.841842,2036.3282,2263.9229,317.39385,2282.7424,1580.3364,243.83039,696.33108,1365.3369,2388.166,2405.5141,393.14403,2414.4285,2381.2141,1209.8175,1992.9267,353.96777,1052.2454,2281.0044,1974.6715,2390.4889,1635.7172,89.226791,2116.8924,2327.6147,1691.2963,1888.0335,1853.0758,979.22091,1635.3998,427.65876,1761.5937,79.556302,691.70707,115.38794,242.72012,2054.2196
41.941942,2036.3378,2263.9336,317.39516,2282.7529,1580.3428,243.82929,696.31971,1365.3392,2388.1692,2405.5156,393.14409,2414.4141,2381.2004,1209.8168,1992.9172,353.96882,1052.2454,2280.9892,1974.6627,2390.4726,1635.7128,89.227174,2116.883,2327.6015,1691.2905,1888.0257,1853.0708,979.22229,1635.3978,427.66023,1761.591,79.556662,691.70893,115.38845,242.72111,2054.2149
42.042042,2036.3473,2263.9441,317.39646,2282.7631,1580.3491,243.82821,696.30856,1365.3415,2388.1723,2405.5169,393.14411,2414.3995,2381.1865,1209.816,1992.9076,353.96983,1052.2452,2280.9738,1974.6538,2390.4562,1635.7082,89.227549,2116.8733,2327.5881,1691.2845,1888.0178,1853.0657,979.22357,1635.3957,427.66166,1761.5882,79.557015,691.71073,115.38895,242.72208,2054.21
42.142142,2036.3566,2263.9544,317.39772,2282.7732,1580.3552,243.82715,696.29762,1365.3437,2388.1751,2405.5179,393.1441,2414.3846,2381.1724,1209.815,1992.8977,353.97081,1052.245,2280.9581,1974.6446,2390.4394,1635.7035,89.227916,2116.8634,2327.5744,1691.2783,1888.0096,1853.0604,979.22475,1635.3933,427.66305,1761.5851,79.55736,691.71246,115.38944,242.72302,2054.2048
42.242242,2036.3656,2263.9644,317.39896,2282.783,1580.3613,243.82612,696.28691,1365.3458,2388.1777,2405.5188,393.14405,2414.3695,2381.158,1209.8139,1992.8877,353.97176,1052.2446,2280.9422,1974.6352,2390.4224,1635.6987,89.228274,2116.8533,2327.5604,1691.272,1888.0013,1853.0549,979.22584,1635.3909,427.6644,1761.5819,79.557697,691.71412,115.38992,242.72394,2054.1995
42.342342,2036.3745,2263.9743,317.40017,2282.7927,1580.3671,243.8251,696.27641,1365.3479,2388.1802,2405.5195,393.14397,2414.3542,2381.1433,1209.8127,1992.8774,353.97267,1052.2441,2280.926,1974.6256,2390.4052,1635.6937,89.228623,2116.8429,2327.5462,1691.2654,1887.9927,1853.0492,979.22684,1635.3882,427.66571,1761.5785,79.558027,691.71572,115.39039,242.72484,2054.1939
42.442442,2036.3832,2263.9839,317.40136,2282.8021,1580.3729,243.8241,696.26612,1365.3498,2388.1824,2405.5199,393.14385,2414.3386,2381.1284,1209.8114,1992.8669,353.97355,1052.2435,2280.9096,1974.6158,2390.3876,1635.6885,89.228964,2116.8324,2327.5317,1691.2587,1887.984,1853.0433,979.22774,1635.3854,427.66697,1761.5749,79.55835,691.71725,115.39084,242.72572,2054.1881
42.542543,2036.3917,2263.9933,317.40252,2282.8113,1580.3785,243.82313,696.25605,1365.3516,2388.1845,2405.5201,393.1437,2414.3228,2381.1133,1209.81,1992.8562,353.9744,1052.2429,2280.8929,1974.6058,2390.3699,1635.6833,89.229296,2116.8216,2327.517,1691.2519,1887.9751,1853.0372,979.22854,1635.3824,427.6682,1761.5712,79.558665,691.71871,115.39129,242.72657,2054.1821
42.642643,2036.4,2264.0025,317.40365,2282.8203,1580.384,243.82217,696.2462,1365.3534,2388.1863,2405.5201,393.1435,2414.3067,2381.0979,1209.8084,1992.8454,353.97521,1052.2421,2280.876,1974.5956,2390.3518,1635.6779,89.22962,2116.8105,2327.502,1691.2448,1887.9659,1853.0309,979.22925,1635.3793,427.66938,1761.5672,79.558972,691.72011,115.39173,242.7274,2054.1759
42.742743,2036.4081,2264.0115,317.40476,2282.8291,1580.3894,243.82124,696.23657,1365.355,2388.188,2405.5199,393.14328,2414.2904,2381.0822,1209.8067,1992.8343,353.976,1052.2412,2280.8588,1974.5851,2390.3335,1635.6723,89.229935,2116.7993,2327.4867,1691.2376,1887.9566,1853.0244,979.22986,1635.3759,427.67053,1761.5631,79.559272,691.72144,115.39215,242.72821,2054.1695
42.842843,2036.416,2264.0203,317.40584,2282.8376,1580.3946,243.82032,696.22715,1365.3566,2388.1894,2405.5195,393.14301,2414.2738,2381.0663,1209.8049,1992.8229,353.97674,1052.2402,2280.8413,1974.5745,2390.315,1635.6666,89.230242,2116.7878,2327.4712,1691.2302,1887.9471,1853.0178,979.23038,1635.3725,427.67163,1761.5588,79.559564,691.72271,115.39257,242.72899,2054.1628
42.942943,2036.4237,2264.0288,317.40689,2282.846,1580.3997,243.81943,696.21796,1365.3581,2388.1907,2405.5189,393.14271,2414.257,2381.0502,1209.8029,1992.8114,353.97746,1052.2391,2280.8236,1974.5636,2390.2961,1635.6608,89.23054,2116.7761,2327.4555,1691.2226,1887.9373,1853.0109,979.2308,1635.3688,427.67269,1761.5543,79.559848,691.7239,115.39297,242.72975,2054.156
43.043043,2036.4312,2264.0372,317.40792,2282.8541,1580.4046,243.81855,696.20898,1365.3595,2388.1917,2405.518,393.14238,2414.24,2381.0338,1209.8009,1992.7997,353.97814,1052.2378,2280.8057,1974.5525,2390.2771,1635.6548,89.230829,2116.7641,2327.4394,1691.2149,1887.9274,1853.0038,979.23112,1635.365,427.67371,1761.5496,79.560125,691.72503,115.39336,242.73048,2054.1489
43.143143,2036.4386,2264.0453,317.40892,2282.862,1580.4094,243.8177,696.20023,1365.3608,2388.1926,2405.517,393.142,2414.2227,2381.0171,1209.7987,1992.7877,353.97879,1052.2365,2280.7875,1974.5412,2390.2577,1635.6487,89.231109,2116.7519,2327.4231,1691.2069,1887.9173,1852.9966,979.23135,1635.361,427.67469,1761.5448,79.560394,691.72609,115.39374,242.7312,2054.1416
43.243243,2036.4457,2264.0532,317.40989,2282.8697,1580.4141,243.81687,696.1917,1365.362,2388.1932,2405.5157,393.14159,2414.2052,2381.0002,1209.7964,1992.7756,353.9794,1052.2351,2280.769,1974.5296,2390.2381,1635.6424,89.231381,2116.7395,2327.4065,1691.1988,1887.9069,1852.9891,979.23147,1635.3568,427.67563,1761.5397,79.560656,691.72709,115.39411,242.73189,2054.1341
43.343343,2036.4526,2264.0608,317.41084,2282.8772,1580.4187,243.81605,696.1834,1365.3631,2388.1936,2405.5142,393.14115,2414.1874,2380.983,1209.7939,1992.7632,353.97998,1052.2335,2280.7503,1974.5179,2390.2182,1635.636,89.231644,2116.7268,2327.3897,1691.1905,1887.8964,1852.9815,979.2315,1635.3525,427.67652,1761.5345,79.560909,691.72801,115.39447,242.73255,2054.1263
43.443443,2036.4593,2264.0683,317.41175,2282.8845,1580.4231,243.81526,696.17532,1365.3642,2388.1939,2405.5124,393.14066,2414.1693,2380.9656,1209.7914,1992.7506,353.98052,1052.2319,2280.7312,1974.5059,2390.198,1635.6294,89.231897,2116.7139,2327.3726,1691.1821,1887.8857,1852.9736,979.23142,1635.348,427.67737,1761.5291,79.561154,691.72886,115.39481,242.73319,2054.1184
43.543544,2036.4658,2264.0755,317.41264,2282.8915,1580.4273,243.8145,696.16748,1365.3651,2388.1939,2405.5105,393.14014,2414.151,2380.9479,1209.7887,1992.7378,353.98103,1052.2301,2280.712,1974.4937,2390.1776,1635.6227,89.232142,2116.7008,2327.3552,1691.1734,1887.8747,1852.9656,979.23124,1635.3433,427.67818,1761.5235,79.561392,691.72964,115.39515,242.73381,2054.1102
43.643644,2036.4721,2264.0825,317.4135,2282.8983,1580.4314,243.81375,696.15987,1365.3659,2388.1937,2405.5083,393.13958,2414.1324,2380.9299,1209.7858,1992.7247,353.9815,1052.2282,2280.6924,1974.4812,2390.1569,1635.6159,89.232377,2116.6874,2327.3375,1691.1645,1887.8635,1852.9573,979.23096,1635.3384,427.67894,1761.5177,79.561621,691.73035,115.39547,242.7344,2054.1018
43.743744,2036.4782,2264.0893,317.41433,2282.9049,1580.4354,243.81303,696.1525,1365.3667,2388.1933,2405.5059,393.13898,2414.1136,2380.9117,1209.7829,1992.7114,353.98194,1052.2262,2280.6726,1974.4686,2390.1359,1635.6089,89.232603,2116.6737,2327.3196,1691.1555,1887.8521,1852.9488,979.23058,1635.3334,427.67966,1761.5117,79.561842,691.73099,115.39578,242.73496,2054.0931
43.843844,2036.4847,2264.0965,317.41522,2282.9119,1580.4397,243.81226,696.14465,1365.3676,2388.1933,2405.5039,393.13844,2414.0953,2380.8939,1209.7801,1992.6986,353.98245,1052.2244,2280.6532,1974.4563,2390.1153,1635.6021,89.232848,2116.6605,2327.3021,1691.1468,1887.8411,1852.9407,979.2304,1635.3287,427.68047,1761.5061,79.56208,691.73177,115.39611,242.73558,2054.0849
43.943944,2036.4913,2264.1038,317.41612,2282.9191,1580.444,243.81148,696.13671,1365.3686,2388.1935,2405.5021,393.13792,2414.0769,2380.8762,1209.7774,1992.6858,353.98297,1052.2227,2280.6339,1974.444,2390.0948,1635.5954,89.233096,2116.6473,2327.2847,1691.1381,1887.8302,1852.9327,979.23025,1635.324,427.6813,1761.5005,79.562321,691.73258,115.39645,242.7362,2054.0767
44.044044,2036.4977,2264.111,317.417,2282.926,1580.4482,243.81072,696.12891,1365.3696,2388.1935,2405.5001,393.13737,2414.0585,2380.8583,1209.7747,1992.6728,353.98347,1052.2208,2280.6144,1974.4317,2390.0741,1635.5886,89.233339,2116.634,2327.2671,1691.1293,1887.8191,1852.9245,979.23005,1635.3192,427.68209,1761.4948,79.562557,691.73335,115.39679,242.73682,2054.0684
44.144144,2036.5041,2264.118,317.41787,2282.9329,1580.4524,243.80997,696.12125,1365.3704,2388.1935,2405.498,393.13679,2414.0398,2380.8403,1209.7718,1992.6597,353.98395,1052.2189,2280.5947,1974.4191,2390.0533,1635.5817,89.233576,2116.6205,2327.2493,1691.1204,1887.8078,1852.9162,979.22978,1635.3144,427.68287,1761.489,79.562788,691.73407,115.39711,242.73741,2054.06
44.244244,2036.5103,2264.1249,317.41872,2282.9396,1580.4564,243.80923,696.11373,1365.3713,2388.1933,2405.4958,393.13619,2414.021,2380.8221,1209.7689,1992.6465,353.9844,1052.217,2280.5748,1974.4065,2390.0322,1635.5748,89.233808,2116.6069,2327.2313,1691.1114,1887.7965,1852.9077,979.22945,1635.3094,427.68361,1761.4831,79.563014,691.73475,115.39743,242.73799,2054.0514
44.344344,2036.5164,2264.1317,317.41955,2282.9462,1580.4604,243.8085,696.10634,1365.3721,2388.193,2405.4935,393.13557,2414.0021,2380.8037,1209.7659,1992.6331,353.98484,1052.215,2280.5548,1974.3937,2390.011,1635.5677,89.234034,2116.5931,2327.2132,1691.1023,1887.7849,1852.8992,979.22906,1635.3043,427.68434,1761.477,79.563236,691.73539,115.39774,242.73856,2054.0426
44.444444,2036.5224,2264.1384,317.42037,2282.9527,1580.4643,243.80779,696.09908,1365.3728,2388.1925,2405.491,393.13493,2413.9829,2380.7851,1209.7628,1992.6196,353.98526,1052.2129,2280.5346,1974.3807,2389.9896,1635.5605,89.234255,2116.5791,2327.1948,1691.093,1887.7733,1852.8905,979.22862,1635.2991,427.68503,1761.4709,79.563453,691.73599,115.39805,242.73912,2054.0338
44.544545,2036.5283,2264.1449,317.42117,2282.959,1580.4682,243.80709,696.09195,1365.3735,2388.192,2405.4884,393.13426,2413.9637,2380.7664,1209.7596,1992.6059,353.98566,1052.2107,2280.5142,1974.3676,2389.968,1635.5533,89.234471,2116.565,2327.1763,1691.0836,1887.7616,1852.8817,979.22811,1635.2938,427.6857,1761.4646,79.563666,691.73655,115.39834,242.73966,2054.0248
44.644645,2036.534,2264.1513,317.42196,2282.9652,1580.4719,243.8064,696.08496,1365.3741,2388.1913,2405.4856,393.13356,2413.9442,2380.7475,1209.7564,1992.5921,353.98603,1052.2085,2280.4936,1974.3544,2389.9462,1635.5459,89.234682,2116.5508,2327.1577,1691.0742,1887.7497,1852.8727,979.22754,1635.2884,427.68635,1761.4582,79.563874,691.73707,115.39864,242.74018,2054.0156
44.744745,2036.5396,2264.1575,317.42273,2282.9713,1580.4756,243.80572,696.07809,1365.3746,2388.1906,2405.4828,393.13285,2413.9246,2380.7285,1209.753,1992.5782,353.98639,1052.2062,2280.4729,1974.341,2389.9243,1635.5385,89.234887,2116.5364,2327.1388,1691.0646,1887.7376,1852.8637,979.22692,1635.2829,427.68697,1761.4517,79.564077,691.73755,115.39892,242.74069,2054.0064
44.844845,2036.5452,2264.1637,317.42348,2282.9773,1580.4791,243.80506,696.07136,1365.3752,2388.1897,2405.4798,393.13211,2413.9049,2380.7093,1209.7496,1992.5642,353.98672,1052.2038,2280.452,1974.3275,2389.9022,1635.531,89.235088,2116.5218,2327.1198,1691.0549,1887.7255,1852.8545,979.22624,1635.2772,427.68757,1761.4451,79.564276,691.73799,115.3992,242.74119,2053.9969
44.944945,2036.5506,2264.1697,317.42422,2282.9831,1580.4827,243.80441,696.06476,1365.3756,2388.1887,2405.4767,393.13134,2413.885,2380.69,1209.7461,1992.55,353.98704,1052.2014,2280.4309,1974.3138,2389.8799,1635.5234,89.235283,2116.5071,2327.1006,1691.045,1887.7132,1852.8452,979.22549,1635.2715,427.68814,1761.4383,79.564471,691.73839,115.39947,242.74167,2053.9874
45.045045,2036.5558,2264.1755,317.42494,2282.9888,1580.4861,243.80377,696.05829,1365.376,2388.1875,2405.4734,393.13055,2413.8649,2380.6704,1209.7426,1992.5356,353.98733,1052.1988,2280.4097,1974.3,2389.8574,1635.5157,89.235473,2116.4923,2327.0813,1691.0351,1887.7008,1852.8358,979.2247,1635.2657,427.68869,1761.4315,79.564661,691.73874,115.39974,242.74214,2053.9777
45.145145,2036.561,2264.1813,317.42564,2282.9944,1580.4894,243.80314,696.05195,1365.3764,2388.1863,2405.47,393.12974,2413.8447,2380.6508,1209.7389,1992.5212,353.98761,1052.1963,2280.3883,1974.2861,2389.8348,1635.5079,89.235657,2116.4773,2327.0618,1691.0251,1887.6883,1852.8262,979.22384,1635.2598,427.68922,1761.4245,79.564846,691.73906,115.4,242.7426,2053.9679
45.245245,2036.5661,2264.1869,317.42633,2282.9998,1580.4927,243.80253,696.04575,1365.3767,2388.185,2405.4665,393.12891,2413.8243,2380.6309,1209.7352,1992.5066,353.98786,1052.1936,2280.3667,1974.272,2389.812,1635.5,89.235837,2116.4621,2327.0421,1691.0149,1887.6756,1852.8165,979.22292,1635.2537,427.68971,1761.4175,79.565026,691.73934,115.40025,242.74304,2053.9579
45.345345,2036.571,2264.1924,317.427,2283.0051,1580.4959,243.80192,696.03967,1365.377,2388.1835,2405.4629,393.12805,2413.8038,2380.6109,1209.7314,1992.4919,353.9881,1052.1909,2280.345,1974.2578,2389.789,1635.492,89.236011,2116.4468,2327.0222,1691.0046,1887.6628,1852.8067,979.22194,1635.2476,427.69019,1761.4103,79.565203,691.73958,115.40049,242.74347,2053.9478
45.445445,2036.5758,2264.1977,317.42766,2283.0103,1580.499,243.80133,696.03373,1365.3772,2388.1819,2405.4592,393.12717,2413.7831,2380.5907,1209.7276,1992.477,353.98831,1052.1882,2280.323,1974.2434,2389.7658,1635.484,89.23618,2116.4313,2327.0021,1690.9942,1887.6499,1852.7968,979.22091,1635.2413,427.69064,1761.403,79.565374,691.73977,115.40073,242.74388,2053.9376
45.545546,2036.5805,2264.2029,317.4283,2283.0154,1580.502,243.80076,696.02792,1365.3773,2388.1802,2405.4553,393.12627,2413.7622,2380.5704,1209.7236,1992.462,353.9885,1052.1853,2280.3009,1974.2289,2389.7425,1635.4758,89.236344,2116.4157,2326.9819,1690.9837,1887.6368,1852.7868,979.21982,1635.235,427.69106,1761.3955,79.565541,691.73993,115.40096,242.74428,2053.9272
45.645646,2036.5851,2264.208,317.42893,2283.0203,1580.5049,243.80019,696.02225,1365.3774,2388.1784,2405.4512,393.12534,2413.7412,2380.5499,1209.7196,1992.4468,353.98868,1052.1824,2280.2787,1974.2142,2389.719,1635.4676,89.236502,2116.4,2326.9615,1690.9731,1887.6236,1852.7766,979.21866,1635.2285,427.69146,1761.388,79.565703,691.74004,115.40119,242.74467,2053.9167
45.745746,2036.5896,2264.213,317.42953,2283.0251,1580.5078,243.79964,696.01671,1365.3775,2388.1764,2405.4471,393.12439,2413.72,2380.5292,1209.7154,1992.4316,353.98883,1052.1794,2280.2562,1974.1994,2389.6952,1635.4592,89.236656,2116.384,2326.9409,1690.9624,1887.6103,1852.7663,979.21745,1635.222,427.69183,1761.3804,79.565861,691.74011,115.40141,242.74504,2053.9061
45.845846,2036.5939,2264.2178,317.43013,2283.0297,1580.5106,243.7991,696.0113,1365.3774,2388.1744,2405.4428,393.12341,2413.6987,2380.5084,1209.7112,1992.4161,353.98896,1052.1764,2280.2336,1974.1845,2389.6714,1635.4508,89.236803,2116.368,2326.9202,1690.9515,1887.5969,1852.7558,979.21618,1635.2153,427.69218,1761.3726,79.566013,691.74015,115.40162,242.7454,2053.8953
45.945946,2036.5981,2264.2225,317.4307,2283.0343,1580.5133,243.79857,696.00603,1365.3774,2388.1722,2405.4384,393.12241,2413.6772,2380.4873,1209.707,1992.4006,353.98907,1052.1733,2280.2108,1974.1694,2389.6473,1635.4423,89.236946,2116.3517,2326.8992,1690.9405,1887.5833,1852.7453,979.21484,1635.2085,427.6925,1761.3647,79.566161,691.74014,115.40182,242.74574,2053.8843
46.046046,2036.6022,2264.2271,317.43126,2283.0387,1580.5159,243.79806,696.00091,1365.3773,2388.1699,2405.4339,393.12138,2413.6555,2380.4662,1209.7026,1992.3849,353.98916,1052.1701,2280.1878,1974.1541,2389.623,1635.4337,89.237082,2116.3353,2326.8781,1690.9294,1887.5695,1852.7346,979.21345,1635.2016,427.6928,1761.3567,79.566305,691.74008,115.40202,242.74607,2053.8733
46.146146,2036.6062,2264.2315,317.4318,2283.0429,1580.5184,243.79756,695.99592,1365.3771,2388.1675,2405.4292,393.12033,2413.6336,2380.4448,1209.6982,1992.369,353.98923,1052.1668,2280.1646,1974.1388,2389.5986,1635.4249,89.237213,2116.3188,2326.8568,1690.9182,1887.5557,1852.7238,979.21199,1635.1946,427.69306,1761.3486,79.566443,691.73999,115.40221,242.74638,2053.862
46.246246,2036.61,2264.2357,317.43232,2283.047,1580.5208,243.79707,695.99107,1365.3768,2388.1649,2405.4243,393.11926,2413.6116,2380.4233,1209.6936,1992.353,353.98927,1052.1635,2280.1413,1974.1232,2389.5739,1635.4161,89.237339,2116.302,2326.8354,1690.9069,1887.5417,1852.7128,979.21047,1635.1875,427.69331,1761.3403,79.566576,691.73985,115.40239,242.74668,2053.8507
46.346346,2036.6138,2264.2399,317.43283,2283.051,1580.5232,243.7966,695.98637,1365.3765,2388.1622,2405.4194,393.11816,2413.5895,2380.4016,1209.689,1992.3369,353.98929,1052.1601,2280.1178,1974.1075,2389.5491,1635.4072,89.237459,2116.2852,2326.8137,1690.8954,1887.5275,1852.7017,979.20888,1635.1803,427.69352,1761.3319,79.566705,691.73967,115.40257,242.74696,2053.8392
46.446446,2036.6174,2264.2439,317.43332,2283.0548,1580.5254,243.79614,695.98181,1365.3762,2388.1594,2405.4143,393.11703,2413.5671,2380.3797,1209.6843,1992.3206,353.98929,1052.1566,2280.094,1974.0917,2389.5241,1635.3982,89.237573,2116.2681,2326.7918,1690.8838,1887.5132,1852.6905,979.20723,1635.1729,427.69371,1761.3234,79.566828,691.73944,115.40274,242.74722,2053.8275
46.546547,2036.6208,2264.2477,317.43379,2283.0585,1580.5276,243.79569,695.9774,1365.3758,2388.1565,2405.409,393.11588,2413.5446,2380.3576,1209.6795,1992.3042,353.98927,1052.1531,2280.0701,1974.0757,2389.4989,1635.3891,89.237681,2116.2509,2326.7698,1690.8721,1887.4988,1852.6791,979.20552,1635.1655,427.69387,1761.3148,79.566946,691.73917,115.4029,242.74747,2053.8157
46.646647,2036.6241,2264.2514,317.43424,2283.0621,1580.5297,243.79526,695.97314,1365.3753,2388.1534,2405.4036,393.1147,2413.5219,2380.3354,1209.6747,1992.2876,353.98923,1052.1494,2280.046,1974.0595,2389.4735,1635.3799,89.237784,2116.2335,2326.7476,1690.8603,1887.4842,1852.6676,979.20374,1635.1579,427.694,1761.3061,79.567059,691.73885,115.40305,242.74771,2053.8037
46.746747,2036.6273,2264.2549,317.43467,2283.0655,1580.5316,243.79484,695.96904,1365.3748,2388.1502,2405.398,393.11349,2413.499,2380.313,1209.6697,1992.2709,353.98916,1052.1457,2280.0217,1974.0432,2389.4479,1635.3706,89.23788,2116.216,2326.7251,1690.8483,1887.4695,1852.656,979.20189,1635.1502,427.6941,1761.2972,79.567167,691.73849,115.4032,242.74793,2053.7916
46.846847,2036.6304,2264.2583,317.43509,2283.0687,1580.5335,243.79444,695.96508,1365.3742,2388.1468,2405.3923,393.11226,2413.4759,2380.2903,1209.6646,1992.254,353.98906,1052.1419,2279.9973,1974.0267,2389.4221,1635.3612,89.23797,2116.1982,2326.7025,1690.8362,1887.4546,1852.6442,979.19998,1635.1424,427.69418,1761.2881,79.567269,691.73808,115.40334,242.74813,2053.7794
46.946947,2036.6333,2264.2616,317.43548,2283.0718,1580.5353,243.79405,695.96129,1365.3735,2388.1433,2405.3865,393.111,2413.4527,2380.2675,1209.6595,1992.2369,353.98895,1052.1381,2279.9726,1974.01,2389.3961,1635.3516,89.238054,2116.1803,2326.6797,1690.8239,1887.4396,1852.6322,979.19799,1635.1344,427.69422,1761.279,79.567366,691.73762,115.40347,242.74832,2053.7669
47.047047,2036.6361,2264.2647,317.43586,2283.0747,1580.537,243.79367,695.95765,1365.3728,2388.1397,2405.3805,393.10972,2413.4293,2380.2445,1209.6543,1992.2197,353.98881,1052.1341,2279.9477,1973.9932,2389.3699,1635.342,89.238132,2116.1622,2326.6567,1690.8116,1887.4245,1852.6201,979.19594,1635.1264,427.69424,1761.2697,79.567457,691.73711,115.40359,242.74849,2053.7543
47.147147,2036.6392,2264.268,317.43627,2283.078,1580.5389,243.79327,695.95371,1365.3722,2388.1363,2405.3748,393.10847,2413.4061,2380.2218,1209.6492,1992.2027,353.98871,1052.1303,2279.9231,1973.9766,2389.3439,1635.3325,89.238221,2116.1444,2326.6339,1690.7994,1887.4095,1852.6083,979.19401,1635.1185,427.69431,1761.2606,79.567559,691.7367,115.40373,242.74869,2053.742
47.247247,2036.6424,2264.2716,317.43671,2283.0814,1580.5409,243.79285,695.94956,1365.3717,2388.1332,2405.3693,393.10725,2413.3831,2380.1993,1209.6442,1992.1859,353.98865,1052.1266,2279.8986,1973.9602,2389.3181,1635.3232,89.238319,2116.1267,2326.6113,1690.7874,1887.3947,1852.5966,979.19217,1635.1108,427.69442,1761.2517,79.567669,691.73635,115.40388,242.74891,2053.7298
47.347347,2036.6456,2264.2752,317.43714,2283.0848,1580.5429,243.79243,695.94548,1365.3712,2388.13,2405.3637,393.10602,2413.36,2380.1766,1209.6391,1992.169,353.98857,1052.1228,2279.874,1973.9437,2389.2922,1635.3138,89.238414,2116.109,2326.5886,1690.7752,1887.3798,1852.5848,979.19029,1635.103,427.69451,1761.2427,79.567776,691.73597,115.40402,242.74913,2053.7176
47.447447,2036.6487,2264.2786,317.43756,2283.0881,1580.5448,243.79203,695.94148,1365.3707,2388.1268,2405.3581,393.10477,2413.3369,2380.1539,1209.634,1992.152,353.98848,1052.119,2279.8493,1973.927,2389.2662,1635.3043,89.238505,2116.0911,2326.5658,1690.7631,1887.3648,1852.5729,979.18838,1635.0952,427.6946,1761.2337,79.56788,691.73557,115.40416,242.74933,2053.7052
47.547548,2036.6517,2264.282,317.43798,2283.0913,1580.5467,243.79163,695.93756,1365.3701,2388.1235,2405.3524,393.1035,2413.3136,2380.131,1209.6289,1992.1349,353.98838,1052.1152,2279.8245,1973.9103,2389.24,1635.2948,89.238594,2116.0731,2326.5428,1690.7508,1887.3498,1852.561,979.18643,1635.0872,427.69466,1761.2245,79.567981,691.73514,115.4043,242.74953,2053.6928
47.647648,2036.6547,2264.2853,317.43838,2283.0945,1580.5485,243.79123,695.93372,1365.3695,2388.1201,2405.3466,393.10222,2413.2902,2380.1081,1209.6237,1992.1178,353.98827,1052.1113,2279.7995,1973.8935,2389.2137,1635.2852,89.238679,2116.0551,2326.5197,1690.7385,1887.3346,1852.549,979.18445,1635.0793,427.69472,1761.2153,79.56808,691.73469,115.40444,242.74972,2053.6802
47.747748,2036.6576,2264.2885,317.43877,2283.0975,1580.5503,243.79085,695.92995,1365.3688,2388.1167,2405.3408,393.10092,2413.2667,2380.085,1209.6185,1992.1005,353.98814,1052.1073,2279.7744,1973.8766,2389.1873,1635.2756,89.238762,2116.0369,2326.4966,1690.726,1887.3194,1852.5369,979.18244,1635.0712,427.69475,1761.2061,79.568176,691.73422,115.40456,242.74991,2053.6676
47.847848,2036.6604,2264.2916,317.43915,2283.1005,1580.552,243.79047,695.92625,1365.3682,2388.1132,2405.3349,393.09961,2413.2431,2380.0618,1209.6132,1992.0832,353.988,1052.1034,2279.7493,1973.8596,2389.1608,1635.2659,89.238841,2116.0186,2326.4732,1690.7136,1887.304,1852.5247,979.18039,1635.0631,427.69478,1761.1967,79.56827,691.73373,115.40469,242.75008,2053.6549
47.947948,2036.6632,2264.2947,317.43953,2283.1035,1580.5537,243.7901,695.92263,1365.3675,2388.1096,2405.3289,393.09829,2413.2194,2380.0386,1209.6078,1992.0657,353.98786,1052.0994,2279.724,1973.8425,2389.1341,1635.2561,89.238917,2116.0002,2326.4498,1690.701,1887.2886,1852.5124,979.1783,1635.0549,427.69479,1761.1873,79.568361,691.73321,115.40481,242.75025,2053.6421
48.048048,2036.6659,2264.2977,317.4399,2283.1063,1580.5554,243.78973,695.91908,1365.3668,2388.106,2405.3228,393.09694,2413.1956,2380.0152,1209.6024,1992.0482,353.9877,1052.0953,2279.6985,1973.8253,2389.1074,1635.2463,89.238991,2115.9817,2326.4263,1690.6884,1887.2731,1852.5001,979.17618,1635.0467,427.69479,1761.1778,79.568449,691.73267,115.40493,242.75041,2053.6293
48.148148,2036.6685,2264.3006,317.44025,2283.1091,1580.557,243.78937,695.91561,1365.366,2388.1023,2405.3167,393.09559,2413.1717,2379.9917,1209.597,1992.0306,353.98752,1052.0912,2279.673,1973.808,2389.0805,1635.2365,89.239062,2115.9632,2326.4026,1690.6756,1887.2575,1852.4877,979.17403,1635.0384,427.69477,1761.1682,79.568535,691.73211,115.40505,242.75056,2053.6163
48.248248,2036.6711,2264.3035,317.4406,2283.1118,1580.5585,243.78902,695.9122,1365.3653,2388.0986,2405.3105,393.09421,2413.1477,2379.9681,1209.5915,1992.0129,353.98734,1052.0871,2279.6473,1973.7906,2389.0535,1635.2266,89.239129,2115.9445,2326.3789,1690.6629,1887.2419,1852.4752,979.17185,1635.03,427.69474,1761.1586,79.568619,691.73152,115.40516,242.75071,2053.6033
48.348348,2036.6736,2264.3063,317.44094,2283.1145,1580.56,243.78868,695.90887,1365.3645,2388.0948,2405.3042,393.09283,2413.1236,2379.9444,1209.586,1991.9951,353.98715,1052.0829,2279.6216,1973.7732,2389.0263,1635.2166,89.239194,2115.9257,2326.355,1690.65,1887.2261,1852.4626,979.16963,1635.0216,427.69469,1761.1489,79.5687,691.73092,115.40526,242.75084,2053.5902
48.448448,2036.6761,2264.309,317.44127,2283.1171,1580.5615,243.78834,695.90561,1365.3636,2388.0909,2405.2979,393.09143,2413.0994,2379.9206,1209.5804,1991.9773,353.98694,1052.0787,2279.5957,1973.7556,2388.9991,1635.2066,89.239256,2115.9068,2326.331,1690.6371,1887.2103,1852.45,979.16738,1635.0131,427.69463,1761.1391,79.568778,691.73029,115.40537,242.75097,2053.577
48.548549,2036.6785,2264.3116,317.4416,2283.1196,1580.5629,243.78801,695.90242,1365.3628,2388.087,2405.2915,393.09001,2413.0751,2379.8967,1209.5748,1991.9593,353.98673,1052.0744,2279.5697,1973.738,2388.9717,1635.1965,89.239315,2115.8879,2326.3069,1690.6241,1887.1944,1852.4372,979.1651,1635.0046,427.69456,1761.1293,79.568854,691.72964,115.40547,242.75109,2053.5637
48.648649,2036.6808,2264.3142,317.44191,2283.122,1580.5643,243.78768,695.8993,1365.3619,2388.0831,2405.285,393.08858,2413.0507,2379.8727,1209.5691,1991.9413,353.9865,1052.0701,2279.5436,1973.7202,2388.9442,1635.1863,89.239371,2115.8688,2326.2827,1690.611,1887.1784,1852.4244,979.16278,1634.9959,427.69448,1761.1194,79.568928,691.72897,115.40557,242.75121,2053.5503
48.748749,2036.6831,2264.3167,317.44222,2283.1244,1580.5657,243.78736,695.89625,1365.361,2388.079,2405.2785,393.08714,2413.0262,2379.8486,1209.5634,1991.9232,353.98626,1052.0658,2279.5173,1973.7024,2388.9166,1635.1761,89.239425,2115.8496,2326.2583,1690.5979,1887.1623,1852.4116,979.16043,1634.9873,427.69438,1761.1094,79.568999,691.72827,115.40566,242.75131,2053.5369
48.848849,2036.6853,2264.3192,317.44251,2283.1267,1580.567,243.78705,695.89327,1365.3601,2388.0749,2405.2719,393.08568,2413.0016,2379.8243,1209.5576,1991.905,353.98601,1052.0614,2279.491,1973.6845,2388.8889,1635.1659,89.239475,2115.8304,2326.2339,1690.5847,1887.1462,1852.3986,979.15805,1634.9785,427.69427,1761.0994,79.569068,691.72756,115.40575,242.75141,2053.5233
48.948949,2036.6874,2264.3216,317.4428,2283.1289,1580.5682,243.78675,695.89037,1365.3591,2388.0708,2405.2652,393.0842,2412.9769,2379.8,1209.5518,1991.8867,353.98575,1052.057,2279.4645,1973.6665,2388.861,1635.1556,89.239523,2115.811,2326.2093,1690.5714,1887.1299,1852.3856,979.15564,1634.9697,427.69414,1761.0893,79.569135,691.72682,115.40583,242.7515,2053.5097
49.049049,2036.6895,2264.3239,317.44308,2283.1311,1580.5695,243.78645,695.88753,1365.3581,2388.0666,2405.2584,393.08272,2412.9521,2379.7756,1209.5459,1991.8684,353.98547,1052.0525,2279.4379,1973.6484,2388.8331,1635.1452,89.239568,2115.7916,2326.1846,1690.5581,1887.1136,1852.3725,979.1532,1634.9609,427.69401,1761.0791,79.569199,691.72606,115.40592,242.75159,2053.496
49.149149,2036.6915,2264.3261,317.44336,2283.1332,1580.5706,243.78616,695.88476,1365.3571,2388.0623,2405.2516,393.08121,2412.9272,2379.7511,1209.54,1991.8499,353.98519,1052.048,2279.4113,1973.6302,2388.805,1635.1348,89.23961,2115.772,2326.1598,1690.5446,1887.0972,1852.3593,979.15072,1634.952,427.69386,1761.0689,79.56926,691.72528,115.406,242.75167,2053.4823
49.249249,2036.6935,2264.3283,317.44362,2283.1352,1580.5718,243.78587,695.88205,1365.3561,2388.058,2405.2448,393.0797,2412.9023,2379.7265,1209.534,1991.8314,353.9849,1052.0435,2279.3844,1973.6119,2388.7768,1635.1244,89.23965,2115.7524,2326.1349,1690.5311,1887.0807,1852.346,979.14821,1634.943,427.69369,1761.0586,79.569319,691.72448,115.40607,242.75174,2053.4684
49.349349,2036.6954,2264.3304,317.44387,2283.1372,1580.5729,243.78559,695.87942,1365.355,2388.0536,2405.2378,393.07816,2412.8772,2379.7018,1209.528,1991.8128,353.98459,1052.0389,2279.3575,1973.5935,2388.7484,1635.1138,89.239686,2115.7326,2326.1099,1690.5176,1887.0642,1852.3327,979.14568,1634.9339,427.69351,1761.0482,79.569376,691.72366,115.40614,242.7518,2053.4545
49.449449,2036.6972,2264.3324,317.44412,2283.1391,1580.5739,243.78532,695.87686,1365.3539,2388.0492,2405.2308,393.07662,2412.852,2379.6769,1209.522,1991.7941,353.98427,1052.0343,2279.3305,1973.575,2388.72,1635.1033,89.23972,2115.7128,2326.0848,1690.5039,1887.0475,1852.3193,979.1431,1634.9248,427.69332,1761.0378,79.56943,691.72282,115.40621,242.75185,2053.4404
49.54955,2036.699,2264.3344,317.44436,2283.141,1580.5749,243.78505,695.87437,1365.3528,2388.0447,2405.2237,393.07506,2412.8267,2379.652,1209.5159,1991.7753,353.98395,1052.0296,2279.3033,1973.5565,2388.6914,1635.0926,89.239751,2115.6928,2326.0596,1690.4902,1887.0308,1852.3058,979.1405,1634.9157,427.69312,1761.0273,79.569482,691.72195,115.40628,242.7519,2053.4263
49.64965,2036.7007,2264.3363,317.44459,2283.1427,1580.5759,243.78479,695.87195,1365.3517,2388.0401,2405.2166,393.07348,2412.8013,2379.627,1209.5097,1991.7565,353.98361,1052.0249,2279.2761,1973.5378,2388.6628,1635.082,89.239779,2115.6728,2326.0342,1690.4765,1887.014,1852.2923,979.13786,1634.9065,427.6929,1761.0167,79.569532,691.72107,115.40634,242.75194,2053.4121
49.74975,2036.7024,2264.3381,317.44481,2283.1444,1580.5768,243.78454,695.8696,1365.3505,2388.0355,2405.2093,393.07189,2412.7759,2379.6019,1209.5035,1991.7375,353.98326,1052.0202,2279.2487,1973.5191,2388.634,1635.0712,89.239804,2115.6526,2326.0087,1690.4626,1886.9971,1852.2786,979.13519,1634.8972,427.69267,1761.006,79.569579,691.72016,115.4064,242.75197,2053.3979
49.84985,2036.704,2264.3399,317.44502,2283.1461,1580.5777,243.7843,695.86732,1365.3493,2388.0309,2405.202,393.07029,2412.7503,2379.5766,1209.4973,1991.7185,353.9829,1052.0154,2279.2212,1973.5002,2388.605,1635.0604,89.239827,2115.6324,2325.9831,1690.4487,1886.9801,1852.2649,979.13249,1634.8878,427.69243,1760.9953,79.569624,691.71923,115.40645,242.752,2053.3835
49.94995,2036.7055,2264.3416,317.44523,2283.1476,1580.5785,243.78406,695.86511,1365.3481,2388.0261,2405.1947,393.06867,2412.7246,2379.5513,1209.491,1991.6994,353.98252,1052.0106,2279.1935,1973.4813,2388.576,1635.0496,89.239846,2115.6121,2325.9574,1690.4347,1886.963,1852.2511,979.12976,1634.8784,427.69217,1760.9845,79.569666,691.71828,115.4065,242.75202,2053.3691
50.05005,2036.707,2264.3432,317.44542,2283.1491,1580.5793,243.78382,695.86298,1365.3468,2388.0213,2405.1873,393.06703,2412.6988,2379.5258,1209.4846,1991.6802,353.98214,1052.0057,2279.1658,1973.4623,2388.5468,1635.0387,89.239863,2115.5916,2325.9316,1690.4206,1886.9459,1852.2373,979.12699,1634.8689,427.6919,1760.9737,79.569705,691.7173,115.40655,242.75203,2053.3546
50.15015,2036.7084,2264.3447,317.44561,2283.1505,1580.5801,243.7836,695.86091,1365.3455,2388.0165,2405.1798,393.06539,2412.673,2379.5003,1209.4783,1991.6609,353.98174,1052.0008,2279.1379,1973.4432,2388.5175,1635.0277,89.239877,2115.5711,2325.9057,1690.4065,1886.9286,1852.2233,979.12419,1634.8594,427.69161,1760.9628,79.569742,691.71631,115.4066,242.75203,2053.3399
50.25025,2036.7097,2264.3462,317.44579,2283.1519,1580.5808,243.78338,695.85892,1365.3442,2388.0116,2405.1722,393.06372,2412.647,2379.4746,1209.4718,1991.6415,353.98134,1051.9959,2279.11,1973.4239,2388.4881,1635.0167,89.239888,2115.5505,2325.8796,1690.3923,1886.9113,1852.2093,979.12136,1634.8498,427.69132,1760.9518,79.569777,691.71529,115.40664,242.75202,2053.3253
50.35035,2036.711,2264.3476,317.44596,2283.1532,1580.5815,243.78317,695.857,1365.3429,2388.0066,2405.1645,393.06204,2412.6209,2379.4489,1209.4653,1991.622,353.98092,1051.9909,2279.0819,1973.4046,2388.4586,1635.0056,89.239895,2115.5297,2325.8534,1690.378,1886.8939,1852.1952,979.11849,1634.8402,427.691,1760.9407,79.569809,691.71425,115.40667,242.75201,2053.3105
50.45045,2036.7124,2264.3491,317.44613,2283.1545,1580.5822,243.78295,695.85502,1365.3416,2388.0017,2405.157,393.06037,2412.5949,2379.4232,1209.4589,1991.6026,353.98051,1051.986,2279.0538,1973.3854,2388.4291,1634.9946,89.239906,2115.509,2325.8273,1690.3637,1886.8765,1852.1811,979.11565,1634.8305,427.6907,1760.9297,79.569844,691.71323,115.40671,242.752,2053.2957
50.550551,2036.7138,2264.3507,317.44633,2283.156,1580.5829,243.78272,695.85291,1365.3403,2387.9969,2405.1495,393.05871,2412.5689,2379.3975,1209.4525,1991.5833,353.98012,1051.9811,2279.0258,1973.3661,2388.3996,1634.9836,89.239921,2115.4884,2325.8012,1690.3495,1886.8592,1852.1671,979.11286,1634.821,427.69043,1760.9187,79.569882,691.71224,115.40676,242.75201,2053.2811
50.650651,2036.7152,2264.3522,317.44651,2283.1574,1580.5837,243.78249,695.85083,1365.3391,2387.9921,2405.142,393.05704,2412.5429,2379.3718,1209.446,1991.5639,353.97972,1051.9761,2278.9977,1973.3469,2388.3701,1634.9726,89.239935,2115.4677,2325.7751,1690.3353,1886.8419,1852.1531,979.11006,1634.8114,427.69014,1760.9077,79.56992,691.71125,115.4068,242.75201,2053.2664
50.750751,2036.7166,2264.3538,317.4467,2283.1588,1580.5844,243.78227,695.8488,1365.3378,2387.9873,2405.1345,393.05536,2412.5168,2379.3461,1209.4396,1991.5444,353.97932,1051.9712,2278.9695,1973.3275,2388.3405,1634.9615,89.239947,2115.4469,2325.7489,1690.321,1886.8245,1852.139,979.10723,1634.8018,427.68985,1760.8967,79.569956,691.71024,115.40685,242.75201,2053.2516
50.850851,2036.718,2264.3552,317.44688,2283.1602,1580.5852,243.78205,695.84681,1365.3365,2387.9824,2405.127,393.05367,2412.4907,2379.3202,1209.4331,1991.5249,353.97891,1051.9662,2278.9412,1973.3081,2388.3108,1634.9504,89.239957,2115.4261,2325.7225,1690.3067,1886.807,1852.1249,979.10438,1634.7921,427.68955,1760.8856,79.569991,691.70922,115.40689,242.75201,2053.2368
50.950951,2036.7193,2264.3567,317.44705,2283.1615,1580.5858,243.78184,695.84485,1365.3352,2387.9775,2405.1194,393.05198,2412.4645,2379.2943,1209.4265,1991.5053,353.97849,1051.9612,2278.9129,1973.2887,2388.281,1634.9393,89.239966,2115.4052,2325.6961,1690.2923,1886.7894,1852.1107,979.10152,1634.7824,427.68925,1760.8745,79.570025,691.70819,115.40693,242.752,2053.222
51.051051,2036.7206,2264.3581,317.44722,2283.1628,1580.5865,243.78162,695.84292,1365.3339,2387.9726,2405.1118,393.05027,2412.4382,2379.2684,1209.42,1991.4857,353.97807,1051.9561,2278.8845,1973.2692,2388.2511,1634.9281,89.239974,2115.3842,2325.6697,1690.2778,1886.7719,1852.0964,979.09864,1634.7727,427.68893,1760.8634,79.570057,691.70715,115.40696,242.75199,2053.2071
51.151151,2036.7219,2264.3595,317.44739,2283.1641,1580.5872,243.78142,695.84103,1365.3326,2387.9677,2405.1041,393.04855,2412.4118,2379.2423,1209.4134,1991.466,353.97764,1051.9511,2278.8559,1973.2496,2388.2211,1634.9169,89.23998,2115.3632,2325.6431,1690.2634,1886.7542,1852.0821,979.09574,1634.7629,427.68862,1760.8522,79.570089,691.70609,115.407,242.75197,2053.1921
51.251251,2036.7231,2264.3608,317.44755,2283.1653,1580.5878,243.78121,695.83918,1365.3313,2387.9627,2405.0964,393.04682,2412.3854,2379.2162,1209.4068,1991.4463,353.9772,1051.946,2278.8273,1973.2299,2388.1911,1634.9057,89.239984,2115.3421,2325.6165,1690.2488,1886.7365,1852.0678,979.09283,1634.7531,427.68829,1760.8409,79.570119,691.70503,115.40703,242.75195,2053.1771
51.351351,2036.7243,2264.3622,317.44771,2283.1665,1580.5884,243.78101,695.83735,1365.3299,2387.9578,2405.0887,393.04509,2412.359,2379.1901,1209.4001,1991.4265,353.97676,1051.9409,2278.7987,1973.2102,2388.1609,1634.8944,89.239987,2115.3209,2325.5898,1690.2343,1886.7188,1852.0534,979.0899,1634.7432,427.68796,1760.8296,79.570148,691.70396,115.40706,242.75193,2053.162
51.451451,2036.7255,2264.3634,317.44786,2283.1676,1580.589,243.78081,695.83556,1365.3286,2387.9528,2405.081,393.04334,2412.3324,2379.1638,1209.3934,1991.4066,353.97632,1051.9358,2278.7699,1973.1904,2388.1307,1634.8831,89.239989,2115.2997,2325.563,1690.2196,1886.701,1852.039,979.08695,1634.7333,427.68762,1760.8183,79.570176,691.70287,115.40709,242.7519,2053.1469
51.551552,2036.7267,2264.3647,317.44801,2283.1688,1580.5896,243.78061,695.8338,1365.3272,2387.9477,2405.0732,393.04159,2412.3059,2379.1375,1209.3867,1991.3868,353.97587,1051.9306,2278.7411,1973.1706,2388.1004,1634.8718,89.23999,2115.2784,2325.5361,1690.205,1886.6831,1852.0245,979.08399,1634.7234,427.68728,1760.807,79.570202,691.70178,115.40712,242.75187,2053.1318
51.651652,2036.7278,2264.3659,317.44816,2283.1699,1580.5901,243.78042,695.83208,1365.3259,2387.9427,2405.0654,393.03983,2412.2792,2379.1112,1209.38,1991.3668,353.97541,1051.9255,2278.7121,1973.1507,2388.07,1634.8604,89.239989,2115.257,2325.5092,1690.1903,1886.6652,1852.01,979.08101,1634.7135,427.68693,1760.7956,79.570228,691.70068,115.40715,242.75184,2053.1166
51.751752,2036.7289,2264.3671,317.4483,2283.171,1580.5907,243.78023,695.83038,1365.3245,2387.9376,2405.0575,393.03806,2412.2525,2379.0847,1209.3732,1991.3468,353.97495,1051.9203,2278.6831,1973.1308,2388.0395,1634.849,89.239987,2115.2356,2325.4822,1690.1755,1886.6472,1851.9954,979.07802,1634.7035,427.68657,1760.7841,79.570253,691.69956,115.40718,242.7518,2053.1013
51.851852,2036.73,2264.3683,317.44844,2283.172,1580.5912,243.78004,695.82871,1365.3231,2387.9325,2405.0496,393.03628,2412.2257,2379.0582,1209.3665,1991.3268,353.97449,1051.915,2278.6541,1973.1108,2388.009,1634.8376,89.239984,2115.2141,2325.4551,1690.1607,1886.6292,1851.9808,979.07501,1634.6935,427.68621,1760.7727,79.570276,691.69844,115.4072,242.75176,2053.086
51.951952,2036.731,2264.3694,317.44858,2283.173,1580.5917,243.77985,695.82707,1365.3217,2387.9274,2405.0418,393.03449,2412.1989,2379.0317,1209.3597,1991.3067,353.97401,1051.9098,2278.6249,1973.0907,2387.9783,1634.8261,89.23998,2115.1925,2325.4279,1690.1459,1886.6112,1851.9662,979.07199,1634.6834,427.68584,1760.7611,79.570299,691.69731,115.40722,242.75172,2053.0706
52.052052,2036.732,2264.3705,317.44871,2283.174,1580.5922,243.77967,695.82546,1365.3203,2387.9223,2405.0338,393.03269,2412.172,2379.0051,1209.3528,1991.2866,353.97354,1051.9046,2278.5957,1973.0706,2387.9476,1634.8146,89.239974,2115.1709,2325.4007,1690.131,1886.5931,1851.9515,979.06895,1634.6734,427.68547,1760.7496,79.570321,691.69617,115.40725,242.75167,2053.0552
52.152152,2036.7331,2264.3716,317.44884,2283.175,1580.5927,243.77949,695.82387,1365.3189,2387.9171,2405.0259,393.03089,2412.1451,2378.9784,1209.346,1991.2664,353.97306,1051.8993,2278.5664,1973.0504,2387.9168,1634.8031,89.239967,2115.1493,2325.3733,1690.1161,1886.5749,1851.9368,979.0659,1634.6633,427.68509,1760.738,79.570342,691.69502,115.40727,242.75162,2053.0398
52.252252,2036.734,2264.3727,317.44897,2283.1759,1580.5931,243.77932,695.82232,1365.3174,2387.912,2405.0179,393.02907,2412.1181,2378.9517,1209.3391,1991.2461,353.97257,1051.894,2278.537,1973.0302,2387.8859,1634.7916,89.239959,2115.1275,2325.3459,1690.1011,1886.5567,1851.922,979.06283,1634.6531,427.68471,1760.7264,79.570362,691.69387,115.40728,242.75157,2053.0243
52.352352,2036.735,2264.3737,317.44909,2283.1769,1580.5936,243.77914,695.82078,1365.316,2387.9068,2405.0099,393.02725,2412.091,2378.9249,1209.3322,1991.2259,353.97208,1051.8887,2278.5075,1973.0099,2387.855,1634.78,89.23995,2115.1058,2325.3185,1690.0861,1886.5384,1851.9072,979.05975,1634.6429,427.68432,1760.7148,79.570381,691.6927,115.4073,242.75152,2053.0088
52.452452,2036.7359,2264.3747,317.44921,2283.1778,1580.594,243.77897,695.81928,1365.3146,2387.9016,2405.0019,393.02542,2412.0639,2378.898,1209.3252,1991.2055,353.97159,1051.8833,2278.478,1972.9895,2387.824,1634.7684,89.23994,2115.0839,2325.291,1690.0711,1886.5201,1851.8923,979.05666,1634.6327,427.68393,1760.7031,79.570399,691.69153,115.40732,242.75146,2052.9932
52.552553,2036.7369,2264.3757,317.44933,2283.1786,1580.5944,243.7788,695.8178,1365.3131,2387.8964,2404.9938,393.02358,2412.0368,2378.8711,1209.3183,1991.1852,353.97109,1051.878,2278.4483,1972.9691,2387.7928,1634.7568,89.239929,2115.062,2325.2634,1690.056,1886.5017,1851.8774,979.05356,1634.6225,427.68353,1760.6913,79.570416,691.69034,115.40733,242.7514,2052.9776
52.652653,2036.7378,2264.3767,317.44944,2283.1795,1580.5948,243.77863,695.81634,1365.3117,2387.8911,2404.9857,393.02174,2412.0095,2378.8442,1209.3113,1991.1647,353.97058,1051.8726,2278.4186,1972.9487,2387.7617,1634.7451,89.239916,2115.04,2325.2357,1690.0409,1886.4833,1851.8624,979.05044,1634.6122,427.68313,1760.6796,79.570432,691.68916,115.40735,242.75134,2052.9619
52.752753,2036.7386,2264.3776,317.44955,2283.1803,1580.5952,243.77847,695.81491,1365.3102,2387.8859,2404.9776,393.01989,2411.9823,2378.8172,1209.3043,1991.1443,353.97008,1051.8672,2278.3889,1972.9282,2387.7304,1634.7334,89.239903,2115.018,2325.2079,1690.0257,1886.4649,1851.8475,979.04731,1634.602,427.68272,1760.6678,79.570448,691.68796,115.40736,242.75127,2052.9462
52.852853,2036.7395,2264.3786,317.44966,2283.1811,1580.5955,243.7783,695.8135,1365.3087,2387.8806,2404.9695,393.01802,2411.9549,2378.7901,1209.2972,1991.1238,353.96956,1051.8618,2278.359,1972.9076,2387.699,1634.7217,89.239889,2114.9959,2325.1801,1690.0105,1886.4464,1851.8324,979.04416,1634.5916,427.68231,1760.656,79.570463,691.68675,115.40737,242.75121,2052.9305
52.952953,2036.7403,2264.3794,317.44977,2283.1819,1580.5959,243.77814,695.81212,1365.3073,2387.8753,2404.9614,393.01616,2411.9276,2378.763,1209.2902,1991.1032,353.96905,1051.8563,2278.3291,1972.887,2387.6676,1634.7099,89.239873,2114.9738,2325.1522,1689.9953,1886.4278,1851.8174,979.04101,1634.5813,427.68189,1760.6441,79.570477,691.68554,115.40738,242.75114,2052.9147
53.053053,2036.7411,2264.3803,317.44987,2283.1826,1580.5962,243.77798,695.81076,1365.3058,2387.87,2404.9532,393.01428,2411.9001,2378.7358,1209.2831,1991.0826,353.96853,1051.8509,2278.2991,1972.8663,2387.6361,1634.6982,89.239857,2114.9516,2325.1243,1689.98,1886.4092,1851.8023,979.03784,1634.5709,427.68147,1760.6322,79.57049,691.68432,115.40739,242.75107,2052.8989
53.153153,2036.7419,2264.3812,317.44997,2283.1834,1580.5966,243.77783,695.80942,1365.3043,2387.8647,2404.945,393.0124,2411.8726,2378.7085,1209.276,1991.062,353.968,1051.8454,2278.2691,1972.8456,2387.6046,1634.6864,89.23984,2114.9294,2325.0962,1689.9647,1886.3906,1851.7871,979.03466,1634.5605,427.68104,1760.6203,79.570502,691.6831,115.4074,242.75099,2052.883
53.253253,2036.7427,2264.382,317.45007,2283.1841,1580.5969,243.77767,695.8081,1365.3028,2387.8594,2404.9368,393.0105,2411.8451,2378.6812,1209.2689,1991.0413,353.96747,1051.8399,2278.2389,1972.8248,2387.5729,1634.6745,89.239821,2114.9071,2325.0681,1689.9493,1886.3719,1851.7719,979.03147,1634.5501,427.68061,1760.6084,79.570514,691.68186,115.40741,242.75091,2052.8671
53.353353,2036.7435,2264.3828,317.45017,2283.1848,1580.5972,243.77752,695.80681,1365.3013,2387.8541,2404.9285,393.0086,2411.8175,2378.6539,1209.2617,1991.0205,353.96694,1051.8344,2278.2087,1972.804,2387.5412,1634.6627,89.239802,2114.8847,2325.04,1689.9339,1886.3532,1851.7567,979.02826,1634.5396,427.68018,1760.5964,79.570525,691.68062,115.40741,242.75083,2052.8511
53.453453,2036.7442,2264.3836,317.45026,2283.1855,1580.5975,243.77737,695.80553,1365.2998,2387.8487,2404.9203,393.0067,2411.7899,2378.6265,1209.2545,1990.9998,353.96641,1051.8289,2278.1785,1972.7831,2387.5094,1634.6508,89.239782,2114.8623,2325.0118,1689.9185,1886.3344,1851.7414,979.02505,1634.5291,427.67974,1760.5844,79.570535,691.67937,115.40742,242.75075,2052.8352
53.553554,2036.745,2264.3844,317.45035,2283.1861,1580.5977,243.77722,695.80428,1365.2983,2387.8434,2404.912,393.00478,2411.7622,2378.599,1209.2473,1990.9789,353.96586,1051.8233,2278.1481,1972.7622,2387.4775,1634.6389,89.239761,2114.8398,2324.9834,1689.903,1886.3156,1851.7261,979.02182,1634.5186,427.6793,1760.5723,79.570545,691.67812,115.40742,242.75067,2052.8191
53.653654,2036.7457,2264.3851,317.45044,2283.1868,1580.598,243.77708,695.80305,1365.2967,2387.838,2404.9037,393.00286,2411.7344,2378.5715,1209.2401,1990.9581,353.96532,1051.8177,2278.1177,1972.7412,2387.4455,1634.627,89.239739,2114.8173,2324.9551,1689.8875,1886.2967,1851.7108,979.01858,1634.5081,427.67885,1760.5602,79.570554,691.67686,115.40742,242.75058,2052.8031
53.753754,2036.7464,2264.3859,317.45052,2283.1874,1580.5983,243.77693,695.80183,1365.2952,2387.8326,2404.8954,393.00094,2411.7067,2378.5439,1209.2329,1990.9372,353.96477,1051.8122,2278.0872,1972.7201,2387.4135,1634.615,89.239716,2114.7947,2324.9267,1689.872,1886.2778,1851.6954,979.01534,1634.4975,427.6784,1760.5481,79.570562,691.6756,115.40743,242.7505,2052.7869
53.853854,2036.7471,2264.3866,317.45061,2283.188,1580.5985,243.77678,695.80059,1365.2937,2387.8272,2404.8871,392.99901,2411.6789,2378.5163,1209.2257,1990.9163,353.96423,1051.8066,2278.0567,1972.6991,2387.3815,1634.603,89.239694,2114.7721,2324.8982,1689.8564,1886.2589,1851.6801,979.01209,1634.4869,427.67796,1760.536,79.570571,691.67433,115.40743,242.75041,2052.7708
53.953954,2036.7478,2264.3874,317.4507,2283.1887,1580.5988,243.77664,695.79937,1365.2922,2387.8219,2404.8788,392.99707,2411.651,2378.4887,1209.2184,1990.8953,353.96368,1051.801,2278.0261,1972.678,2387.3493,1634.591,89.239671,2114.7495,2324.8696,1689.8409,1886.2399,1851.6647,979.00884,1634.4763,427.67751,1760.5239,79.57058,691.67306,115.40743,242.75032,2052.7547
54.054054,2036.7485,2264.3881,317.45078,2283.1893,1580.599,243.7765,695.79817,1365.2907,2387.8165,2404.8705,392.99513,2411.6231,2378.461,1209.2111,1990.8743,353.96313,1051.7954,2277.9954,1972.6568,2387.3171,1634.579,89.239648,2114.7267,2324.841,1689.8252,1886.2209,1851.6492,979.00558,1634.4657,427.67705,1760.5117,79.570587,691.67179,115.40743,242.75024,2052.7385
54.154154,2036.7491,2264.3888,317.45087,2283.1899,1580.5993,243.77635,695.79697,1365.2891,2387.8111,2404.8621,392.99318,2411.5952,2378.4333,1209.2038,1990.8533,353.96258,1051.7898,2277.9647,1972.6356,2387.2849,1634.567,89.239624,2114.704,2324.8124,1689.8096,1886.2018,1851.6337,979.0023,1634.4551,427.6766,1760.4995,79.570595,691.67051,115.40743,242.75015,2052.7223
54.254254,2036.7498,2264.3895,317.45095,2283.1905,1580.5995,243.77621,695.7958,1365.2876,2387.8057,2404.8538,392.99122,2411.5672,2378.4055,1209.1965,1990.8322,353.96202,1051.7841,2277.9339,1972.6144,2387.2525,1634.5549,89.239599,2114.6812,2324.7837,1689.7939,1886.1828,1851.6182,978.99902,1634.4444,427.67614,1760.4873,79.570602,691.66923,115.40743,242.75005,2052.706
54.354354,2036.7505,2264.3902,317.45103,2283.191,1580.5997,243.77607,695.79463,1365.2861,2387.8003,2404.8454,392.98926,2411.5392,2378.3777,1209.1892,1990.8111,353.96146,1051.7785,2277.903,1972.5931,2387.2201,1634.5429,89.239573,2114.6583,2324.7549,1689.7782,1886.1636,1851.6027,978.99573,1634.4337,427.67568,1760.4751,79.570609,691.66794,115.40743,242.74996,2052.6897
54.454454,2036.7511,2264.3908,317.45111,2283.1916,1580.6,243.77594,695.79348,1365.2845,2387.7949,2404.837,392.98729,2411.5111,2378.3499,1209.1818,1990.79,353.9609,1051.7728,2277.8721,1972.5718,2387.1877,1634.5308,89.239547,2114.6354,2324.726,1689.7624,1886.1445,1851.5871,978.99243,1634.423,427.67522,1760.4628,79.570615,691.66665,115.40743,242.74987,2052.6734
54.554555,2036.7517,2264.3915,317.45119,2283.1921,1580.6002,243.7758,695.79235,1365.283,2387.7895,2404.8286,392.98532,2411.483,2378.3219,1209.1744,1990.7688,353.96033,1051.7671,2277.8411,1972.5504,2387.1551,1634.5186,89.239521,2114.6125,2324.6971,1689.7466,1886.1253,1851.5715,978.98912,1634.4123,427.67475,1760.4505,79.57062,691.66535,115.40743,242.74977,2052.657
54.654655,2036.7523,2264.3922,317.45126,2283.1927,1580.6004,243.77566,695.79122,1365.2815,2387.7841,2404.8202,392.98334,2411.4548,2378.294,1209.1671,1990.7476,353.95976,1051.7614,2277.81,1972.529,2387.1225,1634.5065,89.239493,2114.5895,2324.6681,1689.7308,1886.106,1851.5558,978.98581,1634.4015,427.67428,1760.4382,79.570626,691.66405,115.40743,242.74967,2052.6406
54.754755,2036.7529,2264.3928,317.45134,2283.1932,1580.6006,243.77553,695.79011,1365.2799,2387.7787,2404.8118,392.98135,2411.4267,2378.266,1209.1596,1990.7263,353.95919,1051.7557,2277.7789,1972.5075,2387.0898,1634.4943,89.239466,2114.5664,2324.6391,1689.715,1886.0867,1851.5402,978.98248,1634.3907,427.67381,1760.4259,79.57063,691.66274,115.40742,242.74958,2052.6242
54.854855,2036.7535,2264.3934,317.45141,2283.1937,1580.6008,243.7754,695.78901,1365.2784,2387.7733,2404.8033,392.97936,2411.3984,2378.2379,1209.1522,1990.7051,353.95862,1051.7499,2277.7477,1972.486,2387.0571,1634.4821,89.239437,2114.5434,2324.61,1689.6991,1886.0674,1851.5245,978.97915,1634.3799,427.67334,1760.4135,79.570635,691.66143,115.40742,242.74948,2052.6077
54.954955,2036.7541,2264.394,317.45148,2283.1942,1580.601,243.77526,695.78792,1365.2768,2387.7678,2404.7949,392.97736,2411.3701,2378.2098,1209.1448,1990.6837,353.95805,1051.7442,2277.7164,1972.4644,2387.0243,1634.4699,89.239408,2114.5202,2324.5808,1689.6832,1886.048,1851.5087,978.97581,1634.3691,427.67286,1760.4011,79.570639,691.66011,115.40742,242.74938,2052.5912
55.055055,2036.7547,2264.3946,317.45155,2283.1947,1580.6011,243.77513,695.78684,1365.2753,2387.7624,2404.7864,392.97535,2411.3418,2378.1817,1209.1373,1990.6624,353.95747,1051.7384,2277.6851,1972.4428,2386.9914,1634.4577,89.239379,2114.497,2324.5516,1689.6672,1886.0286,1851.493,978.97246,1634.3583,427.67238,1760.3887,79.570643,691.6588,115.40741,242.74927,2052.5746
55.155155,2036.7552,2264.3952,317.45162,2283.1952,1580.6013,243.775,695.78577,1365.2737,2387.757,2404.7779,392.97334,2411.3134,2378.1535,1209.1298,1990.641,353.95689,1051.7327,2277.6537,1972.4211,2386.9584,1634.4454,89.239349,2114.4738,2324.5223,1689.6513,1886.0092,1851.4772,978.96911,1634.3474,427.6719,1760.3763,79.570646,691.65747,115.40741,242.74917,2052.5581
55.255255,2036.7558,2264.3958,317.45169,2283.1957,1580.6015,243.77487,695.78471,1365.2722,2387.7515,2404.7695,392.97133,2411.285,2378.1253,1209.1223,1990.6196,353.9563,1051.7269,2277.6223,1972.3994,2386.9254,1634.4332,89.239318,2114.4505,2324.493,1689.6353,1885.9897,1851.4613,978.96574,1634.3365,427.67142,1760.3638,79.570649,691.65614,115.4074,242.74907,2052.5415
55.355355,2036.7563,2264.3964,317.45175,2283.1962,1580.6016,243.77475,695.78367,1365.2706,2387.7461,2404.761,392.9693,2411.2566,2378.097,1209.1148,1990.5981,353.95572,1051.7211,2277.5908,1972.3777,2386.8923,1634.4209,89.239287,2114.4271,2324.4636,1689.6192,1885.9702,1851.4455,978.96237,1634.3256,427.67094,1760.3513,79.570652,691.65481,115.4074,242.74896,2052.5248
55.455455,2036.7569,2264.397,317.45182,2283.1966,1580.6018,243.77462,695.78263,1365.2691,2387.7406,2404.7524,392.96727,2411.2281,2378.0687,1209.1073,1990.5766,353.95513,1051.7153,2277.5592,1972.3559,2386.8592,1634.4086,89.239256,2114.4038,2324.4341,1689.6032,1885.9506,1851.4296,978.95899,1634.3147,427.67045,1760.3388,79.570654,691.65347,115.40739,242.74885,2052.5082
55.555556,2036.7574,2264.3975,317.45188,2283.1971,1580.602,243.77449,695.7816,1365.2675,2387.7352,2404.7439,392.96524,2411.1995,2378.0403,1209.0997,1990.5551,353.95454,1051.7094,2277.5275,1972.334,2386.8259,1634.3962,89.239224,2114.3803,2324.4046,1689.5871,1885.931,1851.4137,978.9556,1634.3037,427.66996,1760.3263,79.570656,691.65213,115.40738,242.74875,2052.4915
55.655656,2036.7579,2264.3981,317.45195,2283.1975,1580.6021,243.77437,695.78059,1365.2659,2387.7297,2404.7354,392.9632,2411.171,2378.0119,1209.0922,1990.5335,353.95395,1051.7036,2277.4958,1972.3122,2386.7927,1634.3839,89.239191,2114.3569,2324.375,1689.5709,1885.9114,1851.3977,978.95221,1634.2927,427.66947,1760.3137,79.570658,691.65079,115.40737,242.74864,2052.4747
55.755756,2036.7584,2264.3986,317.45201,2283.1979,1580.6022,243.77424,695.77958,1365.2644,2387.7243,2404.7268,392.96115,2411.1424,2377.9834,1209.0846,1990.5119,353.95336,1051.6977,2277.464,1972.2902,2386.7593,1634.3715,89.239158,2114.3333,2324.3453,1689.5548,1885.8917,1851.3817,978.9488,1634.2817,427.66898,1760.3011,79.570659,691.64944,115.40737,242.74853,2052.458
55.855856,2036.7589,2264.3991,317.45207,2283.1984,1580.6024,243.77412,695.77858,1365.2628,2387.7188,2404.7183,392.9591,2411.1137,2377.9549,1209.077,1990.4903,353.95276,1051.6919,2277.4322,1972.2683,2386.7259,1634.3591,89.239124,2114.3097,2324.3156,1689.5386,1885.872,1851.3657,978.94539,1634.2707,427.66848,1760.2885,79.57066,691.64809,115.40736,242.74842,2052.4412
55.955956,2036.7594,2264.3997,317.45213,2283.1988,1580.6025,243.774,695.7776,1365.2613,2387.7133,2404.7097,392.95705,2411.085,2377.9264,1209.0693,1990.4686,353.95216,1051.686,2277.4003,1972.2462,2386.6924,1634.3467,89.23909,2114.2861,2324.2858,1689.5223,1885.8523,1851.3497,978.94198,1634.2597,427.66799,1760.2759,79.570661,691.64673,115.40735,242.74831,2052.4243
56.056056,2036.7599,2264.4002,317.45219,2283.1992,1580.6026,243.77388,695.77662,1365.2597,2387.7079,2404.7011,392.95498,2411.0563,2377.8978,1209.0617,1990.4469,353.95156,1051.6801,2277.3683,1972.2242,2386.6588,1634.3342,89.239056,2114.2625,2324.256,1689.5061,1885.8325,1851.3336,978.93855,1634.2486,427.66749,1760.2632,79.570661,691.64537,115.40734,242.74819,2052.4074
56.156156,2036.7604,2264.4007,317.45225,2283.1996,1580.6028,243.77376,695.77565,1365.2581,2387.7024,2404.6926,392.95291,2411.0275,2377.8692,1209.0541,1990.4252,353.95096,1051.6742,2277.3363,1972.2021,2386.6252,1634.3218,89.239021,2114.2387,2324.226,1689.4898,1885.8127,1851.3175,978.93512,1634.2375,427.66699,1760.2506,79.570661,691.64401,115.40733,242.74808,2052.3905
56.256256,2036.7608,2264.4012,317.4523,2283.2,1580.6029,243.77364,695.77469,1365.2566,2387.6969,2404.684,392.95084,2410.9987,2377.8405,1209.0464,1990.4034,353.95035,1051.6683,2277.3042,1972.1799,2386.5915,1634.3093,89.238985,2114.215,2324.1961,1689.4735,1885.7928,1851.3014,978.93168,1634.2264,427.66648,1760.2379,79.570661,691.64264,115.40732,242.74796,2052.3736
56.356356,2036.7613,2264.4017,317.45236,2283.2003,1580.603,243.77352,695.77374,1365.255,2387.6914,2404.6753,392.94876,2410.9698,2377.8118,1209.0387,1990.3816,353.94975,1051.6623,2277.272,1972.1577,2386.5578,1634.2968,89.238949,2114.1912,2324.166,1689.4571,1885.7729,1851.2852,978.92823,1634.2153,427.66598,1760.2251,79.57066,691.64127,115.40731,242.74785,2052.3566
56.456456,2036.7617,2264.4021,317.45241,2283.2007,1580.6031,243.7734,695.7728,1365.2534,2387.6859,2404.6667,392.94667,2410.9409,2377.783,1209.031,1990.3597,353.94914,1051.6564,2277.2398,1972.1355,2386.5239,1634.2842,89.238913,2114.1673,2324.136,1689.4408,1885.753,1851.269,978.92477,1634.2042,427.66547,1760.2124,79.570659,691.63989,115.4073,242.74773,2052.3396
56.556557,2036.7622,2264.4026,317.45247,2283.2011,1580.6032,243.77328,695.77187,1365.2518,2387.6805,2404.6581,392.94458,2410.912,2377.7542,1209.0233,1990.3379,353.94852,1051.6504,2277.2075,1972.1132,2386.49,1634.2717,89.238876,2114.1434,2324.1058,1689.4244,1885.733,1851.2528,978.92131,1634.193,427.66496,1760.1996,79.570658,691.63851,115.40729,242.74762,2052.3226
56.656657,2036.7626,2264.4031,317.45252,2283.2014,1580.6033,243.77317,695.77094,1365.2503,2387.675,2404.6494,392.94248,2410.883,2377.7254,1209.0155,1990.3159,353.94791,1051.6445,2277.1752,1972.0909,2386.4561,1634.2591,89.238839,2114.1194,2324.0756,1689.4079,1885.713,1851.2365,978.91784,1634.1818,427.66445,1760.1868,79.570657,691.63713,115.40727,242.7475,2052.3055
56.756757,2036.763,2264.4035,317.45257,2283.2018,1580.6034,243.77305,695.77003,1365.2487,2387.6695,2404.6408,392.94038,2410.854,2377.6965,1209.0078,1990.294,353.94729,1051.6385,2277.1427,1972.0685,2386.422,1634.2465,89.238801,2114.0954,2324.0453,1689.3914,1885.6929,1851.2202,978.91436,1634.1706,427.66394,1760.174,79.570655,691.63574,115.40726,242.74738,2052.2884
56.856857,2036.7634,2264.404,317.45262,2283.2021,1580.6035,243.77294,695.76912,1365.2471,2387.664,2404.6321,392.93827,2410.8249,2377.6676,1209,1990.272,353.94668,1051.6325,2277.1102,1972.0461,2386.3879,1634.2339,89.238763,2114.0714,2324.0149,1689.3749,1885.6728,1851.2039,978.91087,1634.1594,427.66343,1760.1612,79.570653,691.63435,115.40725,242.74726,2052.2713
56.956957,2036.7638,2264.4044,317.45267,2283.2025,1580.6035,243.77283,695.76823,1365.2455,2387.6585,2404.6234,392.93615,2410.7958,2377.6386,1208.9922,1990.25,353.94606,1051.6264,2277.0777,1972.0236,2386.3538,1634.2213,89.238724,2114.0473,2323.9845,1689.3584,1885.6527,1851.1876,978.90737,1634.1481,427.66291,1760.1483,79.57065,691.63295,115.40723,242.74714,2052.2541
57.057057,2036.7642,2264.4048,317.45272,2283.2028,1580.6036,243.77271,695.76734,1365.2439,2387.653,2404.6148,392.93403,2410.7667,2377.6095,1208.9844,1990.2279,353.94543,1051.6204,2277.0451,1972.0011,2386.3195,1634.2087,89.238685,2114.0231,2323.9541,1689.3419,1885.6325,1851.1712,978.90387,1634.1368,427.66239,1760.1354,79.570648,691.63155,115.40722,242.74701,2052.2369
57.157157,2036.7646,2264.4053,317.45277,2283.2031,1580.6037,243.7726,695.76643,1365.2424,2387.6475,2404.6061,392.93191,2410.7375,2377.5805,1208.9766,1990.2059,353.94481,1051.6144,2277.0124,1971.9786,2386.2853,1634.196,89.238646,2113.999,2323.9236,1689.3253,1885.6123,1851.1548,978.90038,1634.1256,427.66188,1760.1225,79.570646,691.63016,115.40721,242.74689,2052.2197
57.257257,2036.765,2264.4057,317.45282,2283.2035,1580.6038,243.77249,695.76554,1365.2408,2387.642,2404.5974,392.92978,2410.7083,2377.5514,1208.9688,1990.1838,353.94419,1051.6083,2276.9797,1971.956,2386.2509,1634.1833,89.238607,2113.9748,2323.893,1689.3087,1885.5921,1851.1384,978.89688,1634.1143,427.66136,1760.1096,79.570644,691.62877,115.4072,242.74677,2052.2025
57.357357,2036.7654,2264.4061,317.45287,2283.2038,1580.6039,243.77237,695.76465,1365.2392,2387.6365,2404.5887,392.92765,2410.6791,2377.5223,1208.9609,1990.1617,353.94357,1051.6023,2276.9469,1971.9334,2386.2165,1634.1706,89.238568,2113.9505,2323.8624,1689.292,1885.5719,1851.122,978.89338,1634.103,427.66084,1760.0967,79.570641,691.62737,115.40718,242.74665,2052.1852
57.457457,2036.7658,2264.4066,317.45292,2283.2041,1580.6039,243.77226,695.76376,1365.2377,2387.631,2404.58,392.92551,2410.6498,2377.4931,1208.953,1990.1395,353.94294,1051.5962,2276.914,1971.9107,2386.182,1634.1579,89.238528,2113.9262,2323.8317,1689.2754,1885.5516,1851.1055,978.88987,1634.0917,427.66032,1760.0837,79.570638,691.62597,115.40717,242.74653,2052.1679
57.557558,2036.7662,2264.407,317.45296,2283.2044,1580.604,243.77215,695.76288,1365.2361,2387.6255,2404.5713,392.92337,2410.6205,2377.4639,1208.9452,1990.1173,353.94231,1051.5901,2276.8811,1971.888,2386.1475,1634.1452,89.238488,2113.9018,2323.801,1689.2587,1885.5312,1851.089,978.88635,1634.0803,427.6598,1760.0707,79.570636,691.62457,115.40715,242.7464,2052.1506
57.657658,2036.7666,2264.4074,317.45301,2283.2047,1580.6041,243.77204,695.76201,1365.2345,2387.62,2404.5626,392.92122,2410.5911,2377.4347,1208.9373,1990.0951,353.94168,1051.584,2276.8482,1971.8653,2386.1129,1634.1325,89.238447,2113.8774,2323.7702,1689.242,1885.5109,1851.0725,978.88283,1634.0689,427.65928,1760.0577,79.570632,691.62316,115.40714,242.74628,2052.1332
57.757758,2036.767,2264.4078,317.45306,2283.205,1580.6041,243.77193,695.76115,1365.2329,2387.6145,2404.5538,392.91907,2410.5617,2377.4054,1208.9294,1990.0728,353.94105,1051.5779,2276.8151,1971.8425,2386.0782,1634.1197,89.238406,2113.853,2323.7394,1689.2252,1885.4905,1851.0559,978.8793,1634.0576,427.65875,1760.0447,79.570629,691.62175,115.40712,242.74615,2052.1159
57.857858,2036.7673,2264.4082,317.4531,2283.2053,1580.6042,243.77182,695.76029,1365.2314,2387.609,2404.5451,392.91691,2410.5323,2377.3761,1208.9214,1990.0505,353.94042,1051.5718,2276.782,1971.8196,2386.0435,1634.1069,89.238365,2113.8285,2323.7084,1689.2084,1885.47,1851.0393,978.87576,1634.0462,427.65823,1760.0317,79.570626,691.62034,115.40711,242.74603,2052.0984
57.957958,2036.7677,2264.4086,317.45315,2283.2056,1580.6043,243.77171,695.75944,1365.2298,2387.6035,2404.5364,392.91474,2410.5028,2377.3467,1208.9135,1990.0282,353.93978,1051.5657,2276.7488,1971.7968,2386.0087,1634.0941,89.238323,2113.8039,2323.6775,1689.1916,1885.4496,1851.0227,978.87222,1634.0347,427.6577,1760.0186,79.570622,691.61892,115.40709,242.7459,2052.081
58.058058,2036.7681,2264.409,317.45319,2283.2059,1580.6043,243.7716,695.75859,1365.2282,2387.598,2404.5276,392.91257,2410.4733,2377.3173,1208.9056,1990.0058,353.93914,1051.5595,2276.7156,1971.7738,2385.9738,1634.0813,89.238281,2113.7794,2323.6464,1689.1748,1885.429,1851.006,978.86867,1634.0233,427.65717,1760.0055,79.570618,691.61751,115.40708,242.74578,2052.0635
58.158158,2036.7684,2264.4094,317.45323,2283.2062,1580.6044,243.7715,695.75775,1365.2266,2387.5925,2404.5188,392.9104,2410.4438,2377.2878,1208.8976,1989.9835,353.9385,1051.5534,2276.6823,1971.7509,2385.9389,1634.0684,89.238239,2113.7547,2323.6153,1689.1579,1885.4085,1850.9894,978.86512,1634.0118,427.65664,1759.9924,79.570614,691.61609,115.40706,242.74565,2052.046
58.258258,2036.7688,2264.4098,317.45328,2283.2065,1580.6044,243.77139,695.75692,1365.225,2387.587,2404.5101,392.90821,2410.4142,2377.2583,1208.8896,1989.961,353.93786,1051.5472,2276.6489,1971.7278,2385.9038,1634.0555,89.238196,2113.73,2323.5842,1689.141,1885.3879,1850.9727,978.86156,1634.0003,427.65611,1759.9793,79.570609,691.61466,115.40705,242.74552,2052.0285
58.358358,2036.7691,2264.4101,317.45332,2283.2068,1580.6045,243.77128,695.75609,1365.2235,2387.5815,2404.5013,392.90603,2410.3846,2377.2288,1208.8816,1989.9386,353.93722,1051.541,2276.6155,1971.7048,2385.8688,1634.0427,89.238153,2113.7053,2323.553,1689.1241,1885.3673,1850.9559,978.85799,1633.9888,427.65558,1759.9661,79.570605,691.61323,115.40703,242.74539,2052.0109
58.458458,2036.7695,2264.4105,317.45336,2283.207,1580.6045,243.77118,695.75528,1365.2219,2387.576,2404.4925,392.90384,2410.3549,2377.1992,1208.8736,1989.9161,353.93658,1051.5348,2276.582,1971.6817,2385.8336,1634.0297,89.238109,2113.6805,2323.5217,1689.1071,1885.3466,1850.9392,978.85442,1633.9773,427.65505,1759.9529,79.5706,691.61181,115.40701,242.74526,2051.9933
58.558559,2036.7698,2264.4109,317.4534,2283.2073,1580.6045,243.77107,695.75447,1365.2203,2387.5705,2404.4837,392.90164,2410.3252,2377.1695,1208.8655,1989.8936,353.93593,1051.5286,2276.5484,1971.6585,2385.7984,1634.0168,89.238065,2113.6557,2323.4903,1689.0901,1885.3259,1850.9224,978.85084,1633.9658,427.65451,1759.9397,79.570595,691.61037,115.407,242.74513,2051.9756
58.658659,2036.7701,2264.4112,317.45344,2283.2075,1580.6046,243.77097,695.75366,1365.2187,2387.565,2404.4749,392.89944,2410.2955,2377.1399,1208.8575,1989.871,353.93528,1051.5224,2276.5148,1971.6353,2385.7631,1634.0039,89.238021,2113.6308,2323.4589,1689.0731,1885.3052,1850.9056,978.84725,1633.9542,427.65397,1759.9265,79.570589,691.60894,115.40698,242.745,2051.958
58.758759,2036.7704,2264.4116,317.45348,2283.2078,1580.6046,243.77087,695.75287,1365.2171,2387.5595,2404.466,392.89723,2410.2657,2377.1101,1208.8494,1989.8484,353.93463,1051.5162,2276.4811,1971.6121,2385.7278,1633.9909,89.237976,2113.6059,2323.4275,1689.0561,1885.2844,1850.8887,978.84366,1633.9426,427.65343,1759.9132,79.570584,691.6075,115.40696,242.74487,2051.9403
58.858859,2036.7707,2264.4119,317.45351,2283.208,1580.6046,243.77076,695.75208,1365.2156,2387.554,2404.4572,392.89501,2410.2359,2377.0804,1208.8413,1989.8258,353.93398,1051.5099,2276.4474,1971.5888,2385.6923,1633.9779,89.237931,2113.581,2323.3959,1689.039,1885.2636,1850.8718,978.84006,1633.931,427.65289,1759.9,79.570578,691.60605,115.40694,242.74473,2051.9225
58.958959,2036.771,2264.4122,317.45355,2283.2082,1580.6046,243.77066,695.7513,1365.214,2387.5484,2404.4483,392.89279,2410.206,2377.0506,1208.8332,1989.8031,353.93332,1051.5037,2276.4135,1971.5655,2385.6569,1633.9649,89.237885,2113.5559,2323.3643,1689.0219,1885.2427,1850.8549,978.83645,1633.9194,427.65235,1759.8867,79.570572,691.60461,115.40692,242.7446,2051.9048
59.059059,2036.7713,2264.4126,317.45359,2283.2085,1580.6047,243.77056,695.75052,1365.2124,2387.5429,2404.4395,392.89057,2410.1761,2377.0207,1208.8251,1989.7804,353.93267,1051.4974,2276.3796,1971.5421,2385.6213,1633.9519,89.237839,2113.5309,2323.3327,1689.0047,1885.2218,1850.838,978.83284,1633.9078,427.6518,1759.8734,79.570565,691.60316,115.4069,242.74447,2051.887
59.159159,2036.7716,2264.4129,317.45362,2283.2087,1580.6047,243.77046,695.74976,1365.2108,2387.5374,2404.4306,392.88834,2410.1462,2376.9908,1208.8169,1989.7577,353.93201,1051.4911,2276.3457,1971.5187,2385.5857,1633.9388,89.237792,2113.5058,2323.3009,1688.9875,1885.2009,1850.821,978.82922,1633.8961,427.65126,1759.86,79.570559,691.60171,115.40688,242.74433,2051.8691
59.259259,2036.7719,2264.4132,317.45366,2283.2089,1580.6047,243.77036,695.749,1365.2092,2387.5318,2404.4217,392.8861,2410.1162,2376.9609,1208.8088,1989.7349,353.93135,1051.4848,2276.3117,1971.4952,2385.55,1633.9257,89.237745,2113.4806,2323.2692,1688.9703,1885.1799,1850.804,978.82559,1633.8844,427.65071,1759.8466,79.570552,691.60025,115.40686,242.74419,2051.8513
59.359359,2036.7722,2264.4135,317.45369,2283.2091,1580.6047,243.77026,695.74826,1365.2076,2387.5263,2404.4128,392.88386,2410.0862,2376.9309,1208.8006,1989.7121,353.93068,1051.4785,2276.2776,1971.4717,2385.5142,1633.9126,89.237698,2113.4554,2323.2373,1688.9531,1885.1589,1850.7869,978.82195,1633.8727,427.65016,1759.8333,79.570545,691.59879,115.40684,242.74406,2051.8334
59.459459,2036.7725,2264.4138,317.45372,2283.2093,1580.6047,243.77017,695.74752,1365.206,2387.5208,2404.4039,392.88161,2410.0561,2376.9009,1208.7924,1989.6893,353.93002,1051.4722,2276.2434,1971.4481,2385.4783,1633.8995,89.23765,2113.4301,2323.2054,1688.9358,1885.1379,1850.7699,978.81831,1633.861,427.64961,1759.8198,79.570537,691.59733,115.40682,242.74392,2051.8154
59.55956,2036.7727,2264.4141,317.45375,2283.2095,1580.6047,243.77007,695.74679,1365.2044,2387.5152,2404.395,392.87936,2410.026,2376.8708,1208.7842,1989.6664,353.92935,1051.4658,2276.2092,1971.4245,2385.4424,1633.8864,89.237601,2113.4048,2323.1734,1688.9185,1885.1168,1850.7528,978.81466,1633.8492,427.64905,1759.8064,79.570529,691.59586,115.4068,242.74378,2051.7975
59.65966,2036.773,2264.4143,317.45378,2283.2096,1580.6046,243.76997,695.74607,1365.2028,2387.5096,2404.386,392.8771,2409.9958,2376.8407,1208.776,1989.6435,353.92868,1051.4595,2276.1748,1971.4009,2385.4064,1633.8732,89.237552,2113.3794,2323.1413,1688.9012,1885.0956,1850.7356,978.811,1633.8375,427.6485,1759.7929,79.570521,691.59439,115.40678,242.74364,2051.7795
59.75976,2036.7732,2264.4146,317.45381,2283.2098,1580.6046,243.76988,695.74536,1365.2012,2387.5041,2404.3771,392.87483,2409.9656,2376.8105,1208.7677,1989.6205,353.92801,1051.4531,2276.1405,1971.3771,2385.3704,1633.86,89.237503,2113.354,2323.1092,1688.8838,1885.0745,1850.7185,978.80734,1633.8257,427.64794,1759.7794,79.570512,691.59291,115.40676,242.7435,2051.7614
59.85986,2036.7734,2264.4149,317.45384,2283.21,1580.6046,243.76979,695.74466,1365.1996,2387.4985,2404.3681,392.87256,2409.9354,2376.7803,1208.7595,1989.5976,353.92733,1051.4467,2276.106,1971.3534,2385.3342,1633.8468,89.237453,2113.3285,2323.077,1688.8664,1885.0533,1850.7013,978.80366,1633.8139,427.64738,1759.7659,79.570504,691.59143,115.40673,242.74335,2051.7434
59.95996,2036.7736,2264.4151,317.45386,2283.2101,1580.6046,243.76969,695.74398,1365.198,2387.4929,2404.3592,392.87028,2409.9051,2376.7501,1208.7512,1989.5745,353.92665,1051.4403,2276.0715,1971.3296,2385.298,1633.8336,89.237402,2113.303,2323.0448,1688.849,1885.032,1850.684,978.79998,1633.802,427.64682,1759.7524,79.570494,691.58995,115.40671,242.74321,2051.7252
60.06006,2036.7739,2264.4153,317.45389,2283.2102,1580.6045,243.7696,695.7433,1365.1964,2387.4874,2404.3502,392.868,2409.8748,2376.7198,1208.7429,1989.5515,353.92597,1051.4339,2276.0369,1971.3057,2385.2617,1633.8204,89.237351,2113.2774,2323.0125,1688.8315,1885.0107,1850.6668,978.79629,1633.7902,427.64625,1759.7388,79.570485,691.58846,115.40669,242.74306,2051.7071
60.16016,2036.7741,2264.4156,317.45391,2283.2104,1580.6045,243.76951,695.74263,1365.1948,2387.4818,2404.3411,392.86571,2409.8444,2376.6894,1208.7346,1989.5284,353.92529,1051.4274,2276.0023,1971.2818,2385.2254,1633.8071,89.237299,2113.2518,2322.9801,1688.814,1884.9894,1850.6495,978.7926,1633.7783,427.64569,1759.7252,79.570475,691.58697,115.40666,242.74292,2051.6889
60.26026,2036.7742,2264.4158,317.45393,2283.2105,1580.6044,243.76942,695.74198,1365.1931,2387.4762,2404.3321,392.86341,2409.814,2376.659,1208.7262,1989.5052,353.9246,1051.421,2275.9675,1971.2579,2385.1889,1633.7938,89.237247,2113.2261,2322.9476,1688.7964,1884.968,1850.6321,978.78889,1633.7664,427.64512,1759.7116,79.570464,691.58547,115.40664,242.74277,2051.6707
60.36036,2036.7744,2264.416,317.45395,2283.2106,1580.6044,243.76933,695.74134,1365.1915,2387.4706,2404.3231,392.86111,2409.7836,2376.6286,1208.7179,1989.4821,353.92392,1051.4145,2275.9327,1971.2338,2385.1524,1633.7805,89.237194,2113.2004,2322.9151,1688.7789,1884.9465,1850.6148,978.78517,1633.7544,427.64454,1759.698,79.570454,691.58397,115.40661,242.74262,2051.6524
60.46046,2036.7748,2264.4163,317.45399,2283.2109,1580.6044,243.76923,695.74052,1365.19,2387.4651,2404.3142,392.85883,2409.7532,2376.5982,1208.7096,1989.459,353.92325,1051.4081,2275.898,1971.2099,2385.116,1633.7672,89.237147,2113.1747,2322.8827,1688.7614,1884.9252,1850.5975,978.78153,1633.7426,427.644,1759.6844,79.570449,691.58252,115.4066,242.74249,2051.6343
60.560561,2036.7751,2264.4167,317.45404,2283.2111,1580.6045,243.76912,695.73971,1365.1884,2387.4597,2404.3053,392.85655,2409.7229,2376.5679,1208.7013,1989.4359,353.92259,1051.4017,2275.8633,1971.186,2385.0796,1633.754,89.237101,2113.1491,2322.8502,1688.7439,1884.9039,1850.5802,978.77788,1633.7308,427.64346,1759.6709,79.570444,691.58107,115.40658,242.74236,2051.6162
60.660661,2036.7754,2264.4171,317.45408,2283.2114,1580.6045,243.76902,695.73889,1365.1869,2387.4543,2404.2964,392.85426,2409.6925,2376.5375,1208.693,1989.4128,353.92192,1051.3953,2275.8284,1971.162,2385.043,1633.7407,89.237054,2113.1234,2322.8177,1688.7263,1884.8825,1850.5629,978.77423,1633.7189,427.64292,1759.6573,79.57044,691.57962,115.40656,242.74223,2051.598
60.760761,2036.7758,2264.4175,317.45412,2283.2117,1580.6046,243.76892,695.73808,1365.1854,2387.4488,2404.2876,392.85196,2409.6621,2376.5071,1208.6846,1989.3897,353.92126,1051.3889,2275.7935,1971.138,2385.0064,1633.7274,89.237008,2113.0976,2322.7852,1688.7088,1884.8611,1850.5456,978.77058,1633.707,427.64238,1759.6437,79.570435,691.57817,115.40655,242.7421,2051.5798
60.860861,2036.7761,2264.4178,317.45416,2283.212,1580.6046,243.76881,695.73726,1365.1838,2387.4434,2404.2787,392.84966,2409.6316,2376.4766,1208.6763,1989.3665,353.92059,1051.3824,2275.7586,1971.1139,2384.9698,1633.7141,89.236961,2113.0718,2322.7525,1688.6912,1884.8396,1850.5282,978.76692,1633.6951,427.64184,1759.6301,79.57043,691.57672,115.40653,242.74197,2051.5615
60.960961,2036.7764,2264.4182,317.4542,2283.2122,1580.6047,243.76871,695.73645,1365.1823,2387.438,2404.2698,392.84736,2409.6011,2376.4461,1208.668,1989.3433,353.91992,1051.376,2275.7236,1971.0898,2384.9331,1633.7008,89.236913,2113.046,2322.7198,1688.6736,1884.8181,1850.5109,978.76325,1633.6832,427.6413,1759.6165,79.570425,691.57526,115.40651,242.74184,2051.5433
61.061061,2036.7768,2264.4186,317.45424,2283.2125,1580.6047,243.76861,695.73564,1365.1807,2387.4326,2404.2609,392.84505,2409.5706,2376.4156,1208.6596,1989.3201,353.91925,1051.3695,2275.6885,1971.0657,2384.8963,1633.6875,89.236866,2113.0201,2322.6871,1688.6559,1884.7966,1850.4934,978.75959,1633.6713,427.64076,1759.6028,79.57042,691.5738,115.40649,242.74171,2051.525
61.161161,2036.7771,2264.4189,317.45429,2283.2128,1580.6048,243.7685,695.73484,1365.1792,2387.4271,2404.252,392.84274,2409.5401,2376.385,1208.6512,1989.2968,353.91858,1051.3631,2275.6534,1971.0415,2384.8594,1633.6741,89.236819,2112.9942,2322.6543,1688.6383,1884.775,1850.476,978.75591,1633.6594,427.64021,1759.5892,79.570416,691.57235,115.40648,242.74158,2051.5067
61.261261,2036.7774,2264.4193,317.45433,2283.213,1580.6048,243.7684,695.73403,1365.1777,2387.4217,2404.2431,392.84042,2409.5095,2376.3544,1208.6428,1989.2735,353.91791,1051.3566,2275.6182,1971.0172,2384.8225,1633.6607,89.236771,2112.9682,2322.6214,1688.6206,1884.7534,1850.4585,978.75224,1633.6474,427.63967,1759.5755,79.570411,691.57089,115.40646,242.74144,2051.4883
61.361361,2036.7777,2264.4197,317.45437,2283.2133,1580.6049,243.7683,695.73323,1365.1761,2387.4163,2404.2341,392.8381,2409.4788,2376.3238,1208.6344,1989.2502,353.91724,1051.3501,2275.5829,1970.993,2384.7855,1633.6473,89.236723,2112.9422,2322.5884,1688.6029,1884.7318,1850.4411,978.74856,1633.6354,427.63912,1759.5618,79.570406,691.56943,115.40644,242.74131,2051.47
61.461461,2036.7781,2264.42,317.45441,2283.2136,1580.6049,243.76819,695.73242,1365.1746,2387.4109,2404.2252,392.83577,2409.4482,2376.2931,1208.626,1989.2269,353.91656,1051.3436,2275.5476,1970.9686,2384.7484,1633.6339,89.236675,2112.9161,2322.5554,1688.5851,1884.7101,1850.4235,978.74487,1633.6235,427.63858,1759.5481,79.5704,691.56796,115.40643,242.74118,2051.4515
61.561562,2036.7784,2264.4204,317.45445,2283.2138,1580.605,243.76809,695.73163,1365.1731,2387.4055,2404.2163,392.83344,2409.4175,2376.2623,1208.6175,1989.2035,353.91589,1051.3371,2275.5122,1970.9443,2384.7113,1633.6205,89.236626,2112.89,2322.5224,1688.5673,1884.6884,1850.406,978.74118,1633.6114,427.63803,1759.5343,79.570395,691.5665,115.40641,242.74105,2051.4331
61.661662,2036.7787,2264.4208,317.45449,2283.2141,1580.605,243.76799,695.73083,1365.1715,2387.4001,2404.2073,392.8311,2409.3867,2376.2316,1208.6091,1989.1801,353.91521,1051.3305,2275.4767,1970.9199,2384.6741,1633.6071,89.236577,2112.8638,2322.4893,1688.5495,1884.6667,1850.3884,978.73749,1633.5994,427.63749,1759.5206,79.57039,691.56503,115.40639,242.74092,2051.4147
61.761762,2036.779,2264.4211,317.45453,2283.2143,1580.605,243.76789,695.73004,1365.17,2387.3946,2404.1984,392.82876,2409.356,2376.2007,1208.6006,1989.1566,353.91453,1051.324,2275.4412,1970.8954,2384.6368,1633.5936,89.236528,2112.8376,2322.4561,1688.5317,1884.6449,1850.3708,978.73379,1633.5874,427.63694,1759.5068,79.570385,691.56357,115.40637,242.74078,2051.3962
61.861862,2036.7793,2264.4215,317.45457,2283.2146,1580.6051,243.76779,695.72925,1365.1685,2387.3892,2404.1894,392.82641,2409.3252,2376.1699,1208.5921,1989.1331,353.91385,1051.3174,2275.4056,1970.8709,2384.5995,1633.5801,89.236479,2112.8114,2322.4229,1688.5138,1884.6231,1850.3532,978.73009,1633.5753,427.63639,1759.493,79.570379,691.5621,115.40636,242.74065,2051.3776
61.961962,2036.7796,2264.4218,317.45461,2283.2149,1580.6051,243.76768,695.72846,1365.1669,2387.3838,2404.1804,392.82406,2409.2943,2376.139,1208.5836,1989.1096,353.91317,1051.3109,2275.3699,1970.8464,2384.5621,1633.5666,89.23643,2112.7851,2322.3895,1688.4959,1884.6013,1850.3355,978.72638,1633.5632,427.63584,1759.4791,79.570374,691.56062,115.40634,242.74052,2051.3591
62.062062,2036.78,2264.4222,317.45465,2283.2151,1580.6052,243.76758,695.72768,1365.1654,2387.3784,2404.1715,392.8217,2409.2634,2376.1081,1208.5751,1989.0861,353.91249,1051.3043,2275.3342,1970.8218,2384.5246,1633.5531,89.23638,2112.7587,2322.3562,1688.478,1884.5794,1850.3178,978.72266,1633.5511,427.63529,1759.4653,79.570368,691.55915,115.40632,242.74038,2051.3405
62.162162,2036.7803,2264.4225,317.45468,2283.2154,1580.6052,243.76748,695.7269,1365.1639,2387.373,2404.1625,392.81934,2409.2325,2376.0771,1208.5666,1989.0625,353.9118,1051.2977,2275.2984,1970.7971,2384.4871,1633.5395,89.23633,2112.7323,2322.3228,1688.46,1884.5574,1850.3001,978.71894,1633.539,427.63474,1759.4514,79.570362,691.55767,115.4063,242.74025,2051.3219
62.262262,2036.7806,2264.4229,317.45472,2283.2156,1580.6052,243.76738,695.72612,1365.1624,2387.3675,2404.1535,392.81697,2409.2015,2376.0461,1208.558,1989.0389,353.91111,1051.2911,2275.2625,1970.7725,2384.4494,1633.526,89.236279,2112.7059,2322.2893,1688.442,1884.5355,1850.2824,978.71522,1633.5269,427.63419,1759.4375,79.570356,691.5562,115.40628,242.74011,2051.3032
62.362362,2036.7809,2264.4232,317.45476,2283.2158,1580.6053,243.76728,695.72535,1365.1608,2387.3621,2404.1445,392.8146,2409.1705,2376.015,1208.5495,1989.0153,353.91043,1051.2845,2275.2266,1970.7477,2384.4118,1633.5124,89.236229,2112.6794,2322.2557,1688.424,1884.5135,1850.2646,978.71149,1633.5147,427.63363,1759.4236,79.57035,691.55472,115.40626,242.73998,2051.2846
62.462462,2036.7812,2264.4235,317.4548,2283.2161,1580.6053,243.76718,695.72459,1365.1593,2387.3567,2404.1355,392.81222,2409.1395,2375.9839,1208.5409,1988.9916,353.90974,1051.2778,2275.1906,1970.723,2384.374,1633.4988,89.236177,2112.6528,2322.2221,1688.406,1884.4914,1850.2468,978.70775,1633.5026,427.63308,1759.4097,79.570344,691.55323,115.40624,242.73984,2051.2659
62.562563,2036.7814,2264.4238,317.45483,2283.2163,1580.6053,243.76709,695.72383,1365.1577,2387.3513,2404.1264,392.80984,2409.1084,2375.9528,1208.5323,1988.9679,353.90905,1051.2712,2275.1545,1970.6981,2384.3362,1633.4852,89.236126,2112.6262,2322.1884,1688.3879,1884.4693,1850.229,978.70401,1633.4904,427.63252,1759.3957,79.570337,691.55175,115.40623,242.7397,2051.2471
62.662663,2036.7817,2264.4242,317.45487,2283.2165,1580.6053,243.76699,695.72307,1365.1562,2387.3458,2404.1174,392.80745,2409.0773,2375.9216,1208.5237,1988.9441,353.90835,1051.2645,2275.1184,1970.6733,2384.2983,1633.4715,89.236074,2112.5996,2322.1546,1688.3698,1884.4472,1850.2111,978.70026,1633.4782,427.63196,1759.3817,79.570331,691.55026,115.40621,242.73957,2051.2283
62.762763,2036.782,2264.4245,317.4549,2283.2167,1580.6054,243.76689,695.72232,1365.1547,2387.3404,2404.1084,392.80506,2409.0462,2375.8903,1208.5151,1988.9204,353.90766,1051.2579,2275.0822,1970.6483,2384.2603,1633.4579,89.236022,2112.5729,2322.1208,1688.3516,1884.4251,1850.1932,978.69651,1633.4659,427.6314,1759.3677,79.570324,691.54877,115.40619,242.73943,2051.2095
62.862863,2036.7823,2264.4248,317.45494,2283.217,1580.6054,243.76679,695.72158,1365.1531,2387.3349,2404.0993,392.80266,2409.015,2375.8591,1208.5064,1988.8966,353.90696,1051.2512,2275.0459,1970.6234,2384.2222,1633.4442,89.23597,2112.5461,2322.0869,1688.3335,1884.4029,1850.1753,978.69275,1633.4537,427.63084,1759.3537,79.570317,691.54728,115.40617,242.73929,2051.1907
62.962963,2036.7826,2264.4251,317.45497,2283.2172,1580.6054,243.7667,695.72084,1365.1516,2387.3295,2404.0902,392.80026,2408.9837,2375.8277,1208.4978,1988.8727,353.90626,1051.2445,2275.0095,1970.5984,2384.1841,1633.4305,89.235917,2112.5193,2322.053,1688.3152,1884.3806,1850.1573,978.68899,1633.4414,427.63028,1759.3396,79.57031,691.54578,115.40615,242.73915,2051.1718
63.063063,2036.7828,2264.4254,317.455,2283.2174,1580.6054,243.7666,695.72011,1365.1501,2387.3241,2404.0812,392.79785,2408.9525,2375.7964,1208.4891,1988.8488,353.90556,1051.2378,2274.9731,1970.5733,2384.1459,1633.4168,89.235863,2112.4925,2322.019,1688.297,1884.3584,1850.1393,978.68522,1633.4291,427.62972,1759.3255,79.570302,691.54429,115.40613,242.73901,2051.1529
63.163163,2036.7831,2264.4257,317.45504,2283.2176,1580.6054,243.76651,695.71939,1365.1485,2387.3186,2404.0721,392.79544,2408.9211,2375.765,1208.4804,1988.8249,353.90486,1051.2311,2274.9366,1970.5482,2384.1076,1633.403,89.23581,2112.4656,2321.9849,1688.2787,1884.336,1850.1213,978.68144,1633.4168,427.62915,1759.3114,79.570295,691.54278,115.4061,242.73887,2051.134
63.263263,2036.7833,2264.426,317.45507,2283.2178,1580.6054,243.76641,695.71867,1365.147,2387.3131,2404.063,392.79302,2408.8898,2375.7335,1208.4717,1988.801,353.90415,1051.2243,2274.9,1970.523,2384.0693,1633.3892,89.235755,2112.4386,2321.9507,1688.2604,1884.3137,1850.1032,978.67765,1633.4045,427.62859,1759.2973,79.570287,691.54128,115.40608,242.73873,2051.115
63.363363,2036.7836,2264.4263,317.4551,2283.2179,1580.6054,243.76632,695.71796,1365.1454,2387.3077,2404.0538,392.79059,2408.8584,2375.702,1208.4629,1988.777,353.90345,1051.2176,2274.8634,1970.4978,2384.0309,1633.3754,89.235701,2112.4116,2321.9165,1688.2421,1884.2913,1850.0851,978.67386,1633.3921,427.62802,1759.2832,79.570279,691.53977,115.40606,242.73859,2051.096
63.463463,2036.7838,2264.4265,317.45513,2283.2181,1580.6054,243.76623,695.71726,1365.1439,2387.3022,2404.0447,392.78816,2408.8269,2375.6705,1208.4542,1988.7529,353.90274,1051.2108,2274.8267,1970.4726,2383.9923,1633.3616,89.235646,2112.3845,2321.8822,1688.2237,1884.2688,1850.067,978.67006,1633.3797,427.62745,1759.269,79.57027,691.53826,115.40604,242.73844,2051.077
63.563564,2036.784,2264.4268,317.45515,2283.2183,1580.6054,243.76614,695.71657,1365.1423,2387.2967,2404.0355,392.78572,2408.7955,2375.6389,1208.4454,1988.7289,353.90203,1051.204,2274.7899,1970.4472,2383.9538,1633.3478,89.23559,2112.3574,2321.8479,1688.2053,1884.2463,1850.0489,978.66625,1633.3673,427.62688,1759.2548,79.570261,691.53675,115.40602,242.7383,2051.0579
63.663664,2036.7843,2264.427,317.45518,2283.2184,1580.6053,243.76604,695.71589,1365.1408,2387.2912,2404.0264,392.78328,2408.7639,2375.6072,1208.4366,1988.7048,353.90131,1051.1972,2274.753,1970.4219,2383.9151,1633.3339,89.235534,2112.3302,2321.8135,1688.1869,1884.2238,1850.0307,978.66244,1633.3549,427.6263,1759.2405,79.570252,691.53523,115.40599,242.73815,2051.0388
63.763764,2036.7845,2264.4273,317.45521,2283.2186,1580.6053,243.76595,695.71522,1365.1392,2387.2857,2404.0172,392.78083,2408.7324,2375.5755,1208.4278,1988.6806,353.9006,1051.1904,2274.7161,1970.3965,2383.8764,1633.32,89.235477,2112.303,2321.779,1688.1684,1884.2012,1850.0124,978.65862,1633.3425,427.62573,1759.2263,79.570243,691.53371,115.40597,242.73801,2051.0196
63.863864,2036.7847,2264.4275,317.45523,2283.2187,1580.6053,243.76587,695.71455,1365.1376,2387.2802,2404.008,392.77837,2408.7008,2375.5438,1208.419,1988.6565,353.89988,1051.1836,2274.6791,1970.371,2383.8376,1633.3061,89.23542,2112.2757,2321.7444,1688.1499,1884.1786,1849.9942,978.65479,1633.33,427.62515,1759.212,79.570233,691.53218,115.40595,242.73786,2051.0004
63.963964,2036.7849,2264.4278,317.45526,2283.2189,1580.6053,243.76578,695.7139,1365.1361,2387.2747,2403.9988,392.77591,2408.6691,2375.512,1208.4101,1988.6322,353.89915,1051.1767,2274.642,1970.3455,2383.7987,1633.2922,89.235362,2112.2484,2321.7097,1688.1313,1884.1559,1849.9759,978.65095,1633.3175,427.62457,1759.1977,79.570223,691.53065,115.40592,242.73771,2050.9812
64.064064,2036.7851,2264.428,317.45528,2283.219,1580.6052,243.76569,695.71326,1365.1345,2387.2692,2403.9896,392.77345,2408.6374,2375.4802,1208.4013,1988.608,353.89843,1051.1699,2274.6048,1970.3199,2383.7597,1633.2783,89.235304,2112.221,2321.675,1688.1127,1884.1332,1849.9576,978.64711,1633.305,427.62398,1759.1834,79.570213,691.52912,115.4059,242.73756,2050.962
64.164164,2036.7853,2264.4282,317.4553,2283.2191,1580.6052,243.7656,695.71263,1365.1329,2387.2637,2403.9803,392.77097,2408.6056,2375.4483,1208.3924,1988.5837,353.8977,1051.163,2274.5675,1970.2943,2383.7206,1633.2643,89.235245,2112.1935,2321.6402,1688.0941,1884.1105,1849.9392,978.64326,1633.2924,427.6234,1759.169,79.570202,691.52758,115.40587,242.73741,2050.9427
64.264264,2036.7854,2264.4284,317.45532,2283.2192,1580.6051,243.76552,695.71201,1365.1314,2387.2582,2403.9711,392.76849,2408.5738,2375.4164,1208.3835,1988.5594,353.89697,1051.1561,2274.5302,1970.2686,2383.6815,1633.2503,89.235185,2112.166,2321.6054,1688.0755,1884.0877,1849.9208,978.63939,1633.2799,427.62281,1759.1546,79.570191,691.52604,115.40584,242.73726,2050.9233
64.364364,2036.7856,2264.4285,317.45534,2283.2193,1580.605,243.76544,695.7114,1365.1298,2387.2526,2403.9618,392.76601,2408.542,2375.3844,1208.3746,1988.535,353.89624,1051.1492,2274.4928,1970.2428,2383.6423,1633.2362,89.235125,2112.1384,2321.5705,1688.0568,1884.0648,1849.9023,978.63552,1633.2673,427.62222,1759.1402,79.570179,691.52449,115.40582,242.7371,2050.9039
64.464464,2036.7857,2264.4287,317.45535,2283.2194,1580.605,243.76535,695.71081,1365.1282,2387.2471,2403.9525,392.76352,2408.5101,2375.3523,1208.3656,1988.5106,353.89551,1051.1423,2274.4553,1970.2171,2383.603,1633.2222,89.235064,2112.1108,2321.5354,1688.038,1884.042,1849.8839,978.63164,1633.2547,427.62163,1759.1257,79.570167,691.52294,115.40579,242.73695,2050.8845
64.564565,2036.7859,2264.4289,317.45537,2283.2194,1580.6049,243.76527,695.71023,1365.1266,2387.2415,2403.9431,392.76102,2408.4782,2375.3202,1208.3566,1988.4861,353.89477,1051.1353,2274.4178,1970.1912,2383.5636,1633.2081,89.235003,2112.0831,2321.5004,1688.0193,1884.019,1849.8653,978.62776,1633.242,427.62103,1759.1112,79.570154,691.52138,115.40576,242.73679,2050.8651
64.664665,2036.786,2264.429,317.45538,2283.2195,1580.6048,243.76519,695.70966,1365.125,2387.2359,2403.9338,392.75851,2408.4462,2375.2881,1208.3477,1988.4616,353.89402,1051.1283,2274.3801,1970.1653,2383.5241,1633.194,89.234941,2112.0554,2321.4652,1688.0005,1883.996,1849.8468,978.62386,1633.2294,427.62043,1759.0967,79.570141,691.51982,115.40573,242.73663,2050.8456
64.764765,2036.7861,2264.4291,317.45539,2283.2195,1580.6047,243.76511,695.70911,1365.1234,2387.2303,2403.9244,392.756,2408.4142,2375.2559,1208.3386,1988.437,353.89328,1051.1214,2274.3424,1970.1393,2383.4846,1633.1799,89.234878,2112.0275,2321.43,1687.9816,1883.973,1849.8282,978.61995,1633.2167,427.61983,1759.0822,79.570128,691.51826,115.4057,242.73647,2050.826
64.864865,2036.7862,2264.4293,317.4554,2283.2195,1580.6046,243.76504,695.70857,1365.1218,2387.2247,2403.9151,392.75348,2408.3821,2375.2236,1208.3296,1988.4125,353.89253,1051.1144,2274.3046,1970.1133,2383.4449,1633.1657,89.234814,2111.9997,2321.3947,1687.9627,1883.9499,1849.8096,978.61603,1633.2039,427.61922,1759.0676,79.570114,691.51669,115.40567,242.73631,2050.8065
64.964965,2036.7863,2264.4294,317.45541,2283.2195,1580.6045,243.76496,695.70805,1365.1202,2387.2191,2403.9057,392.75096,2408.3499,2375.1913,1208.3206,1988.3878,353.89178,1051.1073,2274.2667,1970.0872,2383.4052,1633.1515,89.23475,2111.9717,2321.3593,1687.9438,1883.9268,1849.7909,978.61211,1633.1912,427.61862,1759.053,79.570099,691.51511,115.40564,242.73615,2050.7868
65.065065,2036.7864,2264.4294,317.45542,2283.2195,1580.6044,243.76489,695.70754,1365.1186,2387.2134,2403.8962,392.74843,2408.3178,2375.159,1208.3115,1988.3632,353.89103,1051.1003,2274.2287,1970.0611,2383.3654,1633.1373,89.234685,2111.9437,2321.3238,1687.9248,1883.9036,1849.7722,978.60817,1633.1784,427.618,1759.0383,79.570084,691.51353,115.40561,242.73598,2050.7672
65.165165,2036.7865,2264.4295,317.45542,2283.2195,1580.6042,243.76481,695.70705,1365.117,2387.2078,2403.8868,392.74589,2408.2855,2375.1266,1208.3024,1988.3384,353.89027,1051.0932,2274.1907,1970.0349,2383.3255,1633.123,89.234619,2111.9157,2321.2883,1687.9058,1883.8804,1849.7534,978.60422,1633.1656,427.61739,1759.0237,79.570068,691.51194,115.40558,242.73582,2050.7475
65.265265,2036.7865,2264.4296,317.45543,2283.2194,1580.6041,243.76474,695.70658,1365.1153,2387.2021,2403.8773,392.74334,2408.2532,2375.0941,1208.2933,1988.3137,353.8895,1051.0862,2274.1525,1970.0086,2383.2855,1633.1088,89.234552,2111.8876,2321.2526,1687.8868,1883.8571,1849.7346,978.60026,1633.1528,427.61677,1759.009,79.570052,691.51035,115.40555,242.73565,2050.7277
65.365365,2036.7865,2264.4296,317.45543,2283.2194,1580.6039,243.76467,695.70612,1365.1137,2387.1964,2403.8678,392.74079,2408.2209,2375.0616,1208.2841,1988.2889,353.88874,1051.0791,2274.1143,1969.9823,2383.2454,1633.0945,89.234484,2111.8594,2321.2169,1687.8677,1883.8338,1849.7158,978.59629,1633.1399,427.61615,1758.9942,79.570035,691.50875,115.40551,242.73548,2050.7079
65.465465,2036.7866,2264.4296,317.45542,2283.2193,1580.6038,243.7646,695.70568,1365.1121,2387.1907,2403.8583,392.73823,2408.1885,2375.029,1208.2749,1988.264,353.88797,1051.072,2274.076,1969.9559,2383.2053,1633.0801,89.234415,2111.8311,2321.1811,1687.8486,1883.8104,1849.6969,978.59231,1633.127,427.61552,1758.9794,79.570018,691.50714,115.40548,242.73531,2050.6881
65.565566,2036.7866,2264.4296,317.45542,2283.2192,1580.6036,243.76454,695.70527,1365.1104,2387.185,2403.8487,392.73566,2408.1561,2374.9963,1208.2657,1988.2391,353.8872,1051.0648,2274.0376,1969.9295,2383.165,1633.0658,89.234346,2111.8028,2321.1453,1687.8294,1883.787,1849.678,978.58832,1633.1141,427.61489,1758.9646,79.569999,691.50553,115.40544,242.73513,2050.6682
65.665666,2036.7865,2264.4296,317.45541,2283.2191,1580.6034,243.76447,695.70487,1365.1088,2387.1793,2403.8391,392.73309,2408.1236,2374.9636,1208.2565,1988.2141,353.88642,1051.0577,2273.9991,1969.903,2383.1247,1633.0514,89.234276,2111.7744,2321.1093,1687.8102,1883.7635,1849.659,978.58431,1633.1012,427.61426,1758.9498,79.56998,691.50391,115.4054,242.73496,2050.6483
65.765766,2036.7865,2264.4295,317.4554,2283.219,1580.6032,243.76441,695.70449,1365.1071,2387.1735,2403.8295,392.73051,2408.091,2374.9309,1208.2473,1988.1891,353.88564,1051.0505,2273.9605,1969.8764,2383.0842,1633.037,89.234204,2111.746,2321.0733,1687.7909,1883.7399,1849.64,978.5803,1633.0882,427.61362,1758.9349,79.569961,691.50228,115.40536,242.73478,2050.6283
65.865866,2036.7865,2264.4295,317.45539,2283.2188,1580.603,243.76435,695.70413,1365.1054,2387.1678,2403.8199,392.72792,2408.0584,2374.898,1208.238,1988.1641,353.88485,1051.0433,2273.9218,1969.8498,2383.0437,1633.0225,89.234132,2111.7174,2321.0371,1687.7716,1883.7163,1849.621,978.57627,1633.0752,427.61298,1758.92,79.569941,691.50065,115.40532,242.7346,2050.6083
65.965966,2036.7864,2264.4294,317.45538,2283.2187,1580.6028,243.76429,695.70379,1365.1037,2387.162,2403.8102,392.72532,2408.0257,2374.8651,1208.2287,1988.139,353.88406,1051.0361,2273.8831,1969.8231,2383.0031,1633.008,89.234059,2111.6889,2321.0009,1687.7522,1883.6927,1849.6019,978.57223,1633.0621,427.61233,1758.905,79.56992,691.49901,115.40528,242.73441,2050.5882
66.066066,2036.7863,2264.4293,317.45536,2283.2185,1580.6025,243.76424,695.70348,1365.1021,2387.1562,2403.8006,392.72272,2407.993,2374.8322,1208.2194,1988.1138,353.88327,1051.0288,2273.8442,1969.7963,2382.9623,1632.9935,89.233984,2111.6602,2320.9646,1687.7328,1883.669,1849.5827,978.56817,1633.0491,427.61168,1758.8901,79.569898,691.49736,115.40524,242.73423,2050.5681
66.166166,2036.7862,2264.4292,317.45534,2283.2182,1580.6023,243.76418,695.70318,1365.1004,2387.1503,2403.7908,392.7201,2407.9602,2374.7992,1208.21,1988.0886,353.88247,1051.0216,2273.8053,1969.7695,2382.9215,1632.979,89.233909,2111.6315,2320.9283,1687.7134,1883.6452,1849.5635,978.56411,1633.036,427.61103,1758.875,79.569875,691.49571,115.4052,242.73404,2050.5479
66.266266,2036.7863,2264.4293,317.45536,2283.2183,1580.6022,243.7641,695.70261,1365.0988,2387.1448,2403.7814,392.71753,2407.9277,2374.7664,1208.2008,1988.0636,353.88171,1051.0144,2273.7665,1969.7429,2382.8809,1632.9646,89.233844,2111.603,2320.8921,1687.6941,1883.6217,1849.5445,978.56015,1633.023,427.61042,1758.8602,79.569863,691.49413,115.40517,242.73388,2050.5279
66.366366,2036.7865,2264.4295,317.45537,2283.2184,1580.6022,243.76402,695.70201,1365.0972,2387.1392,2403.772,392.71495,2407.8951,2374.7337,1208.1916,1988.0386,353.88096,1051.0073,2273.7277,1969.7162,2382.8403,1632.9502,89.233781,2111.5744,2320.8559,1687.6749,1883.5981,1849.5255,978.55621,1633.0101,427.60983,1758.8454,79.569851,691.49257,115.40515,242.73373,2050.508
66.466466,2036.7867,2264.4297,317.45539,2283.2185,1580.6021,243.76394,695.7014,1365.0957,2387.1337,2403.7625,392.71237,2407.8626,2374.7008,1208.1824,1988.0136,353.8802,1051.0001,2273.6889,1969.6895,2382.7995,1632.9358,89.233717,2111.5458,2320.8196,1687.6556,1883.5745,1849.5065,978.55225,1632.9971,427.60923,1758.8305,79.569839,691.491,115.40512,242.73357,2050.488
66.566567,2036.7868,2264.4299,317.45541,2283.2186,1580.602,243.76386,695.70081,1365.0941,2387.1282,2403.7531,392.70978,2407.8299,2374.668,1208.1731,1987.9886,353.87944,1050.9929,2273.65,1969.6628,2382.7587,1632.9213,89.233653,2111.5172,2320.7833,1687.6362,1883.5508,1849.4874,978.5483,1632.9842,427.60863,1758.8157,79.569827,691.48943,115.40509,242.73342,2050.468
66.666667,2036.787,2264.43,317.45543,2283.2187,1580.602,243.76377,695.70021,1365.0925,2387.1226,2403.7437,392.70719,2407.7973,2374.6351,1208.1639,1987.9635,353.87868,1050.9858,2273.611,1969.636,2382.7179,1632.9069,89.233588,2111.4885,2320.7469,1687.6169,1883.5271,1849.4683,978.54433,1632.9712,427.60803,1758.8008,79.569815,691.48785,115.40506,242.73326,2050.4479
66.766767,2036.7871,2264.4302,317.45545,2283.2187,1580.6019,243.76369,695.69962,1365.091,2387.1171,2403.7342,392.7046,2407.7646,2374.6021,1208.1546,1987.9383,353.87792,1050.9786,2273.5719,1969.6091,2382.6769,1632.8924,89.233524,2111.4597,2320.7104,1687.5974,1883.5033,1849.4492,978.54037,1632.9582,427.60743,1758.7858,79.569803,691.48628,115.40504,242.7331,2050.4278
66.866867,2036.7873,2264.4304,317.45546,2283.2188,1580.6018,243.76361,695.69903,1365.0894,2387.1115,2403.7247,392.702,2407.7319,2374.5692,1208.1453,1987.9132,353.87716,1050.9713,2273.5328,1969.5822,2382.6359,1632.8779,89.233459,2111.4309,2320.6738,1687.578,1883.4796,1849.4301,978.53639,1632.9452,427.60682,1758.7709,79.569791,691.4847,115.40501,242.73295,2050.4077
66.966967,2036.7874,2264.4306,317.45548,2283.2189,1580.6018,243.76353,695.69845,1365.0878,2387.106,2403.7153,392.69939,2407.6991,2374.5361,1208.136,1987.888,353.8764,1050.9641,2273.4935,1969.5553,2382.5948,1632.8634,89.233393,2111.4021,2320.6372,1687.5585,1883.4557,1849.4109,978.53242,1632.9321,427.60622,1758.7559,79.569779,691.48313,115.40498,242.73279,2050.3875
67.067067,2036.7876,2264.4307,317.45549,2283.219,1580.6017,243.76345,695.69786,1365.0863,2387.1005,2403.7058,392.69678,2407.6663,2374.5031,1208.1267,1987.8627,353.87563,1050.9569,2273.4542,1969.5283,2382.5536,1632.8488,89.233328,2111.3732,2320.6005,1687.539,1883.4319,1849.3917,978.52843,1632.919,427.60562,1758.741,79.569766,691.48155,115.40495,242.73263,2050.3673
67.167167,2036.7877,2264.4309,317.45551,2283.219,1580.6016,243.76337,695.69729,1365.0847,2387.0949,2403.6963,392.69416,2407.6334,2374.4699,1208.1173,1987.8375,353.87486,1050.9496,2273.4149,1969.5012,2382.5123,1632.8343,89.233262,2111.3442,2320.5638,1687.5195,1883.408,1849.3724,978.52444,1632.906,427.60501,1758.7259,79.569754,691.47996,115.40493,242.73247,2050.3471
67.267267,2036.7879,2264.431,317.45553,2283.2191,1580.6015,243.76329,695.69671,1365.0831,2387.0893,2403.6868,392.69154,2407.6005,2374.4368,1208.108,1987.8122,353.87409,1050.9424,2273.3754,1969.4742,2382.471,1632.8197,89.233196,2111.3152,2320.527,1687.5,1883.384,1849.3531,978.52045,1632.8929,427.6044,1758.7109,79.569741,691.47838,115.4049,242.73232,2050.3269
67.367367,2036.788,2264.4312,317.45554,2283.2191,1580.6015,243.76321,695.69614,1365.0816,2387.0838,2403.6772,392.68891,2407.5676,2374.4036,1208.0986,1987.7868,353.87332,1050.9351,2273.3359,1969.447,2382.4295,1632.8051,89.233129,2111.2861,2320.4901,1687.4804,1883.36,1849.3338,978.51645,1632.8797,427.6038,1758.6958,79.569728,691.47679,115.40487,242.73216,2050.3066
67.467467,2036.7881,2264.4313,317.45555,2283.2192,1580.6014,243.76313,695.69558,1365.08,2387.0782,2403.6677,392.68628,2407.5346,2374.3703,1208.0892,1987.7615,353.87255,1050.9278,2273.2963,1969.4198,2382.388,1632.7905,89.233062,2111.257,2320.4531,1687.4607,1883.336,1849.3145,978.51244,1632.8666,427.60319,1758.6808,79.569715,691.4752,115.40484,242.732,2050.2862
67.567568,2036.7882,2264.4315,317.45557,2283.2193,1580.6013,243.76305,695.69501,1365.0784,2387.0727,2403.6581,392.68365,2407.5016,2374.337,1208.0798,1987.7361,353.87178,1050.9205,2273.2566,1969.3925,2382.3465,1632.7758,89.232995,2111.2278,2320.4161,1687.4411,1883.3119,1849.2951,978.50843,1632.8534,427.60258,1758.6657,79.569702,691.47361,115.40481,242.73184,2050.2659
67.667668,2036.7884,2264.4316,317.45558,2283.2193,1580.6012,243.76297,695.69446,1365.0769,2387.0671,2403.6486,392.681,2407.4686,2374.3037,1208.0703,1987.7106,353.871,1050.9132,2273.2169,1969.3652,2382.3048,1632.7612,89.232927,2111.1986,2320.3789,1687.4214,1883.2878,1849.2757,978.50442,1632.8402,427.60197,1758.6505,79.569689,691.47202,115.40478,242.73168,2050.2455
67.767768,2036.7885,2264.4318,317.45559,2283.2194,1580.6011,243.76289,695.6939,1365.0753,2387.0615,2403.639,392.67836,2407.4355,2374.2703,1208.0609,1987.6851,353.87022,1050.9058,2273.1771,1969.3379,2382.2631,1632.7465,89.232859,2111.1693,2320.3418,1687.4016,1883.2636,1849.2563,978.50039,1632.827,427.60135,1758.6354,79.569676,691.47043,115.40475,242.73152,2050.2251
67.867868,2036.7886,2264.4319,317.45561,2283.2194,1580.601,243.76282,695.69336,1365.0737,2387.0559,2403.6294,392.6757,2407.4023,2374.2369,1208.0514,1987.6596,353.86944,1050.8985,2273.1372,1969.3105,2382.2213,1632.7317,89.232791,2111.14,2320.3045,1687.3819,1883.2394,1849.2368,978.49637,1632.8138,427.60074,1758.6202,79.569662,691.46883,115.40472,242.73135,2050.2046
67.967968,2036.7887,2264.432,317.45562,2283.2194,1580.601,243.76274,695.69281,1365.0721,2387.0503,2403.6198,392.67305,2407.3692,2374.2034,1208.0419,1987.6341,353.86866,1050.8911,2273.0972,1969.283,2382.1794,1632.717,89.232722,2111.1106,2320.2672,1687.3621,1883.2152,1849.2173,978.49233,1632.8006,427.60013,1758.605,79.569648,691.46723,115.40469,242.73119,2050.1841
68.068068,2036.7888,2264.4321,317.45563,2283.2195,1580.6009,243.76266,695.69227,1365.0706,2387.0448,2403.6102,392.67038,2407.336,2374.1699,1208.0324,1987.6085,353.86788,1050.8837,2273.0571,1969.2555,2382.1374,1632.7023,89.232653,2111.0811,2320.2298,1687.3422,1883.1909,1849.1977,978.48829,1632.7873,427.59951,1758.5898,79.569634,691.46562,115.40466,242.73103,2050.1636
68.168168,2036.7889,2264.4322,317.45564,2283.2195,1580.6008,243.76259,695.69174,1365.069,2387.0392,2403.6006,392.66772,2407.3027,2374.1363,1208.0229,1987.5829,353.86709,1050.8763,2273.017,1969.2279,2382.0953,1632.6875,89.232584,2111.0516,2320.1923,1687.3224,1883.1666,1849.1782,978.48425,1632.774,427.59889,1758.5745,79.56962,691.46402,115.40463,242.73087,2050.143
68.268268,2036.789,2264.4324,317.45565,2283.2195,1580.6007,243.76251,695.69121,1365.0674,2387.0336,2403.591,392.66504,2407.2694,2374.1027,1208.0134,1987.5572,353.86631,1050.8689,2272.9768,1969.2003,2382.0532,1632.6727,89.232514,2111.0221,2320.1548,1687.3025,1883.1422,1849.1585,978.48019,1632.7607,427.59827,1758.5592,79.569606,691.46241,115.4046,242.7307,2050.1224
68.368368,2036.7891,2264.4325,317.45566,2283.2195,1580.6006,243.76244,695.69069,1365.0658,2387.028,2403.5813,392.66236,2407.2361,2374.0691,1208.0038,1987.5315,353.86552,1050.8615,2272.9365,1969.1727,2382.011,1632.6579,89.232443,2110.9924,2320.1172,1687.2825,1883.1178,1849.1389,978.47613,1632.7474,427.59765,1758.5439,79.569592,691.4608,115.40457,242.73054,2050.1018
68.468468,2036.7892,2264.4326,317.45567,2283.2195,1580.6004,243.76236,695.69017,1365.0642,2387.0223,2403.5717,392.65968,2407.2027,2374.0354,1207.9943,1987.5058,353.86473,1050.854,2272.8961,1969.1449,2381.9686,1632.643,89.232373,2110.9628,2320.0795,1687.2626,1883.0933,1849.1192,978.47207,1632.734,427.59703,1758.5286,79.569577,691.45919,115.40454,242.73037,2050.0811
68.568569,2036.7893,2264.4327,317.45568,2283.2195,1580.6003,243.76229,695.68966,1365.0626,2387.0167,2403.562,392.65699,2407.1693,2374.0016,1207.9847,1987.48,353.86393,1050.8466,2272.8557,1969.1172,2381.9263,1632.6281,89.232302,2110.933,2320.0417,1687.2426,1883.0688,1849.0995,978.468,1632.7206,427.59641,1758.5132,79.569562,691.45757,115.40451,242.73021,2050.0604
68.668669,2036.7894,2264.4328,317.45568,2283.2195,1580.6002,243.76221,695.68916,1365.061,2387.0111,2403.5523,392.65429,2407.1358,2373.9678,1207.9751,1987.4542,353.86314,1050.8391,2272.8152,1969.0893,2381.8838,1632.6132,89.23223,2110.9032,2320.0039,1687.2225,1883.0443,1849.0798,978.46392,1632.7072,427.59578,1758.4978,79.569547,691.45595,115.40448,242.73004,2050.0396
68.768769,2036.7895,2264.4328,317.45569,2283.2195,1580.6001,243.76214,695.68866,1365.0595,2387.0055,2403.5426,392.65159,2407.1023,2373.934,1207.9654,1987.4284,353.86234,1050.8316,2272.7746,1969.0614,2381.8412,1632.5983,89.232158,2110.8734,2319.966,1687.2024,1883.0197,1849.06,978.45984,1632.6938,427.59516,1758.4824,79.569532,691.45433,115.40445,242.72987,2050.0189
68.868869,2036.7895,2264.4329,317.45569,2283.2195,1580.6,243.76207,695.68817,1365.0579,2386.9998,2403.5329,392.64889,2407.0688,2373.9001,1207.9558,1987.4025,353.86154,1050.8241,2272.7339,1969.0335,2381.7986,1632.5834,89.232086,2110.8435,2319.928,1687.1823,1882.995,1849.0402,978.45575,1632.6804,427.59453,1758.467,79.569516,691.45271,115.40441,242.7297,2049.998
68.968969,2036.7896,2264.433,317.4557,2283.2195,1580.5999,243.762,695.68768,1365.0563,2386.9942,2403.5231,392.64617,2407.0352,2373.8661,1207.9461,1987.3766,353.86074,1050.8166,2272.6931,1969.0055,2381.7559,1632.5684,89.232013,2110.8135,2319.89,1687.1622,1882.9703,1849.0203,978.45165,1632.6669,427.5939,1758.4515,79.5695,691.45108,115.40438,242.72954,2049.9772
69.069069,2036.7897,2264.4331,317.4557,2283.2195,1580.5997,243.76193,695.68721,1365.0547,2386.9885,2403.5134,392.64346,2407.0015,2373.8322,1207.9364,1987.3506,353.85994,1050.8091,2272.6523,1968.9774,2381.7131,1632.5534,89.23194,2110.7835,2319.8518,1687.142,1882.9456,1849.0004,978.44754,1632.6534,427.59327,1758.436,79.569484,691.44945,115.40435,242.72937,2049.9563
69.169169,2036.7897,2264.4331,317.45571,2283.2194,1580.5996,243.76186,695.68674,1365.0531,2386.9829,2403.5036,392.64073,2406.9679,2373.7981,1207.9267,1987.3246,353.85913,1050.8015,2272.6113,1968.9493,2381.6702,1632.5384,89.231866,2110.7534,2319.8136,1687.1218,1882.9208,1848.9805,978.44343,1632.6399,427.59264,1758.4205,79.569468,691.44782,115.40431,242.7292,2049.9354
69.269269,2036.7898,2264.4332,317.45571,2283.2194,1580.5994,243.76179,695.68627,1365.0515,2386.9772,2403.4938,392.63801,2406.9342,2373.764,1207.917,1987.2986,353.85832,1050.794,2272.5703,1968.9212,2381.6272,1632.5234,89.231792,2110.7233,2319.7753,1687.1015,1882.896,1848.9606,978.43931,1632.6264,427.592,1758.405,79.569452,691.44618,115.40428,242.72902,2049.9144
69.369369,2036.7898,2264.4332,317.45571,2283.2194,1580.5993,243.76172,695.68582,1365.0499,2386.9715,2403.484,392.63527,2406.9004,2373.7299,1207.9073,1987.2725,353.85751,1050.7864,2272.5292,1968.8929,2381.5842,1632.5083,89.231717,2110.6931,2319.737,1687.0812,1882.8712,1848.9406,978.43519,1632.6128,427.59137,1758.3894,79.569435,691.44454,115.40425,242.72885,2049.8934
69.469469,2036.7898,2264.4332,317.45571,2283.2193,1580.5992,243.76165,695.68537,1365.0482,2386.9659,2403.4742,392.63253,2406.8666,2373.6957,1207.8975,1987.2464,353.8567,1050.7788,2272.488,1968.8647,2381.541,1632.4933,89.231642,2110.6628,2319.6985,1687.0609,1882.8462,1848.9205,978.43106,1632.5992,427.59073,1758.3738,79.569418,691.4429,115.40421,242.72868,2049.8723
69.56957,2036.7899,2264.4333,317.45571,2283.2192,1580.599,243.76158,695.68493,1365.0466,2386.9602,2403.4644,392.62979,2406.8327,2373.6615,1207.8877,1987.2202,353.85588,1050.7712,2272.4468,1968.8363,2381.4978,1632.4781,89.231566,2110.6325,2319.66,1687.0405,1882.8213,1848.9005,978.42692,1632.5856,427.59009,1758.3582,79.5694,691.44126,115.40418,242.7285,2049.8513
69.66967,2036.7899,2264.4333,317.45571,2283.2192,1580.5988,243.76152,695.68449,1365.045,2386.9545,2403.4545,392.62703,2406.7988,2373.6272,1207.8779,1987.194,353.85506,1050.7635,2272.4054,1968.808,2381.4545,1632.463,89.23149,2110.6021,2319.6214,1687.0201,1882.7963,1848.8804,978.42277,1632.572,427.58945,1758.3425,79.569383,691.43961,115.40414,242.72833,2049.8301
69.76977,2036.7899,2264.4333,317.45571,2283.2191,1580.5987,243.76145,695.68407,1365.0434,2386.9488,2403.4447,392.62428,2406.7649,2373.5929,1207.8681,1987.1678,353.85424,1050.7559,2272.364,1968.7795,2381.4111,1632.4479,89.231414,2110.5716,2319.5828,1686.9997,1882.7712,1848.8602,978.41861,1632.5583,427.5888,1758.3268,79.569365,691.43795,115.40411,242.72815,2049.809
69.86987,2036.7899,2264.4333,317.4557,2283.219,1580.5985,243.76139,695.68365,1365.0418,2386.943,2403.4348,392.62151,2406.7309,2373.5585,1207.8583,1987.1415,353.85342,1050.7482,2272.3225,1968.751,2381.3676,1632.4327,89.231336,2110.5411,2319.544,1686.9792,1882.7461,1848.8401,978.41445,1632.5447,427.58816,1758.3111,79.569347,691.4363,115.40407,242.72798,2049.7878
69.96997,2036.7899,2264.4333,317.4557,2283.2189,1580.5983,243.76132,695.68325,1365.0401,2386.9373,2403.4249,392.61874,2406.6969,2373.5241,1207.8484,1987.1152,353.85259,1050.7405,2272.2809,1968.7224,2381.324,1632.4175,89.231259,2110.5106,2319.5052,1686.9587,1882.721,1848.8198,978.41028,1632.531,427.58751,1758.2954,79.569328,691.43464,115.40403,242.7278,2049.7665
70.07007,2036.7899,2264.4333,317.45569,2283.2188,1580.5982,243.76126,695.68285,1365.0385,2386.9316,2403.415,392.61597,2406.6628,2373.4896,1207.8386,1987.0888,353.85177,1050.7328,2272.2392,1968.6938,2381.2803,1632.4022,89.23118,2110.4799,2319.4663,1686.9381,1882.6958,1848.7996,978.40611,1632.5172,427.58686,1758.2796,79.569309,691.43297,115.404,242.72762,2049.7453
70.17017,2036.7899,2264.4333,317.45568,2283.2187,1580.598,243.7612,695.68246,1365.0369,2386.9258,2403.4051,392.61319,2406.6287,2373.4551,1207.8287,1987.0624,353.85094,1050.7251,2272.1975,1968.6651,2381.2366,1632.387,89.231101,2110.4492,2319.4273,1686.9175,1882.6705,1848.7793,978.40192,1632.5035,427.5862,1758.2638,79.56929,691.43131,115.40396,242.72744,2049.7239
70.27027,2036.7899,2264.4332,317.45568,2283.2186,1580.5978,243.76114,695.68208,1365.0352,2386.9201,2403.3951,392.6104,2406.5945,2373.4205,1207.8187,1987.036,353.8501,1050.7174,2272.1556,1968.6364,2381.1927,1632.3717,89.231022,2110.4185,2319.3883,1686.8969,1882.6453,1848.759,978.39773,1632.4897,427.58555,1758.248,79.569271,691.42964,115.40392,242.72726,2049.7026
70.37037,2036.7899,2264.4332,317.45567,2283.2184,1580.5976,243.76107,695.68171,1365.0336,2386.9143,2403.3851,392.60761,2406.5603,2373.3859,1207.8088,1987.0095,353.84927,1050.7096,2272.1137,1968.6076,2381.1488,1632.3564,89.230942,2110.3877,2319.3491,1686.8762,1882.6199,1848.7386,978.39352,1632.4759,427.58489,1758.2321,79.569251,691.42796,115.40388,242.72708,2049.6812
70.47047,2036.7898,2264.4331,317.45566,2283.2183,1580.5974,243.76102,695.68136,1365.032,2386.9085,2403.3752,392.60481,2406.526,2373.3512,1207.7988,1986.983,353.84843,1050.7019,2272.0717,1968.5787,2381.1048,1632.3411,89.230861,2110.3568,2319.3099,1686.8555,1882.5945,1848.7182,978.38931,1632.4621,427.58423,1758.2163,79.569231,691.42628,115.40384,242.72689,2049.6598
70.570571,2036.7898,2264.4331,317.45564,2283.2181,1580.5972,243.76096,695.68101,1365.0303,2386.9027,2403.3651,392.602,2406.4917,2373.3164,1207.7889,1986.9564,353.84759,1050.6941,2272.0296,1968.5498,2381.0607,1632.3257,89.23078,2110.3259,2319.2706,1686.8348,1882.5691,1848.6977,978.3851,1632.4482,427.58357,1758.2003,79.56921,691.4246,115.4038,242.72671,2049.6383
70.670671,2036.7897,2264.433,317.45563,2283.218,1580.597,243.7609,695.68067,1365.0287,2386.8969,2403.3551,392.59919,2406.4574,2373.2816,1207.7789,1986.9298,353.84674,1050.6863,2271.9874,1968.5209,2381.0165,1632.3103,89.230699,2110.2949,2319.2312,1686.814,1882.5436,1848.6773,978.38087,1632.4344,427.58291,1758.1844,79.569189,691.42291,115.40376,242.72652,2049.6168
70.770771,2036.7897,2264.4329,317.45562,2283.2178,1580.5967,243.76084,695.68034,1365.027,2386.8911,2403.3451,392.59638,2406.423,2373.2468,1207.7688,1986.9032,353.84589,1050.6785,2271.9451,1968.4918,2380.9722,1632.2949,89.230616,2110.2638,2319.1917,1686.7931,1882.5181,1848.6567,978.37664,1632.4205,427.58224,1758.1684,79.569168,691.42122,115.40372,242.72634,2049.5952
70.870871,2036.7896,2264.4328,317.4556,2283.2176,1580.5965,243.76079,695.68003,1365.0253,2386.8853,2403.335,392.59355,2406.3885,2373.2119,1207.7588,1986.8765,353.84504,1050.6706,2271.9027,1968.4627,2380.9278,1632.2795,89.230533,2110.2326,2319.1522,1686.7723,1882.4925,1848.6362,978.37239,1632.4065,427.58157,1758.1524,79.569146,691.41953,115.40368,242.72615,2049.5736
70.970971,2036.7895,2264.4327,317.45558,2283.2174,1580.5963,243.76073,695.67972,1365.0237,2386.8795,2403.3249,392.59072,2406.354,2373.1769,1207.7487,1986.8498,353.84419,1050.6628,2271.8603,1968.4336,2380.8833,1632.264,89.230449,2110.2014,2319.1126,1686.7514,1882.4668,1848.6156,978.36814,1632.3926,427.5809,1758.1364,79.569124,691.41783,115.40364,242.72596,2049.5519
71.071071,2036.7894,2264.4326,317.45557,2283.2172,1580.596,243.76068,695.67943,1365.022,2386.8736,2403.3148,392.58789,2406.3195,2373.1419,1207.7386,1986.823,353.84334,1050.6549,2271.8177,1968.4043,2380.8388,1632.2485,89.230365,2110.1702,2319.0728,1686.7304,1882.4412,1848.5949,978.36388,1632.3786,427.58023,1758.1203,79.569102,691.41613,115.4036,242.72577,2049.5303
71.171171,2036.7893,2264.4325,317.45555,2283.217,1580.5958,243.76063,695.67915,1365.0203,2386.8678,2403.3047,392.58504,2406.2849,2373.1069,1207.7285,1986.7962,353.84248,1050.647,2271.7751,1968.3751,2380.7941,1632.233,89.23028,2110.1389,2319.033,1686.7094,1882.4154,1848.5742,978.35961,1632.3646,427.57955,1758.1042,79.569079,691.41442,115.40355,242.72558,2049.5085
71.271271,2036.7892,2264.4323,317.45553,2283.2168,1580.5955,243.76058,695.67888,1365.0186,2386.8619,2403.2945,392.58219,2406.2502,2373.0718,1207.7184,1986.7693,353.84161,1050.6391,2271.7324,1968.3457,2380.7493,1632.2174,89.230194,2110.1075,2318.9932,1686.6884,1882.3896,1848.5535,978.35533,1632.3506,427.57887,1758.0881,79.569056,691.4127,115.40351,242.72538,2049.4867
71.371371,2036.7891,2264.4322,317.4555,2283.2166,1580.5953,243.76053,695.67862,1365.0169,2386.856,2403.2844,392.57934,2406.2155,2373.0366,1207.7082,1986.7424,353.84075,1050.6311,2271.6895,1968.3163,2380.7045,1632.2018,89.230108,2110.076,2318.9532,1686.6673,1882.3638,1848.5327,978.35104,1632.3365,427.57819,1758.0719,79.569032,691.41099,115.40347,242.72519,2049.4649
71.471471,2036.7889,2264.432,317.45548,2283.2163,1580.595,243.76048,695.67838,1365.0153,2386.8501,2403.2742,392.57648,2406.1808,2373.0014,1207.6981,1986.7154,353.83988,1050.6232,2271.6466,1968.2868,2380.6595,1632.1862,89.230021,2110.0445,2318.9131,1686.6462,1882.3379,1848.5119,978.34674,1632.3224,427.57751,1758.0557,79.569008,691.40926,115.40342,242.72499,2049.4431
71.571572,2036.7888,2264.4318,317.45545,2283.216,1580.5947,243.76043,695.67815,1365.0136,2386.8442,2403.264,392.57361,2406.146,2372.9661,1207.6879,1986.6884,353.83901,1050.6152,2271.6036,1968.2573,2380.6145,1632.1706,89.229933,2110.0129,2318.873,1686.625,1882.312,1848.4911,978.34243,1632.3083,427.57682,1758.0395,79.568983,691.40754,115.40338,242.72479,2049.4212
71.671672,2036.7886,2264.4316,317.45542,2283.2158,1580.5944,243.76038,695.67793,1365.0119,2386.8382,2403.2537,392.57073,2406.1112,2372.9308,1207.6776,1986.6614,353.83813,1050.6072,2271.5606,1968.2277,2380.5694,1632.1549,89.229845,2109.9812,2318.8328,1686.6038,1882.286,1848.4702,978.33812,1632.2941,427.57613,1758.0232,79.568958,691.40581,115.40333,242.72459,2049.3992
71.771772,2036.7885,2264.4314,317.4554,2283.2155,1580.5941,243.76034,695.67772,1365.0101,2386.8323,2403.2435,392.56785,2406.0763,2372.8954,1207.6674,1986.6343,353.83726,1050.5992,2271.5174,1968.1981,2380.5242,1632.1392,89.229755,2109.9495,2318.7925,1686.5826,1882.2599,1848.4492,978.33379,1632.28,427.57544,1758.0069,79.568932,691.40407,115.40328,242.72439,2049.3772
71.871872,2036.7883,2264.4312,317.45536,2283.2152,1580.5938,243.76029,695.67753,1365.0084,2386.8263,2403.2332,392.56496,2406.0413,2372.8599,1207.6571,1986.6072,353.83637,1050.5912,2271.4741,1968.1683,2380.4788,1632.1235,89.229665,2109.9177,2318.7521,1686.5613,1882.2338,1848.4283,978.32945,1632.2658,427.57474,1757.9906,79.568906,691.40233,115.40324,242.72419,2049.3552
71.971972,2036.7881,2264.431,317.45533,2283.2148,1580.5935,243.76025,695.67736,1365.0067,2386.8204,2403.2229,392.56207,2406.0063,2372.8244,1207.6468,1986.58,353.83549,1050.5831,2271.4307,1968.1385,2380.4334,1632.1078,89.229575,2109.8858,2318.7116,1686.54,1882.2077,1848.4072,978.32511,1632.2515,427.57404,1757.9742,79.568879,691.40058,115.40319,242.72399,2049.3331
72.072072,2036.7881,2264.4309,317.45532,2283.2147,1580.5933,243.7602,695.67703,1365.005,2386.8145,2403.2127,392.55919,2405.9714,2372.789,1207.6366,1986.5529,353.83463,1050.5751,2271.3875,1968.1088,2380.3881,1632.0921,89.22949,2109.854,2318.6712,1686.5187,1882.1816,1848.3863,978.32082,1632.2374,427.57337,1757.9579,79.568858,691.39888,115.40315,242.7238,2049.3111
72.172172,2036.788,2264.4309,317.45531,2283.2145,1580.5931,243.76014,695.67667,1365.0034,2386.8087,2403.2026,392.55631,2405.9365,2372.7536,1207.6264,1986.5258,353.83377,1050.5671,2271.3441,1968.0791,2380.3427,1632.0764,89.229406,2109.8222,2318.6308,1686.4975,1882.1555,1848.3654,978.31654,1632.2233,427.5727,1757.9417,79.568838,691.39718,115.40311,242.72361,2049.2891
72.272272,2036.788,2264.4308,317.4553,2283.2144,1580.5929,243.76008,695.67632,1365.0018,2386.8029,2403.1924,392.55343,2405.9016,2372.7182,1207.6161,1986.4987,353.8329,1050.5591,2271.3007,1968.0493,2380.2972,1632.0607,89.229321,2109.7903,2318.5902,1686.4762,1882.1293,1848.3444,978.31225,1632.2091,427.57204,1757.9254,79.568818,691.39548,115.40307,242.72343,2049.2671
72.372372,2036.7879,2264.4308,317.45529,2283.2142,1580.5927,243.76002,695.67596,1365.0001,2386.7971,2403.1822,392.55054,2405.8666,2372.6827,1207.6059,1986.4715,353.83204,1050.5511,2271.2572,1968.0195,2380.2516,1632.045,89.229237,2109.7584,2318.5496,1686.4549,1882.1032,1848.3234,978.30796,1632.1949,427.57137,1757.909,79.568797,691.39378,115.40303,242.72324,2049.245
72.472472,2036.7879,2264.4307,317.45527,2283.2141,1580.5925,243.75996,695.67561,1364.9985,2386.7913,2403.1721,392.54765,2405.8316,2372.6472,1207.5956,1986.4443,353.83118,1050.5431,2271.2136,1967.9896,2380.206,1632.0292,89.229152,2109.7264,2318.509,1686.4335,1882.0769,1848.3024,978.30367,1632.1807,427.5707,1757.8927,79.568777,691.39208,115.40299,242.72306,2049.2229
72.572573,2036.7879,2264.4306,317.45526,2283.214,1580.5923,243.7599,695.67526,1364.9968,2386.7855,2403.1619,392.54475,2405.7966,2372.6116,1207.5853,1986.4171,353.83031,1050.535,2271.1699,1967.9596,2380.1602,1632.0135,89.229067,2109.6944,2318.4682,1686.4121,1882.0507,1848.2813,978.29937,1632.1665,427.57003,1757.8763,79.568756,691.39038,115.40295,242.72287,2049.2008
72.672673,2036.7878,2264.4306,317.45525,2283.2138,1580.5921,243.75984,695.67492,1364.9952,2386.7797,2403.1517,392.54185,2405.7615,2372.576,1207.575,1986.3898,353.82944,1050.5269,2271.1262,1967.9296,2380.1144,1631.9977,89.228981,2109.6623,2318.4274,1686.3907,1882.0244,1848.2602,978.29506,1632.1522,427.56936,1757.8599,79.568736,691.38867,115.40291,242.72269,2049.1786
72.772773,2036.7878,2264.4305,317.45524,2283.2137,1580.5919,243.75979,695.67457,1364.9935,2386.7739,2403.1415,392.53895,2405.7264,2372.5403,1207.5646,1986.3625,353.82857,1050.5189,2271.0823,1967.8995,2380.0685,1631.9819,89.228895,2109.6301,2318.3865,1686.3692,1881.998,1848.239,978.29075,1632.138,427.56869,1757.8435,79.568715,691.38697,115.40287,242.7225,2049.1564
72.872873,2036.7877,2264.4304,317.45523,2283.2135,1580.5917,243.75973,695.67423,1364.9919,2386.768,2403.1312,392.53603,2405.6912,2372.5046,1207.5543,1986.3352,353.8277,1050.5108,2271.0384,1967.8694,2380.0225,1631.966,89.228809,2109.5979,2318.3455,1686.3477,1881.9716,1848.2179,978.28644,1632.1237,427.56802,1757.8271,79.568694,691.38526,115.40283,242.72231,2049.1342
72.972973,2036.7877,2264.4304,317.45522,2283.2133,1580.5914,243.75967,695.67389,1364.9902,2386.7622,2403.121,392.53312,2405.656,2372.4688,1207.5439,1986.3078,353.82683,1050.5026,2270.9944,1967.8392,2379.9764,1631.9502,89.228723,2109.5656,2318.3045,1686.3261,1881.9451,1848.1966,978.28212,1632.1094,427.56734,1757.8106,79.568673,691.38355,115.40279,242.72213,2049.1119
73.073073,2036.7877,2264.4303,317.4552,2283.2132,1580.5912,243.75961,695.67355,1364.9886,2386.7564,2403.1108,392.53019,2405.6207,2372.433,1207.5336,1986.2804,353.82595,1050.4945,2270.9503,1967.809,2379.9302,1631.9343,89.228637,2109.5333,2318.2633,1686.3046,1881.9187,1848.1754,978.27779,1632.095,427.56667,1757.7941,79.568652,691.38184,115.40275,242.72194,2049.0896
73.173173,2036.7876,2264.4302,317.45519,2283.213,1580.591,243.75956,695.67321,1364.9869,2386.7505,2403.1005,392.52727,2405.5854,2372.3971,1207.5232,1986.253,353.82508,1050.4864,2270.9062,1967.7787,2379.884,1631.9184,89.22855,2109.5009,2318.2221,1686.283,1881.8921,1848.1541,978.27346,1632.0807,427.566,1757.7776,79.568631,691.38013,115.40271,242.72175,2049.0672
73.273273,2036.7876,2264.4302,317.45518,2283.2129,1580.5908,243.7595,695.67287,1364.9853,2386.7447,2403.0902,392.52433,2405.5501,2372.3613,1207.5127,1986.2255,353.8242,1050.4782,2270.8619,1967.7484,2379.8376,1631.9025,89.228462,2109.4684,2318.1808,1686.2613,1881.8655,1848.1328,978.26912,1632.0663,427.56532,1757.7611,79.56861,691.37841,115.40267,242.72156,2049.0448
73.373373,2036.7875,2264.4301,317.45516,2283.2127,1580.5906,243.75944,695.67254,1364.9836,2386.7389,2403.08,392.5214,2405.5147,2372.3253,1207.5023,1986.198,353.82332,1050.47,2270.8176,1967.718,2379.7912,1631.8865,89.228375,2109.4359,2318.1395,1686.2396,1881.8389,1848.1115,978.26478,1632.0519,427.56465,1757.7445,79.568589,691.3767,115.40263,242.72137,2049.0224
73.473473,2036.7875,2264.43,317.45515,2283.2125,1580.5904,243.75938,695.67221,1364.982,2386.733,2403.0697,392.51846,2405.4793,2372.2893,1207.4918,1986.1704,353.82244,1050.4619,2270.7732,1967.6875,2379.7447,1631.8706,89.228287,2109.4033,2318.098,1686.2179,1881.8122,1848.0901,978.26044,1632.0375,427.56397,1757.7279,79.568568,691.37498,115.40259,242.72119,2049
73.573574,2036.7874,2264.4299,317.45514,2283.2124,1580.5902,243.75933,695.67188,1364.9803,2386.7272,2403.0594,392.51551,2405.4439,2372.2533,1207.4814,1986.1428,353.82156,1050.4537,2270.7287,1967.657,2379.6981,1631.8546,89.228199,2109.3707,2318.0565,1686.1962,1881.7855,1848.0687,978.25609,1632.0231,427.56329,1757.7113,79.568547,691.37326,115.40255,242.721,2048.9775
73.673674,2036.7874,2264.4299,317.45512,2283.2122,1580.5899,243.75927,695.67155,1364.9787,2386.7213,2403.049,392.51256,2405.4084,2372.2172,1207.4709,1986.1152,353.82067,1050.4454,2270.6841,1967.6264,2379.6514,1631.8385,89.228111,2109.338,2318.0149,1686.1744,1881.7588,1848.0472,978.25173,1632.0087,427.56261,1757.6946,79.568525,691.37154,115.40251,242.72081,2048.955
73.773774,2036.7873,2264.4298,317.45511,2283.212,1580.5897,243.75921,695.67122,1364.977,2386.7154,2403.0387,392.5096,2405.3729,2372.1811,1207.4604,1986.0875,353.81979,1050.4372,2270.6394,1967.5958,2379.6046,1631.8225,89.228022,2109.3052,2317.9733,1686.1526,1881.732,1848.0258,978.24737,1631.9942,427.56194,1757.678,79.568504,691.36982,115.40247,242.72062,2048.9324
73.873874,2036.7872,2264.4297,317.45509,2283.2119,1580.5895,243.75916,695.67089,1364.9754,2386.7096,2403.0284,392.50664,2405.3373,2372.1449,1207.4499,1986.0598,353.8189,1050.429,2270.5947,1967.5651,2379.5578,1631.8065,89.227934,2109.2724,2317.9315,1686.1307,1881.7051,1848.0043,978.24301,1631.9797,427.56126,1757.6613,79.568483,691.3681,115.40243,242.72043,2048.9098
73.973974,2036.7872,2264.4296,317.45508,2283.2117,1580.5893,243.7591,695.67057,1364.9737,2386.7037,2403.018,392.50367,2405.3017,2372.1087,1207.4393,1986.0321,353.81801,1050.4207,2270.5498,1967.5344,2379.5108,1631.7904,89.227844,2109.2396,2317.8897,1686.1088,1881.6782,1847.9827,978.23864,1631.9652,427.56058,1757.6446,79.568461,691.36637,115.40238,242.72024,2048.8872
74.074074,2036.7871,2264.4295,317.45507,2283.2115,1580.5891,243.75905,695.67025,1364.972,2386.6978,2403.0077,392.5007,2405.2661,2372.0725,1207.4288,1986.0043,353.81712,1050.4124,2270.5049,1967.5036,2379.4638,1631.7743,89.227755,2109.2066,2317.8478,1686.0869,1881.6513,1847.9611,978.23426,1631.9506,427.55989,1757.6278,79.56844,691.36465,115.40234,242.72005,2048.8645
74.174174,2036.7871,2264.4294,317.45505,2283.2113,1580.5888,243.75899,695.66993,1364.9704,2386.692,2402.9973,392.49773,2405.2304,2372.0362,1207.4182,1985.9765,353.81623,1050.4041,2270.4599,1967.4728,2379.4167,1631.7582,89.227665,2109.1737,2317.8058,1686.0649,1881.6243,1847.9395,978.22988,1631.9361,427.55921,1757.6111,79.568418,691.36292,115.4023,242.71986,2048.8418
74.274274,2036.787,2264.4293,317.45504,2283.2112,1580.5886,243.75894,695.66961,1364.9687,2386.6861,2402.9869,392.49475,2405.1947,2371.9998,1207.4076,1985.9487,353.81534,1050.3958,2270.4148,1967.4419,2379.3695,1631.742,89.227575,2109.1406,2317.7638,1686.0429,1881.5973,1847.9179,978.2255,1631.9215,427.55853,1757.5943,79.568396,691.36119,115.40226,242.71967,2048.8191
74.374374,2036.787,2264.4293,317.45502,2283.211,1580.5884,243.75888,695.66929,1364.9671,2386.6802,2402.9765,392.49176,2405.1589,2371.9634,1207.397,1985.9208,353.81444,1050.3875,2270.3697,1967.4109,2379.3222,1631.7258,89.227485,2109.1075,2317.7216,1686.0209,1881.5702,1847.8962,978.22111,1631.9069,427.55785,1757.5775,79.568375,691.35946,115.40222,242.71948,2048.7963
74.474474,2036.7869,2264.4292,317.45501,2283.2108,1580.5882,243.75882,695.66897,1364.9654,2386.6743,2402.9661,392.48877,2405.1231,2371.927,1207.3864,1985.8929,353.81354,1050.3792,2270.3244,1967.3799,2379.2748,1631.7096,89.227395,2109.0743,2317.6794,1685.9989,1881.5431,1847.8745,978.21671,1631.8923,427.55716,1757.5606,79.568353,691.35773,115.40218,242.71929,2048.7735
74.574575,2036.7868,2264.4291,317.45499,2283.2106,1580.5879,243.75877,695.66865,1364.9637,2386.6684,2402.9557,392.48577,2405.0873,2371.8905,1207.3758,1985.8649,353.81265,1050.3708,2270.2791,1967.3488,2379.2273,1631.6934,89.227304,2109.0411,2317.6371,1685.9768,1881.5159,1847.8527,978.21231,1631.8777,427.55648,1757.5438,79.568331,691.35599,115.40214,242.7191,2048.7507
74.674675,2036.7868,2264.429,317.45497,2283.2105,1580.5877,243.75871,695.66834,1364.9621,2386.6626,2402.9453,392.48277,2405.0514,2371.854,1207.3651,1985.8369,353.81175,1050.3625,2270.2337,1967.3177,2379.1798,1631.6772,89.227213,2109.0078,2317.5948,1685.9546,1881.4887,1847.8309,978.20791,1631.863,427.55579,1757.5269,79.568309,691.35426,115.4021,242.71891,2048.7278
74.774775,2036.7867,2264.4289,317.45496,2283.2103,1580.5875,243.75866,695.66803,1364.9604,2386.6567,2402.9348,392.47977,2405.0154,2371.8174,1207.3544,1985.8089,353.81084,1050.3541,2270.1882,1967.2865,2379.1321,1631.6609,89.227122,2108.9745,2317.5523,1685.9324,1881.4615,1847.8091,978.2035,1631.8483,427.55511,1757.5099,79.568287,691.35252,115.40205,242.71871,2048.7049
74.874875,2036.7867,2264.4288,317.45494,2283.2101,1580.5873,243.7586,695.66771,1364.9587,2386.6508,2402.9244,392.47676,2404.9795,2371.7808,1207.3437,1985.7808,353.80994,1050.3457,2270.1426,1967.2553,2379.0844,1631.6447,89.22703,2108.9411,2317.5098,1685.9102,1881.4342,1847.7872,978.19909,1631.8336,427.55442,1757.493,79.568265,691.35079,115.40201,242.71852,2048.6819
74.974975,2036.7866,2264.4287,317.45493,2283.2099,1580.587,243.75855,695.6674,1364.9571,2386.6449,2402.9139,392.47374,2404.9435,2371.7441,1207.333,1985.7527,353.80904,1050.3373,2270.0969,1967.224,2379.0365,1631.6284,89.226938,2108.9076,2317.4672,1685.888,1881.4068,1847.7653,978.19467,1631.8189,427.55374,1757.476,79.568243,691.34905,115.40197,242.71833,2048.6589
75.075075,2036.7865,2264.4286,317.45491,2283.2097,1580.5868,243.7585,695.66709,1364.9554,2386.639,2402.9035,392.47072,2404.9074,2371.7074,1207.3223,1985.7246,353.80813,1050.3289,2270.0511,1967.1926,2378.9886,1631.612,89.226846,2108.8741,2317.4245,1685.8657,1881.3794,1847.7434,978.19024,1631.8042,427.55305,1757.4591,79.568221,691.34731,115.40193,242.71814,2048.6359
75.175175,2036.7865,2264.4285,317.4549,2283.2095,1580.5866,243.75844,695.66678,1364.9537,2386.633,2402.893,392.4677,2404.8714,2371.6707,1207.3116,1985.6964,353.80723,1050.3204,2270.0053,1967.1612,2378.9406,1631.5957,89.226754,2108.8405,2317.3817,1685.8434,1881.352,1847.7215,978.18582,1631.7894,427.55236,1757.442,79.568199,691.34556,115.40189,242.71795,2048.6128
75.275275,2036.7864,2264.4284,317.45488,2283.2094,1580.5863,243.75839,695.66647,1364.9521,2386.6271,2402.8825,392.46467,2404.8352,2371.6339,1207.3008,1985.6682,353.80632,1050.312,2269.9594,1967.1297,2378.8925,1631.5793,89.226661,2108.8068,2317.3389,1685.8211,1881.3245,1847.6995,978.18138,1631.7746,427.55167,1757.425,79.568177,691.34382,115.40185,242.71775,2048.5898
75.375375,2036.7863,2264.4283,317.45486,2283.2092,1580.5861,243.75833,695.66617,1364.9504,2386.6212,2402.872,392.46164,2404.7991,2371.597,1207.29,1985.64,353.80541,1050.3035,2269.9133,1967.0982,2378.8444,1631.5629,89.226568,2108.7731,2317.296,1685.7987,1881.297,1847.6774,978.17695,1631.7598,427.55098,1757.4079,79.568155,691.34208,115.4018,242.71756,2048.5666
75.475475,2036.7863,2264.4282,317.45485,2283.209,1580.5859,243.75828,695.66586,1364.9487,2386.6153,2402.8615,392.4586,2404.7629,2371.5601,1207.2792,1985.6117,353.80449,1050.295,2269.8672,1967.0666,2378.7961,1631.5465,89.226475,2108.7394,2317.253,1685.7763,1881.2694,1847.6554,978.1725,1631.745,427.55029,1757.3908,79.568133,691.34033,115.40176,242.71737,2048.5435
75.575576,2036.7862,2264.4281,317.45483,2283.2088,1580.5856,243.75822,695.66555,1364.9471,2386.6094,2402.8509,392.45555,2404.7267,2371.5232,1207.2684,1985.5834,353.80358,1050.2865,2269.8211,1967.035,2378.7477,1631.5301,89.226382,2108.7055,2317.2099,1685.7538,1881.2418,1847.6333,978.16806,1631.7302,427.5496,1757.3737,79.568111,691.33859,115.40172,242.71718,2048.5203
75.675676,2036.7861,2264.428,317.45481,2283.2086,1580.5854,243.75817,695.66525,1364.9454,2386.6035,2402.8404,392.4525,2404.6904,2371.4862,1207.2576,1985.5551,353.80267,1050.278,2269.7748,1967.0033,2378.6993,1631.5136,89.226288,2108.6716,2317.1667,1685.7313,1881.2142,1847.6112,978.1636,1631.7153,427.54891,1757.3566,79.568088,691.33684,115.40168,242.71698,2048.497
75.775776,2036.7861,2264.4279,317.4548,2283.2084,1580.5852,243.75811,695.66494,1364.9437,2386.5975,2402.8298,392.44945,2404.6541,2371.4492,1207.2467,1985.5267,353.80175,1050.2695,2269.7284,1966.9715,2378.6507,1631.4971,89.226194,2108.6377,2317.1235,1685.7088,1881.1865,1847.589,978.15915,1631.7004,427.54822,1757.3394,79.568066,691.33509,115.40164,242.71679,2048.4737
75.875876,2036.786,2264.4278,317.45478,2283.2082,1580.5849,243.75806,695.66464,1364.9421,2386.5916,2402.8193,392.44639,2404.6177,2371.4121,1207.2359,1985.4982,353.80083,1050.2609,2269.682,1966.9397,2378.6021,1631.4806,89.2261,2108.6037,2317.0802,1685.6862,1881.1587,1847.5668,978.15469,1631.6855,427.54752,1757.3222,79.568044,691.33334,115.40159,242.7166,2048.4504
75.975976,2036.7859,2264.4277,317.45476,2283.208,1580.5847,243.75801,695.66434,1364.9404,2386.5857,2402.8087,392.44333,2404.5813,2371.375,1207.225,1985.4698,353.79991,1050.2524,2269.6354,1966.9079,2378.5534,1631.4641,89.226006,2108.5696,2317.0368,1685.6636,1881.1309,1847.5446,978.15022,1631.6706,427.54683,1757.305,79.568021,691.33159,115.40155,242.7164,2048.4271
76.076076,2036.7859,2264.4276,317.45475,2283.2078,1580.5845,243.75795,695.66403,1364.9387,2386.5797,2402.7981,392.44026,2404.5449,2371.3379,1207.2141,1985.4413,353.79899,1050.2438,2269.5888,1966.8759,2378.5046,1631.4476,89.225911,2108.5355,2316.9933,1685.641,1881.1031,1847.5223,978.14575,1631.6557,427.54614,1757.2878,79.567999,691.32983,115.40151,242.71621,2048.4037
76.176176,2036.7858,2264.4275,317.45473,2283.2076,1580.5842,243.7579,695.66373,1364.9371,2386.5738,2402.7875,392.43719,2404.5084,2371.3007,1207.2032,1985.4128,353.79807,1050.2352,2269.5421,1966.8439,2378.4557,1631.431,89.225816,2108.5013,2316.9498,1685.6183,1881.0752,1847.5,978.14128,1631.6407,427.54544,1757.2705,79.567977,691.32808,115.40147,242.71601,2048.3803
76.276276,2036.7857,2264.4274,317.45471,2283.2074,1580.584,243.75785,695.66343,1364.9354,2386.5678,2402.7769,392.43411,2404.4719,2371.2634,1207.1923,1985.3842,353.79715,1050.2266,2269.4953,1966.8119,2378.4067,1631.4144,89.225721,2108.467,2316.9061,1685.5956,1881.0472,1847.4777,978.1368,1631.6257,427.54475,1757.2532,79.567954,691.32632,115.40143,242.71582,2048.3568
76.376376,2036.7857,2264.4273,317.45469,2283.2072,1580.5838,243.75779,695.66313,1364.9337,2386.5619,2402.7663,392.43103,2404.4353,2371.2261,1207.1813,1985.3556,353.79622,1050.218,2269.4484,1966.7798,2378.3576,1631.3978,89.225625,2108.4327,2316.8624,1685.5729,1881.0193,1847.4553,978.13231,1631.6107,427.54405,1757.2359,79.567932,691.32457,115.40138,242.71563,2048.3333
76.476476,2036.7856,2264.4272,317.45468,2283.2071,1580.5835,243.75774,695.66283,1364.932,2386.556,2402.7557,392.42794,2404.3987,2371.1888,1207.1703,1985.327,353.79529,1050.2094,2269.4015,1966.7476,2378.3085,1631.3811,89.22553,2108.3983,2316.8186,1685.5501,1880.9912,1847.4329,978.12782,1631.5957,427.54336,1757.2186,79.567909,691.32281,115.40134,242.71543,2048.3098
76.576577,2036.7855,2264.427,317.45466,2283.2069,1580.5833,243.75768,695.66253,1364.9304,2386.55,2402.745,392.42485,2404.3621,2371.1514,1207.1594,1985.2983,353.79437,1050.2007,2269.3544,1966.7154,2378.2592,1631.3645,89.225434,2108.3639,2316.7748,1685.5273,1880.9632,1847.4104,978.12333,1631.5806,427.54266,1757.2012,79.567887,691.32105,115.4013,242.71524,2048.2863
76.676677,2036.7855,2264.4269,317.45464,2283.2067,1580.5831,243.75763,695.66222,1364.9287,2386.544,2402.7344,392.42175,2404.3254,2371.114,1207.1484,1985.2696,353.79344,1050.192,2269.3073,1966.6831,2378.2099,1631.3478,89.225338,2108.3294,2316.7308,1685.5045,1880.935,1847.388,978.11883,1631.5656,427.54196,1757.1838,79.567864,691.31929,115.40126,242.71504,2048.2627
76.776777,2036.7854,2264.4268,317.45462,2283.2065,1580.5828,243.75758,695.66192,1364.927,2386.5381,2402.7237,392.41865,2404.2887,2371.0765,1207.1373,1985.2408,353.79251,1050.1834,2269.2601,1966.6508,2378.1604,1631.3311,89.225241,2108.2948,2316.6868,1685.4816,1880.9069,1847.3654,978.11433,1631.5505,427.54126,1757.1664,79.567842,691.31753,115.40121,242.71485,2048.239
76.876877,2036.7854,2264.4267,317.45461,2283.2063,1580.5826,243.75752,695.66162,1364.9253,2386.5321,2402.7131,392.41555,2404.252,2371.039,1207.1263,1985.2121,353.79157,1050.1747,2269.2128,1966.6184,2378.1109,1631.3144,89.225145,2108.2602,2316.6427,1685.4587,1880.8787,1847.3429,978.10982,1631.5354,427.54057,1757.149,79.567819,691.31577,115.40117,242.71465,2048.2153
76.976977,2036.7853,2264.4266,317.45459,2283.2061,1580.5824,243.75747,695.66132,1364.9237,2386.5262,2402.7024,392.41244,2404.2152,2371.0014,1207.1153,1985.1832,353.79064,1050.166,2269.1653,1966.586,2378.0613,1631.2976,89.225048,2108.2255,2316.5985,1685.4357,1880.8504,1847.3203,978.10531,1631.5202,427.53987,1757.1315,79.567797,691.314,115.40113,242.71446,2048.1916
77.077077,2036.7852,2264.4265,317.45457,2283.2059,1580.5821,243.75742,695.66102,1364.922,2386.5202,2402.6917,392.40932,2404.1784,2370.9638,1207.1042,1985.1544,353.7897,1050.1572,2269.1179,1966.5535,2378.0116,1631.2808,89.224951,2108.1907,2316.5542,1685.4127,1880.8221,1847.2977,978.1008,1631.5051,427.53917,1757.114,79.567774,691.31224,115.40109,242.71426,2048.1679
77.177177,2036.7852,2264.4264,317.45456,2283.2057,1580.5819,243.75736,695.66072,1364.9203,2386.5142,2402.681,392.4062,2404.1415,2370.9262,1207.0931,1985.1255,353.78877,1050.1485,2269.0703,1966.5209,2377.9618,1631.264,89.224854,2108.1559,2316.5098,1685.3897,1880.7938,1847.2751,978.09628,1631.4899,427.53847,1757.0965,79.567752,691.31047,115.40104,242.71407,2048.1441
77.277277,2036.7851,2264.4263,317.45454,2283.2055,1580.5817,243.75731,695.66042,1364.9186,2386.5083,2402.6703,392.40308,2404.1046,2370.8885,1207.082,1985.0966,353.78783,1050.1397,2269.0226,1966.4883,2377.9119,1631.2472,89.224756,2108.1211,2316.4654,1685.3666,1880.7654,1847.2524,978.09175,1631.4747,427.53777,1757.079,79.567729,691.30871,115.401,242.71387,2048.1203
77.377377,2036.785,2264.4262,317.45452,2283.2053,1580.5814,243.75725,695.66012,1364.917,2386.5023,2402.6595,392.39995,2404.0677,2370.8507,1207.0709,1985.0676,353.78689,1050.131,2268.9749,1966.4556,2377.8619,1631.2304,89.224658,2108.0861,2316.4209,1685.3435,1880.7369,1847.2296,978.08722,1631.4595,427.53707,1757.0614,79.567707,691.30694,115.40096,242.71368,2048.0964
77.477477,2036.785,2264.4261,317.4545,2283.2051,1580.5812,243.7572,695.65982,1364.9153,2386.4963,2402.6488,392.39681,2404.0307,2370.8129,1207.0597,1985.0386,353.78595,1050.1222,2268.927,1966.4229,2377.8118,1631.2135,89.22456,2108.0511,2316.3763,1685.3204,1880.7084,1847.2069,978.08269,1631.4443,427.53637,1757.0438,79.567684,691.30517,115.40092,242.71348,2048.0726
77.577578,2036.7849,2264.426,317.45449,2283.2049,1580.581,243.75715,695.65952,1364.9136,2386.4903,2402.6381,392.39367,2403.9936,2370.7751,1207.0486,1985.0096,353.78501,1050.1134,2268.8791,1966.3901,2377.7617,1631.1966,89.224462,2108.0161,2316.3316,1685.2972,1880.6799,1847.1841,978.07815,1631.429,427.53567,1757.0262,79.567662,691.3034,115.40088,242.71329,2048.0486
77.677678,2036.7849,2264.4259,317.45447,2283.2047,1580.5807,243.75709,695.65922,1364.9119,2386.4843,2402.6273,392.39053,2403.9566,2370.7372,1207.0374,1984.9805,353.78406,1050.1046,2268.8311,1966.3572,2377.7114,1631.1797,89.224364,2107.9809,2316.2868,1685.274,1880.6513,1847.1613,978.07361,1631.4138,427.53497,1757.0086,79.567639,691.30163,115.40083,242.71309,2048.0247
77.777778,2036.7848,2264.4258,317.45445,2283.2045,1580.5805,243.75704,695.65891,1364.9102,2386.4783,2402.6165,392.38738,2403.9195,2370.6993,1207.0262,1984.9514,353.78312,1050.0957,2268.783,1966.3243,2377.6611,1631.1628,89.224265,2107.9458,2316.242,1685.2508,1880.6227,1847.1384,978.06906,1631.3985,427.53426,1756.9909,79.567617,691.29986,115.40079,242.71289,2048.0007
77.877878,2036.7847,2264.4256,317.45443,2283.2043,1580.5802,243.75699,695.65861,1364.9086,2386.4724,2402.6058,392.38423,2403.8823,2370.6613,1207.015,1984.9222,353.78217,1050.0869,2268.7348,1966.2913,2377.6106,1631.1458,89.224166,2107.9105,2316.197,1685.2275,1880.594,1847.1155,978.06451,1631.3832,427.53356,1756.9732,79.567594,691.29808,115.40075,242.7127,2047.9766
77.977978,2036.7847,2264.4255,317.45442,2283.2041,1580.58,243.75693,695.65831,1364.9069,2386.4664,2402.595,392.38107,2403.8452,2370.6233,1207.0038,1984.8931,353.78122,1050.078,2268.6865,1966.2583,2377.5601,1631.1289,89.224067,2107.8752,2316.152,1685.2042,1880.5653,1847.0926,978.05995,1631.3678,427.53286,1756.9555,79.567572,691.2963,115.40071,242.7125,2047.9525
78.078078,2036.7846,2264.4254,317.4544,2283.2039,1580.5798,243.75688,695.65801,1364.9052,2386.4604,2402.5842,392.37791,2403.8079,2370.5852,1206.9926,1984.8638,353.78027,1050.0691,2268.6381,1966.2252,2377.5094,1631.1119,89.223967,2107.8398,2316.1069,1685.1808,1880.5365,1847.0696,978.05538,1631.3524,427.53215,1756.9378,79.567549,691.29453,115.40066,242.71231,2047.9284
78.178178,2036.7845,2264.4253,317.45438,2283.2037,1580.5795,243.75682,695.6577,1364.9035,2386.4544,2402.5733,392.37474,2403.7707,2370.5471,1206.9813,1984.8346,353.77932,1050.0603,2268.5896,1966.192,2377.4587,1631.0948,89.223868,2107.8044,2316.0617,1685.1574,1880.5077,1847.0466,978.05081,1631.3371,427.53145,1756.92,79.567527,691.29275,115.40062,242.71211,2047.9043
78.278278,2036.7845,2264.4252,317.45437,2283.2035,1580.5793,243.75677,695.6574,1364.9018,2386.4484,2402.5625,392.37157,2403.7334,2370.509,1206.97,1984.8053,353.77837,1050.0513,2268.5411,1966.1588,2377.4079,1631.0778,89.223768,2107.7689,2316.0164,1685.134,1880.4789,1847.0236,978.04624,1631.3216,427.53075,1756.9022,79.567504,691.29097,115.40058,242.71192,2047.8801
78.378378,2036.7844,2264.4251,317.45435,2283.2034,1580.5791,243.75672,695.65709,1364.9002,2386.4423,2402.5517,392.36839,2403.696,2370.4708,1206.9587,1984.776,353.77742,1050.0424,2268.4924,1966.1255,2377.3569,1631.0607,89.223668,2107.7333,2315.9711,1685.1106,1880.4499,1847.0005,978.04166,1631.3062,427.53004,1756.8844,79.567482,691.28919,115.40054,242.71172,2047.8558
78.478478,2036.7843,2264.425,317.45433,2283.2032,1580.5788,243.75666,695.65679,1364.8985,2386.4363,2402.5408,392.36521,2403.6586,2370.4325,1206.9474,1984.7466,353.77646,1050.0335,2268.4437,1966.0922,2377.3059,1631.0436,89.223568,2107.6977,2315.9256,1685.0871,1880.421,1846.9774,978.03707,1631.2908,427.52934,1756.8665,79.567459,691.2874,115.40049,242.71152,2047.8316
78.578579,2036.7843,2264.4249,317.45431,2283.203,1580.5786,243.75661,695.65648,1364.8968,2386.4303,2402.53,392.36202,2403.6212,2370.3942,1206.9361,1984.7172,353.7755,1050.0245,2268.3949,1966.0588,2377.2548,1631.0265,89.223467,2107.662,2315.8801,1685.0635,1880.392,1846.9543,978.03249,1631.2753,427.52863,1756.8487,79.567437,691.28562,115.40045,242.71133,2047.8073
78.678679,2036.7842,2264.4248,317.4543,2283.2028,1580.5784,243.75655,695.65617,1364.8951,2386.4243,2402.5191,392.35883,2403.5838,2370.3559,1206.9247,1984.6878,353.77455,1050.0156,2268.3459,1966.0253,2377.2036,1631.0094,89.223366,2107.6262,2315.8345,1685.0399,1880.3629,1846.9311,978.02789,1631.2598,427.52793,1756.8308,79.567415,691.28383,115.40041,242.71113,2047.7829
78.778779,2036.7841,2264.4247,317.45428,2283.2026,1580.5781,243.7565,695.65586,1364.8934,2386.4183,2402.5082,392.35564,2403.5463,2370.3175,1206.9134,1984.6583,353.77359,1050.0066,2268.2969,1965.9918,2377.1523,1630.9922,89.223265,2107.5904,2315.7888,1685.0163,1880.3338,1846.9079,978.0233,1631.2443,427.52722,1756.8129,79.567392,691.28205,115.40037,242.71094,2047.7585
78.878879,2036.7841,2264.4246,317.45427,2283.2024,1580.5779,243.75644,695.65556,1364.8918,2386.4123,2402.4973,392.35244,2403.5087,2370.2791,1206.902,1984.6288,353.77263,1049.9976,2268.2478,1965.9582,2377.101,1630.9751,89.223164,2107.5545,2315.743,1684.9927,1880.3047,1846.8846,978.01869,1631.2288,427.52651,1756.7949,79.56737,691.28026,115.40033,242.71074,2047.7341
78.978979,2036.784,2264.4245,317.45425,2283.2022,1580.5777,243.75639,695.65524,1364.8901,2386.4062,2402.4864,392.34923,2403.4712,2370.2406,1206.8906,1984.5992,353.77166,1049.9886,2268.1986,1965.9246,2377.0495,1630.9579,89.223063,2107.5186,2315.6971,1684.969,1880.2755,1846.8613,978.01409,1631.2132,427.52581,1756.7769,79.567347,691.27847,115.40028,242.71055,2047.7097
79.079079,2036.7839,2264.4244,317.45423,2283.202,1580.5775,243.75633,695.65493,1364.8884,2386.4002,2402.4755,392.34603,2403.4335,2370.2021,1206.8792,1984.5697,353.7707,1049.9795,2268.1494,1965.8909,2376.9979,1630.9406,89.222962,2107.4826,2315.6512,1684.9453,1880.2462,1846.838,978.00948,1631.1976,427.5251,1756.759,79.567325,691.27668,115.40024,242.71035,2047.6852
79.179179,2036.7839,2264.4243,317.45422,2283.2018,1580.5772,243.75628,695.65462,1364.8867,2386.3942,2402.4646,392.34281,2403.3959,2370.1635,1206.8678,1984.54,353.76974,1049.9705,2268.1,1965.8571,2376.9462,1630.9234,89.22286,2107.4465,2315.6051,1684.9215,1880.217,1846.8147,978.00486,1631.182,427.52439,1756.7409,79.567303,691.27489,115.4002,242.71015,2047.6606
79.279279,2036.7838,2264.4242,317.4542,2283.2017,1580.577,243.75622,695.65431,1364.885,2386.3882,2402.4537,392.33959,2403.3582,2370.1249,1206.8563,1984.5104,353.76877,1049.9614,2268.0505,1965.8233,2376.8945,1630.9061,89.222758,2107.4104,2315.559,1684.8977,1880.1876,1846.7913,978.00024,1631.1664,427.52369,1756.7229,79.567281,691.2731,115.40016,242.70996,2047.6361
79.379379,2036.7838,2264.4241,317.45418,2283.2015,1580.5768,243.75617,695.65399,1364.8833,2386.3821,2402.4428,392.33637,2403.3205,2370.0863,1206.8449,1984.4807,353.7678,1049.9523,2268.001,1965.7894,2376.8426,1630.8888,89.222656,2107.3742,2315.5128,1684.8739,1880.1582,1846.7678,977.99561,1631.1508,427.52298,1756.7048,79.567259,691.27131,115.40012,242.70976,2047.6115
79.479479,2036.7837,2264.424,317.45417,2283.2013,1580.5765,243.75611,695.65367,1364.8817,2386.3761,2402.4318,392.33314,2403.2827,2370.0476,1206.8334,1984.451,353.76683,1049.9432,2267.9513,1965.7555,2376.7907,1630.8715,89.222553,2107.3379,2315.4665,1684.8501,1880.1288,1846.7444,977.99099,1631.1351,427.52227,1756.6867,79.567236,691.26952,115.40007,242.70957,2047.5868
79.57958,2036.7836,2264.4239,317.45415,2283.2011,1580.5763,243.75606,695.65336,1364.88,2386.3701,2402.4208,392.32991,2403.2449,2370.0088,1206.8219,1984.4212,353.76587,1049.9341,2267.9016,1965.7215,2376.7386,1630.8542,89.222451,2107.3016,2315.4202,1684.8262,1880.0993,1846.7209,977.98635,1631.1194,427.52156,1756.6686,79.567214,691.26772,115.40003,242.70937,2047.5621
79.67968,2036.7836,2264.4238,317.45414,2283.2009,1580.5761,243.756,695.65304,1364.8783,2386.364,2402.4099,392.32667,2403.207,2369.9701,1206.8104,1984.3914,353.76489,1049.925,2267.8518,1965.6874,2376.6865,1630.8368,89.222348,2107.2652,2315.3737,1684.8022,1880.0698,1846.6974,977.98171,1631.1037,427.52086,1756.6505,79.567192,691.26593,115.39999,242.70918,2047.5374
79.77978,2036.7835,2264.4237,317.45412,2283.2008,1580.5759,243.75595,695.65271,1364.8766,2386.358,2402.3989,392.32343,2403.1691,2369.9312,1206.7988,1984.3616,353.76392,1049.9159,2267.8018,1965.6533,2376.6342,1630.8194,89.222245,2107.2287,2315.3272,1684.7782,1880.0402,1846.6738,977.97707,1631.088,427.52015,1756.6323,79.56717,691.26413,115.39995,242.70898,2047.5126
79.87988,2036.7835,2264.4237,317.45411,2283.2006,1580.5756,243.75589,695.65239,1364.8749,2386.3519,2402.3879,392.32019,2403.1312,2369.8923,1206.7873,1984.3317,353.76295,1049.9067,2267.7518,1965.6191,2376.5819,1630.802,89.222142,2107.1922,2315.2805,1684.7542,1880.0106,1846.6502,977.97242,1631.0722,427.51944,1756.6141,79.567148,691.26233,115.39991,242.70878,2047.4879
79.97998,2036.7834,2264.4236,317.45409,2283.2004,1580.5754,243.75584,695.65207,1364.8733,2386.3459,2402.3769,392.31693,2403.0932,2369.8534,1206.7757,1984.3018,353.76197,1049.8976,2267.7017,1965.5849,2376.5295,1630.7846,89.222039,2107.1556,2315.2338,1684.7302,1879.9809,1846.6265,977.96777,1631.0565,427.51873,1756.5959,79.567126,691.26054,115.39987,242.70859,2047.463
80.08008,2036.7834,2264.4235,317.45408,2283.2002,1580.5752,243.75578,695.65174,1364.8716,2386.3398,2402.3659,392.31368,2403.0552,2369.8144,1206.7641,1984.2718,353.761,1049.8884,2267.6515,1965.5506,2376.477,1630.7671,89.221935,2107.1189,2315.187,1684.7061,1879.9512,1846.6029,977.96312,1631.0407,427.51802,1756.5776,79.567105,691.25874,115.39983,242.70839,2047.4381
80.18018,2036.7833,2264.4234,317.45406,2283.2001,1580.575,243.75572,695.65141,1364.8699,2386.3338,2402.3549,392.31042,2403.0172,2369.7754,1206.7525,1984.2418,353.76002,1049.8792,2267.6012,1965.5162,2376.4243,1630.7496,89.221832,2107.0822,2315.1401,1684.682,1879.9215,1846.5792,977.95846,1631.0249,427.51731,1756.5594,79.567083,691.25694,115.39978,242.7082,2047.4132
80.28028,2036.7832,2264.4233,317.45405,2283.1999,1580.5748,243.75567,695.65108,1364.8682,2386.3277,2402.3438,392.30716,2402.9791,2369.7364,1206.7409,1984.2118,353.75904,1049.8699,2267.5509,1965.4818,2376.3716,1630.7321,89.221728,2107.0454,2315.0931,1684.6578,1879.8917,1846.5554,977.95379,1631.009,427.5166,1756.5411,79.567061,691.25514,115.39974,242.708,2047.3883
80.38038,2036.7832,2264.4232,317.45404,2283.1997,1580.5745,243.75561,695.65075,1364.8665,2386.3217,2402.3328,392.30389,2402.941,2369.6973,1206.7293,1984.1818,353.75806,1049.8607,2267.5004,1965.4473,2376.3188,1630.7146,89.221624,2107.0086,2315.0461,1684.6336,1879.8618,1846.5316,977.94912,1630.9932,427.51589,1756.5227,79.567039,691.25333,115.3997,242.70781,2047.3633
80.48048,2036.7831,2264.4232,317.45402,2283.1996,1580.5743,243.75555,695.65042,1364.8648,2386.3156,2402.3217,392.30061,2402.9028,2369.6581,1206.7176,1984.1517,353.75708,1049.8515,2267.4498,1965.4128,2376.2659,1630.6971,89.22152,2106.9717,2314.9989,1684.6094,1879.8319,1846.5078,977.94445,1630.9773,427.51518,1756.5044,79.567018,691.25153,115.39966,242.70761,2047.3383
80.580581,2036.7831,2264.4231,317.45401,2283.1994,1580.5741,243.7555,695.65008,1364.8632,2386.3096,2402.3107,392.29734,2402.8646,2369.6189,1206.706,1984.1216,353.75609,1049.8422,2267.3992,1965.3782,2376.2129,1630.6795,89.221415,2106.9347,2314.9517,1684.5851,1879.8019,1846.484,977.93977,1630.9614,427.51447,1756.486,79.566996,691.24973,115.39962,242.70742,2047.3132
80.680681,2036.7831,2264.423,317.454,2283.1992,1580.5739,243.75544,695.64974,1364.8615,2386.3035,2402.2996,392.29405,2402.8264,2369.5797,1206.6943,1984.0914,353.75511,1049.8329,2267.3484,1965.3435,2376.1598,1630.6619,89.221311,2106.8977,2314.9044,1684.5608,1879.7719,1846.4601,977.93509,1630.9455,427.51376,1756.4676,79.566975,691.24792,115.39958,242.70722,2047.2881
80.780781,2036.783,2264.4229,317.45398,2283.1991,1580.5737,243.75538,695.6494,1364.8598,2386.2974,2402.2885,392.29077,2402.7881,2369.5404,1206.6826,1984.0612,353.75413,1049.8236,2267.2976,1965.3088,2376.1066,1630.6443,89.221206,2106.8606,2314.857,1684.5365,1879.7419,1846.4362,977.9304,1630.9296,427.51305,1756.4492,79.566953,691.24612,115.39954,242.70703,2047.263
80.880881,2036.783,2264.4229,317.45397,2283.1989,1580.5735,243.75532,695.64906,1364.8581,2386.2914,2402.2774,392.28748,2402.7498,2369.501,1206.6709,1984.031,353.75314,1049.8143,2267.2466,1965.274,2376.0533,1630.6267,89.221101,2106.8234,2314.8095,1684.5121,1879.7118,1846.4122,977.92571,1630.9136,427.51234,1756.4307,79.566932,691.24431,115.3995,242.70684,2047.2378
80.980981,2036.7829,2264.4228,317.45396,2283.1988,1580.5732,243.75526,695.64871,1364.8564,2386.2853,2402.2663,392.28418,2402.7114,2369.4617,1206.6591,1984.0007,353.75215,1049.805,2267.1956,1965.2391,2375.9999,1630.609,89.220996,2106.7862,2314.7619,1684.4877,1879.6816,1846.3882,977.92101,1630.8976,427.51163,1756.4123,79.566911,691.24251,115.39946,242.70664,2047.2126
81.081081,2036.7829,2264.4227,317.45395,2283.1986,1580.573,243.75521,695.64836,1364.8548,2386.2792,2402.2552,392.28088,2402.673,2369.4222,1206.6474,1983.9704,353.75116,1049.7957,2267.1445,1965.2042,2375.9464,1630.5913,89.220891,2106.7489,2314.7142,1684.4632,1879.6515,1846.3642,977.91631,1630.8816,427.51092,1756.3938,79.566889,691.2407,115.39942,242.70645,2047.1873
81.181181,2036.7828,2264.4227,317.45393,2283.1985,1580.5728,243.75515,695.64801,1364.8531,2386.2732,2402.2441,392.27757,2402.6346,2369.3828,1206.6356,1983.94,353.75017,1049.7863,2267.0932,1965.1692,2375.8929,1630.5736,89.220785,2106.7115,2314.6665,1684.4387,1879.6212,1846.3401,977.91161,1630.8656,427.51021,1756.3753,79.566868,691.23889,115.39938,242.70625,2047.162
81.281281,2036.7828,2264.4226,317.45392,2283.1983,1580.5726,243.75509,695.64766,1364.8514,2386.2671,2402.233,392.27426,2402.5961,2369.3433,1206.6238,1983.9096,353.74918,1049.7769,2267.0419,1965.1342,2375.8392,1630.5559,89.22068,2106.6741,2314.6186,1684.4142,1879.5909,1846.316,977.9069,1630.8495,427.5095,1756.3567,79.566847,691.23708,115.39934,242.70606,2047.1367
81.381381,2036.7828,2264.4226,317.45391,2283.1982,1580.5724,243.75503,695.6473,1364.8497,2386.261,2402.2218,392.27095,2402.5576,2369.3037,1206.612,1983.8792,353.74819,1049.7676,2266.9905,1965.0991,2375.7854,1630.5382,89.220574,2106.6366,2314.5707,1684.3896,1879.5606,1846.2919,977.90219,1630.8335,427.50879,1756.3381,79.566826,691.23527,115.3993,242.70587,2047.1113
81.481481,2036.7827,2264.4225,317.4539,2283.198,1580.5722,243.75497,695.64695,1364.848,2386.2549,2402.2107,392.26763,2402.5191,2369.2641,1206.6002,1983.8488,353.74719,1049.7582,2266.939,1965.0639,2375.7315,1630.5204,89.220468,2106.599,2314.5227,1684.365,1879.5302,1846.2677,977.89747,1630.8174,427.50808,1756.3195,79.566805,691.23346,115.39926,242.70567,2047.0859
81.581582,2036.7827,2264.4224,317.45389,2283.1979,1580.572,243.75491,695.64658,1364.8464,2386.2489,2402.1995,392.26431,2402.4805,2369.2245,1206.5884,1983.8183,353.7462,1049.7487,2266.8874,1965.0287,2375.6775,1630.5026,89.220362,2106.5614,2314.4746,1684.3404,1879.4998,1846.2435,977.89275,1630.8013,427.50737,1756.3009,79.566785,691.23165,115.39922,242.70548,2047.0605
81.681682,2036.7827,2264.4224,317.45388,2283.1977,1580.5718,243.75485,695.64622,1364.8447,2386.2428,2402.1884,392.26098,2402.4418,2369.1848,1206.5765,1983.7878,353.7452,1049.7393,2266.8357,1964.9934,2375.6235,1630.4848,89.220256,2106.5237,2314.4264,1684.3157,1879.4693,1846.2192,977.88802,1630.7851,427.50666,1756.2823,79.566764,691.22984,115.39918,242.70529,2047.035
81.781782,2036.7826,2264.4223,317.45387,2283.1976,1580.5716,243.75479,695.64585,1364.843,2386.2367,2402.1772,392.25765,2402.4032,2369.145,1206.5646,1983.7572,353.74421,1049.7299,2266.784,1964.9581,2375.5693,1630.4669,89.220149,2106.4859,2314.3781,1684.291,1879.4387,1846.195,977.88329,1630.769,427.50595,1756.2636,79.566743,691.22802,115.39914,242.70509,2047.0095
81.881882,2036.7826,2264.4223,317.45386,2283.1975,1580.5714,243.75473,695.64548,1364.8413,2386.2306,2402.166,392.25432,2402.3645,2369.1052,1206.5528,1983.7266,353.74321,1049.7204,2266.7321,1964.9226,2375.515,1630.4491,89.220043,2106.4481,2314.3297,1684.2662,1879.4082,1846.1706,977.87856,1630.7528,427.50524,1756.2449,79.566723,691.22621,115.3991,242.7049,2046.9839
81.981982,2036.7826,2264.4223,317.45385,2283.1973,1580.5712,243.75467,695.64511,1364.8396,2386.2245,2402.1548,392.25097,2402.3257,2369.0654,1206.5409,1983.696,353.74221,1049.7109,2266.6801,1964.8872,2375.4607,1630.4312,89.219936,2106.4102,2314.2813,1684.2414,1879.3775,1846.1463,977.87382,1630.7366,427.50453,1756.2262,79.566702,691.22439,115.39906,242.70471,2046.9583
82.082082,2036.7825,2264.4222,317.45384,2283.1972,1580.571,243.75461,695.64473,1364.838,2386.2185,2402.1436,392.24763,2402.2869,2369.0255,1206.5289,1983.6653,353.74121,1049.7014,2266.628,1964.8516,2375.4062,1630.4133,89.219829,2106.3722,2314.2327,1684.2166,1879.3469,1846.1219,977.86908,1630.7204,427.50382,1756.2074,79.566682,691.22258,115.39902,242.70452,2046.9327
82.182182,2036.7825,2264.4222,317.45383,2283.1971,1580.5708,243.75455,695.64435,1364.8363,2386.2124,2402.1324,392.24428,2402.2481,2368.9856,1206.517,1983.6346,353.7402,1049.6919,2266.5759,1964.816,2375.3516,1630.3954,89.219722,2106.3342,2314.1841,1684.1917,1879.3161,1846.0975,977.86433,1630.7042,427.50311,1756.1886,79.566662,691.22076,115.39898,242.70433,2046.907
82.282282,2036.7825,2264.4222,317.45383,2283.197,1580.5706,243.75449,695.64397,1364.8346,2386.2063,2402.1212,392.24093,2402.2093,2368.9457,1206.505,1983.6038,353.7392,1049.6824,2266.5236,1964.7804,2375.297,1630.3774,89.219615,2106.2961,2314.1354,1684.1668,1879.2854,1846.073,977.85958,1630.6879,427.5024,1756.1698,79.566642,691.21894,115.39894,242.70413,2046.8813
82.382382,2036.7825,2264.4221,317.45382,2283.1968,1580.5705,243.75443,695.64359,1364.8329,2386.2002,2402.1099,392.23757,2402.1704,2368.9056,1206.4931,1983.5731,353.7382,1049.6728,2266.4713,1964.7446,2375.2422,1630.3594,89.219508,2106.258,2314.0865,1684.1419,1879.2545,1846.0485,977.85482,1630.6716,427.50169,1756.151,79.566622,691.21713,115.3989,242.70394,2046.8555
82.482482,2036.7825,2264.4221,317.45381,2283.1967,1580.5703,243.75436,695.6432,1364.8313,2386.1941,2402.0987,392.23421,2402.1314,2368.8656,1206.4811,1983.5422,353.73719,1049.6633,2266.4188,1964.7089,2375.1873,1630.3414,89.2194,2106.2197,2314.0376,1684.1169,1879.2237,1846.024,977.85006,1630.6553,427.50098,1756.1322,79.566602,691.21531,115.39886,242.70375,2046.8297
82.582583,2036.7824,2264.4221,317.4538,2283.1966,1580.5701,243.7543,695.6428,1364.8296,2386.188,2402.0874,392.23084,2402.0924,2368.8255,1206.4691,1983.5114,353.73619,1049.6537,2266.3663,1964.673,2375.1324,1630.3234,89.219293,2106.1814,2313.9886,1684.0919,1879.1927,1845.9994,977.8453,1630.639,427.50027,1756.1133,79.566582,691.21349,115.39883,242.70356,2046.8039
82.682683,2036.7824,2264.4221,317.4538,2283.1965,1580.5699,243.75424,695.64241,1364.8279,2386.1819,2402.0762,392.22747,2402.0534,2368.7853,1206.4571,1983.4805,353.73518,1049.6441,2266.3137,1964.6371,2375.0773,1630.3054,89.219185,2106.1431,2313.9396,1684.0669,1879.1618,1845.9748,977.84053,1630.6226,427.49956,1756.0944,79.566562,691.21167,115.39879,242.70337,2046.778
82.782783,2036.7824,2264.422,317.45379,2283.1964,1580.5697,243.75417,695.64201,1364.8262,2386.1758,2402.0649,392.22409,2402.0144,2368.7452,1206.445,1983.4496,353.73417,1049.6345,2266.2609,1964.6011,2375.0222,1630.2873,89.219077,2106.1047,2313.8904,1684.0418,1879.1308,1845.9502,977.83576,1630.6063,427.49885,1756.0754,79.566543,691.20985,115.39875,242.70318,2046.7521
82.882883,2036.7824,2264.422,317.45379,2283.1963,1580.5695,243.75411,695.6416,1364.8246,2386.1697,2402.0536,392.22071,2401.9753,2368.7049,1206.433,1983.4186,353.73316,1049.6249,2266.2081,1964.5651,2374.9669,1630.2692,89.218969,2106.0662,2313.8411,1684.0166,1879.0997,1845.9255,977.83098,1630.5899,427.49814,1756.0565,79.566523,691.20803,115.39871,242.70299,2046.7261
82.982983,2036.7824,2264.422,317.45378,2283.1962,1580.5694,243.75405,695.64119,1364.8229,2386.1636,2402.0423,392.21733,2401.9362,2368.6646,1206.4209,1983.3876,353.73215,1049.6153,2266.1552,1964.529,2374.9115,1630.2511,89.218861,2106.0276,2313.7918,1683.9915,1879.0686,1845.9008,977.8262,1630.5735,427.49743,1756.0375,79.566504,691.20621,115.39867,242.7028,2046.7002
83.083083,2036.7824,2264.422,317.45378,2283.1961,1580.5692,243.75398,695.64078,1364.8212,2386.1576,2402.031,392.21394,2401.897,2368.6243,1206.4088,1983.3566,353.73114,1049.6056,2266.1021,1964.4928,2374.8561,1630.233,89.218753,2105.989,2313.7423,1683.9663,1879.0374,1845.876,977.82141,1630.557,427.49672,1756.0185,79.566485,691.20439,115.39864,242.70261,2046.6741
83.183183,2036.7824,2264.422,317.45377,2283.196,1580.569,243.75392,695.64037,1364.8196,2386.1515,2402.0197,392.21055,2401.8578,2368.5839,1206.3967,1983.3255,353.73012,1049.596,2266.049,1964.4566,2374.8005,1630.2148,89.218645,2105.9503,2313.6928,1683.941,1879.0062,1845.8513,977.81663,1630.5406,427.49602,1755.9995,79.566466,691.20256,115.3986,242.70242,2046.6481
83.283283,2036.7824,2264.422,317.45377,2283.1959,1580.5689,243.75385,695.63995,1364.8179,2386.1454,2402.0084,392.20715,2401.8185,2368.5435,1206.3846,1983.2944,353.72911,1049.5863,2265.9958,1964.4203,2374.7449,1630.1966,89.218536,2105.9115,2313.6432,1683.9158,1878.9749,1845.8264,977.81183,1630.5241,427.49531,1755.9804,79.566447,691.20074,115.39856,242.70223,2046.622
83.383383,2036.7824,2264.422,317.45377,2283.1958,1580.5687,243.75379,695.63952,1364.8162,2386.1393,2401.9971,392.20375,2401.7793,2368.5031,1206.3724,1983.2633,353.72809,1049.5766,2265.9425,1964.3839,2374.6891,1630.1784,89.218428,2105.8727,2313.5934,1683.8904,1878.9436,1845.8016,977.80703,1630.5076,427.4946,1755.9614,79.566428,691.19892,115.39853,242.70204,2046.5958
83.483483,2036.7824,2264.422,317.45376,2283.1958,1580.5685,243.75372,695.63909,1364.8146,2386.1332,2401.9858,392.20034,2401.7399,2368.4626,1206.3603,1983.2321,353.72708,1049.5669,2265.8891,1964.3475,2374.6332,1630.1602,89.218319,2105.8338,2313.5436,1683.8651,1878.9123,1845.7767,977.80223,1630.4911,427.49389,1755.9423,79.56641,691.19709,115.39849,242.70185,2046.5696
83.583584,2036.7824,2264.422,317.45376,2283.1957,1580.5684,243.75366,695.63866,1364.8129,2386.1271,2401.9744,392.19693,2401.7006,2368.422,1206.3481,1983.2009,353.72606,1049.5571,2265.8356,1964.311,2374.5773,1630.142,89.21821,2105.7949,2313.4937,1683.8397,1878.8809,1845.7518,977.79743,1630.4746,427.49318,1755.9231,79.566391,691.19527,115.39845,242.70167,2046.5434
83.683684,2036.7824,2264.422,317.45375,2283.1956,1580.5682,243.75359,695.63826,1364.8112,2386.1209,2401.963,392.19351,2401.6612,2368.3814,1206.3359,1983.1696,353.72504,1049.5474,2265.7819,1964.2745,2374.5212,1630.1237,89.2181,2105.7558,2313.4437,1683.8143,1878.8494,1845.7268,977.79261,1630.458,427.49247,1755.904,79.566372,691.19344,115.39842,242.70148,2046.5171
83.783784,2036.7824,2264.422,317.45375,2283.1955,1580.568,243.75353,695.63787,1364.8095,2386.1148,2401.9516,392.19009,2401.6217,2368.3407,1206.3237,1983.1383,353.72401,1049.5376,2265.7282,1964.2378,2374.465,1630.1053,89.217989,2105.7167,2313.3936,1683.7888,1878.8178,1845.7017,977.78778,1630.4414,427.49175,1755.8847,79.566352,691.1916,115.39838,242.70128,2046.4908
83.883884,2036.7823,2264.422,317.45374,2283.1954,1580.5678,243.75347,695.63747,1364.8078,2386.1086,2401.9402,392.18666,2401.5822,2368.3,1206.3114,1983.1069,353.72298,1049.5278,2265.6743,1964.2011,2374.4087,1630.087,89.217878,2105.6775,2313.3434,1683.7632,1878.7862,1845.6767,977.78295,1630.4247,427.49104,1755.8655,79.566332,691.18977,115.39834,242.70109,2046.4644
83.983984,2036.7823,2264.422,317.45373,2283.1952,1580.5676,243.7534,695.63708,1364.8061,2386.1025,2401.9288,392.18322,2401.5426,2368.2592,1206.2991,1983.0755,353.72195,1049.518,2265.6204,1964.1643,2374.3522,1630.0686,89.217767,2105.6382,2313.2931,1683.7376,1878.7546,1845.6515,977.77812,1630.4081,427.49032,1755.8462,79.566312,691.18793,115.3983,242.7009,2046.438
84.084084,2036.7823,2264.4219,317.45373,2283.1951,1580.5674,243.75334,695.63668,1364.8045,2386.0963,2401.9174,392.17978,2401.503,2368.2183,1206.2869,1983.044,353.72092,1049.5081,2265.5663,1964.1275,2374.2957,1630.0502,89.217655,2105.5988,2313.2427,1683.712,1878.7229,1845.6264,977.77327,1630.3914,427.4896,1755.8269,79.566292,691.18609,115.39826,242.70071,2046.4115
84.184184,2036.7823,2264.4219,317.45372,2283.195,1580.5673,243.75328,695.63629,1364.8028,2386.0902,2401.9059,392.17634,2401.4633,2368.1775,1206.2746,1983.0126,353.71989,1049.4983,2265.5122,1964.0905,2374.2391,1630.0318,89.217543,2105.5594,2313.1922,1683.6864,1878.6911,1845.6012,977.76843,1630.3747,427.48888,1755.8076,79.566272,691.18425,115.39822,242.70051,2046.385
84.284284,2036.7823,2264.4219,317.45371,2283.1949,1580.5671,243.75322,695.63589,1364.8011,2386.084,2401.8944,392.17289,2401.4236,2368.1365,1206.2622,1982.981,353.71885,1049.4884,2265.4579,1964.0536,2374.1824,1630.0134,89.217431,2105.5199,2313.1416,1683.6607,1878.6593,1845.576,977.76358,1630.358,427.48816,1755.7882,79.566252,691.18241,115.39818,242.70032,2046.3585
84.384384,2036.7823,2264.4219,317.45371,2283.1948,1580.5669,243.75315,695.63549,1364.7994,2386.0778,2401.883,392.16943,2401.3839,2368.0956,1206.2499,1982.9495,353.71782,1049.4785,2265.4036,1964.0165,2374.1255,1629.9949,89.217319,2105.4803,2313.091,1683.6349,1878.6275,1845.5507,977.75872,1630.3413,427.48745,1755.7689,79.566232,691.18057,115.39815,242.70013,2046.3319
84.484484,2036.7823,2264.4218,317.4537,2283.1947,1580.5667,243.75309,695.63509,1364.7977,2386.0716,2401.8715,392.16597,2401.3441,2368.0545,1206.2375,1982.9179,353.71678,1049.4686,2265.3491,1963.9794,2374.0686,1629.9764,89.217206,2105.4407,2313.0402,1683.6091,1878.5956,1845.5254,977.75386,1630.3245,427.48673,1755.7495,79.566213,691.17873,115.39811,242.69994,2046.3053
84.584585,2036.7823,2264.4218,317.45369,2283.1946,1580.5665,243.75302,695.63468,1364.796,2386.0655,2401.86,392.16251,2401.3043,2368.0135,1206.2252,1982.8862,353.71574,1049.4587,2265.2946,1963.9422,2374.0115,1629.9579,89.217093,2105.401,2312.9893,1683.5833,1878.5636,1845.5,977.74899,1630.3077,427.48601,1755.73,79.566193,691.17688,115.39807,242.69974,2046.2787
84.684685,2036.7822,2264.4218,317.45369,2283.1945,1580.5663,243.75296,695.63428,1364.7943,2386.0593,2401.8485,392.15904,2401.2645,2367.9723,1206.2128,1982.8546,353.7147,1049.4488,2265.2399,1963.9049,2373.9544,1629.9393,89.21698,2105.3612,2312.9384,1683.5575,1878.5316,1845.4746,977.74412,1630.2909,427.48529,1755.7106,79.566173,691.17504,115.39803,242.69955,2046.2519
84.784785,2036.7822,2264.4218,317.45368,2283.1944,1580.5662,243.7529,695.63388,1364.7926,2386.0531,2401.8369,392.15557,2401.2246,2367.9312,1206.2003,1982.8228,353.71366,1049.4388,2265.1852,1963.8676,2373.8971,1629.9208,89.216867,2105.3214,2312.8873,1683.5316,1878.4995,1845.4492,977.73925,1630.274,427.48457,1755.6911,79.566154,691.17319,115.39799,242.69936,2046.2252
84.884885,2036.7822,2264.4218,317.45368,2283.1943,1580.566,243.75283,695.63347,1364.7909,2386.0469,2401.8254,392.15209,2401.1847,2367.8899,1206.1879,1982.7911,353.71262,1049.4289,2265.1303,1963.8302,2373.8397,1629.9022,89.216753,2105.2814,2312.8362,1683.5056,1878.4674,1845.4237,977.73437,1630.2572,427.48385,1755.6715,79.566134,691.17134,115.39796,242.69917,2046.1984
84.984985,2036.7822,2264.4218,317.45367,2283.1942,1580.5658,243.75277,695.63306,1364.7892,2386.0407,2401.8138,392.14861,2401.1447,2367.8487,1206.1755,1982.7593,353.71157,1049.4189,2265.0753,1963.7928,2373.7823,1629.8836,89.216639,2105.2414,2312.7849,1683.4796,1878.4352,1845.3982,977.72948,1630.2403,427.48313,1755.652,79.566115,691.16949,115.39792,242.69897,2046.1716
85.085085,2036.7822,2264.4218,317.45366,2283.1941,1580.5656,243.7527,695.63265,1364.7876,2386.0345,2401.8023,392.14512,2401.1047,2367.8074,1206.163,1982.7275,353.71052,1049.4089,2265.0203,1963.7552,2373.7247,1629.8649,89.216525,2105.2014,2312.7336,1683.4536,1878.403,1845.3727,977.72459,1630.2234,427.48241,1755.6324,79.566095,691.16764,115.39788,242.69878,2046.1447
85.185185,2036.7822,2264.4218,317.45366,2283.194,1580.5654,243.75264,695.63224,1364.7859,2386.0283,2401.7907,392.14163,2401.0646,2367.766,1206.1505,1982.6956,353.70948,1049.3988,2264.9651,1963.7176,2373.667,1629.8462,89.216411,2105.1612,2312.6821,1683.4275,1878.3707,1845.3471,977.71969,1630.2065,427.48169,1755.6128,79.566076,691.16579,115.39784,242.69859,2046.1178
85.285285,2036.7822,2264.4217,317.45365,2283.1939,1580.5653,243.75258,695.63183,1364.7842,2386.0221,2401.7791,392.13813,2401.0245,2367.7246,1206.138,1982.6637,353.70843,1049.3888,2264.9098,1963.68,2373.6092,1629.8276,89.216297,2105.121,2312.6306,1683.4014,1878.3384,1845.3215,977.71479,1630.1895,427.48097,1755.5932,79.566056,691.16394,115.3978,242.6984,2046.0908
85.385385,2036.7822,2264.4217,317.45365,2283.1938,1580.5651,243.75251,695.63141,1364.7825,2386.0159,2401.7675,392.13463,2400.9843,2367.6831,1206.1255,1982.6317,353.70738,1049.3787,2264.8544,1963.6422,2373.5513,1629.8088,89.216182,2105.0807,2312.579,1683.3753,1878.306,1845.2958,977.70989,1630.1725,427.48024,1755.5735,79.566037,691.16209,115.39777,242.69821,2046.0638
85.485485,2036.7822,2264.4217,317.45364,2283.1937,1580.5649,243.75245,695.631,1364.7808,2386.0097,2401.7559,392.13112,2400.9442,2367.6416,1206.1129,1982.5997,353.70632,1049.3687,2264.7989,1963.6044,2373.4933,1629.7901,89.216067,2105.0404,2312.5272,1683.3491,1878.2736,1845.2701,977.70498,1630.1555,427.47952,1755.5538,79.566017,691.16024,115.39773,242.69801,2046.0368
85.585586,2036.7822,2264.4217,317.45364,2283.1936,1580.5647,243.75238,695.63058,1364.7791,2386.0035,2401.7443,392.12761,2400.9039,2367.6,1206.1004,1982.5677,353.70527,1049.3586,2264.7433,1963.5666,2373.4351,1629.7713,89.215952,2104.9999,2312.4754,1683.3229,1878.2411,1845.2444,977.70006,1630.1385,427.4788,1755.5341,79.565998,691.15838,115.39769,242.69782,2046.0097
85.685686,2036.7822,2264.4217,317.45363,2283.1935,1580.5646,243.75232,695.63017,1364.7774,2385.9973,2401.7327,392.12409,2400.8637,2367.5584,1206.0878,1982.5356,353.70421,1049.3485,2264.6877,1963.5286,2373.3769,1629.7525,89.215836,2104.9594,2312.4235,1683.2966,1878.2085,1845.2186,977.69514,1630.1214,427.47808,1755.5144,79.565979,691.15652,115.39765,242.69763,2045.9826
85.785786,2036.7822,2264.4217,317.45363,2283.1934,1580.5644,243.75225,695.62975,1364.7757,2385.991,2401.721,392.12057,2400.8233,2367.5168,1206.0752,1982.5035,353.70316,1049.3383,2264.6319,1963.4906,2373.3186,1629.7337,89.21572,2104.9189,2312.3715,1683.2703,1878.1759,1845.1927,977.69021,1630.1044,427.47735,1755.4946,79.56596,691.15467,115.39762,242.69744,2045.9554
85.885886,2036.7822,2264.4217,317.45363,2283.1933,1580.5642,243.75219,695.62933,1364.774,2385.9848,2401.7094,392.11705,2400.783,2367.475,1206.0626,1982.4713,353.7021,1049.3282,2264.576,1963.4525,2373.2601,1629.7149,89.215604,2104.8782,2312.3194,1683.2439,1878.1433,1845.1669,977.68528,1630.0873,427.47663,1755.4748,79.56594,691.15281,115.39758,242.69725,2045.9282
85.985986,2036.7822,2264.4217,317.45362,2283.1932,1580.564,243.75212,695.62891,1364.7723,2385.9786,2401.6977,392.11352,2400.7426,2367.4333,1206.0499,1982.4391,353.70104,1049.318,2264.5199,1963.4144,2373.2016,1629.696,89.215488,2104.8375,2312.2672,1683.2175,1878.1106,1845.141,977.68035,1630.0701,427.47591,1755.455,79.565921,691.15095,115.39754,242.69705,2045.901
86.086086,2036.7822,2264.4217,317.45362,2283.1931,1580.5639,243.75205,695.62848,1364.7706,2385.9723,2401.686,392.10998,2400.7021,2367.3915,1206.0373,1982.4069,353.69997,1049.3078,2264.4638,1963.3762,2373.1429,1629.6771,89.215372,2104.7967,2312.2148,1683.1911,1878.0778,1845.115,977.6754,1630.053,427.47518,1755.4351,79.565902,691.14909,115.3975,242.69686,2045.8737
86.186186,2036.7822,2264.4217,317.45361,2283.193,1580.5637,243.75199,695.62806,1364.7689,2385.9661,2401.6743,392.10644,2400.6617,2367.3496,1206.0246,1982.3746,353.69891,1049.2976,2264.4076,1963.3379,2373.0841,1629.6582,89.215255,2104.7558,2312.1624,1683.1646,1878.045,1845.089,977.67046,1630.0358,427.47446,1755.4152,79.565883,691.14722,115.39747,242.69667,2045.8463
86.286286,2036.7822,2264.4217,317.45361,2283.1929,1580.5635,243.75192,695.62764,1364.7672,2385.9599,2401.6626,392.1029,2400.6211,2367.3077,1206.0119,1982.3423,353.69784,1049.2874,2264.3513,1963.2995,2373.0253,1629.6392,89.215138,2104.7149,2312.1099,1683.1381,1878.0121,1845.063,977.66551,1630.0186,427.47373,1755.3953,79.565864,691.14536,115.39743,242.69648,2045.8189
86.386386,2036.7822,2264.4217,317.45361,2283.1928,1580.5634,243.75186,695.62721,1364.7655,2385.9536,2401.6509,392.09935,2400.5806,2367.2657,1205.9992,1982.31,353.69678,1049.2772,2264.2949,1963.2611,2372.9663,1629.6202,89.21502,2104.6738,2312.0573,1683.1115,1877.9792,1845.037,977.66055,1630.0014,427.47301,1755.3754,79.565844,691.14349,115.39739,242.69629,2045.7915
86.486486,2036.7822,2264.4217,317.4536,2283.1928,1580.5632,243.75179,695.62678,1364.7638,2385.9473,2401.6392,392.09579,2400.54,2367.2237,1205.9864,1982.2776,353.69571,1049.2669,2264.2383,1963.2226,2372.9072,1629.6012,89.214903,2104.6327,2312.0046,1683.0849,1877.9462,1845.0108,977.65559,1629.9842,427.47228,1755.3554,79.565825,691.14163,115.39735,242.69609,2045.764
86.586587,2036.7822,2264.4217,317.4536,2283.1927,1580.563,243.75172,695.62636,1364.7621,2385.9411,2401.6274,392.09223,2400.4993,2367.1817,1205.9737,1982.2451,353.69464,1049.2566,2264.1817,1963.184,2372.8479,1629.5822,89.214785,2104.5916,2311.9518,1683.0583,1877.9132,1844.9847,977.65062,1629.9669,427.47156,1755.3354,79.565806,691.13976,115.39732,242.6959,2045.7365
86.686687,2036.7822,2264.4217,317.45359,2283.1926,1580.5628,243.75166,695.62593,1364.7604,2385.9348,2401.6157,392.08867,2400.4586,2367.1396,1205.9609,1982.2127,353.69357,1049.2464,2264.1249,1963.1454,2372.7886,1629.5632,89.214667,2104.5503,2311.8989,1683.0316,1877.8801,1844.9585,977.64565,1629.9496,427.47083,1755.3153,79.565787,691.13789,115.39728,242.69571,2045.709
86.786787,2036.7822,2264.4217,317.45359,2283.1925,1580.5627,243.75159,695.6255,1364.7587,2385.9286,2401.6039,392.0851,2400.4179,2367.0974,1205.9481,1982.1802,353.69249,1049.236,2264.0681,1963.1067,2372.7292,1629.5441,89.214549,2104.509,2311.8459,1683.0049,1877.847,1844.9323,977.64067,1629.9323,427.4701,1755.2953,79.565768,691.13602,115.39724,242.69552,2045.6814
86.886887,2036.7822,2264.4217,317.45359,2283.1924,1580.5625,243.75153,695.62507,1364.757,2385.9223,2401.5921,392.08152,2400.3771,2367.0552,1205.9353,1982.1476,353.69142,1049.2257,2264.0111,1963.0679,2372.6696,1629.525,89.21443,2104.4676,2311.7928,1682.9781,1877.8138,1844.906,977.63568,1629.915,427.46938,1755.2752,79.565749,691.13415,115.39721,242.69532,2045.6537
86.986987,2036.7822,2264.4217,317.45358,2283.1923,1580.5623,243.75146,695.62463,1364.7553,2385.916,2401.5803,392.07794,2400.3363,2367.0129,1205.9225,1982.115,353.69034,1049.2154,2263.954,1963.029,2372.61,1629.5059,89.214311,2104.4261,2311.7396,1682.9513,1877.7805,1844.8797,977.6307,1629.8976,427.46865,1755.2551,79.56573,691.13228,115.39717,242.69513,2045.626
87.087087,2036.7822,2264.4217,317.45358,2283.1922,1580.5622,243.75139,695.6242,1364.7536,2385.9097,2401.5685,392.07436,2400.2954,2366.9706,1205.9096,1982.0824,353.68926,1049.205,2263.8968,1962.9901,2372.5502,1629.4867,89.214192,2104.3846,2311.6863,1682.9244,1877.7472,1844.8533,977.6257,1629.8802,427.46792,1755.2349,79.565711,691.13041,115.39713,242.69494,2045.5983
87.187187,2036.7822,2264.4217,317.45358,2283.1922,1580.562,243.75133,695.62377,1364.7518,2385.9034,2401.5567,392.07077,2400.2545,2366.9283,1205.8968,1982.0497,353.68818,1049.1946,2263.8396,1962.9511,2372.4903,1629.4675,89.214073,2104.343,2311.6329,1682.8975,1877.7139,1844.8269,977.6207,1629.8628,427.46719,1755.2147,79.565692,691.12853,115.39709,242.69475,2045.5705
87.287287,2036.7822,2264.4218,317.45357,2283.1921,1580.5618,243.75126,695.62333,1364.7501,2385.8971,2401.5448,392.06718,2400.2135,2366.8859,1205.8839,1982.017,353.6871,1049.1842,2263.7822,1962.9121,2372.4303,1629.4483,89.213953,2104.3013,2311.5794,1682.8706,1877.6804,1844.8005,977.6157,1629.8453,427.46646,1755.1945,79.565673,691.12666,115.39706,242.69456,2045.5427
87.387387,2036.7822,2264.4218,317.45357,2283.192,1580.5617,243.75119,695.6229,1364.7484,2385.8909,2401.533,392.06358,2400.1725,2366.8434,1205.871,1981.9842,353.68602,1049.1738,2263.7246,1962.8729,2372.3702,1629.4291,89.213833,2104.2595,2311.5257,1682.8436,1877.647,1844.774,977.61069,1629.8279,427.46574,1755.1743,79.565655,691.12478,115.39702,242.69436,2045.5148
87.487487,2036.7822,2264.4218,317.45357,2283.1919,1580.5615,243.75112,695.62246,1364.7467,2385.8846,2401.5211,392.05998,2400.1315,2366.8009,1205.858,1981.9514,353.68493,1049.1633,2263.667,1962.8337,2372.31,1629.4098,89.213713,2104.2176,2311.472,1682.8166,1877.6134,1844.7475,977.60567,1629.8104,427.46501,1755.154,79.565636,691.1229,115.39698,242.69417,2045.4869
87.587588,2036.7822,2264.4218,317.45357,2283.1918,1580.5613,243.75106,695.62202,1364.745,2385.8782,2401.5093,392.05637,2400.0904,2366.7583,1205.8451,1981.9186,353.68384,1049.1529,2263.6093,1962.7944,2372.2497,1629.3905,89.213592,2104.1757,2311.4182,1682.7895,1877.5799,1844.7209,977.60065,1629.7929,427.46428,1755.1337,79.565617,691.12102,115.39695,242.69398,2045.459
87.687688,2036.7822,2264.4218,317.45356,2283.1917,1580.5612,243.75099,695.62158,1364.7433,2385.8719,2401.4974,392.05275,2400.0493,2366.7157,1205.8321,1981.8857,353.68275,1049.1424,2263.5515,1962.7551,2372.1892,1629.3712,89.213471,2104.1337,2311.3643,1682.7624,1877.5462,1844.6943,977.59563,1629.7753,427.46355,1755.1134,79.565598,691.11914,115.39691,242.69379,2045.431
87.787788,2036.7822,2264.4218,317.45356,2283.1917,1580.561,243.75092,695.62115,1364.7416,2385.8656,2401.4855,392.04914,2400.0081,2366.673,1205.8191,1981.8527,353.68166,1049.1319,2263.4935,1962.7156,2372.1287,1629.3519,89.21335,2104.0916,2311.3103,1682.7352,1877.5125,1844.6677,977.59059,1629.7578,427.46281,1755.093,79.565579,691.11725,115.39687,242.69359,2045.4029
87.887888,2036.7822,2264.4218,317.45356,2283.1916,1580.5608,243.75085,695.62071,1364.7399,2385.8593,2401.4736,392.04551,2399.9669,2366.6303,1205.8061,1981.8198,353.68057,1049.1214,2263.4355,1962.6761,2372.068,1629.3325,89.213229,2104.0495,2311.2562,1682.708,1877.4788,1844.641,977.58556,1629.7402,427.46208,1755.0726,79.56556,691.11537,115.39684,242.6934,2045.3748
87.987988,2036.7822,2264.4218,317.45356,2283.1915,1580.5607,243.75079,695.62026,1364.7382,2385.853,2401.4616,392.04189,2399.9256,2366.5876,1205.7931,1981.7868,353.67948,1049.1109,2263.3773,1962.6365,2372.0072,1629.3131,89.213107,2104.0072,2311.202,1682.6808,1877.445,1844.6143,977.58052,1629.7226,427.46135,1755.0522,79.565541,691.11349,115.3968,242.69321,2045.3467
88.088088,2036.7822,2264.4218,317.45355,2283.1914,1580.5605,243.75072,695.61982,1364.7364,2385.8466,2401.4497,392.03825,2399.8843,2366.5447,1205.7801,1981.7537,353.67838,1049.1003,2263.319,1962.5969,2371.9463,1629.2937,89.212985,2103.9649,2311.1476,1682.6535,1877.4111,1844.5875,977.57547,1629.7049,427.46062,1755.0318,79.565523,691.1116,115.39676,242.69302,2045.3185
88.188188,2036.7822,2264.4219,317.45355,2283.1914,1580.5603,243.75065,695.61938,1364.7347,2385.8403,2401.4377,392.03461,2399.843,2366.5019,1205.767,1981.7206,353.67728,1049.0897,2263.2607,1962.5572,2371.8853,1629.2743,89.212863,2103.9225,2311.0932,1682.6261,1877.3772,1844.5607,977.57041,1629.6873,427.45989,1755.0113,79.565504,691.10971,115.39673,242.69282,2045.2903
88.288288,2036.7823,2264.4219,317.45355,2283.1913,1580.5602,243.75058,695.61894,1364.733,2385.834,2401.4258,392.03097,2399.8016,2366.4589,1205.7539,1981.6875,353.67618,1049.0791,2263.2022,1962.5174,2371.8241,1629.2548,89.212741,2103.88,2311.0387,1682.5988,1877.3432,1844.5338,977.56535,1629.6696,427.45915,1754.9908,79.565485,691.10782,115.39669,242.69263,2045.262
88.388388,2036.7823,2264.4219,317.45355,2283.1912,1580.56,243.75052,695.61849,1364.7313,2385.8276,2401.4138,392.02732,2399.7602,2366.416,1205.7408,1981.6543,353.67508,1049.0685,2263.1436,1962.4775,2371.7629,1629.2353,89.212618,2103.8375,2310.9841,1682.5713,1877.3092,1844.5069,977.56029,1629.6519,427.45842,1754.9702,79.565466,691.10593,115.39665,242.69244,2045.2337
88.488488,2036.7823,2264.4219,317.45354,2283.1911,1580.5598,243.75045,695.61805,1364.7296,2385.8213,2401.4018,392.02367,2399.7187,2366.3729,1205.7277,1981.6211,353.67398,1049.0579,2263.0848,1962.4376,2371.7015,1629.2158,89.212495,2103.7949,2310.9293,1682.5439,1877.2751,1844.48,977.55522,1629.6341,427.45768,1754.9497,79.565448,691.10404,115.39662,242.69224,2045.2054
88.588589,2036.7823,2264.4219,317.45354,2283.191,1580.5597,243.75038,695.61761,1364.7278,2385.8149,2401.3898,392.02001,2399.6772,2366.3299,1205.7145,1981.5878,353.67288,1049.0473,2263.026,1962.3975,2371.64,1629.1962,89.212371,2103.7522,2310.8745,1682.5164,1877.2409,1844.453,977.55014,1629.6164,427.45695,1754.9291,79.565429,691.10214,115.39658,242.69205,2045.177
88.688689,2036.7823,2264.4219,317.45354,2283.191,1580.5595,243.75031,695.61716,1364.7261,2385.8085,2401.3778,392.01635,2399.6356,2366.2867,1205.7014,1981.5545,353.67177,1049.0366,2262.9671,1962.3575,2371.5785,1629.1766,89.212247,2103.7094,2310.8195,1682.4888,1877.2067,1844.426,977.54506,1629.5986,427.45621,1754.9084,79.56541,691.10025,115.39654,242.69186,2045.1485
88.788789,2036.7823,2264.422,317.45354,2283.1909,1580.5593,243.75024,695.61672,1364.7244,2385.8022,2401.3657,392.01268,2399.594,2366.2436,1205.6882,1981.5212,353.67066,1049.0259,2262.908,1962.3173,2371.5167,1629.157,89.212123,2103.6665,2310.7645,1682.4612,1877.1724,1844.3989,977.53998,1629.5807,427.45548,1754.8878,79.565391,691.09835,115.39651,242.69166,2045.12
88.888889,2036.7823,2264.422,317.45353,2283.1908,1580.5592,243.75018,695.61627,1364.7227,2385.7958,2401.3537,392.00901,2399.5523,2366.2003,1205.675,1981.4878,353.66955,1049.0152,2262.8488,1962.277,2371.4549,1629.1374,89.211999,2103.6236,2310.7093,1682.4336,1877.1381,1844.3718,977.53488,1629.5629,427.45474,1754.8671,79.565373,691.09645,115.39647,242.69147,2045.0915
88.988989,2036.7823,2264.422,317.45353,2283.1907,1580.559,243.75011,695.61582,1364.7209,2385.7894,2401.3416,392.00533,2399.5106,2366.157,1205.6618,1981.4544,353.66844,1049.0045,2262.7896,1962.2367,2371.393,1629.1177,89.211874,2103.5805,2310.6541,1682.4059,1877.1037,1844.3446,977.52979,1629.545,427.45401,1754.8463,79.565354,691.09456,115.39643,242.69128,2045.0629
89.089089,2036.7823,2264.422,317.45353,2283.1907,1580.5588,243.75004,695.61538,1364.7192,2385.783,2401.3295,392.00165,2399.4689,2366.1137,1205.6485,1981.4209,353.66732,1048.9937,2262.7302,1962.1963,2371.3309,1629.098,89.211749,2103.5374,2310.5987,1682.3782,1877.0693,1844.3174,977.52468,1629.5271,427.45327,1754.8256,79.565335,691.09265,115.3964,242.69108,2045.0342
89.189189,2036.7823,2264.422,317.45353,2283.1906,1580.5587,243.74997,695.61493,1364.7175,2385.7766,2401.3174,391.99796,2399.4271,2366.0703,1205.6352,1981.3874,353.66621,1048.983,2262.6707,1962.1559,2371.2687,1629.0783,89.211624,2103.4943,2310.5433,1682.3504,1877.0348,1844.2902,977.51957,1629.5092,427.45253,1754.8048,79.565316,691.09075,115.39636,242.69089,2045.0056
89.289289,2036.7823,2264.422,317.45353,2283.1905,1580.5585,243.7499,695.61448,1364.7158,2385.7703,2401.3053,391.99427,2399.3853,2366.0269,1205.622,1981.3538,353.66509,1048.9722,2262.611,1962.1153,2371.2064,1629.0586,89.211499,2103.451,2310.4877,1682.3226,1877.0002,1844.2629,977.51446,1629.4913,427.45179,1754.784,79.565298,691.08885,115.39632,242.6907,2044.9768
89.389389,2036.7823,2264.422,317.45352,2283.1904,1580.5583,243.74983,695.61403,1364.714,2385.7638,2401.2932,391.99057,2399.3434,2365.9834,1205.6087,1981.3202,353.66397,1048.9614,2262.5513,1962.0747,2371.144,1629.0388,89.211373,2103.4077,2310.432,1682.2947,1876.9656,1844.2356,977.50934,1629.4733,427.45105,1754.7631,79.565279,691.08694,115.39629,242.6905,2044.9481
89.489489,2036.7823,2264.4221,317.45352,2283.1904,1580.5582,243.74976,695.61358,1364.7123,2385.7574,2401.2811,391.98687,2399.3015,2365.9398,1205.5953,1981.2866,353.66285,1048.9505,2262.4915,1962.034,2371.0815,1629.019,89.211247,2103.3642,2310.3762,1682.2668,1876.931,1844.2082,977.50421,1629.4553,427.45031,1754.7423,79.56526,691.08504,115.39625,242.69031,2044.9193
89.58959,2036.7824,2264.4221,317.45352,2283.1903,1580.558,243.7497,695.61313,1364.7106,2385.751,2401.2689,391.98316,2399.2595,2365.8962,1205.582,1981.2529,353.66173,1048.9397,2262.4315,1961.9933,2371.0188,1628.9992,89.21112,2103.3208,2310.3203,1682.2388,1876.8962,1844.1808,977.49908,1629.4373,427.44957,1754.7214,79.565241,691.08313,115.39621,242.69012,2044.8904
89.68969,2036.7824,2264.4221,317.45352,2283.1902,1580.5579,243.74963,695.61267,1364.7088,2385.7446,2401.2568,391.97945,2399.2175,2365.8526,1205.5686,1981.2192,353.6606,1048.9288,2262.3714,1961.9524,2370.9561,1628.9793,89.210994,2103.2772,2310.2643,1682.2108,1876.8615,1844.1533,977.49395,1629.4192,427.44883,1754.7004,79.565223,691.08122,115.39618,242.68992,2044.8615
89.78979,2036.7824,2264.4221,317.45352,2283.1902,1580.5577,243.74956,695.61222,1364.7071,2385.7382,2401.2446,391.97573,2399.1754,2365.8089,1205.5552,1981.1854,353.65948,1048.918,2262.3113,1961.9115,2370.8932,1628.9594,89.210867,2103.2335,2310.2082,1682.1828,1876.8266,1844.1258,977.48881,1629.4012,427.44809,1754.6794,79.565204,691.07932,115.39614,242.68973,2044.8325
89.88989,2036.7824,2264.4222,317.45352,2283.1901,1580.5575,243.74949,695.61176,1364.7054,2385.7318,2401.2324,391.97201,2399.1333,2365.7651,1205.5418,1981.1516,353.65835,1048.9071,2262.251,1961.8705,2370.8302,1628.9395,89.210739,2103.1898,2310.152,1682.1547,1876.7917,1844.0983,977.48366,1629.3831,427.44735,1754.6584,79.565186,691.07741,115.3961,242.68954,2044.8035
89.98999,2036.7824,2264.4222,317.45351,2283.19,1580.5574,243.74942,695.61131,1364.7036,2385.7253,2401.2202,391.96828,2399.0912,2365.7213,1205.5284,1981.1178,353.65722,1048.8961,2262.1905,1961.8294,2370.7671,1628.9196,89.210612,2103.146,2310.0957,1682.1266,1876.7568,1844.0707,977.47851,1629.3649,427.44661,1754.6374,79.565167,691.07549,115.39607,242.68934,2044.7745
90.09009,2036.7824,2264.4222,317.45351,2283.1899,1580.5572,243.74935,695.61085,1364.7019,2385.7189,2401.208,391.96455,2399.049,2365.6775,1205.515,1981.0839,353.65609,1048.8852,2262.13,1961.7883,2370.7038,1628.8996,89.210484,2103.1021,2310.0393,1682.0984,1876.7217,1844.0431,977.47335,1629.3468,427.44587,1754.6163,79.565148,691.07358,115.39603,242.68915,2044.7454
90.19019,2036.7824,2264.4222,317.45351,2283.1899,1580.557,243.74928,695.61039,1364.7001,2385.7125,2401.1958,391.96081,2399.0068,2365.6336,1205.5015,1981.0499,353.65495,1048.8742,2262.0694,1961.7471,2370.6404,1628.8797,89.210356,2103.0581,2309.9828,1682.0702,1876.6867,1844.0154,977.46819,1629.3286,427.44513,1754.5953,79.56513,691.07167,115.39599,242.68895,2044.7162
90.29029,2036.7825,2264.4222,317.45351,2283.1898,1580.5569,243.74921,695.60994,1364.6984,2385.706,2401.1835,391.95707,2398.9645,2365.5896,1205.488,1981.016,353.65382,1048.8632,2262.0086,1961.7058,2370.577,1628.8596,89.210227,2103.014,2309.9262,1682.0419,1876.6515,1843.9877,977.46302,1629.3104,427.44438,1754.5741,79.565111,691.06975,115.39596,242.68876,2044.6871
90.39039,2036.7825,2264.4223,317.45351,2283.1897,1580.5567,243.74914,695.60948,1364.6967,2385.6996,2401.1713,391.95332,2398.9222,2365.5456,1205.4745,1980.9819,353.65268,1048.8522,2261.9477,1961.6644,2370.5134,1628.8396,89.210098,2102.9699,2309.8694,1682.0136,1876.6163,1843.9599,977.45784,1629.2922,427.44364,1754.553,79.565093,691.06783,115.39592,242.68857,2044.6578
90.49049,2036.7825,2264.4223,317.45351,2283.1897,1580.5566,243.74907,695.60902,1364.6949,2385.6931,2401.159,391.94956,2398.8798,2365.5015,1205.461,1980.9479,353.65154,1048.8412,2261.8867,1961.6229,2370.4496,1628.8195,89.209969,2102.9256,2309.8126,1681.9852,1876.5811,1843.9321,977.45266,1629.2739,427.4429,1754.5318,79.565074,691.06591,115.39588,242.68837,2044.6285
90.590591,2036.7825,2264.4223,317.45351,2283.1896,1580.5564,243.749,695.60857,1364.6932,2385.6866,2401.1467,391.94581,2398.8374,2365.4574,1205.4474,1980.9137,353.6504,1048.8302,2261.8256,1961.5814,2370.3858,1628.7994,89.209839,2102.8813,2309.7556,1681.9568,1876.5458,1843.9042,977.44748,1629.2557,427.44215,1754.5106,79.565055,691.06399,115.39585,242.68818,2044.5992
90.690691,2036.7825,2264.4223,317.4535,2283.1895,1580.5562,243.74893,695.60811,1364.6914,2385.6802,2401.1344,391.94204,2398.795,2365.4132,1205.4339,1980.8796,353.64926,1048.8191,2261.7644,1961.5398,2370.3218,1628.7793,89.20971,2102.8369,2309.6985,1681.9284,1876.5104,1843.8763,977.44228,1629.2374,427.44141,1754.4893,79.565037,691.06207,115.39581,242.68798,2044.5698
90.790791,2036.7825,2264.4224,317.4535,2283.1894,1580.5561,243.74886,695.60765,1364.6897,2385.6737,2401.1221,391.93828,2398.7524,2365.369,1205.4203,1980.8454,353.64811,1048.808,2261.703,1961.4981,2370.2577,1628.7591,89.209579,2102.7925,2309.6414,1681.8999,1876.4749,1843.8484,977.43709,1629.219,427.44066,1754.468,79.565018,691.06015,115.39577,242.68779,2044.5404
90.890891,2036.7825,2264.4224,317.4535,2283.1894,1580.5559,243.74879,695.60719,1364.6879,2385.6672,2401.1098,391.9345,2398.7099,2365.3247,1205.4067,1980.8112,353.64696,1048.7969,2261.6415,1961.4563,2370.1935,1628.7389,89.209449,2102.7479,2309.5841,1681.8713,1876.4395,1843.8204,977.43188,1629.2007,427.43991,1754.4467,79.564999,691.05822,115.39574,242.68759,2044.5109
90.990991,2036.7826,2264.4224,317.4535,2283.1893,1580.5557,243.74872,695.60673,1364.6862,2385.6607,2401.0974,391.93072,2398.6673,2365.2803,1205.393,1980.7769,353.64581,1048.7858,2261.58,1961.4145,2370.1292,1628.7187,89.209318,2102.7033,2309.5267,1681.8427,1876.4039,1843.7924,977.42667,1629.1823,427.43917,1754.4253,79.564981,691.0563,115.3957,242.6874,2044.4814
91.091091,2036.7826,2264.4224,317.4535,2283.1892,1580.5556,243.74865,695.60628,1364.6844,2385.6542,2401.0851,391.92694,2398.6247,2365.2359,1205.3794,1980.7425,353.64466,1048.7747,2261.5183,1961.3726,2370.0647,1628.6985,89.209187,2102.6585,2309.4692,1681.8141,1876.3683,1843.7643,977.42146,1629.1639,427.43842,1754.404,79.564962,691.05437,115.39567,242.6872,2044.4519
91.191191,2036.7826,2264.4224,317.4535,2283.1892,1580.5554,243.74858,695.60582,1364.6827,2385.6477,2401.0727,391.92315,2398.582,2365.1915,1205.3657,1980.7082,353.64351,1048.7635,2261.4564,1961.3306,2370.0002,1628.6782,89.209055,2102.6137,2309.4116,1681.7854,1876.3326,1843.7361,977.41623,1629.1454,427.43767,1754.3825,79.564943,691.05244,115.39563,242.68701,2044.4222
91.291291,2036.7826,2264.4225,317.4535,2283.1891,1580.5552,243.74851,695.60536,1364.6809,2385.6412,2401.0603,391.91936,2398.5392,2365.147,1205.352,1980.6738,353.64235,1048.7523,2261.3945,1961.2885,2369.9355,1628.6579,89.208923,2102.5689,2309.3538,1681.7567,1876.2969,1843.708,977.41101,1629.127,427.43692,1754.3611,79.564925,691.05051,115.39559,242.68681,2044.3926
91.391391,2036.7826,2264.4225,317.45349,2283.189,1580.5551,243.74844,695.6049,1364.6792,2385.6347,2401.0479,391.91556,2398.4965,2365.1024,1205.3383,1980.6393,353.6412,1048.7411,2261.3324,1961.2463,2369.8706,1628.6376,89.208791,2102.5239,2309.296,1681.7279,1876.2611,1843.6798,977.40577,1629.1085,427.43617,1754.3396,79.564906,691.04858,115.39556,242.68662,2044.3629
91.491491,2036.7826,2264.4225,317.45349,2283.1889,1580.5549,243.74838,695.60444,1364.6774,2385.6281,2401.0355,391.91175,2398.4536,2365.0578,1205.3245,1980.6048,353.64004,1048.7299,2261.2702,1961.2041,2369.8057,1628.6172,89.208658,2102.4788,2309.2381,1681.6991,1876.2252,1843.6515,977.40053,1629.0899,427.43542,1754.3181,79.564887,691.04665,115.39552,242.68642,2044.3331
91.591592,2036.7827,2264.4225,317.45349,2283.1889,1580.5548,243.74831,695.60399,1364.6756,2385.6216,2401.0231,391.90794,2398.4108,2365.0132,1205.3108,1980.5702,353.63888,1048.7186,2261.2079,1961.1618,2369.7406,1628.5968,89.208526,2102.4337,2309.18,1681.6702,1876.1893,1843.6232,977.39529,1629.0714,427.43467,1754.2966,79.564868,691.04471,115.39548,242.68623,2044.3033
91.691692,2036.7827,2264.4225,317.45349,2283.1888,1580.5546,243.74824,695.60353,1364.6739,2385.6151,2401.0106,391.90413,2398.3678,2364.9684,1205.297,1980.5356,353.63771,1048.7073,2261.1455,1961.1194,2369.6754,1628.5764,89.208392,2102.3885,2309.1218,1681.6413,1876.1533,1843.5948,977.39004,1629.0528,427.43392,1754.275,79.56485,691.04277,115.39545,242.68603,2044.2734
91.791792,2036.7827,2264.4226,317.45349,2283.1887,1580.5544,243.74817,695.60307,1364.6721,2385.6085,2400.9982,391.90031,2398.3249,2364.9237,1205.2832,1980.501,353.63655,1048.6961,2261.083,1961.0769,2369.6101,1628.556,89.208259,2102.3431,2309.0636,1681.6123,1876.1173,1843.5664,977.38478,1629.0342,427.43316,1754.2534,79.564831,691.04084,115.39541,242.68583,2044.2435
91.891892,2036.7827,2264.4226,317.45348,2283.1886,1580.5543,243.7481,695.60261,1364.6703,2385.602,2400.9857,391.89648,2398.2819,2364.8788,1205.2694,1980.4663,353.63538,1048.6847,2261.0203,1961.0343,2369.5447,1628.5355,89.208125,2102.2977,2309.0052,1681.5833,1876.0812,1843.538,977.37952,1629.0156,427.43241,1754.2317,79.564812,691.0389,115.39537,242.68564,2044.2136
91.991992,2036.7827,2264.4226,317.45348,2283.1886,1580.5541,243.74803,695.60216,1364.6686,2385.5954,2400.9732,391.89265,2398.2388,2364.834,1205.2555,1980.4316,353.63421,1048.6734,2260.9575,1960.9917,2369.4791,1628.515,89.20799,2102.2523,2308.9467,1681.5543,1876.045,1843.5095,977.37425,1628.9969,427.43166,1754.21,79.564793,691.03695,115.39533,242.68544,2044.1836
92.092092,2036.7827,2264.4226,317.45348,2283.1885,1580.5539,243.74796,695.6017,1364.6668,2385.5889,2400.9607,391.88882,2398.1957,2364.789,1205.2417,1980.3968,353.63304,1048.6621,2260.8946,1960.949,2369.4134,1628.4945,89.207855,2102.2067,2308.888,1681.5252,1876.0088,1843.481,977.36897,1628.9782,427.4309,1754.1883,79.564774,691.03501,115.3953,242.68524,2044.1535
92.192192,2036.7827,2264.4226,317.45348,2283.1884,1580.5537,243.74789,695.60124,1364.665,2385.5823,2400.9481,391.88498,2398.1526,2364.744,1205.2278,1980.362,353.63186,1048.6507,2260.8316,1960.9062,2369.3476,1628.4739,89.20772,2102.161,2308.8293,1681.496,1875.9725,1843.4524,977.36369,1628.9595,427.43015,1754.1666,79.564755,691.03307,115.39526,242.68505,2044.1234
92.292292,2036.7827,2264.4226,317.45348,2283.1883,1580.5536,243.74782,695.60079,1364.6633,2385.5757,2400.9356,391.88113,2398.1094,2364.699,1205.2139,1980.3271,353.63069,1048.6393,2260.7685,1960.8633,2369.2816,1628.4533,89.207585,2102.1153,2308.7705,1681.4668,1875.9361,1843.4237,977.3584,1628.9408,427.42939,1754.1448,79.564736,691.03112,115.39522,242.68485,2044.0933
92.392392,2036.7828,2264.4227,317.45347,2283.1882,1580.5534,243.74775,695.60033,1364.6615,2385.5691,2400.9231,391.87728,2398.0661,2364.6539,1205.2,1980.2922,353.62951,1048.6279,2260.7052,1960.8203,2369.2155,1628.4327,89.207449,2102.0695,2308.7115,1681.4375,1875.8997,1843.3951,977.35311,1628.922,427.42863,1754.123,79.564717,691.02917,115.39519,242.68465,2044.0631
92.492492,2036.7828,2264.4227,317.45347,2283.1882,1580.5532,243.74768,695.59988,1364.6597,2385.5625,2400.9105,391.87342,2398.0228,2364.6087,1205.186,1980.2573,353.62833,1048.6164,2260.6418,1960.7773,2369.1493,1628.4121,89.207313,2102.0236,2308.6525,1681.4082,1875.8633,1843.3663,977.34781,1628.9032,427.42787,1754.1012,79.564698,691.02722,115.39515,242.68445,2044.0328
92.592593,2036.7828,2264.4227,317.45347,2283.1881,1580.5531,243.74761,695.59942,1364.6579,2385.5559,2400.8979,391.86956,2397.9795,2364.5635,1205.172,1980.2223,353.62715,1048.605,2260.5783,1960.7342,2369.083,1628.3914,89.207176,2101.9776,2308.5933,1681.3789,1875.8267,1843.3376,977.34251,1628.8844,427.42712,1754.0793,79.564679,691.02527,115.39511,242.68426,2044.0025
92.692693,2036.7828,2264.4227,317.45347,2283.188,1580.5529,243.74754,695.59897,1364.6562,2385.5493,2400.8853,391.86569,2397.9361,2364.5182,1205.158,1980.1872,353.62596,1048.5935,2260.5147,1960.691,2369.0166,1628.3707,89.207039,2101.9315,2308.534,1681.3495,1875.7901,1843.3088,977.33719,1628.8656,427.42636,1754.0574,79.56466,691.02332,115.39508,242.68406,2043.9722
92.792793,2036.7828,2264.4227,317.45346,2283.1879,1580.5527,243.74747,695.59852,1364.6544,2385.5427,2400.8727,391.86182,2397.8927,2364.4729,1205.144,1980.1521,353.62478,1048.582,2260.4509,1960.6477,2368.95,1628.3499,89.206902,2101.8853,2308.4746,1681.3201,1875.7535,1843.2799,977.33188,1628.8467,427.4256,1754.0354,79.564641,691.02136,115.39504,242.68386,2043.9418
92.892893,2036.7828,2264.4227,317.45346,2283.1878,1580.5525,243.7474,695.59806,1364.6526,2385.5361,2400.86,391.85794,2397.8492,2364.4275,1205.13,1980.117,353.62359,1048.5705,2260.387,1960.6043,2368.8833,1628.3292,89.206764,2101.8391,2308.4151,1681.2906,1875.7167,1843.251,977.32655,1628.8278,427.42484,1754.0134,79.564621,691.01941,115.395,242.68366,2043.9113
92.992993,2036.7828,2264.4227,317.45346,2283.1877,1580.5524,243.74733,695.59761,1364.6508,2385.5295,2400.8474,391.85406,2397.8056,2364.3821,1205.1159,1980.0818,353.6224,1048.5589,2260.323,1960.5608,2368.8164,1628.3084,89.206626,2101.7927,2308.3554,1681.261,1875.6799,1843.222,977.32122,1628.8089,427.42407,1753.9914,79.564602,691.01745,115.39496,242.68346,2043.8808
93.093093,2036.7828,2264.4227,317.45345,2283.1877,1580.5522,243.74726,695.59716,1364.649,2385.5228,2400.8347,391.85017,2397.7621,2364.3366,1205.1018,1980.0466,353.6212,1048.5473,2260.2589,1960.5173,2368.7495,1628.2875,89.206487,2101.7463,2308.2957,1681.2314,1875.6431,1843.193,977.31588,1628.7899,427.42331,1753.9694,79.564583,691.01549,115.39493,242.68326,2043.8503
93.193193,2036.7828,2264.4227,317.45345,2283.1876,1580.552,243.74719,695.59671,1364.6472,2385.5162,2400.822,391.84628,2397.7184,2364.291,1205.0877,1980.0113,353.62001,1048.5357,2260.1946,1960.4737,2368.6824,1628.2667,89.206348,2101.6998,2308.2358,1681.2018,1875.6062,1843.164,977.31054,1628.7709,427.42255,1753.9473,79.564564,691.01353,115.39489,242.68307,2043.8197
93.293293,2036.7828,2264.4227,317.45345,2283.1875,1580.5518,243.74712,695.59626,1364.6454,2385.5095,2400.8093,391.84238,2397.6748,2364.2454,1205.0736,1979.976,353.61881,1048.5241,2260.1303,1960.43,2368.6152,1628.2458,89.206209,2101.6532,2308.1758,1681.1721,1875.5692,1843.1349,977.30519,1628.7519,427.42178,1753.9252,79.564544,691.01156,115.39485,242.68287,2043.7891
93.393393,2036.7828,2264.4227,317.45344,2283.1874,1580.5517,243.74705,695.59581,1364.6436,2385.5029,2400.7966,391.83847,2397.631,2364.1998,1205.0595,1979.9406,353.61761,1048.5125,2260.0657,1960.3862,2368.5478,1628.2249,89.206069,2101.6065,2308.1157,1681.1424,1875.5322,1843.1057,977.29983,1628.7328,427.42102,1753.903,79.564525,691.0096,115.39481,242.68267,2043.7584
93.493493,2036.7829,2264.4227,317.45344,2283.1873,1580.5515,243.74698,695.59537,1364.6418,2385.4962,2400.7839,391.83456,2397.5873,2364.154,1205.0453,1979.9052,353.61641,1048.5008,2260.0011,1960.3423,2368.4803,1628.2039,89.205929,2101.5597,2308.0555,1681.1126,1875.4951,1843.0765,977.29447,1628.7138,427.42025,1753.8809,79.564505,691.00763,115.39478,242.68247,2043.7276
93.593594,2036.7829,2264.4228,317.45343,2283.1872,1580.5513,243.74691,695.59492,1364.6401,2385.4895,2400.7711,391.83065,2397.5435,2364.1083,1205.0311,1979.8698,353.6152,1048.4892,2259.9364,1960.2984,2368.4127,1628.183,89.205789,2101.5128,2307.9952,1681.0827,1875.4579,1843.0473,977.2891,1628.6947,427.41949,1753.8586,79.564486,691.00566,115.39474,242.68227,2043.6968
93.693694,2036.7829,2264.4228,317.45343,2283.1871,1580.5511,243.74685,695.59447,1364.6383,2385.4828,2400.7584,391.82673,2397.4996,2364.0624,1205.0169,1979.8343,353.614,1048.4775,2259.8715,1960.2544,2368.345,1628.162,89.205648,2101.4659,2307.9347,1681.0529,1875.4207,1843.018,977.28373,1628.6755,427.41872,1753.8364,79.564466,691.00369,115.3947,242.68207,2043.666
93.793794,2036.7829,2264.4227,317.45343,2283.187,1580.5509,243.74678,695.59403,1364.6364,2385.4761,2400.7456,391.8228,2397.4557,2364.0165,1205.0027,1979.7987,353.61279,1048.4657,2259.8065,1960.2102,2368.2771,1628.1409,89.205506,2101.4188,2307.8742,1681.0229,1875.3834,1842.9886,977.27835,1628.6564,427.41795,1753.8141,79.564446,691.00172,115.39466,242.68187,2043.6351
93.893894,2036.7829,2264.4227,317.45342,2283.1869,1580.5508,243.74671,695.59359,1364.6346,2385.4694,2400.7328,391.81887,2397.4117,2363.9706,1204.9884,1979.7631,353.61158,1048.454,2259.7413,1960.166,2368.2091,1628.1198,89.205365,2101.3717,2307.8135,1680.9929,1875.346,1842.9592,977.27296,1628.6372,427.41718,1753.7918,79.564427,690.99975,115.39462,242.68166,2043.6041
93.993994,2036.7829,2264.4227,317.45342,2283.1868,1580.5506,243.74664,695.59314,1364.6328,2385.4627,2400.72,391.81493,2397.3677,2363.9246,1204.9741,1979.7275,353.61036,1048.4422,2259.6761,1960.1218,2368.141,1628.0988,89.205223,2101.3245,2307.7527,1680.9629,1875.3086,1842.9298,977.26756,1628.618,427.41641,1753.7694,79.564407,690.99777,115.39459,242.68146,2043.5731
94.094094,2036.7829,2264.4227,317.45341,2283.1867,1580.5504,243.74657,695.5927,1364.631,2385.456,2400.7072,391.81099,2397.3237,2363.8785,1204.9598,1979.6918,353.60915,1048.4304,2259.6107,1960.0774,2368.0727,1628.0776,89.20508,2101.2772,2307.6918,1680.9328,1875.2711,1842.9003,977.26216,1628.5987,427.41564,1753.747,79.564387,690.9958,115.39455,242.68126,2043.542
94.194194,2036.7829,2264.4227,317.45341,2283.1866,1580.5502,243.7465,695.59226,1364.6292,2385.4493,2400.6943,391.80704,2397.2795,2363.8324,1204.9455,1979.6561,353.60793,1048.4186,2259.5452,1960.0329,2368.0043,1628.0565,89.204937,2101.2298,2307.6307,1680.9027,1875.2335,1842.8708,977.25675,1628.5795,427.41487,1753.7246,79.564367,690.99382,115.39451,242.68106,2043.5109
94.294294,2036.7829,2264.4227,317.4534,2283.1865,1580.55,243.74643,695.59183,1364.6274,2385.4426,2400.6814,391.80309,2397.2354,2363.7862,1204.9311,1979.6203,353.60671,1048.4068,2259.4795,1959.9884,2367.9358,1628.0353,89.204794,2101.1823,2307.5696,1680.8725,1875.1959,1842.8412,977.25134,1628.5602,427.41409,1753.7021,79.564347,690.99183,115.39447,242.68086,2043.4798
94.394394,2036.7829,2264.4227,317.45339,2283.1864,1580.5498,243.74636,695.59139,1364.6256,2385.4358,2400.6686,391.79913,2397.1912,2363.74,1204.9168,1979.5845,353.60549,1048.3949,2259.4137,1959.9438,2367.8671,1628.0141,89.20465,2101.1347,2307.5083,1680.8423,1875.1582,1842.8116,977.24592,1628.5408,427.41332,1753.6796,79.564327,690.98985,115.39443,242.68066,2043.4486
94.494494,2036.7829,2264.4227,317.45339,2283.1863,1580.5496,243.7463,695.59095,1364.6238,2385.4291,2400.6557,391.79517,2397.1469,2363.6937,1204.9024,1979.5486,353.60426,1048.383,2259.3478,1959.8991,2367.7983,1627.9928,89.204505,2101.087,2307.4469,1680.812,1875.1205,1842.7819,977.24049,1628.5215,427.41255,1753.6571,79.564307,690.98787,115.39439,242.68045,2043.4173
94.594595,2036.7829,2264.4227,317.45338,2283.1862,1580.5494,243.74623,695.59052,1364.6219,2385.4223,2400.6428,391.7912,2397.1026,2363.6473,1204.888,1979.5126,353.60303,1048.3711,2259.2818,1959.8543,2367.7294,1627.9715,89.204361,2101.0392,2307.3854,1680.7816,1875.0826,1842.7521,977.23506,1628.5021,427.41177,1753.6345,79.564287,690.98588,115.39436,242.68025,2043.386
94.694695,2036.7829,2264.4227,317.45338,2283.1861,1580.5493,243.74616,695.59009,1364.6201,2385.4155,2400.6298,391.78722,2397.0583,2363.6009,1204.8735,1979.4767,353.6018,1048.3592,2259.2157,1959.8094,2367.6603,1627.9502,89.204216,2100.9914,2307.3238,1680.7513,1875.0448,1842.7224,977.22962,1628.4827,427.41099,1753.6119,79.564267,690.98389,115.39432,242.68005,2043.3546
94.794795,2036.7829,2264.4226,317.45337,2283.186,1580.5491,243.74609,695.58966,1364.6183,2385.4088,2400.6169,391.78324,2397.0139,2363.5545,1204.859,1979.4407,353.60057,1048.3472,2259.1494,1959.7644,2367.5911,1627.9289,89.20407,2100.9434,2307.2621,1680.7208,1875.0068,1842.6925,977.22417,1628.4632,427.41022,1753.5893,79.564246,690.9819,115.39428,242.67984,2043.3232
94.894895,2036.7829,2264.4226,317.45336,2283.1858,1580.5489,243.74602,695.58923,1364.6165,2385.402,2400.6039,391.77926,2396.9694,2363.5079,1204.8446,1979.4046,353.59934,1048.3353,2259.083,1959.7193,2367.5218,1627.9075,89.203924,2100.8954,2307.2002,1680.6903,1874.9688,1842.6626,977.21872,1628.4437,427.40944,1753.5666,79.564226,690.97991,115.39424,242.67964,2043.2918
94.994995,2036.7828,2264.4226,317.45336,2283.1857,1580.5487,243.74596,695.5888,1364.6146,2385.3952,2400.5909,391.77526,2396.9249,2363.4614,1204.8301,1979.3685,353.5981,1048.3233,2259.0164,1959.6742,2367.4523,1627.8861,89.203777,2100.8473,2307.1382,1680.6598,1874.9307,1842.6327,977.21326,1628.4242,427.40866,1753.5439,79.564205,690.97791,115.3942,242.67943,2043.2602
95.095095,2036.7828,2264.4226,317.45335,2283.1856,1580.5485,243.74589,695.58838,1364.6128,2385.3884,2400.5779,391.77127,2396.8804,2363.4147,1204.8155,1979.3323,353.59686,1048.3113,2258.9497,1959.629,2367.3827,1627.8646,89.203631,2100.7991,2307.0761,1680.6292,1874.8926,1842.6027,977.20779,1628.4047,427.40788,1753.5211,79.564185,690.97592,115.39416,242.67923,2043.2287
95.195195,2036.7828,2264.4226,317.45334,2283.1855,1580.5483,243.74582,695.58795,1364.611,2385.3816,2400.5649,391.76726,2396.8358,2363.368,1204.801,1979.2961,353.59562,1048.2992,2258.8829,1959.5837,2367.313,1627.8432,89.203483,2100.7507,2307.0139,1680.5986,1874.8544,1842.5727,977.20231,1628.3851,427.40709,1753.4984,79.564164,690.97392,115.39412,242.67902,2043.197
95.295295,2036.7828,2264.4225,317.45333,2283.1854,1580.5481,243.74575,695.58752,1364.6091,2385.3748,2400.5519,391.76326,2396.7911,2363.3213,1204.7864,1979.2599,353.59437,1048.2871,2258.816,1959.5383,2367.2431,1627.8217,89.203336,2100.7023,2306.9515,1680.5679,1874.8161,1842.5426,977.19684,1628.3656,427.40631,1753.4755,79.564144,690.97192,115.39408,242.67882,2043.1654
95.395395,2036.7828,2264.4225,317.45333,2283.1853,1580.5479,243.74568,695.58708,1364.6073,2385.368,2400.5388,391.75925,2396.7464,2363.2745,1204.7718,1979.2236,353.59313,1048.2751,2258.7489,1959.4928,2367.1731,1627.8002,89.203188,2100.6539,2306.8891,1680.5372,1874.7778,1842.5125,977.19135,1628.3459,427.40553,1753.4527,79.564124,690.96992,115.39404,242.67862,2043.1336
95.495495,2036.7828,2264.4225,317.45332,2283.1852,1580.5477,243.74562,695.58663,1364.6055,2385.3612,2400.5258,391.75523,2396.7017,2363.2276,1204.7572,1979.1872,353.59189,1048.263,2258.6817,1959.4472,2367.103,1627.7786,89.203041,2100.6053,2306.8265,1680.5064,1874.7394,1842.4823,977.18587,1628.3263,427.40475,1753.4298,79.564104,690.96792,115.39401,242.67841,2043.1019
95.595596,2036.7828,2264.4225,317.45332,2283.1851,1580.5475,243.74555,695.58619,1364.6036,2385.3543,2400.5127,391.75121,2396.6569,2363.1807,1204.7426,1979.1509,353.59064,1048.2508,2258.6144,1959.4016,2367.0328,1627.757,89.202893,2100.5566,2306.7638,1680.4755,1874.7009,1842.4521,977.18037,1628.3066,427.40397,1753.4069,79.564084,690.96592,115.39397,242.67821,2043.07
95.695696,2036.7828,2264.4225,317.45331,2283.185,1580.5473,243.74548,695.58575,1364.6018,2385.3475,2400.4997,391.74718,2396.6121,2363.1337,1204.7279,1979.1144,353.58939,1048.2387,2258.547,1959.3559,2366.9624,1627.7354,89.202744,2100.5079,2306.701,1680.4447,1874.6624,1842.4219,977.17487,1628.2869,427.40319,1753.384,79.564064,690.96392,115.39393,242.67801,2043.0382
95.795796,2036.7828,2264.4225,317.45331,2283.1848,1580.5471,243.74541,695.58531,1364.6,2385.3407,2400.4866,391.74315,2396.5672,2363.0867,1204.7132,1979.0779,353.58813,1048.2265,2258.4794,1959.31,2366.8918,1627.7138,89.202595,2100.459,2306.638,1680.4137,1874.6238,1842.3916,977.16936,1628.2672,427.40241,1753.361,79.564043,690.96192,115.39389,242.6778,2043.0062
95.895896,2036.7828,2264.4225,317.4533,2283.1847,1580.5469,243.74534,695.58486,1364.5981,2385.3338,2400.4734,391.73911,2396.5223,2363.0396,1204.6985,1979.0414,353.58688,1048.2143,2258.4117,1959.2641,2366.8212,1627.6921,89.202446,2100.4101,2306.575,1680.3827,1874.5851,1842.3612,977.16385,1628.2474,427.40162,1753.338,79.564023,690.95991,115.39385,242.6776,2042.9742
95.995996,2036.7828,2264.4225,317.4533,2283.1846,1580.5467,243.74527,695.58442,1364.5963,2385.327,2400.4603,391.73507,2396.4773,2362.9925,1204.6838,1979.0049,353.58562,1048.2021,2258.3439,1959.2181,2366.7504,1627.6704,89.202296,2100.361,2306.5118,1680.3517,1874.5464,1842.3308,977.15833,1628.2277,427.40084,1753.3149,79.564003,690.9579,115.39381,242.67739,2042.9422
96.096096,2036.7828,2264.4225,317.45329,2283.1845,1580.5466,243.7452,695.58398,1364.5944,2385.3201,2400.4472,391.73102,2396.4323,2362.9453,1204.669,1978.9682,353.58436,1048.1899,2258.2759,1959.172,2366.6794,1627.6487,89.202146,2100.3119,2306.4485,1680.3206,1874.5076,1842.3003,977.1528,1628.2078,427.40006,1753.2918,79.563983,690.95589,115.39377,242.67719,2042.9101
96.196196,2036.7828,2264.4224,317.45328,2283.1844,1580.5464,243.74513,695.58354,1364.5926,2385.3133,2400.434,391.72697,2396.3873,2362.898,1204.6543,1978.9316,353.5831,1048.1776,2258.2078,1959.1259,2366.6084,1627.6269,89.201995,2100.2627,2306.385,1680.2895,1874.4687,1842.2698,977.14727,1628.188,427.39927,1753.2687,79.563963,690.95388,115.39374,242.67698,2042.878
96.296296,2036.7828,2264.4224,317.45328,2283.1843,1580.5462,243.74506,695.5831,1364.5907,2385.3064,2400.4208,391.72291,2396.3421,2362.8507,1204.6395,1978.8949,353.58184,1048.1653,2258.1395,1959.0796,2366.5371,1627.6051,89.201844,2100.2134,2306.3215,1680.2583,1874.4298,1842.2393,977.14173,1628.1681,427.39848,1753.2456,79.563942,690.95187,115.3937,242.67678,2042.8458
96.396396,2036.7828,2264.4224,317.45327,2283.1842,1580.546,243.74499,695.58266,1364.5889,2385.2995,2400.4076,391.71884,2396.297,2362.8033,1204.6247,1978.8581,353.58057,1048.153,2258.0712,1959.0333,2366.4658,1627.5833,89.201693,2100.164,2306.2578,1680.2271,1874.3908,1842.2086,977.13619,1628.1482,427.3977,1753.2224,79.563922,690.94985,115.39366,242.67657,2042.8135
96.496496,2036.7828,2264.4224,317.45327,2283.1841,1580.5458,243.74492,695.58222,1364.587,2385.2926,2400.3944,391.71477,2396.2518,2362.7559,1204.6098,1978.8213,353.5793,1048.1407,2258.0027,1958.9868,2366.3943,1627.5614,89.201541,2100.1145,2306.194,1680.1958,1874.3517,1842.178,977.13063,1628.1283,427.39691,1753.1991,79.563902,690.94784,115.39362,242.67637,2042.7812
96.596597,2036.7828,2264.4224,317.45326,2283.184,1580.5456,243.74485,695.58178,1364.5852,2385.2857,2400.3812,391.7107,2396.2065,2362.7084,1204.595,1978.7844,353.57803,1048.1283,2257.934,1958.9403,2366.3227,1627.5395,89.201389,2100.0649,2306.1301,1680.1644,1874.3126,1842.1473,977.12507,1628.1083,427.39612,1753.1759,79.563882,690.94582,115.39358,242.67616,2042.7489
96.696697,2036.7828,2264.4224,317.45325,2283.1839,1580.5454,243.74479,695.58134,1364.5833,2385.2788,2400.368,391.70662,2396.1612,2362.6609,1204.5801,1978.7475,353.57676,1048.1159,2257.8652,1958.8937,2366.2509,1627.5176,89.201237,2100.0152,2306.066,1680.133,1874.2734,1842.1165,977.11951,1628.0883,427.39533,1753.1526,79.563861,690.9438,115.39354,242.67596,2042.7165
96.796797,2036.7828,2264.4224,317.45325,2283.1837,1580.5452,243.74472,695.5809,1364.5815,2385.2719,2400.3547,391.70253,2396.1158,2362.6133,1204.5652,1978.7106,353.57548,1048.1035,2257.7963,1958.847,2366.179,1627.4956,89.201084,2099.9654,2306.0018,1680.1016,1874.2341,1842.0857,977.11394,1628.0683,427.39454,1753.1292,79.563841,690.94178,115.3935,242.67575,2042.684
96.896897,2036.7828,2264.4223,317.45324,2283.1836,1580.545,243.74465,695.58046,1364.5796,2385.265,2400.3414,391.69844,2396.0704,2362.5656,1204.5503,1978.6736,353.57421,1048.0911,2257.7273,1958.8002,2366.107,1627.4737,89.200931,2099.9155,2305.9375,1680.0701,1874.1948,1842.0548,977.10836,1628.0482,427.39375,1753.1059,79.56382,690.93976,115.39346,242.67554,2042.6515
96.996997,2036.7828,2264.4223,317.45323,2283.1835,1580.5448,243.74458,695.58002,1364.5777,2385.2581,2400.3281,391.69434,2396.0249,2362.5179,1204.5353,1978.6365,353.57293,1048.0786,2257.6581,1958.7533,2366.0348,1627.4516,89.200777,2099.8656,2305.8731,1680.0385,1874.1554,1842.0239,977.10277,1628.0282,427.39296,1753.0825,79.5638,690.93773,115.39342,242.67534,2042.6189
97.097097,2036.7828,2264.4223,317.45323,2283.1834,1580.5446,243.74451,695.57958,1364.5759,2385.2511,2400.3148,391.69024,2395.9794,2362.4701,1204.5203,1978.5994,353.57164,1048.0662,2257.5888,1958.7064,2365.9625,1627.4296,89.200623,2099.8155,2305.8086,1680.0069,1874.1159,1841.993,977.09718,1628.0081,427.39217,1753.059,79.563779,690.9357,115.39339,242.67513,2042.5863
97.197197,2036.7828,2264.4223,317.45322,2283.1833,1580.5444,243.74444,695.57914,1364.574,2385.2442,2400.3015,391.68613,2395.9339,2362.4223,1204.5053,1978.5623,353.57036,1048.0537,2257.5194,1958.6593,2365.89,1627.4075,89.200468,2099.7653,2305.7439,1679.9753,1874.0764,1841.962,977.09158,1627.9879,427.39137,1753.0355,79.563759,690.93368,115.39335,242.67492,2042.5536
97.297297,2036.7828,2264.4223,317.45321,2283.1832,1580.5442,243.74437,695.5787,1364.5722,2385.2372,2400.2882,391.68202,2395.8883,2362.3744,1204.4903,1978.5251,353.56907,1048.0412,2257.4498,1958.6122,2365.8174,1627.3854,89.200313,2099.7151,2305.6791,1679.9436,1874.0368,1841.9309,977.08598,1627.9677,427.39058,1753.012,79.563738,690.93165,115.39331,242.67472,2042.5209
97.397397,2036.7828,2264.4222,317.45321,2283.183,1580.544,243.7443,695.57826,1364.5703,2385.2303,2400.2748,391.6779,2395.8426,2362.3264,1204.4753,1978.4879,353.56778,1048.0286,2257.3801,1958.5649,2365.7447,1627.3633,89.200158,2099.6647,2305.6142,1679.9118,1873.9971,1841.8998,977.08037,1627.9475,427.38978,1752.9885,79.563718,690.92961,115.39327,242.67451,2042.4881
97.497497,2036.7828,2264.4222,317.4532,2283.1829,1580.5438,243.74423,695.57782,1364.5684,2385.2233,2400.2614,391.67378,2395.7969,2362.2784,1204.4602,1978.4506,353.56649,1048.016,2257.3102,1958.5176,2365.6718,1627.3411,89.200002,2099.6143,2305.5491,1679.88,1873.9574,1841.8686,977.07475,1627.9273,427.38899,1752.9649,79.563697,690.92758,115.39323,242.6743,2042.4553
97.597598,2036.7828,2264.4222,317.45319,2283.1828,1580.5436,243.74416,695.57738,1364.5665,2385.2164,2400.248,391.66965,2395.7511,2362.2303,1204.4451,1978.4133,353.5652,1048.0035,2257.2402,1958.4702,2365.5988,1627.3189,89.199846,2099.5638,2305.4839,1679.8482,1873.9176,1841.8374,977.06913,1627.9071,427.38819,1752.9412,79.563677,690.92555,115.39319,242.6741,2042.4224
97.697698,2036.7828,2264.4222,317.45319,2283.1827,1580.5434,243.74409,695.57694,1364.5647,2385.2094,2400.2346,391.66552,2395.7053,2362.1822,1204.43,1978.3759,353.5639,1047.9908,2257.1701,1958.4227,2365.5256,1627.2966,89.199689,2099.5131,2305.4186,1679.8162,1873.8777,1841.8061,977.0635,1627.8868,427.3874,1752.9176,79.563656,690.92351,115.39315,242.67389,2042.3895
97.797798,2036.7827,2264.4222,317.45318,2283.1826,1580.5432,243.74402,695.5765,1364.5628,2385.2024,2400.2212,391.66138,2395.6595,2362.134,1204.4149,1978.3385,353.56261,1047.9782,2257.0998,1958.3751,2365.4523,1627.2744,89.199532,2099.4624,2305.3532,1679.7843,1873.8378,1841.7748,977.05786,1627.8664,427.3866,1752.8939,79.563635,690.92147,115.39311,242.67368,2042.3565
97.897898,2036.7827,2264.4221,317.45317,2283.1825,1580.543,243.74395,695.57607,1364.5609,2385.1954,2400.2078,391.65723,2395.6136,2362.0857,1204.3997,1978.301,353.5613,1047.9655,2257.0294,1958.3274,2365.3789,1627.2521,89.199375,2099.4116,2305.2876,1679.7522,1873.7978,1841.7434,977.05221,1627.8461,427.3858,1752.8701,79.563615,690.91943,115.39307,242.67347,2042.3234
97.997998,2036.7827,2264.4221,317.45316,2283.1823,1580.5428,243.74388,695.57563,1364.559,2385.1884,2400.1943,391.65308,2395.5676,2362.0374,1204.3845,1978.2634,353.56,1047.9528,2256.9589,1958.2796,2365.3053,1627.2297,89.199217,2099.3606,2305.222,1679.7202,1873.7577,1841.712,977.04656,1627.8257,427.385,1752.8464,79.563594,690.91739,115.39303,242.67326,2042.2903
98.098098,2036.7827,2264.4221,317.45316,2283.1822,1580.5426,243.74382,695.57519,1364.5571,2385.1814,2400.1808,391.64892,2395.5216,2361.9891,1204.3693,1978.2259,353.5587,1047.9401,2256.8882,1958.2317,2365.2316,1627.2074,89.199059,2099.3096,2305.1561,1679.688,1873.7175,1841.6805,977.04091,1627.8053,427.3842,1752.8226,79.563573,690.91535,115.39299,242.67306,2042.2571
98.198198,2036.7827,2264.4221,317.45315,2283.1821,1580.5424,243.74375,695.57475,1364.5552,2385.1744,2400.1674,391.64476,2395.4755,2361.9406,1204.3541,1978.1882,353.55739,1047.9274,2256.8174,1958.1838,2365.1577,1627.185,89.198901,2099.2585,2305.0902,1679.6559,1873.6773,1841.649,977.03524,1627.7849,427.3834,1752.7987,79.563553,690.9133,115.39295,242.67285,2042.2239
98.298298,2036.7827,2264.422,317.45314,2283.182,1580.5422,243.74368,695.57431,1364.5534,2385.1673,2400.1539,391.64059,2395.4294,2361.8921,1204.3388,1978.1506,353.55608,1047.9146,2256.7464,1958.1357,2365.0837,1627.1626,89.198741,2099.2073,2305.0241,1679.6236,1873.637,1841.6174,977.02957,1627.7644,427.3826,1752.7748,79.563532,690.91125,115.39291,242.67264,2042.1906
98.398398,2036.7827,2264.422,317.45313,2283.1818,1580.542,243.74361,695.57387,1364.5515,2385.1603,2400.1403,391.63642,2395.3833,2361.8436,1204.3236,1978.1129,353.55477,1047.9019,2256.6753,1958.0876,2365.0095,1627.1401,89.198582,2099.156,2304.9579,1679.5913,1873.5967,1841.5858,977.0239,1627.7439,427.3818,1752.7509,79.563511,690.9092,115.39288,242.67243,2042.1573
98.498498,2036.7827,2264.422,317.45313,2283.1817,1580.5418,243.74354,695.57344,1364.5496,2385.1533,2400.1268,391.63224,2395.3371,2361.795,1204.3083,1978.0751,353.55345,1047.889,2256.6041,1958.0393,2364.9352,1627.1176,89.198422,2099.1046,2304.8916,1679.559,1873.5562,1841.5541,977.01821,1627.7234,427.381,1752.727,79.56349,690.90715,115.39284,242.67222,2042.1239
98.598599,2036.7827,2264.422,317.45312,2283.1816,1580.5416,243.74347,695.573,1364.5477,2385.1462,2400.1132,391.62806,2395.2908,2361.7463,1204.2929,1978.0373,353.55213,1047.8762,2256.5327,1957.991,2364.8608,1627.0951,89.198262,2099.0531,2304.8251,1679.5266,1873.5157,1841.5224,977.01252,1627.7028,427.38019,1752.703,79.563469,690.9051,115.3928,242.67201,2042.0905
98.698699,2036.7827,2264.4219,317.45311,2283.1815,1580.5414,243.7434,695.57256,1364.5458,2385.1392,2400.0997,391.62387,2395.2445,2361.6976,1204.2776,1977.9994,353.55081,1047.8634,2256.4612,1957.9426,2364.7862,1627.0725,89.198101,2099.0015,2304.7586,1679.4942,1873.4752,1841.4906,977.00682,1627.6822,427.37939,1752.6789,79.563449,690.90305,115.39276,242.6718,2042.057
98.798799,2036.7827,2264.4219,317.4531,2283.1813,1580.5412,243.74333,695.57212,1364.5439,2385.1321,2400.0861,391.61967,2395.1981,2361.6488,1204.2622,1977.9615,353.54949,1047.8505,2256.3896,1957.8941,2364.7114,1627.0499,89.19794,2098.9498,2304.6918,1679.4617,1873.4345,1841.4588,977.00112,1627.6616,427.37858,1752.6549,79.563428,690.90099,115.39272,242.67159,2042.0235
98.898899,2036.7827,2264.4219,317.4531,2283.1812,1580.541,243.74326,695.57168,1364.542,2385.125,2400.0725,391.61547,2395.1517,2361.6,1204.2468,1977.9235,353.54817,1047.8376,2256.3178,1957.8454,2364.6366,1627.0273,89.197779,2098.898,2304.625,1679.4291,1873.3938,1841.4269,976.99541,1627.6409,427.37778,1752.6308,79.563407,690.89894,115.39268,242.67138,2041.9899
98.998999,2036.7826,2264.4219,317.45309,2283.1811,1580.5408,243.74319,695.57125,1364.5401,2385.1179,2400.0589,391.61127,2395.1053,2361.5511,1204.2314,1977.8855,353.54684,1047.8246,2256.2458,1957.7967,2364.5615,1627.0047,89.197617,2098.8461,2304.558,1679.3965,1873.353,1841.395,976.98969,1627.6202,427.37697,1752.6066,79.563386,690.89688,115.39264,242.67117,2041.9562
99.099099,2036.7826,2264.4218,317.45308,2283.181,1580.5406,243.74312,695.57081,1364.5382,2385.1109,2400.0452,391.60706,2395.0588,2361.5021,1204.216,1977.8474,353.54551,1047.8117,2256.1738,1957.748,2364.4864,1626.982,89.197454,2098.7941,2304.4909,1679.3638,1873.3122,1841.363,976.98397,1627.5995,427.37616,1752.5825,79.563365,690.89482,115.3926,242.67096,2041.9225
99.199199,2036.7826,2264.4218,317.45307,2283.1808,1580.5403,243.74305,695.57037,1364.5363,2385.1038,2400.0316,391.60284,2395.0122,2361.4531,1204.2005,1977.8093,353.54418,1047.7987,2256.1016,1957.6991,2364.4111,1626.9593,89.197292,2098.742,2304.4237,1679.3311,1873.2713,1841.3309,976.97824,1627.5788,427.37536,1752.5582,79.563344,690.89275,115.39256,242.67075,2041.8887
99.299299,2036.7826,2264.4218,317.45306,2283.1807,1580.5401,243.74298,695.56993,1364.5344,2385.0967,2400.0179,391.59862,2394.9656,2361.404,1204.185,1977.7712,353.54285,1047.7857,2256.0292,1957.6501,2364.3356,1626.9365,89.197129,2098.6898,2304.3563,1679.2984,1873.2303,1841.2988,976.9725,1627.558,427.37455,1752.534,79.563323,690.89069,115.39252,242.67054,2041.8549
99.399399,2036.7826,2264.4218,317.45306,2283.1806,1580.5399,243.74291,695.56949,1364.5325,2385.0895,2400.0042,391.59439,2394.9189,2361.3548,1204.1695,1977.733,353.54151,1047.7727,2255.9567,1957.601,2364.26,1626.9137,89.196965,2098.6375,2304.2888,1679.2655,1873.1892,1841.2667,976.96676,1627.5372,427.37374,1752.5097,79.563302,690.88862,115.39248,242.67033,2041.821
99.499499,2036.7826,2264.4217,317.45305,2283.1805,1580.5397,243.74284,695.56905,1364.5306,2385.0824,2399.9905,391.59016,2394.8722,2361.3056,1204.154,1977.6947,353.54017,1047.7596,2255.8841,1957.5518,2364.1842,1626.8909,89.196801,2098.5851,2304.2212,1679.2327,1873.1481,1841.2345,976.96101,1627.5163,427.37293,1752.4854,79.563281,690.88656,115.39244,242.67012,2041.7871
99.5996,2036.7826,2264.4217,317.45304,2283.1803,1580.5395,243.74277,695.56862,1364.5286,2385.0753,2399.9768,391.58592,2394.8255,2361.2564,1204.1384,1977.6564,353.53883,1047.7465,2255.8113,1957.5026,2364.1083,1626.8681,89.196637,2098.5326,2304.1534,1679.1997,1873.1069,1841.2022,976.95525,1627.4955,427.37212,1752.461,79.56326,690.88449,115.3924,242.66991,2041.7531
99.6997,2036.7826,2264.4217,317.45303,2283.1802,1580.5393,243.7427,695.56818,1364.5267,2385.0682,2399.963,391.58168,2394.7786,2361.207,1204.1229,1977.618,353.53749,1047.7334,2255.7384,1957.4532,2364.0323,1626.8452,89.196472,2098.48,2304.0855,1679.1668,1873.0656,1841.1699,976.94949,1627.4746,427.37131,1752.4366,79.563239,690.88242,115.39236,242.6697,2041.719
99.7998,2036.7826,2264.4216,317.45302,2283.1801,1580.5391,243.74263,695.56774,1364.5248,2385.061,2399.9493,391.57743,2394.7318,2361.1576,1204.1073,1977.5796,353.53614,1047.7203,2255.6653,1957.4038,2363.9561,1626.8223,89.196306,2098.4273,2304.0175,1679.1337,1873.0243,1841.1376,976.94372,1627.4536,427.37049,1752.4122,79.563218,690.88034,115.39232,242.66949,2041.6849
99.8999,2036.7825,2264.4216,317.45302,2283.1799,1580.5389,243.74256,695.5673,1364.5229,2385.0539,2399.9355,391.57317,2394.6849,2361.1082,1204.0916,1977.5412,353.5348,1047.7072,2255.5921,1957.3542,2363.8798,1626.7993,89.196141,2098.3745,2303.9493,1679.1006,1872.9829,1841.1052,976.93794,1627.4327,427.36968,1752.3877,79.563197,690.87827,115.39228,242.66928,2041.6507
100,2036.7825,2264.4216,317.45301,2283.1798,1580.5387,243.74249,695.56686,1364.521,2385.0467,2399.9217,391.56891,2394.6379,2361.0587,1204.076,1977.5027,353.53345,1047.694,2255.5187,1957.3046,2363.8033,1626.7763,89.195975,2098.3217,2303.881,1679.0675,1872.9414,1841.0727,976.93215,1627.4117,427.36887,1752.3632,79.563176,690.87619,115.39224,242.66906,2041.6165
