Time (yrs)/mid Altitude (km),225,275,325,375,425,475,525,575,625,675,725,775,825,875,925,975,1025,1075,1125,1175,1225,1275,1325,1375,1425,1475,1525,1575,1625,1675,1725,1775,1825,1875,1925,1975
0,5,18,90,778,390,3649,1931,3483,321,184,134,289,144,101,107,275,49,148,47,272,465,8,15,15,270,247,114,25,12,10,11,5,1,3,1,3
0.1001001,23.730795,27.305923,93.666722,779.67135,391.1846,3632.1284,1922.1839,3466.6865,319.58726,183.32239,133.32224,287.7195,143.36998,100.48164,106.61112,273.75325,48.771532,147.29491,46.811406,270.81922,462.71933,8.0891526,14.950407,14.950383,268.85545,245.81666,113.47399,24.999909,12.009879,10.049533,11.029724,4.9008923,0.98017852,2.9405355,0.98017867,2.9405371
0.2002002,42.090326,36.42739,97.260766,781.30983,392.34649,3615.5945,1913.5431,3450.6966,318.20258,182.65823,132.65793,286.46443,142.75247,99.973577,106.22996,272.53125,48.547595,146.6038,46.626551,269.66185,460.48386,8.1765377,14.901798,14.90175,267.73361,244.6568,112.95842,24.999819,12.019562,10.098083,11.058859,4.8037491,0.96074993,2.8822496,0.96075023,2.8822529
0.3003003,60.085951,45.368056,100.78357,782.9161,393.4859,3599.3908,1905.0741,3435.0239,316.84539,182.00725,132.00681,285.23431,142.14723,99.475599,105.85636,271.3335,48.328098,145.9264,46.445361,268.52742,458.29269,8.2621903,14.854152,14.85408,266.63401,243.51993,112.45306,24.999731,12.029054,10.145671,11.087416,4.7085314,0.94170644,2.825119,0.94170689,2.8251239
0.4004004,77.724884,54.131507,104.23656,784.49078,394.60311,3583.51,1896.7735,3419.6621,315.51514,181.3692,131.36862,284.02862,141.55401,98.987507,105.49017,270.15952,48.112955,145.26243,46.267763,267.41548,456.14494,8.3461447,14.807451,14.807356,265.55622,242.40562,111.95772,24.999645,12.038357,10.192316,11.115408,4.615201,0.92304042,2.7691209,0.92304101,2.7691273
0.5005005,95.014194,62.721255,107.62112,786.03448,395.69848,3567.9454,1888.6379,3404.605,314.2113,180.74381,130.7431,282.84689,140.97258,98.509106,105.13125,269.00883,47.902078,144.61162,46.093686,266.32558,454.03976,8.4284347,14.761675,14.761558,264.49981,241.3134,111.47221,24.999561,12.047476,10.238037,11.142844,4.5237206,0.90474439,2.7142327,0.90474511,2.7142405
0.6006006,111.96081,71.140745,110.93859,787.54778,396.77236,3552.6904,1880.6639,3389.8465,312.93335,180.13084,130.12999,281.68864,140.40269,98.040204,104.77945,267.88099,47.695383,143.97372,45.923061,265.25728,451.9763,8.5090931,14.716807,14.716668,263.46436,240.24285,110.99632,24.999478,12.056414,10.282851,11.169737,4.4340535,0.88681101,2.6604325,0.88681186,2.6604417
0.7007007,128.57153,79.393351,114.19032,789.03126,397.82515,3537.7386,1872.8484,3375.3808,311.68078,179.53003,129.52906,280.55341,139.84413,97.580611,104.43463,266.77552,47.492787,143.34846,45.755819,264.21016,449.95373,8.5881524,14.672828,14.672668,262.44944,239.19353,110.52986,24.999397,12.065174,10.326776,11.196097,4.3461637,0.8692331,2.6076987,0.86923408,2.6077092
0.8008008,144.85301,87.482382,117.37759,790.48548,398.8572,3523.0839,1865.1882,3361.2019,310.45307,178.94116,128.94006,279.44072,139.29667,97.130143,104.09665,265.692,47.294209,142.73561,45.591893,263.18379,447.97124,8.6656443,14.629721,14.62954,261.45465,238.16502,110.07266,24.999317,12.073761,10.369831,11.221934,4.2600161,0.85200362,2.5560102,0.8520047,2.5560219
0.9009009,160.81177,95.41108,120.5017,791.91099,399.86892,3508.7202,1857.6802,3347.3041,309.24974,178.36397,128.36275,278.35015,138.76008,96.688619,103.76538,264.62997,47.099569,142.13491,45.431216,262.17777,446.02804,8.7415999,14.587468,14.587268,260.47959,237.15691,109.62451,24.999239,12.082178,10.412032,11.247259,4.175576,0.83511564,2.5053462,0.83511684,2.5053592
1.001001,176.45422,103.18262,123.56389,793.30836,400.86067,3494.6418,1850.3213,3333.6819,308.0703,177.79824,127.7969,277.28125,138.23415,96.255861,103.44068,263.58903,46.908789,141.54611,45.273726,261.1917,444.12335,8.8160495,14.546054,14.545833,259.52386,236.1688,109.18526,24.999163,12.090428,10.453397,11.272082,4.0928096,0.81856241,2.4556864,0.81856372,2.4557006
1.1011011,191.78661,110.80013,126.56539,794.67811,401.83284,3480.843,1843.1086,3320.3298,306.91427,177.24373,127.24229,276.23358,137.71867,95.831695,103.12243,262.56874,46.721792,140.969,45.119358,260.22516,442.2564,8.8890231,14.50546,14.505219,258.5871,235.20028,108.75471,24.999087,12.098515,10.493942,11.296413,4.0116839,0.80233729,2.407011,0.8023387,2.4070262
1.2012012,206.8151,118.26664,129.5074,796.02078,402.7858,3467.318,1836.0391,3307.2425,305.7812,176.70024,126.69869,275.20673,137.21343,95.415951,102.81049,261.5687,46.538503,140.40332,44.96805,259.27779,440.42645,8.9605499,14.46567,14.465411,257.66891,234.25097,108.33269,24.999014,12.106441,10.533683,11.320261,3.9321661,0.78643377,2.3593004,0.78643528,2.3593167
1.3013013,221.54571,125.58516,132.3911,797.3369,403.71992,3454.0615,1829.1101,3294.4146,304.67062,176.16754,126.16588,274.20028,136.71823,95.008461,102.50474,260.5885,46.35885,139.84887,44.819743,258.34919,438.63277,9.0306587,14.42667,14.426392,256.76893,233.32048,107.91905,24.998942,12.11421,10.572636,11.343637,3.8542245,0.77084549,2.3125355,0.77084709,2.3125528
1.4014014,235.98435,132.75862,135.21764,798.62698,404.63557,3441.0681,1822.3186,3281.841,303.58209,175.64541,125.64364,273.21383,136.23287,94.609062,102.20505,259.62776,46.182759,139.3054,44.674375,257.43901,436.87463,9.0993774,14.388443,14.388147,255.88681,232.40846,107.5136,24.998871,12.121825,10.610818,11.36655,3.7778278,0.75556619,2.2666975,0.75556788,2.2667158
1.5015015,250.1368,139.7899,137.98815,799.89152,405.5331,3428.3326,1815.662,3269.5166,302.51517,175.13364,125.13178,272.24698,135.75715,94.217593,101.91131,258.68608,46.01016,138.77272,44.53189,256.54686,435.15134,9.1667337,14.350973,14.35066,255.02217,231.51452,107.1162,24.998801,12.129289,10.648242,11.389008,3.7029454,0.74058974,2.2217681,0.74059152,2.2217873
1.6016016,264.00873,146.68181,140.70376,801.13103,406.41287,3415.8498,1809.1375,3257.4366,301.46944,174.63204,124.63007,271.29935,135.29088,93.833896,101.62341,257.7631,45.840985,138.25059,44.39223,255.6724,433.46219,9.2327547,14.314246,14.313916,254.17469,230.63831,106.72667,24.998733,12.136605,10.684924,11.411022,3.6295474,0.72591016,2.1777293,0.72591201,2.1777494
1.7017017,277.6057,153.43711,143.36553,802.34601,407.27522,3403.6148,1802.7426,3245.596,300.44446,174.14039,124.13833,270.37054,134.83387,93.457818,101.34121,256.85842,45.675164,137.73882,44.255339,254.81527,431.80652,9.2974667,14.278248,14.2779,253.34402,229.77947,106.34486,24.998667,12.143776,10.72088,11.432598,3.5576041,0.71152154,2.1345634,0.71152347,2.1345843
1.8018018,290.93317,160.05851,145.97455,803.53692,408.1205,3391.6225,1796.4746,3233.9902,299.43984,173.6585,123.65635,269.46018,134.38595,93.089206,101.06461,255.97171,45.512631,137.2372,44.121162,253.97513,430.18366,9.3608957,14.242962,14.242598,252.52982,228.93768,105.97063,24.998601,12.150805,10.756122,11.453748,3.4870869,0.69741813,2.0922531,0.69742013,2.0922748
1.9019019,303.99648,166.54867,148.53186,804.70425,408.94905,3379.8682,1790.331,3222.6143,298.45516,173.18618,123.18394,268.56792,133.94692,92.727913,100.7935,255.10258,45.353322,136.74552,43.989645,253.15164,428.59296,9.4230671,14.208377,14.207997,251.73176,228.11257,105.60381,24.998537,12.157694,10.790666,11.474478,3.4179675,0.68359427,2.0507815,0.68359634,2.0508039
2.002002,316.80086,172.91019,151.03848,805.84845,409.76118,3368.3472,1784.3094,3211.464,297.49003,172.72323,122.72091,267.69338,133.51661,92.373794,100.52777,254.25071,45.197172,136.2636,43.860736,252.34448,427.03378,9.484006,14.174477,14.174081,250.94954,227.30383,105.24427,24.998474,12.164447,10.824525,11.494797,3.3502181,0.67004441,2.0101319,0.67004655,2.010155
2.1021021,329.35144,179.14562,153.49541,806.96999,410.55723,3357.0547,1778.4072,3200.5346,296.54406,172.26948,122.26707,266.83622,133.09486,92.026705,100.26732,253.41574,45.044119,135.79122,43.734383,251.55331,425.5055,9.5437367,14.141249,14.140837,250.18283,226.51113,104.89185,24.998412,12.171066,10.857713,11.514713,3.2838116,0.65676314,1.970288,0.65676534,1.9703119
2.2022022,341.65325,185.25745,155.90364,808.06931,411.33752,3345.9863,1772.6222,3189.8219,295.61687,171.82473,121.82224,265.9961,132.68148,91.686508,100.01203,252.59734,44.894101,135.32822,43.610534,250.77783,424.00751,9.6022831,14.108679,14.108253,249.43132,225.73415,104.54643,24.998352,12.177554,10.890243,11.534235,3.2187214,0.64374512,1.9312339,0.64374738,1.9312584
2.3023023,353.71123,191.24814,158.26414,809.14686,412.10234,3335.1375,1766.9521,3179.3215,294.70809,171.38881,121.38624,265.17267,132.27631,91.353066,99.761803,251.79519,44.747058,134.87439,43.489142,250.01772,422.5392,9.6596688,14.076756,14.076315,248.69472,224.97258,104.20785,24.998292,12.183913,10.922128,11.553369,3.1549213,0.63098513,1.8929539,0.63098745,1.892979
2.4024024,365.53021,197.12009,160.57785,810.20305,412.85202,3324.504,1761.3944,3169.0292,293.81736,170.96154,120.9589,264.3656,131.8792,91.026244,99.516545,251.00895,44.602931,134.42957,43.370156,249.27268,421.09999,9.7159168,14.045465,14.045009,247.97273,224.22612,103.87598,24.998234,12.190147,10.953381,11.572124,3.0923859,0.61847807,1.8554327,0.61848044,1.8554584
2.5025025,377.11492,202.87565,162.84571,811.23832,413.58684,3314.0814,1755.947,3158.941,292.9443,170.54276,120.54004,263.57456,131.48997,90.705911,99.276152,250.23831,44.461663,133.99356,43.253529,248.5424,419.68929,9.7710496,14.014794,14.014325,247.26506,223.49445,103.55069,24.998177,12.196256,10.984015,11.590508,3.0310901,0.60621892,1.8186552,0.60622134,1.8186814
2.6026026,388.47002,208.51713,165.06861,812.25307,414.30711,3303.8656,1750.6076,3149.0526,292.08858,170.13229,120.1295,262.79925,131.10848,90.391939,99.04053,249.48297,44.323195,133.5662,43.139214,247.8266,418.30656,9.8250894,13.984732,13.984248,246.57142,222.7773,103.23185,24.998121,12.202245,11.014041,11.608527,2.9710091,0.59420276,1.7826067,0.59420522,1.7826334
2.7027027,399.60004,214.04679,167.24744,813.24771,415.0131,3293.8525,1745.3743,3139.3602,291.24985,169.72997,119.72711,262.03934,130.73457,90.0842,98.809582,248.74262,44.187474,133.14732,43.027166,247.12499,416.95122,9.8780577,13.955265,13.954768,245.89154,222.07438,102.91933,24.998066,12.208114,11.043473,11.626189,2.9121191,0.58242477,1.7472727,0.58242728,1.7472999
2.8028028,410.50946,219.46684,169.3831,814.22265,415.7051,3284.038,1740.2447,3129.8599,290.42777,169.33563,119.33271,261.29453,130.36809,89.782572,98.583218,248.01696,44.054444,132.73674,42.917339,246.43728,415.62274,9.9299759,13.926382,13.925873,245.22514,221.38539,102.61301,24.998012,12.213868,11.07232,11.643501,2.8543964,0.57088024,1.7126391,0.5708828,1.7126667
2.9029029,421.20264,224.77946,171.47642,815.17826,416.3834,3274.4182,1735.2169,3120.5479,289.62201,168.94913,118.94614,260.56452,130.00889,89.486933,98.361344,247.3057,43.924053,132.3343,42.80969,245.76321,414.32058,9.9808648,13.898072,13.89755,244.57196,220.71007,102.31276,24.997959,12.219507,11.100596,11.66047,2.7978179,0.55956455,1.678692,0.55956714,1.67872
3.003003,431.68387,229.98678,173.52824,816.11494,417.04825,3264.9893,1730.2888,3111.4204,288.83225,168.57029,118.56724,259.84902,129.65682,89.197164,98.143873,246.60855,43.796247,131.93984,42.704175,245.10249,413.04423,10.030745,13.870323,13.869788,243.93173,220.04814,102.01847,24.997907,12.225034,11.128312,11.677102,2.7423608,0.54847314,1.6454178,0.54847577,1.6454462
3.1031031,441.95735,235.09088,175.5394,817.03306,417.69993,3255.7473,1725.4585,3102.4739,288.05817,168.19898,118.19587,259.14773,129.31175,88.913148,97.930717,245.92524,43.670976,131.5532,42.600752,244.45487,411.79318,10.079636,13.843125,13.842577,243.3042,219.39933,101.73001,24.997856,12.230452,11.155477,11.693405,2.6880029,0.53760159,1.6128031,0.53760425,1.6128319
3.2032032,452.0272,240.09382,177.51069,817.93298,418.33869,3246.6888,1720.724,3093.7046,287.29945,167.83504,117.83187,258.46039,128.97354,88.634772,97.721791,245.25549,43.548189,131.17423,42.49938,243.82009,410.56691,10.127558,13.816465,13.815906,242.68911,218.7634,101.44726,24.997807,12.235763,11.182105,11.709384,2.6347225,0.52694553,1.5808349,0.52694822,1.580864
3.3033033,461.89745,244.99759,179.44291,818.81507,418.9648,3237.8099,1716.0835,3085.1091,286.5558,167.47832,117.4751,257.7867,128.64204,88.361923,97.51701,244.59902,43.427837,130.80277,42.400017,243.19789,409.36494,10.174529,13.790334,13.789763,242.08622,218.14007,101.17013,24.997758,12.240968,11.208205,11.725047,2.5824983,0.51650068,1.5495003,0.5165034,1.5495298
3.4034034,471.57207,249.80416,181.33683,819.67967,419.5785,3229.1071,1711.5349,3076.684,285.82692,167.12869,117.12541,257.12639,128.31713,88.094492,97.316292,243.95559,43.309872,130.43868,42.302625,242.58802,408.18679,10.22057,13.764721,13.764139,241.49529,217.52911,100.89848,24.99771,12.24607,11.233787,11.740399,2.5313091,0.50626287,1.5187869,0.50626562,1.5188166
3.5035035,481.05492,254.51546,183.19322,820.52714,420.18004,3220.577,1707.0766,3068.4258,285.1125,166.786,116.78266,256.47921,127.99868,87.83237,97.119557,243.32492,43.194246,130.0818,42.207163,241.99024,407.03199,10.265697,13.739616,13.739022,240.91608,216.93027,100.63223,24.997663,12.251071,11.258862,11.755447,2.4811347,0.49622798,1.4886822,0.49623076,1.4887122
3.6036036,490.34981,259.13338,185.0128,821.35782,420.76965,3212.2161,1702.7067,3060.3313,284.41227,166.45011,116.44672,255.84489,127.68656,87.575454,96.926725,242.70677,43.080914,129.73201,42.113594,241.40431,405.90006,10.30993,13.715008,13.714404,240.34835,216.3433,100.37125,24.997616,12.255973,11.28344,11.770197,2.4319547,0.48639201,1.4591742,0.4863948,1.4592045
3.7037037,499.46048,263.65977,186.79632,822.17203,421.34758,3204.021,1698.4235,3052.3972,283.72594,166.12088,116.11745,255.22318,127.38064,87.323638,96.737719,242.10089,42.969828,129.38914,42.02188,240.83,404.79057,10.353286,13.690888,13.690273,239.79189,215.76797,100.11544,24.997571,12.260777,11.307531,11.784654,2.3837496,0.47675099,1.4302512,0.4767538,1.4302816
3.8038038,508.39056,268.09644,188.54449,822.97011,421.91406,3195.9884,1694.2252,3044.6204,283.05323,165.7982,115.79472,254.61382,127.08079,87.076823,96.552464,241.50703,42.860946,129.05308,41.931984,240.26706,403.70306,10.395782,13.667246,13.666621,239.24645,215.20405,99.86471,24.997527,12.265487,11.331144,11.798825,2.3364999,0.46730106,1.4019014,0.46730389,1.401932
3.9039039,517.14364,272.44517,190.258,823.75237,422.46931,3188.1152,1690.1102,3036.9977,282.39388,165.48192,115.47839,254.01657,126.7869,86.834909,96.370884,240.92495,42.754223,128.72368,41.843871,239.71528,402.6371,10.437436,13.644073,13.643437,238.71184,214.65132,99.618947,24.997483,12.270103,11.354289,11.812715,2.2901868,0.45803845,1.3741135,0.4580413,1.3741444
4.004004,525.72323,276.7077,191.93755,824.51912,423.01356,3180.3981,1686.0767,3029.526,281.74763,165.17192,115.16834,253.43119,126.49886,86.597797,96.192907,240.35442,42.649616,128.40081,41.757505,239.17444,401.59227,10.478264,13.621359,13.620714,238.18782,214.10954,99.378057,24.99744,12.274627,11.376976,11.826329,2.2447917,0.44895943,1.3468764,0.4489623,1.3469075
4.1041041,534.13277,280.88576,193.58382,825.27068,423.54702,3172.8341,1682.1233,3022.2024,281.1142,164.86807,114.86445,252.85744,126.21653,86.365394,96.018461,239.79522,42.547083,128.08435,41.672851,238.64432,400.56813,10.518283,13.599096,13.598441,237.6742,213.57851,99.141943,24.997399,12.279062,11.399212,11.839674,2.2002963,0.44006036,1.3201792,0.44006324,1.3202104
4.2042042,542.37561,284.98099,195.19745,826.00735,424.06991,3165.4201,1678.2483,3015.0239,280.49334,164.57026,114.5666,252.29509,125.93982,86.137606,95.847477,239.24711,42.446585,127.77416,41.589875,238.12471,399.56429,10.557508,13.577273,13.576609,237.17076,213.05801,98.910509,24.997357,12.283409,11.421008,11.852754,2.156683,0.4313377,1.2940112,0.43134059,1.2940425
4.3043043,550.45507,288.99505,196.77909,826.72941,424.58243,3158.1531,1674.4501,3007.9878,279.88482,164.27836,114.27465,251.74392,125.6686,85.914341,95.679885,238.70988,42.348079,127.47011,41.508545,237.61539,398.58034,10.595955,13.555884,13.55521,236.67731,212.54783,98.683664,24.997317,12.287669,11.442372,11.865575,2.1139341,0.42278793,1.2683619,0.42279083,1.2683933
4.4044044,558.3744,292.92955,198.32939,827.43716,425.0848,3151.0303,1670.7272,3001.091,279.28837,163.99225,113.98851,251.20371,125.40278,85.695509,95.515619,238.1833,42.251526,127.1721,41.428826,237.11617,397.61588,10.633641,13.534918,13.534235,236.19364,212.04777,98.461316,24.997278,12.291845,11.463312,11.878142,2.0720325,0.41440762,1.243221,0.41441053,1.2432525
4.5045045,566.13674,296.78606,199.84895,828.13088,425.57721,3144.0487,1667.0781,2994.331,278.70377,163.71182,113.70805,250.67423,125.14223,85.481022,95.354612,237.66718,42.156888,126.88,41.350689,236.62685,396.67054,10.670579,13.514368,13.513676,235.71957,211.55763,98.243377,24.997239,12.295939,11.483837,11.890459,2.0309616,0.40619344,1.2185784,0.40619636,1.21861
4.6046046,573.74523,300.56612,201.3384,828.81086,426.05986,3137.2056,1663.5014,2987.7049,278.13078,163.43696,113.43315,250.15527,124.88687,85.270795,95.1968,237.1613,42.064128,126.59369,41.274101,236.14722,395.74393,10.706784,13.494226,13.493525,235.25489,211.07721,98.029758,24.997201,12.299951,11.503956,11.902533,1.9907047,0.39814207,1.1944243,0.39814499,1.194456
4.7047047,581.20291,304.27127,202.79832,829.47735,426.53294,3130.4982,1659.9956,2981.2101,277.56916,163.16756,113.16371,249.64663,124.63657,85.064742,95.042118,236.66546,41.973206,126.31305,41.199031,235.6771,394.83568,10.742272,13.474482,13.473773,234.79943,210.60631,97.820373,24.997163,12.303884,11.523675,11.914367,1.9512458,0.39025028,1.170749,0.39025321,1.1707806
4.8048048,588.51277,307.90297,204.22931,830.13064,426.99664,3123.9239,1656.5593,2974.8441,277.01869,162.90351,112.89963,249.14809,124.39126,84.862781,94.890506,236.17945,41.884088,126.03798,41.125449,235.21629,393.94542,10.777057,13.45513,13.454413,234.353,210.14476,97.615141,24.997127,12.307739,11.543004,11.925967,1.912569,0.38251493,1.1475429,0.38251787,1.1475746
4.9049049,595.67774,311.46269,205.63192,830.77098,427.45116,3117.4799,1653.1912,2968.6042,276.47915,162.6447,112.64078,248.65947,124.15081,84.66483,94.741902,235.70309,41.796737,125.76836,41.053326,234.76462,393.0728,10.811151,13.436162,13.435437,233.91542,209.69235,97.413977,24.997091,12.311517,11.561949,11.937336,1.8746589,0.37493291,1.1247968,0.37493584,1.1248286
5.005005,602.70069,314.95185,207.00674,831.39862,427.89666,3111.1637,1649.8898,2962.488,275.95032,162.39103,112.38708,248.18055,123.91515,84.470809,94.596247,235.23618,41.711118,125.50409,40.982634,234.3219,392.21748,10.84457,13.417569,13.416837,233.48652,209.24892,97.2168,24.997055,12.31522,11.580519,11.948481,1.8375002,0.36750117,1.1025016,0.3675041,1.1025333
5.1051051,609.58444,318.37185,208.35431,832.01383,428.33334,3104.9727,1646.6539,2956.4931,275.43199,162.14239,112.13841,247.71115,123.68416,84.280642,94.453482,234.77854,41.627198,125.24506,40.913342,233.88796,391.3791,10.877326,13.399346,13.398605,233.06613,208.81428,97.023534,24.997021,12.31885,11.598721,11.959404,1.801078,0.36021674,1.0806483,0.36021967,1.0806801
5.2052052,616.33174,321.72406,209.67516,832.61684,428.76136,3098.9046,1643.4821,2950.6169,274.92396,161.89869,111.89469,247.25109,123.45777,84.094251,94.313549,234.32998,41.544941,124.99117,40.845425,233.46261,390.55733,10.909433,13.381483,13.380735,232.65407,208.38826,96.834098,24.996987,12.322408,11.616562,11.970111,1.7653779,0.3530767,1.0592282,0.35307963,1.0592599
5.3053053,622.94531,325.00983,210.96984,833.2079,429.18089,3092.9567,1640.3733,2944.8572,274.42601,161.65983,111.6558,246.80016,123.23588,83.911561,94.176393,233.89032,41.464316,124.74231,40.778854,233.0457,389.75184,10.940903,13.363975,13.363219,232.25018,207.97069,96.648418,24.996953,12.325896,11.634049,11.980605,1.7303852,0.34607818,1.0382326,0.34608111,1.0382643
5.4054054,629.42779,328.23046,212.23885,833.78724,429.59211,3087.1269,1637.326,2939.2117,273.93794,161.42571,111.42165,246.3582,123.01839,83.732499,94.041958,233.45938,41.385289,124.49838,40.713603,232.63705,388.96231,10.971749,13.346813,13.346051,231.8543,207.5614,96.466419,24.996921,12.329314,11.65119,11.990892,1.6960863,0.33921839,1.0176533,0.33922131,1.0176849
5.5055055,635.78179,331.38727,213.48271,834.3551,429.99518,3081.4126,1634.3392,2933.678,273.45957,161.19624,111.19215,245.92503,122.80523,83.556992,93.91019,233.03699,41.30783,124.25929,40.649645,232.23649,388.18843,11.001984,13.329992,13.329222,231.46627,207.16022,96.288028,24.996889,12.332664,11.667991,12.000975,1.6624671,0.33249455,0.99748174,0.33249747,0.99751334
5.6056056,642.00989,334.48153,214.70193,834.91171,430.39026,3075.8116,1631.4116,2928.254,272.99069,160.97133,110.96721,245.50046,122.59631,83.384969,93.781036,232.62298,41.231906,124.02494,40.586956,231.84388,387.42987,11.03162,13.313504,13.312728,231.08593,206.767,96.113172,24.996857,12.335949,11.684459,12.010857,1.6295141,0.32590395,0.97770994,0.32590686,0.97774147
5.7057057,648.11454,337.51446,215.89698,835.45729,430.77751,3070.3216,1628.542,2922.9375,272.53112,160.75088,110.74674,245.08432,122.39153,83.216363,93.654444,232.21719,41.157488,123.79523,40.525509,231.45904,386.68634,11.060668,13.297343,13.29656,230.71313,206.38157,95.941783,24.996826,12.339168,11.7006,12.020544,1.5972142,0.31944397,0.95833002,0.31944688,0.95836148
5.8058058,654.09819,340.48727,217.06833,835.99205,431.15708,3064.9405,1625.7293,2917.7264,272.08067,160.53481,110.53064,244.67646,122.19082,83.051104,93.530364,231.81944,41.084546,123.57008,40.46528,231.08183,385.95754,11.08914,13.281503,13.280713,230.34773,206.00379,95.773792,24.996796,12.342323,11.716422,12.030039,1.5655546,0.31311205,0.93933427,0.31311495,0.93936565
5.9059059,659.9632,343.40113,218.21647,836.51621,431.52913,3059.6662,1622.9724,2912.6186,271.63918,160.32302,110.31884,244.27671,121.99411,82.889129,93.408747,231.4296,41.01305,123.3494,40.406245,230.7121,385.24318,11.117047,13.265976,13.26518,229.98957,205.6335,95.609132,24.996766,12.345416,11.731929,12.039346,1.5345228,0.30690568,0.92071514,0.30690857,0.92074643
6.006006,665.712,346.25726,219.34185,837.02998,431.89381,3054.4964,1620.2701,2907.6121,271.20644,160.11545,110.11124,243.88491,121.8013,82.730369,93.289542,231.04748,40.942973,123.13309,40.348381,230.34969,384.54298,11.144401,13.250757,13.249954,229.63851,205.27055,95.447735,24.996737,12.348447,11.74713,12.048468,1.5041058,0.30082228,0.90246497,0.30082517,0.90249615
6.1061061,671.34689,349.0568,220.44494,837.53357,432.25125,3049.4291,1617.6214,2902.7047,270.7823,159.91199,109.90776,243.50088,121.61232,82.57476,93.172701,230.67294,40.874284,122.92106,40.291664,229.99447,383.85664,11.171214,13.23584,13.235031,229.29441,204.9148,95.289536,24.996708,12.351418,11.762029,12.05741,1.4742915,0.29485942,0.88457639,0.2948623,0.88460746
6.2062062,676.87009,351.80084,221.52616,838.02718,432.60162,3044.4623,1615.0252,2897.8946,270.36657,159.71257,109.70832,243.12449,121.4271,82.422242,93.058179,230.30584,40.806957,122.71324,40.236071,229.64628,383.18389,11.197494,13.221218,13.220403,228.95713,204.5661,95.134474,24.99668,12.35433,11.776633,12.066174,1.4450682,0.28901476,0.86704241,0.28901762,0.86707337
6.3063063,682.28379,354.49049,222.58594,838.511,432.94503,3039.594,1612.4804,2893.1798,269.9591,159.51712,109.51285,242.75559,121.24556,82.272753,92.945929,229.94602,40.740966,122.50954,40.18158,229.30499,382.52448,11.223254,13.206886,13.206066,228.62655,204.22431,94.982487,24.996653,12.357185,11.790947,12.074765,1.4164243,0.28328597,0.84985606,0.28328883,0.84988689
6.4064064,687.59012,357.12679,223.62471,838.98523,433.28163,3034.8222,1609.9862,2888.5586,269.55973,159.32554,109.32125,242.39402,121.06763,82.126235,92.835908,229.59334,40.676284,122.30989,40.128171,228.97048,381.87814,11.248502,13.192839,13.192013,228.30252,203.88931,94.833514,24.996626,12.359983,11.804978,12.083185,1.3883485,0.2776708,0.83301055,0.27767364,0.83304125
6.5065065,692.79133,359.71086,224.64289,839.45006,433.61157,3030.1451,1607.5413,2884.0289,269.16828,159.13777,109.13346,242.03964,120.89324,81.982625,92.728068,229.24766,40.612885,122.11418,40.075819,228.64258,381.2446,11.27325,13.17907,13.178238,227.98491,203.56095,94.687493,24.996599,12.362726,11.81873,12.091438,1.3608289,0.27216687,0.81649877,0.2721697,0.81652934
6.6066066,697.88948,362.24373,225.6409,839.90568,433.93496,3025.5606,1605.1449,2879.589,268.78461,158.95373,108.9494,241.6923,120.72231,81.841866,92.622368,228.90883,40.550742,121.92236,40.024506,228.32119,380.62361,11.297508,13.165573,13.164736,227.67359,203.23909,94.544366,24.996573,12.365414,11.83221,12.099528,1.3338546,0.26677201,0.80031419,0.26677482,0.8003446
6.7067067,702.88656,364.72639,226.61913,840.35227,434.25195,3021.0671,1602.796,2875.2371,268.40855,158.77334,108.769,241.35186,120.55478,81.703903,92.518765,228.57673,40.489831,121.73434,39.974209,228.00616,380.01491,11.321284,13.152345,13.151502,227.36845,202.92362,94.404077,24.996547,12.368049,11.845422,12.107457,1.307415,0.26148409,0.78445044,0.26148689,0.78448071
6.8068068,707.78457,367.15983,227.57796,840.79,434.56264,3016.6627,1600.4937,2870.9716,268.03996,158.59653,108.59217,241.01819,120.39058,81.56868,92.417218,228.25122,40.430129,121.55005,39.924911,227.69738,379.41829,11.34459,13.139378,13.13853,227.06936,202.61441,94.26657,24.996522,12.370631,11.858373,12.115229,1.2814997,0.25630102,0.76890125,0.25630381,0.76893136
6.9069069,712.58543,369.545,228.51777,841.21905,434.86718,3012.3457,1598.2371,2866.7906,267.6787,158.42324,108.41886,240.69116,120.22964,81.436145,92.317687,227.93217,40.371612,121.36942,39.87659,227.39472,378.83348,11.367432,13.126669,13.125816,226.7762,202.31133,94.13179,24.996498,12.373163,11.871067,12.122847,1.2560984,0.25122076,0.75366045,0.25122353,0.7536904
7.007007,717.2912,371.88292,229.43896,841.6396,435.16568,3008.1142,1596.0252,2862.6924,267.3246,158.25338,108.249,240.37063,120.07191,81.30624,92.220129,227.61944,40.314254,121.19237,39.829226,227.09806,378.26026,11.389822,13.114212,13.113354,226.48886,202.01425,93.99968,24.996473,12.375644,11.883509,12.130314,1.2312002,0.24624111,0.73872153,0.24624387,0.73875131
7.1071071,721.9037,374.17452,230.3419,842.05182,435.45826,3003.9666,1593.8571,2858.6755,266.97754,158.0869,108.0825,240.05647,119.9173,81.178914,92.124507,227.31292,40.258034,121.01882,39.782802,226.80727,377.69838,11.411769,13.102001,13.101138,226.2072,201.72307,93.870189,24.99645,12.378076,11.895705,12.137633,1.2067955,0.24136016,0.72407869,0.2413629,0.72410829
7.2072072,726.42477,376.42068,231.22694,842.45586,435.74505,2999.9012,1591.732,2854.7382,266.63736,157.92372,107.91931,239.74856,119.76577,81.054118,92.030782,227.01248,40.202929,120.84872,39.737298,226.52225,377.14764,11.43328,13.090033,13.089165,225.93114,201.43765,93.743266,24.996426,12.38046,11.907659,12.144807,1.1828745,0.23657597,0.70972613,0.23657869,0.70975556
7.3073073,730.8562,378.62231,232.09443,842.85189,436.02614,2995.9165,1589.649,2850.879,266.30395,157.76379,107.75936,239.44676,119.61726,80.931801,91.938918,226.71801,40.148916,120.68199,39.692696,226.24287,376.60782,11.454365,13.078302,13.077429,225.66054,201.15791,93.618859,24.996403,12.382796,11.919375,12.151839,1.1594279,0.23188664,0.69565815,0.23188935,0.6956874
7.4074074,735.19974,380.78027,232.94472,843.24007,436.30166,2992.0109,1587.6074,2847.0964,265.97715,157.60703,107.60259,239.15098,119.47169,80.811914,91.848877,226.42938,40.095976,120.51857,39.64898,225.96904,376.07869,11.475031,13.066803,13.065926,225.39532,200.88371,93.49692,24.996381,12.385086,11.93086,12.158731,1.1364463,0.22729032,0.68186918,0.22729301,0.68189824
7.5075075,739.45727,382.8955,233.77817,843.62056,436.57172,2988.1826,1585.6062,2843.3887,265.65685,157.45339,107.44893,238.86107,119.32902,80.694407,91.760621,226.14647,40.044084,120.35838,39.606129,225.70062,375.56003,11.495288,13.055532,13.054651,225.13535,200.61494,93.377396,24.996359,12.387331,11.942117,12.165487,1.1139198,0.22278502,0.66835329,0.22278769,0.66838216
7.6076076,743.6304,384.9688,234.59509,843.9935,436.83643,2984.4302,1583.6446,2839.7545,265.3429,157.30279,107.29833,238.57692,119.18919,80.579233,91.674116,225.86917,39.993222,120.20137,39.564127,225.43753,375.05165,11.515143,13.044485,13.043599,224.88053,200.3515,93.260241,24.996337,12.389531,11.953151,12.172109,1.0918399,0.21836902,0.6551053,0.21837167,0.65513397
7.7077077,747.72081,387.001,235.39582,844.35906,437.09589,2980.7522,1581.722,2836.1923,265.03519,157.15519,107.15071,238.29842,119.05213,80.466348,91.589327,225.59738,39.943368,120.04747,39.522959,225.17965,374.55334,11.534605,13.033657,13.032767,224.63076,200.09328,93.14541,24.996316,12.391688,11.963966,12.178599,1.0701976,0.21404056,0.64211995,0.21404319,0.64214842
7.8078078,751.73012,388.99291,236.18068,844.71736,437.35021,2977.1472,1579.8375,2832.7008,264.73359,157.01052,107.00603,238.02546,118.9178,80.355704,91.506222,225.33098,39.894503,119.89663,39.482607,224.92688,374.0649,11.55368,13.023043,13.022149,224.38595,199.84019,93.032855,24.996295,12.393802,11.974566,12.184961,1.0489845,0.20979793,0.62939206,0.20980054,0.62942033
7.9079079,755.65992,390.94532,236.94997,845.06856,437.59948,2973.6137,1577.9903,2829.2786,264.43798,156.86872,106.86422,237.75793,118.78614,80.24726,91.424765,225.06986,39.846608,119.74878,39.443055,224.67912,373.58614,11.572378,13.01264,13.011742,224.14599,199.59211,92.922532,24.996275,12.395874,11.984956,12.191197,1.028192,0.20563942,0.61691656,0.20564202,0.61694463
8.008008,759.5119,392.85906,237.70402,845.4128,437.84381,2970.1502,1576.1798,2825.9241,264.14824,156.72974,106.72523,237.49572,118.6571,80.140967,91.344924,224.81392,39.799662,119.60385,39.404287,224.43627,373.11686,11.590704,13.002443,13.001541,223.91078,199.34895,92.814395,24.996255,12.397905,11.995141,12.197309,1.0078113,0.20156328,0.60468814,0.20156586,0.604716
8.1081081,763.28752,394.73487,238.44313,845.75022,438.0833,2966.7554,1574.4051,2822.6362,263.86425,156.59351,106.58899,237.23872,118.53062,80.036786,91.266667,224.56306,39.753646,119.4618,39.366287,224.19823,372.65687,11.608668,12.992448,12.991542,223.68024,199.11061,92.708401,24.996235,12.399896,12.005124,12.2033,0.98783463,0.19756793,0.59270211,0.19757049,0.59272976
8.2082082,766.9883,396.57349,239.16759,846.08094,438.31804,2963.4279,1572.6656,2819.4134,263.5859,156.45999,106.45546,236.98683,118.40666,79.934674,91.189962,224.31718,39.708544,119.32257,39.329041,223.9649,372.206,11.626275,12.982651,12.981741,223.45427,198.877,92.604509,24.996215,12.401847,12.014908,12.209172,0.96825395,0.19365179,0.58095369,0.19365433,0.58098112
8.3083083,770.6157,398.37566,239.87768,846.40511,438.54812,2960.1663,1570.9606,2816.2546,263.31308,156.32913,106.32459,236.73995,118.28516,79.834591,91.11478,224.07618,39.664336,119.1861,39.292533,223.73621,371.76405,11.643534,12.973049,12.972135,223.23277,198.64802,92.502677,24.996196,12.403759,12.024499,12.214928,0.94906153,0.1898133,0.56943823,0.18981581,0.56946544
8.4084084,774.1712,400.14211,240.5737,846.72286,438.77365,2956.9695,1569.2894,2813.1584,263.04568,156.20086,106.19632,236.49798,118.16608,79.736496,91.041089,223.83995,39.621004,119.05233,39.256749,223.51204,371.33086,11.66045,12.963636,12.962719,223.01567,198.42358,92.402863,24.996178,12.405634,12.0339,12.22057,0.93024951,0.18605089,0.55815101,0.18605338,0.558178
8.5085085,777.65635,401.8736,241.25594,847.03431,438.99471,2953.8359,1567.6513,2810.1235,262.78358,156.07514,106.07058,236.26081,118.04936,79.640346,90.968858,223.60841,39.578531,118.92121,39.221674,223.2923,370.90623,11.677031,12.954411,12.95349,222.80287,198.20358,92.305024,24.996159,12.407471,12.043114,12.2261,0.9118097,0.18236292,0.54708711,0.1823654,0.54711389
8.6086086,781.07245,403.57079,241.92467,847.3396,439.21139,2950.7644,1566.0456,2807.1487,262.52668,155.95191,105.94735,236.02836,117.93496,79.546105,90.898059,223.38145,39.536899,118.79269,39.187293,223.07692,370.49001,11.693283,12.945367,12.944443,222.59428,197.98794,92.209125,24.996141,12.409272,12.052146,12.23152,0.89373531,0.17874803,0.53624247,0.17875049,0.53626902
8.7087087,784.42084,405.23434,242.58014,847.63883,439.42377,2947.7539,1564.4718,2804.233,262.27489,155.83113,105.82656,235.80053,117.82284,79.453736,90.828665,223.159,39.496093,118.66672,39.153594,222.86581,370.08204,11.709214,12.936504,12.935576,222.38982,197.77658,92.115126,24.996124,12.411038,12.060999,12.236833,0.87601914,0.17520479,0.52561276,0.17520723,0.52563909
8.8088088,787.70284,406.86491,243.22262,847.93213,439.63194,2944.803,1562.9292,2801.375,262.0281,155.71275,105.70817,235.57723,117.71294,79.363202,90.760648,222.94096,39.456097,118.54324,39.120564,222.65888,369.68214,11.724828,12.927815,12.926884,222.18942,197.5694,92.022991,24.996106,12.412768,12.069676,12.242041,0.8586542,0.1717318,0.51519378,0.17173421,0.51521989
8.9089089,790.91976,408.46314,243.85235,848.21961,439.83598,2941.9106,1561.4172,2798.5738,261.78621,155.59672,105.59214,235.35837,117.60524,79.274467,90.693981,222.72725,39.416893,118.42222,39.088188,222.45605,369.29017,11.740133,12.9193,12.918365,221.99299,197.36634,91.932683,24.996089,12.414464,12.078182,12.247145,0.84163367,0.16832768,0.50498145,0.16833007,0.50500733
9.009009,794.07284,410.02965,244.46959,848.50139,440.03597,2939.0757,1559.9351,2795.8281,261.54913,155.483,105.47841,235.14387,117.49967,79.187497,90.628638,222.51778,39.378469,118.30359,39.056455,222.25724,368.90597,11.755134,12.910953,12.910015,221.80046,197.16731,91.844168,24.996072,12.416126,12.086518,12.252148,0.82495087,0.16499111,0.49497177,0.16499349,0.49499742
9.1091091,797.16345,411.56513,245.0746,848.77758,440.232,2936.297,1558.4825,2793.1369,261.31676,155.37154,105.36694,234.93364,117.39621,79.102254,90.564591,222.31247,39.340806,118.18732,39.025351,222.06237,368.52937,11.769838,12.902771,12.901831,221.61174,196.97222,91.757406,24.996056,12.417756,12.094689,12.257052,0.80859861,0.16172065,0.4851604,0.16172301,0.48518582
9.2092092,800.19296,413.07025,245.66764,849.04831,440.42416,2933.5732,1557.0585,2790.499,261.08899,155.26229,105.25768,234.72757,117.29479,79.0187,90.501811,222.11122,39.303887,118.07334,38.994862,221.87135,368.16022,11.784251,12.894752,12.893808,221.42676,196.78098,91.672359,24.99604,12.419353,12.102699,12.261859,0.79256965,0.15851485,0.47554301,0.15851718,0.4755682
9.3093093,803.16243,414.54554,246.24894,849.31368,440.6125,2930.9034,1555.6628,2787.9133,260.86574,155.1552,105.15059,234.52561,117.19539,78.936805,90.440277,221.91396,39.267701,117.96163,38.964978,221.68412,367.79837,11.798378,12.886891,12.885944,221.24544,196.59354,91.588999,24.996024,12.420918,12.11055,12.266571,0.77685837,0.15537259,0.46611623,0.1553749,0.4661412
9.4094094,806.07303,415.99159,246.81871,849.57378,440.79711,2928.2866,1554.2948,2785.3789,260.64693,155.05024,105.04562,234.32766,117.09797,78.856538,90.379964,221.72061,39.232233,117.85213,38.935685,221.50059,367.44369,11.812225,12.879186,12.878236,221.06771,196.40982,91.507291,24.996008,12.422453,12.118245,12.271189,0.76145858,0.15229262,0.45687635,0.15229491,0.45690108
9.5095095,808.9259,417.40895,247.37717,849.82873,440.97805,2925.7216,1552.9539,2782.8948,260.43247,154.94737,104.94275,234.13365,117.00249,78.777866,90.320848,221.5311,39.197468,117.7448,38.906974,221.32071,367.09604,11.825797,12.871634,12.870681,220.89351,196.22973,91.427203,24.995993,12.423957,12.125788,12.275716,0.74636423,0.14927375,0.44781973,0.14927601,0.44784423
9.6096096,811.72215,418.79819,247.92456,850.07861,441.15541,2923.2076,1551.6396,2780.4601,260.22227,154.84655,104.84192,233.94351,116.90891,78.700759,90.262906,221.34535,39.163394,117.6396,38.878833,221.14439,366.75528,11.8391,12.864232,12.863276,220.72276,196.05323,91.348705,24.995978,12.425431,12.133181,12.280153,0.73156942,0.14631478,0.43894283,0.14631702,0.4389671
9.7097097,814.46288,420.15984,248.46107,850.32354,441.32924,2920.7436,1550.3515,2778.0737,260.01625,154.74773,104.74309,233.75715,116.8172,78.625186,90.206116,221.1633,39.129996,117.53649,38.851251,220.97157,366.42128,11.852139,12.856977,12.856019,220.55541,195.88022,91.271766,24.995963,12.426876,12.140427,12.284502,0.71706841,0.14341457,0.43024222,0.14341679,0.43026625
9.8098098,817.14936,421.49453,248.98697,850.56361,441.49963,2918.3283,1549.0888,2775.7346,259.81432,154.65087,104.64623,233.5745,116.7273,78.551113,90.150451,220.98485,39.09726,117.43543,38.824215,220.80217,366.09388,11.86492,12.849865,12.848904,220.39136,195.71065,91.19635,24.995948,12.428292,12.14753,12.288764,0.70285446,0.14057177,0.42171383,0.14057397,0.42173763
9.9099099,819.78271,422.80283,249.50246,850.79893,441.66665,2915.9608,1547.8511,2773.4417,259.6164,154.55593,104.55129,233.39547,116.63919,78.478508,90.095887,220.80993,39.065172,117.33636,38.797714,220.63612,365.77295,11.877447,12.842894,12.841931,220.23056,195.54442,91.122425,24.995934,12.42968,12.154492,12.292943,0.68892161,0.13778519,0.41335411,0.13778737,0.41337768
10.01001,822.36385,424.0852,250.00774,851.02959,441.83036,2913.6402,1546.6379,2771.1944,259.4224,154.46288,104.45823,233.22,116.55283,78.407345,90.042407,220.63848,39.03372,117.23925,38.771738,220.47336,365.45838,11.889727,12.836061,12.835095,220.07295,195.38149,91.049966,24.99592,12.431041,12.161316,12.297038,0.67526496,0.13505385,0.40516011,0.13505601,0.40518344
10.11011,824.89381,425.34213,250.50299,851.25568,441.99082,2911.3657,1545.4488,2768.9916,259.23226,154.37168,104.36702,233.04803,116.46819,78.337597,89.989987,220.47043,39.002892,117.14408,38.746277,220.31382,365.15003,11.901763,12.829364,12.828396,219.91846,195.22179,90.978944,24.995906,12.432374,12.168005,12.301052,0.66187912,0.13237667,0.3971286,0.13237881,0.3971517
10.21021,827.37359,426.57413,250.98842,851.47728,442.14809,2909.1363,1544.2833,2766.8325,259.0459,154.28229,104.27763,232.87947,116.38524,78.269236,89.938609,220.30572,38.972676,117.05079,38.721321,220.15745,364.8478,11.913559,12.8228,12.821829,219.76703,195.06526,90.90933,24.995893,12.433682,12.174561,12.304987,0.64875884,0.12975261,0.38925642,0.12975473,0.38927928
10.31031,829.80414,427.78168,251.46422,851.69448,442.30225,2906.9512,1543.141,2764.7164,258.86325,154.19468,104.19001,232.71428,116.30394,78.202235,89.888251,220.14428,38.94306,116.95935,38.696861,220.00418,364.55156,11.925122,12.816366,12.815392,219.61861,194.91184,90.841099,24.99588,12.434963,12.180987,12.308843,0.63589898,0.12718063,0.38154049,0.12718272,0.38156312
10.41041,832.18642,428.96524,251.93056,851.90736,442.45334,2904.8095,1542.0213,2762.6423,258.68424,154.10881,104.10414,232.55238,116.22426,78.136568,89.838894,219.98605,38.914032,116.86973,38.672887,219.85395,364.2612,11.936455,12.810059,12.809084,219.47314,194.76146,90.774222,24.995866,12.436219,12.187285,12.312623,0.62329454,0.12465973,0.37397782,0.12466181,0.37400022
10.510511,834.52159,430.1254,252.38768,852.11604,442.60144,2902.7101,1540.9238,2760.6092,258.50877,154.02464,104.01997,232.39369,116.14616,78.072202,89.790514,219.83095,38.885579,116.78188,38.649387,219.70669,363.97657,11.947564,12.803878,12.8029,219.33054,194.61406,90.708668,24.995854,12.43745,12.193459,12.316328,0.61093936,0.12218869,0.3665647,0.12219074,0.36658687
10.610611,836.81054,431.26259,252.83576,852.32058,442.74661,2900.6523,1539.848,2758.6165,258.33678,153.94215,103.93747,232.23816,116.06961,78.009113,89.743093,219.67892,38.857689,116.69577,38.626352,219.56234,363.69756,11.958453,12.797819,12.796838,219.19076,194.46957,90.644412,24.995841,12.438656,12.19951,12.31996,0.59882874,0.11976656,0.35929831,0.11976859,0.35932025
10.710711,839.05411,432.37724,253.27495,852.52107,442.8889,2898.6354,1538.7935,2756.6632,258.16821,153.86129,103.85661,232.08572,115.99458,77.947279,89.696612,219.5299,38.830353,116.61136,38.603774,219.42085,363.42409,11.969126,12.79188,12.790897,219.05375,194.32795,90.581429,24.995829,12.439839,12.205442,12.32352,0.58695821,0.11739244,0.35217598,0.11739445,0.35219768
10.810811,841.25319,433.46979,253.70543,852.71759,443.02837,2896.6584,1537.76,2754.7487,258.00299,153.78204,103.77736,231.93632,115.92105,77.886673,89.651054,219.38385,38.803558,116.52863,38.581643,219.28216,363.15602,11.979588,12.786058,12.785074,218.91946,194.18914,90.519695,24.995816,12.440998,12.211255,12.327009,0.57532307,0.11506541,0.34519489,0.11506739,0.34521636
10.910911,843.40865,434.54066,254.12737,852.9102,443.16508,2894.7207,1536.7469,2752.8722,257.84105,153.70437,103.69968,231.78989,115.84898,77.827272,89.606401,219.24069,38.777296,116.44754,38.559952,219.14623,362.89327,11.989841,12.780353,12.779366,218.78783,194.05308,90.459186,24.995804,12.442134,12.216954,12.330429,0.56391874,0.11278453,0.33835228,0.1127865,0.33837352
11.011011,845.52133,435.59028,254.54094,853.09899,443.29906,2892.8214,1535.754,2751.033,257.68234,153.62824,103.62355,231.64638,115.77835,77.769053,89.562634,219.10037,38.751554,116.36806,38.538691,219.01299,362.63573,11.999892,12.77476,12.773771,218.65881,193.91972,90.399878,24.995793,12.443248,12.222539,12.333781,0.55274075,0.11054893,0.33164548,0.11055087,0.33166649
11.111111,847.59205,436.61906,254.94629,853.28403,443.43039,2890.9599,1534.7808,2749.2304,257.52678,153.55363,103.54894,231.50573,115.70912,77.711994,89.519737,218.96284,38.726325,116.29016,38.517853,218.88239,362.38329,12.009742,12.769278,12.768288,218.53236,193.789,90.341747,24.995781,12.444339,12.228014,12.337067,0.54178475,0.10835772,0.32507187,0.10835964,0.32509265
11.211211,849.62187,437.62751,255.34364,853.46542,443.55912,2889.1351,1533.8268,2747.4634,257.37431,153.4805,103.4758,231.36786,115.64127,77.656064,89.477688,218.82803,38.701594,116.2138,38.497426,218.75437,362.13583,12.019398,12.763905,12.762912,218.40839,193.66087,90.284765,24.99577,12.445409,12.23338,12.340287,0.53104521,0.1062098,0.31862813,0.1062117,0.31864868
11.311311,851.61147,438.61599,255.73312,853.64321,443.6853,2887.3465,1532.8917,2745.7314,257.22486,153.40881,103.40411,231.23275,115.57477,77.601245,89.436473,218.69589,38.677353,116.13895,38.477404,218.62889,361.89327,12.028863,12.758638,12.757644,218.28689,193.53528,90.228911,24.995758,12.446458,12.23864,12.343444,0.52051841,0.10410443,0.31231204,0.10410631,0.31233236
11.411411,853.56164,439.58487,256.11487,853.81748,443.80898,2885.5934,1531.9752,2744.0338,257.07838,153.33856,103.33385,231.10032,115.50959,77.547516,89.396076,218.56637,38.653592,116.06559,38.457779,218.50589,361.65551,12.03814,12.753476,12.752479,218.16779,193.41217,90.174165,24.995747,12.447486,12.243796,12.346538,0.51020029,0.1020408,0.30612116,0.10204266,0.30614126
11.511512,855.47313,440.53453,256.48905,853.98829,443.93021,2883.8751,1531.0768,2742.3698,256.93482,153.2697,103.26499,230.97052,115.44571,77.494854,89.35648,218.43942,38.630304,115.99368,38.438543,218.38533,361.42246,12.047233,12.748416,12.747417,218.05105,193.29151,90.120504,24.995737,12.448493,12.248849,12.349571,0.50008677,0.10001809,0.30005304,0.10001993,0.30007291
11.611612,857.34671,441.46536,256.85581,854.15571,444.04903,2882.1908,1530.1963,2740.739,256.7941,153.20221,103.19749,230.84331,115.3831,77.44324,89.31767,218.31498,38.607477,115.92319,38.419689,218.26716,361.19402,12.056145,12.743457,12.742456,217.93662,193.17324,90.067907,24.995726,12.449481,12.253802,12.352544,0.49017387,0.098035502,0.29410529,0.09803732,0.29412493
11.711712,859.18311,442.37772,257.2153,854.31981,444.16549,2880.54,1529.3333,2739.1405,256.65619,153.13606,103.13134,230.71864,115.32173,77.392653,89.279631,218.19302,38.585103,115.85411,38.401209,218.15133,360.97011,12.064881,12.738595,12.737593,217.82446,193.05731,90.016354,24.995715,12.450449,12.258657,12.355457,0.4804577,0.09609226,0.28827557,0.096094057,0.288295
11.811812,860.98305,443.27196,257.56764,854.48065,444.27964,2878.922,1528.4874,2737.5737,256.52102,153.07123,103.06651,230.59645,115.2616,77.343073,89.242348,218.07348,38.563174,115.78639,38.383096,218.03779,360.75064,12.073443,12.733831,12.732827,217.71453,192.94369,89.965824,24.995705,12.451397,12.263416,12.358313,0.47093443,0.094187597,0.2825616,0.094189374,0.2825808
11.911912,862.74745,444.14855,257.91303,854.63832,444.39154,2877.3359,1527.6582,2736.038,256.38853,153.00768,103.00296,230.47669,115.20265,77.294474,89.205802,217.9563,38.541678,115.72002,38.36534,217.9265,360.53549,12.081836,12.72916,12.728154,217.60677,192.83231,89.916292,24.995695,12.452327,12.26808,12.361113,0.46159919,0.092320541,0.27696045,0.092322298,0.27697942
12.012012,864.47688,445.00777,258.25157,854.79286,444.50122,2875.7813,1526.8454,2734.5327,256.25867,152.94539,102.94067,230.35931,115.14487,77.246841,89.16998,217.84145,38.520609,115.65496,38.347937,217.81741,360.3246,12.090063,12.724582,12.723574,217.50114,192.72313,89.867742,24.995685,12.453239,12.272652,12.363857,0.45244897,0.09049049,0.2714703,0.090492226,0.27148906
12.112112,866.17203,445.84995,258.58341,854.94433,444.60872,2874.2575,1526.0488,2733.0573,256.13139,152.88434,102.87962,230.24426,115.08825,77.200155,89.134869,217.72887,38.499957,115.59118,38.330878,217.71048,360.11788,12.098126,12.720095,12.719085,217.3976,192.61612,89.820154,24.995675,12.454132,12.277134,12.366546,0.44348014,0.088696717,0.266089,0.088698433,0.26610754
12.212212,867.83356,446.67543,258.90866,855.0928,444.71409,2872.7639,1525.2679,2731.6111,256.00664,152.82451,102.81978,230.13151,115.03276,77.154397,89.100455,217.61852,38.479714,115.52868,38.314158,217.60567,359.91526,12.10603,12.715696,12.714686,217.29611,192.51123,89.773509,24.995666,12.455008,12.281526,12.369182,0.43468917,0.086938514,0.2608144,0.08694021,0.26083273
12.312312,869.46214,447.48453,259.22746,855.23833,444.81737,2871.3,1524.5026,2730.1937,255.88437,152.76587,102.76113,230.021,114.97836,77.109549,89.066723,217.51036,38.459874,115.46741,38.29777,217.50294,359.71664,12.113777,12.711385,12.710373,217.19664,192.40842,89.727789,24.995656,12.455866,12.285831,12.371766,0.42607259,0.085215191,0.25564445,0.085216867,0.25566255
12.412412,871.05838,448.27758,259.53993,855.38097,444.9186,2869.8651,1523.7524,2728.8044,255.76454,152.70839,102.70366,229.9127,114.92506,77.065594,89.033662,217.40435,38.440427,115.40736,38.281706,217.40224,359.52197,12.12137,12.70716,12.706146,217.09913,192.30765,89.682977,24.995647,12.456708,12.290051,12.374299,0.41762704,0.083526073,0.25057711,0.083527729,0.250595
12.512513,872.62302,449.05492,259.84621,855.52078,445.01783,2868.4587,1523.0171,2727.4427,255.64708,152.65206,102.64732,229.80655,114.87281,77.022511,89.001256,217.30044,38.421366,115.34849,38.265961,217.30353,359.33114,12.128812,12.703018,12.702002,217.00356,192.20887,89.639052,24.995638,12.457532,12.294188,12.376781,0.40934874,0.081870405,0.24561011,0.081872041,0.24562779
12.612613,874.157,449.81703,260.14649,855.65785,445.11511,2867.0798,1522.2963,2726.1077,255.53194,152.59683,102.59209,229.70249,114.82159,76.980276,88.969486,217.19857,38.402679,115.29078,38.250525,217.20676,359.14404,12.136109,12.698957,12.69794,216.90986,192.11203,89.595988,24.995629,12.458341,12.298243,12.379215,0.40123266,0.080247182,0.24074046,0.080248799,0.24075793
12.712713,875.66063,450.56406,260.44083,855.79221,445.21046,2865.7283,1521.5897,2724.7992,255.41907,152.5427,102.53795,229.6005,114.77139,76.938878,88.938344,217.09871,38.384361,115.23422,38.235394,217.1119,358.96064,12.143261,12.694977,12.693958,216.818,192.0171,89.553775,24.99562,12.459133,12.302218,12.3816,0.39327717,0.078656077,0.23596716,0.078657674,0.23598441
12.812813,877.13449,451.2963,260.72935,855.92391,445.30393,2864.4034,1520.897,2723.5166,255.30845,152.48964,102.48489,229.50054,114.72219,76.898302,88.907819,217.00083,38.366406,115.17877,38.220562,217.01891,358.78086,12.150272,12.691076,12.690056,216.72797,191.92405,89.512398,24.995611,12.45991,12.306114,12.383939,0.38547914,0.077096463,0.23128833,0.077098041,0.23130538
12.912913,878.57918,452.01405,261.01215,856.05301,445.39554,2863.1049,1520.2182,2722.2594,255.20002,152.43763,102.43289,229.40256,114.67397,76.858531,88.877899,216.90488,38.348807,115.12442,38.206024,216.92776,358.60463,12.157144,12.687251,12.68623,216.63971,191.83284,89.47184,24.995602,12.460671,12.309933,12.386231,0.37783552,0.07556773,0.22670214,0.075569289,0.22671898
13.013013,879.99524,452.71758,261.28935,856.17954,445.48534,2861.832,1519.5527,2721.0271,255.09375,152.38666,102.38191,229.30654,114.6267,76.819551,88.848573,216.81084,38.331556,115.07114,38.191775,216.83842,358.43189,12.163879,12.683503,12.68248,216.5532,191.74344,89.432085,24.995594,12.461417,12.313677,12.388477,0.37034332,0.074069284,0.22220681,0.074070824,0.22222345
13.113113,881.38323,453.40715,261.56105,856.30357,445.57336,2860.5844,1518.9005,2719.8193,254.98959,152.33671,102.33195,229.21242,114.58038,76.781346,88.819828,216.71866,38.314648,115.01893,38.177807,216.75085,358.26256,12.170482,12.679829,12.678804,216.46841,191.65581,89.393118,24.995586,12.462149,12.317346,12.39068,0.36299967,0.072600547,0.21780062,0.072602068,0.21781705
13.213213,882.74367,454.08305,261.82736,856.42513,445.65964,2859.3616,1518.2612,2718.6355,254.8875,152.28775,102.28299,229.12019,114.53498,76.743901,88.791653,216.62831,38.298075,114.96774,38.164117,216.66501,358.09659,12.176953,12.676227,12.675202,216.38529,191.56991,89.354925,24.995577,12.462866,12.320942,12.392838,0.35580176,0.071160957,0.21348186,0.071162459,0.21349809
13.313313,884.07709,454.74551,262.08838,856.54428,445.7442,2858.1631,1517.6346,2717.4753,254.78744,152.23976,102.235,229.02979,114.49049,76.707203,88.764039,216.53976,38.281832,114.91758,38.150699,216.58087,357.93391,12.183295,12.672698,12.671671,216.30382,191.48573,89.31749,24.995569,12.463568,12.324467,12.394953,0.34874686,0.069749969,0.20924891,0.069751453,0.20926494
13.413413,885.38397,455.3948,262.34421,856.66106,445.82707,2856.9885,1517.0205,2716.3381,254.68939,152.19273,102.18797,228.94121,114.44689,76.671237,88.736975,216.45296,38.265912,114.86841,38.137548,216.49841,357.77445,12.189511,12.669238,12.66821,216.22398,191.40321,89.280799,24.995561,12.464257,12.327922,12.397027,0.34183232,0.068367054,0.20510017,0.068368519,0.205116
13.513514,886.66481,456.03114,262.59494,856.77551,445.9083,2855.8372,1516.4186,2715.2237,254.59329,152.14664,102.14188,228.85439,114.40416,76.635989,88.71045,216.3679,38.250309,114.82022,38.124659,216.41758,357.61817,12.195604,12.665848,12.664818,216.14572,191.32234,89.24484,24.995554,12.464932,12.331308,12.399059,0.33505558,0.067011699,0.20103412,0.067013146,0.20104975
13.613614,887.92008,456.65478,262.84066,856.88768,445.9879,2854.709,1515.8288,2714.1315,254.49911,152.10147,102.09671,228.76932,114.36229,76.601448,88.684455,216.28453,38.235018,114.773,38.112027,216.33837,357.465,12.201574,12.662525,12.661494,216.06902,191.24308,89.209598,24.995546,12.465594,12.334626,12.40105,0.32841416,0.065683407,0.19704926,0.065684836,0.19706469
13.713714,889.15101,457.26633,263.08162,856.99767,446.06596,2853.6026,1515.2504,2713.0606,254.40677,152.05719,102.05242,228.68591,114.32123,76.567578,88.658965,216.20278,38.220024,114.72669,38.099641,216.26069,357.31479,12.207429,12.659266,12.658234,215.9938,191.16536,89.175039,24.995538,12.466242,12.33788,12.403003,0.32190148,0.064380864,0.19314164,0.064382275,0.19315688
13.813814,890.35779,457.86588,263.31784,857.1055,446.14249,2852.518,1514.6834,2712.0107,254.31624,152.01377,102.009,228.60414,114.28098,76.534375,88.633975,216.12263,38.205324,114.68128,38.087497,216.18453,357.16753,12.213169,12.656072,12.655038,215.92006,191.08916,89.141159,24.995531,12.466878,12.34107,12.404918,0.31551661,0.063103885,0.18931071,0.063105277,0.18932576
13.913914,891.54067,458.45356,263.5494,857.2112,446.2175,2851.4548,1514.1276,2710.9816,254.22752,151.97122,101.96645,228.524,114.24153,76.501832,88.60948,216.04407,38.190915,114.63678,38.075594,216.10988,357.02317,12.218796,12.65294,12.651906,215.84778,191.01447,89.107948,24.995524,12.467501,12.344197,12.406794,0.30925816,0.061852186,0.18555563,0.061853561,0.18557048
14.014014,892.70012,459.02959,263.77636,857.3148,446.29102,2850.4127,1513.5828,2709.9729,254.14055,151.92951,101.92474,228.44545,114.20287,76.469935,88.58547,215.96706,38.176792,114.59316,38.063926,216.03671,356.88166,12.22431,12.649871,12.648835,215.77692,190.94125,89.075396,24.995516,12.468112,12.347262,12.408634,0.3031237,0.060625287,0.18187494,0.060626645,0.18188961
14.114114,893.83658,459.5942,263.99883,857.41635,446.36309,2849.3913,1513.0488,2708.9842,254.05532,151.88863,101.88386,228.36848,114.16498,76.438673,88.561937,215.89159,38.162949,114.5504,38.05249,215.96498,356.74295,12.229716,12.646863,12.645826,215.70747,190.86949,89.043489,24.995509,12.468711,12.350266,12.410437,0.29711089,0.059422719,0.17826725,0.05942406,0.17828173
14.214214,894.95047,460.14761,264.21687,857.51588,446.43372,2848.3902,1512.5254,2708.0153,253.97178,151.84857,101.84379,228.29303,114.12785,76.408033,88.538871,215.8176,38.14938,114.50849,38.041281,215.89468,356.60699,12.235014,12.643914,12.642876,215.6394,190.79915,89.012215,24.995502,12.469298,12.353211,12.412204,0.29121748,0.058244029,0.17473119,0.058245352,0.17474549
14.314314,896.04221,460.69,264.43058,857.61344,446.50296,2847.409,1512.0125,2707.0656,253.88991,151.80931,101.80452,228.2191,114.09146,76.378005,88.516264,215.74509,38.136082,114.46742,38.030295,215.82577,356.47373,12.240207,12.641024,12.639985,215.57267,190.7302,88.981563,24.995495,12.469873,12.356097,12.413936,0.28544124,0.057088776,0.17126545,0.057090082,0.17127955
14.414414,897.11221,461.2216,264.64004,857.70905,446.57081,2846.4473,1511.5097,2706.1348,253.80967,151.77083,101.76604,228.14665,114.05579,76.348577,88.494108,215.67403,38.123049,114.42716,38.019528,215.75823,356.34311,12.245296,12.638192,12.637151,215.50727,190.66263,88.951521,24.995489,12.470437,12.358925,12.415633,0.27978006,0.055956533,0.16786873,0.055957822,0.16788265
14.514515,898.16086,461.74258,264.84531,857.80275,446.63731,2845.5049,1511.017,2705.2227,253.73104,151.73312,101.72833,228.07565,114.02085,76.319738,88.472394,215.60438,38.110276,114.3877,38.008975,215.69203,356.21509,12.250284,12.635416,12.634374,215.44318,190.59641,88.922078,24.995482,12.470989,12.361697,12.417297,0.27423186,0.054846887,0.1645398,0.054848159,0.16455354
14.614615,899.18852,462.25315,265.04648,857.89458,446.70247,2844.5813,1510.5342,2704.3288,253.65399,151.69617,101.69138,228.00607,113.9866,76.291478,88.451115,215.53612,38.097758,114.34904,37.998634,215.62716,356.08963,12.255171,12.632695,12.631653,215.38036,190.53151,88.893224,24.995475,12.471531,12.364413,12.418927,0.26879465,0.053759438,0.16127746,0.053760693,0.16129103
14.714715,900.19558,462.75347,265.24361,857.98456,446.76633,2843.6762,1510.0611,2703.4529,253.57849,151.65996,101.65517,227.93791,113.95305,76.263786,88.430262,215.46923,38.085492,114.31115,37.9885,215.56359,355.96667,12.259961,12.630029,12.628986,215.3188,190.46791,88.864948,24.995469,12.472061,12.367075,12.420525,0.2634665,0.0526938,0.15808056,0.05269504,0.15809395
14.814815,901.18274,463.24391,265.43685,858.07277,446.82893,2842.7891,1509.5973,2702.5943,253.50449,151.62447,101.61968,227.87109,113.92016,76.236644,88.409822,215.40366,38.073468,114.274,37.978566,215.50127,355.84614,12.264656,12.627416,12.626372,215.25846,190.40556,88.837231,24.995462,12.472582,12.369685,12.422091,0.25824359,0.051649212,0.15494681,0.051650435,0.15496002
14.914915,902.15098,463.72495,265.62638,858.15929,446.89033,2841.9189,1509.1424,2701.7523,253.4319,151.58966,101.58487,227.80557,113.88791,76.210024,88.389774,215.33935,38.061675,114.23757,37.968823,215.44014,355.72791,12.269262,12.624853,12.623808,215.19927,190.34441,88.810045,24.995456,12.473092,12.372244,12.423627,0.25312082,0.050624652,0.15187314,0.050625859,0.15188617
15.015015,903.10003,464.19645,265.81216,858.24409,446.95051,2841.066,1508.6965,2700.9269,253.36077,151.55555,101.55075,227.74135,113.8563,76.183933,88.370123,215.27631,38.050115,114.20186,37.959272,215.38022,355.61201,12.273775,12.622341,12.621294,215.14125,190.28446,88.783397,24.99545,12.473592,12.374753,12.425132,0.24809957,0.049620396,0.14886038,0.049621587,0.14887324
15.115115,904.03026,464.65861,265.99425,858.32721,447.0095,2840.2301,1508.2595,2700.1179,253.29104,151.52211,101.51731,227.67841,113.82532,76.158361,88.350862,215.21452,38.038785,114.16686,37.949912,215.32149,355.49841,12.2782,12.619878,12.618831,215.08437,190.22571,88.757278,24.995444,12.474082,12.377212,12.426608,0.2431779,0.048636056,0.14590737,0.048637231,0.14592006
15.215215,904.94202,465.11159,266.17273,858.40868,447.06732,2839.4107,1507.8312,2699.325,253.22271,151.48934,101.48454,227.61673,113.79496,76.133299,88.331983,215.15395,38.027679,114.13255,37.940737,215.26392,355.38705,12.282536,12.617465,12.616416,215.02862,190.16812,88.731677,24.995438,12.474562,12.379622,12.428054,0.23835393,0.047671255,0.14301298,0.047672415,0.1430255
15.315315,905.83567,465.55556,266.34767,858.48853,447.12399,2838.6076,1507.4113,2698.5479,253.15574,151.45723,101.45242,227.55628,113.7652,76.108736,88.31348,215.09459,38.016795,114.09893,37.931744,215.20749,355.2779,12.286786,12.615099,12.61405,214.97398,190.11167,88.706584,24.995432,12.475033,12.381984,12.429472,0.23362581,0.046725626,0.1401761,0.04672677,0.14018846
15.415415,906.71153,465.99071,266.51912,858.5668,447.17953,2837.8205,1506.9999,2697.7863,253.0901,151.42575,101.42095,227.49704,113.73605,76.084665,88.295345,215.03641,38.006127,114.06597,37.92293,215.15218,355.17091,12.290952,12.61278,12.61173,214.92042,190.05634,88.68199,24.995426,12.475494,12.384299,12.430861,0.22899178,0.045798813,0.13739567,0.045799942,0.13740786
15.515516,907.56994,466.41718,266.68715,858.6435,447.23396,2837.0491,1506.5966,2697.0399,253.02578,151.39491,101.3901,227.43899,113.70747,76.061074,88.277571,214.97938,37.995672,114.03367,37.914292,215.09798,355.06605,12.295035,12.610508,12.609457,214.86793,190.00211,88.657886,24.99542,12.475946,12.386568,12.432223,0.2244501,0.044890471,0.13467066,0.044891584,0.13468268
15.615616,908.41121,466.83514,266.85183,858.71867,447.28731,2836.2931,1506.2014,2696.3085,252.96275,151.36468,101.35987,227.3821,113.67947,76.037957,88.260153,214.92349,37.985425,114.00201,37.905826,215.04485,354.96327,12.299036,12.608281,12.607229,214.81648,189.94897,88.634263,24.995414,12.476389,12.388792,12.433558,0.21999909,0.044000264,0.13200005,0.044001362,0.13201191
15.715716,909.23565,467.24474,267.01322,858.79234,447.33959,2835.5523,1505.8142,2695.5917,252.90098,151.33506,101.33025,227.32637,113.65204,76.015303,88.243083,214.86872,37.975384,113.97099,37.897529,214.99278,354.86254,12.302957,12.606099,12.605045,214.76606,189.89688,88.611112,24.995409,12.476824,12.390971,12.434865,0.21563715,0.043127868,0.12938287,0.043128952,0.12939457
15.815816,910.04355,467.64612,267.17136,858.86453,447.39082,2834.8263,1505.4347,2694.8893,252.84046,151.30604,101.30122,227.27175,113.62515,75.993106,88.226355,214.81505,37.965544,113.94059,37.889399,214.94175,354.76383,12.306799,12.60396,12.602906,214.71665,189.84584,88.588426,24.995403,12.477249,12.393106,12.436147,0.21136269,0.042272971,0.12681819,0.04227404,0.12682973
15.915916,910.83521,468.03942,267.32633,858.93527,447.44102,2834.1149,1505.0628,2694.201,252.78116,151.27761,101.27278,227.21825,113.59882,75.971357,88.209964,214.76246,37.955902,113.9108,37.881433,214.89175,354.66709,12.310564,12.601864,12.600809,214.66822,189.79582,88.566195,24.995398,12.477666,12.395199,12.437403,0.20717421,0.041435269,0.12430509,0.041436323,0.12431648
16.016016,911.61176,468.42523,267.47834,859.00465,447.49027,2833.4171,1504.698,2693.5259,252.72299,151.24971,101.24489,227.16576,113.57298,75.950025,88.193886,214.71086,37.946444,113.88158,37.873618,214.8427,354.57219,12.314258,12.599808,12.598753,214.62072,189.74676,88.544388,24.995392,12.478075,12.397252,12.438635,0.20306561,0.040613545,0.12183993,0.040614585,0.12185116
16.116116,912.37301,468.80343,267.62736,859.07268,447.53854,2832.7331,1504.3404,2692.8642,252.66597,151.22237,101.21755,227.11433,113.54766,75.929114,88.178125,214.66029,37.937173,113.85293,37.865958,214.79461,354.47916,12.317878,12.597793,12.596737,214.57415,189.69866,88.523011,24.995387,12.478476,12.399264,12.439842,0.19903799,0.039808014,0.11942334,0.039809039,0.11943442
16.216216,913.11917,469.17413,267.77342,859.13935,447.58586,2832.0626,1503.99,2692.2156,252.61009,151.19558,101.19075,227.06391,113.52285,75.90862,88.162676,214.61071,37.928085,113.82485,37.858449,214.74748,354.38796,12.321427,12.595818,12.59476,214.5285,189.65151,88.502057,24.995382,12.478869,12.401236,12.441026,0.19509025,0.03901846,0.11705469,0.039019471,0.11706562
16.316316,913.85051,469.53748,267.91658,859.2047,447.63223,2831.4055,1503.6465,2691.5799,252.55532,151.16932,101.16449,227.01451,113.49853,75.888535,88.147534,214.56212,37.919178,113.79733,37.851089,214.70127,354.29856,12.324905,12.593882,12.592824,214.48376,189.6053,88.481518,24.995377,12.479254,12.403169,12.442186,0.19122085,0.038244576,0.11473305,0.038245573,0.11474382
16.416416,914.56733,469.89361,268.0569,859.26875,447.67769,2830.7614,1503.3098,2690.9568,252.50165,151.14358,101.13875,226.96609,113.4747,75.868849,88.132692,214.51449,37.910448,113.77035,37.843875,214.65598,354.21093,12.328314,12.591984,12.590925,214.4399,189.56,88.461388,24.995371,12.479632,12.405064,12.443323,0.18742831,0.037486062,0.11245752,0.037487046,0.11246814
16.516517,915.2699,470.24265,268.19442,859.33153,447.72224,2830.1301,1502.9798,2690.3462,252.44904,151.11836,101.11352,226.91864,113.45134,75.849557,88.118146,214.4678,37.901892,113.74391,37.836805,214.61159,354.12504,12.331655,12.590124,12.589064,214.39691,189.5156,88.441657,24.995366,12.480002,12.40692,12.444437,0.18371117,0.036742628,0.11022723,0.036743599,0.1102377
16.616617,915.95849,470.58476,268.32921,859.39306,447.76591,2829.5114,1502.6564,2689.7477,252.39749,151.09364,101.0888,226.87215,113.42846,75.830651,88.103889,214.42204,37.893505,113.71799,37.829876,214.56808,354.04085,12.33493,12.588301,12.587241,214.35477,189.47209,88.422319,24.995361,12.480365,12.40874,12.445529,0.18006801,0.036013991,0.10804132,0.036014948,0.10805166
16.716717,916.63335,470.92004,268.46132,859.45336,447.8087,2828.905,1502.3394,2689.1612,252.34697,151.06942,101.06457,226.82658,113.40603,75.812123,88.089917,214.3772,37.885286,113.69259,37.823084,214.52544,353.95832,12.33814,12.586515,12.585453,214.31347,189.42943,88.403365,24.995356,12.48072,12.410524,12.4466,0.17649746,0.035299876,0.10589899,0.03530082,0.10590918
16.816817,917.29474,471.24863,268.59079,859.51246,447.85064,2828.3108,1502.0288,2688.5864,252.29746,151.04568,101.04083,226.78194,113.38405,75.793966,88.076223,214.33324,37.877231,113.6677,37.816428,214.48364,353.87744,12.341285,12.584764,12.583702,214.27299,189.38763,88.38479,24.995352,12.481068,12.412272,12.447649,0.1729982,0.034600018,0.10379942,0.034600948,0.10380947
16.916917,917.9429,471.57065,268.71766,859.57038,447.89174,2827.7284,1501.7244,2688.0232,252.24894,151.02242,101.01757,226.73819,113.36252,75.776174,88.062803,214.29017,37.869338,113.64331,37.809906,214.44268,353.79817,12.344368,12.583048,12.581985,214.23331,189.34666,88.366586,24.995347,12.48141,12.413985,12.448677,0.16956892,0.033914157,0.10174185,0.033915075,0.10175176
17.017017,918.57807,471.88621,268.842,859.62713,447.93202,2827.1578,1501.4261,2687.4713,252.20141,150.99962,100.99477,226.69533,113.34142,75.758741,88.049652,214.24796,37.861602,113.6194,37.803513,214.40254,353.72048,12.347388,12.581367,12.580303,214.19443,189.30651,88.348747,24.995342,12.481744,12.415664,12.449684,0.16620839,0.033242046,0.099725522,0.03324295,0.099735289
17.117117,919.20075,472.19557,268.96389,859.68277,447.97151,2826.5983,1501.1337,2686.9302,252.1548,150.97728,100.97243,226.65331,113.32074,75.741651,88.03676,214.20657,37.854019,113.59596,37.797247,214.36318,353.64431,12.35035,12.579718,12.578653,214.15631,189.26715,88.331257,24.995337,12.482072,12.41731,12.450672,0.1629139,0.032583142,0.09774882,0.032584034,0.097758451
17.217217,919.81139,472.49894,269.08342,859.73734,448.01023,2826.0497,1500.8469,2686.3997,252.10911,150.95537,100.95052,226.61212,113.30046,75.724894,88.024117,214.16598,37.846582,113.57298,37.791102,214.32458,353.56961,12.353254,12.578102,12.577036,214.11893,189.22855,88.314106,24.995333,12.482393,12.418924,12.451641,0.15968314,0.031936987,0.095810362,0.031937866,0.095819856
17.317317,920.40993,472.79631,269.20058,859.79082,448.04819,2825.512,1500.5659,2685.8796,252.06432,150.9339,100.92904,226.57174,113.28059,75.70847,88.011725,214.1262,37.839293,113.55045,37.785078,214.28674,353.49637,12.3561,12.576517,12.575451,214.08228,189.19071,88.297295,24.995328,12.482709,12.420506,12.45259,0.15651642,0.031303637,0.093910322,0.031304504,0.093919683
17.417417,920.9966,473.08778,269.31542,859.84324,448.08539,2824.9849,1500.2904,2685.37,252.02043,150.91286,100.908,226.53218,113.26111,75.692373,87.999578,214.0872,37.832148,113.52837,37.779174,214.24965,353.42459,12.35889,12.574964,12.573897,214.04635,189.15361,88.280816,24.995324,12.483017,12.422056,12.45352,0.15341249,0.030682846,0.092047956,0.030683701,0.092057184
17.517518,921.57163,473.37346,269.42799,859.89463,448.12186,2824.4683,1500.0204,2684.8704,251.97741,150.89223,100.88737,226.4934,113.24203,75.676598,87.987672,214.04898,37.825145,113.50672,37.773387,214.2133,353.35422,12.361625,12.573442,12.572374,214.01114,189.11726,88.264664,24.995319,12.48332,12.423576,12.454433,0.15037014,0.030074371,0.090222539,0.030075213,0.090231636
17.617618,922.13524,473.65347,269.53831,859.94499,448.1576,2823.9619,1499.7557,2684.3808,251.93525,150.87202,100.86716,226.4554,113.22332,75.661137,87.976002,214.01151,37.818281,113.48551,37.767715,214.17766,353.28524,12.364305,12.571949,12.570881,213.97662,189.08162,88.248832,24.995315,12.483617,12.425066,12.455326,0.14738819,0.029477977,0.088433364,0.029478807,0.088442332
17.717718,922.68766,473.92792,269.64645,859.99435,448.19263,2823.4657,1499.4963,2683.901,251.89393,150.85221,100.84734,226.41817,113.20499,75.645984,87.964565,213.97478,37.811554,113.46471,37.762155,214.14273,353.21762,12.366932,12.570487,12.569418,213.94278,189.04669,88.233315,24.995311,12.483908,12.426526,12.456203,0.1444655,0.028893434,0.086679746,0.028894253,0.086688586
17.817818,923.22908,474.19691,269.75243,860.04273,448.22697,2822.9793,1499.2421,2683.4307,251.85344,150.8328,100.82793,226.38168,113.18703,75.631135,87.953354,213.93879,37.80496,113.44433,37.756706,214.10849,353.15134,12.369507,12.569054,12.567984,213.90961,189.01245,88.218106,24.995306,12.484193,12.427956,12.457061,0.14160097,0.028320522,0.084961017,0.028321329,0.084969731
17.917918,923.75971,474.46054,269.8563,860.09015,448.26062,2822.5026,1498.993,2682.9698,251.81376,150.81378,100.8089,226.34592,113.16943,75.616583,87.942368,213.9035,37.798498,113.42435,37.751366,214.07493,353.08637,12.37203,12.567649,12.566578,213.8771,188.97889,88.203199,24.995302,12.484472,12.429359,12.457903,0.1387935,0.027759025,0.083276532,0.02775982,0.083285121
18.018018,924.27976,474.71891,269.9581,860.13662,448.2936,2822.0354,1498.7488,2682.5182,251.77487,150.79514,100.79026,226.31088,113.15219,75.602323,87.9316,213.86893,37.792165,113.40477,37.746132,214.04204,353.02269,12.374503,12.566272,12.565201,213.84524,188.94599,88.18859,24.995298,12.484746,12.430733,12.458728,0.13604207,0.027208733,0.081625664,0.027209517,0.08163413
18.118118,924.78941,474.97211,270.05787,860.18216,448.32592,2821.5776,1498.5095,2682.0756,251.73676,150.77687,100.77199,226.27655,113.13529,75.588349,87.921047,213.83504,37.785958,113.38559,37.741003,214.0098,352.96028,12.376927,12.564923,12.563851,213.81401,188.91376,88.174273,24.995294,12.485014,12.43208,12.459536,0.13334565,0.026669444,0.080007806,0.026670217,0.08001615
18.218218,925.28885,475.22024,270.15563,860.22679,448.35759,2821.129,1498.2751,2681.6419,251.69942,150.75897,100.75409,226.24291,113.11873,75.574657,87.910706,213.80182,37.779876,113.36678,37.735976,213.97821,352.89911,12.379302,12.5636,12.562528,213.7834,188.88216,88.160242,24.99529,12.485277,12.4334,12.460328,0.13070325,0.02614096,0.078422361,0.026141722,0.078430585
18.318318,925.77875,475.46363,270.25153,860.27056,448.38866,2820.6889,1498.0451,2681.2165,251.6628,150.74141,100.73653,226.20992,113.10249,75.561227,87.900562,213.76924,37.77391,113.34834,37.731045,213.94721,352.8391,12.381632,12.562303,12.56123,213.75337,188.85117,88.146478,24.995286,12.485535,12.434695,12.461105,0.12811126,0.025622558,0.076867164,0.025623309,0.076875268
18.418418,926.25896,475.70221,270.34553,860.31348,448.41911,2820.2575,1497.8196,2680.7995,251.6269,150.72421,100.71932,226.17759,113.08658,75.548065,87.890619,213.73731,37.768062,113.33026,37.726212,213.91683,352.78027,12.383915,12.561032,12.559958,213.72393,188.82079,88.132986,24.995282,12.485788,12.435964,12.461867,0.12557061,0.025114423,0.075342765,0.025115163,0.075350752
18.518519,926.72966,475.93605,270.43767,860.35554,448.44896,2819.8347,1497.5987,2680.3909,251.59172,150.70734,100.70245,226.14591,113.07099,75.535165,87.880873,213.706,37.76233,113.31253,37.721475,213.88704,352.7226,12.386154,12.559786,12.558711,213.69508,188.79101,88.119762,24.995278,12.486035,12.437208,12.462613,0.12308029,0.024616355,0.073848567,0.024617084,0.073856439
18.618619,927.19102,476.16527,270.52798,860.39676,448.47822,2819.4203,1497.3821,2679.9903,251.55725,150.69082,100.68592,226.11486,113.0557,75.522522,87.871319,213.67531,37.756711,113.29516,37.716831,213.85785,352.66606,12.388348,12.558564,12.557489,213.66679,188.76182,88.106799,24.995274,12.486278,12.438427,12.463345,0.12063933,0.02412816,0.07238399,0.024128879,0.072391748
18.718719,927.64323,476.38993,270.6165,860.43717,448.5069,2819.0141,1497.1698,2679.5977,251.52345,150.67462,100.66972,226.08443,113.04073,75.510131,87.861956,213.64523,37.751204,113.27813,37.71228,213.82923,352.61064,12.390498,12.557367,12.556291,213.63906,188.7332,88.094093,24.99527,12.486516,12.439622,12.464062,0.11824681,0.023649651,0.07094847,0.023650359,0.070956114
18.818819,928.08646,476.61014,270.70326,860.47678,448.53501,2818.616,1496.9618,2679.213,251.49034,150.65875,100.65385,226.05462,113.02605,75.497988,87.852778,213.61574,37.745807,113.26144,37.707819,213.80118,352.55631,12.392606,12.556194,12.555117,213.61188,188.70515,88.081639,24.995266,12.48675,12.440793,12.464765,0.1159018,0.023180644,0.069541457,0.023181342,0.06954899
18.918919,928.52088,476.82596,270.7883,860.5156,448.56256,2818.2258,1496.7579,2678.8359,251.45788,150.64319,100.63829,226.0254,113.01167,75.486087,87.843782,213.58684,37.740517,113.24509,37.703446,213.77368,352.50305,12.394672,12.555044,12.553967,213.58523,188.67766,88.069433,24.995263,12.486978,12.441941,12.465454,0.11360341,0.022720963,0.068162419,0.02272165,0.068169842
19.019019,928.94664,477.03749,270.87164,860.55365,448.58956,2817.8434,1496.558,2678.4664,251.42608,150.62795,100.62304,225.99677,112.99758,75.474425,87.834965,213.55851,37.735332,113.22905,37.699161,213.74672,352.45085,12.396696,12.553916,12.552839,213.55911,188.65071,88.057468,24.995259,12.487202,12.443066,12.466129,0.11135079,0.022270434,0.06681084,0.022271112,0.066818154
19.119119,929.36392,477.2448,270.95332,860.59093,448.61603,2817.4687,1496.3622,2678.1042,251.39491,150.61301,100.6081,225.96871,112.98377,75.462997,87.826324,213.53075,37.73025,113.21334,37.694961,213.7203,352.39968,12.39868,12.552811,12.551733,213.53351,188.62429,88.045743,24.995255,12.487422,12.444169,12.46679,0.10914309,0.021828891,0.065486218,0.021829559,0.065493425
19.219219,929.77286,477.44797,271.03337,860.62748,448.64196,2817.1014,1496.1702,2677.7493,251.36437,150.59837,100.59346,225.94122,112.97024,75.451798,87.817856,213.50353,37.72527,113.19794,37.690845,213.69441,352.34952,12.400625,12.551729,12.55065,213.50842,188.5984,88.034251,24.995251,12.487637,12.44525,12.467439,0.10697952,0.021396173,0.064188071,0.021396831,0.064195172
19.319319,930.1736,477.64706,271.11182,860.66329,448.66738,2816.7415,1495.9822,2677.4016,251.33444,150.58403,100.57911,225.91429,112.95698,75.440826,87.809557,213.47686,37.72039,113.18284,37.686811,213.66903,352.30036,12.402531,12.550668,12.549588,213.48383,188.57303,88.022989,24.995248,12.487848,12.446309,12.468074,0.10485929,0.020972124,0.062915929,0.020972772,0.062922925
19.419419,930.56664,477.84233,271.18875,860.69841,448.6923,2816.3885,1495.7977,2677.0605,251.30509,150.56997,100.56505,225.88788,112.94398,75.430065,87.801417,213.45071,37.715604,113.16804,37.682855,213.64414,352.25214,12.4044,12.549627,12.548547,213.4597,188.54814,88.011943,24.995244,12.488055,12.447347,12.468698,0.10277983,0.020556228,0.061668247,0.020556866,0.06167514
19.51952,930.95215,478.03386,271.26422,860.73286,448.71675,2816.0423,1495.6168,2676.726,251.27631,150.55617,100.55125,225.86198,112.93124,75.419512,87.793434,213.42505,37.710909,113.15352,37.678974,213.61972,352.20484,12.406233,12.548606,12.547526,213.43604,188.52373,88.001108,24.995241,12.488257,12.448366,12.469309,0.10074019,0.020148296,0.060444457,0.020148925,0.060451249
19.61962,931.33005,478.22161,271.33819,860.76663,448.74072,2815.7029,1495.4395,2676.3982,251.2481,150.54265,100.53773,225.8366,112.91874,75.409168,87.785607,213.39989,37.706307,113.13928,37.67517,213.59578,352.15846,12.40803,12.547606,12.546524,213.41283,188.4998,87.990487,24.995237,12.488456,12.449365,12.469908,0.098740819,0.019748417,0.059244828,0.019749037,0.059251519
19.71972,931.70049,478.40565,271.4107,860.79974,448.76422,2815.3702,1495.2656,2676.0768,251.22045,150.5294,100.52447,225.81173,112.9065,75.39903,87.777935,213.37523,37.701796,113.12533,37.671441,213.57231,352.11299,12.409791,12.546625,12.545543,213.39009,188.47634,87.980075,24.995234,12.488651,12.450343,12.470496,0.096780947,0.019356439,0.0580689,0.01935705,0.058075492
19.81982,932.0636,478.58605,271.48178,860.83219,448.78725,2815.0441,1495.0952,2675.7618,251.19335,150.51642,100.51148,225.78735,112.8945,75.389094,87.770415,213.35105,37.697374,113.11165,37.667786,213.54931,352.06841,12.411518,12.545663,12.544581,213.36779,188.45334,87.969869,24.99523,12.488842,12.451303,12.471071,0.094859834,0.018972213,0.056916227,0.018972814,0.056922721
19.91992,932.41952,478.76287,271.55145,860.86399,448.80982,2814.7245,1494.9282,2675.4531,251.16679,150.50369,100.49875,225.76346,112.88275,75.379355,87.763043,213.32735,37.69304,113.09824,37.664203,213.52675,352.02471,12.41321,12.544721,12.543638,213.34592,188.43079,87.959865,24.995227,12.489029,12.452243,12.471636,0.092976759,0.018595594,0.055786377,0.018596187,0.055792775
20.02002,932.76838,478.93619,271.61974,860.89517,448.83195,2814.4113,1494.7646,2675.1505,251.14076,150.49121,100.48628,225.74005,112.87122,75.369812,87.755818,213.30412,37.688791,113.0851,37.660692,213.50464,351.98186,12.414869,12.543797,12.542714,213.32449,188.40868,87.950058,24.995224,12.489213,12.453165,12.472189,0.091131024,0.018226444,0.054678932,0.018227028,0.054685234
20.12012,933.11032,479.10607,271.68668,860.92573,448.85364,2814.1042,1494.6041,2674.854,251.11525,150.47899,100.47405,225.71712,112.85994,75.360459,87.748736,213.28135,37.684627,113.07222,37.657249,213.48297,351.93986,12.416495,12.542892,12.541808,213.30348,188.38702,87.940446,24.99522,12.489393,12.454069,12.472731,0.089321956,0.017864626,0.053593486,0.017865202,0.053599694
20.22022,933.44544,479.27257,271.75228,860.95568,448.87489,2813.8033,1494.4469,2674.5633,251.09025,150.46701,100.46207,225.69464,112.84887,75.351293,87.741794,213.25903,37.680546,113.05959,37.653876,213.46172,351.89869,12.418089,12.542005,12.54092,213.28288,188.36578,87.931025,24.995217,12.489569,12.454954,12.473262,0.087548902,0.017510012,0.052529649,0.017510579,0.052535765
20.32032,933.77388,479.43574,271.81657,860.98503,448.89572,2813.5084,1494.2928,2674.2785,251.06575,150.45527,100.45033,225.67262,112.83803,75.342312,87.734991,213.23715,37.676547,113.04721,37.650569,213.4409,351.85833,12.41965,12.541135,12.540049,213.26269,188.34496,87.921792,24.995214,12.489742,12.455822,12.473783,0.085811234,0.017162475,0.051487044,0.017163033,0.051493068
20.42042,934.09574,479.59565,271.87957,861.01379,448.91614,2813.2194,1494.1418,2673.9995,251.04175,150.44377,100.43882,225.65104,112.82741,75.333511,87.728324,213.21571,37.672627,113.03508,37.647329,213.42049,351.81877,12.421181,12.540283,12.539197,213.24291,188.32456,87.912743,24.995211,12.489911,12.456672,12.474293,0.084108346,0.016821894,0.050465306,0.016822444,0.05047124
20.520521,934.41115,479.75234,271.94131,861.04198,448.93615,2812.9362,1493.9939,2673.726,251.01823,150.43251,100.42755,225.6299,112.81701,75.324889,87.72179,213.19469,37.668786,113.0232,37.644154,213.40049,351.78,12.422681,12.539447,12.538361,213.22351,188.30457,87.903875,24.995207,12.490077,12.457506,12.474793,0.082439655,0.016488153,0.049464087,0.016488694,0.049469932
20.620621,934.72019,479.90588,272.00181,861.0696,448.95575,2812.6587,1493.8489,2673.4581,250.99518,150.42147,100.41651,225.60919,112.80682,75.316442,87.715389,213.1741,37.665023,113.01155,37.641042,213.38088,351.742,12.42415,12.538629,12.537542,213.2045,188.28497,87.895185,24.995204,12.490239,12.458322,12.475283,0.080804601,0.016161138,0.048483051,0.016161672,0.048488807
20.720721,935.02298,480.05631,272.06108,861.09666,448.97495,2812.3869,1493.7069,2673.1956,250.97261,150.41065,100.40569,225.58891,112.79684,75.308167,87.709116,213.15392,37.661336,113.00014,37.637994,213.36167,351.70476,12.42559,12.537827,12.53674,213.18588,188.26577,87.886672,24.995201,12.490399,12.459122,12.475763,0.079202647,0.015840744,0.047521874,0.01584127,0.047527544
20.820821,935.3196,480.20368,272.11914,861.12317,448.99377,2812.1205,1493.5677,2672.9385,250.9505,150.40006,100.3951,225.56905,112.78706,75.300061,87.702971,213.13415,37.657723,112.98896,37.635008,213.34285,351.66827,12.427,12.537042,12.535954,213.16763,188.24696,87.87833,24.995198,12.490555,12.459906,12.476234,0.077633279,0.015526868,0.046580249,0.015527385,0.046585833
20.920921,935.61103,480.34847,272.17619,861.14921,449.01226,2811.8589,1493.4311,2672.6859,250.92878,150.38966,100.38469,225.54954,112.77746,75.292099,87.696933,213.11473,37.654174,112.97798,37.632073,213.32436,351.63242,12.428386,12.53627,12.535181,213.14969,188.22848,87.870135,24.995195,12.490708,12.460676,12.476696,0.076091408,0.01521849,0.045655122,0.015219,0.045660622
21.021021,935.89672,480.4904,272.23211,861.17474,449.03038,2811.6024,1493.2971,2672.4384,250.90749,150.37946,100.37449,225.53042,112.76805,75.284295,87.691014,213.09568,37.650695,112.96721,37.629197,213.30623,351.59726,12.429744,12.535514,12.534424,213.13211,188.21036,87.862101,24.995192,12.490858,12.461431,12.477148,0.074579954,0.014916196,0.044748246,0.014916698,0.044753662
21.121121,936.17675,480.62952,272.28693,861.19977,449.04814,2811.351,1493.1657,2672.1957,250.88663,150.36946,100.36449,225.51168,112.75883,75.276646,87.685212,213.07701,37.647285,112.95665,37.626378,213.28845,351.56279,12.431076,12.534772,12.533682,213.11487,188.19259,87.854226,24.995189,12.491005,12.462171,12.477592,0.073098401,0.014619883,0.04385931,0.014620377,0.043864644
21.221221,936.45123,480.76589,272.34066,861.2243,449.06555,2811.1046,1493.037,2671.9579,250.86618,150.35967,100.35469,225.49332,112.74979,75.26915,87.679525,213.05871,37.643942,112.94631,37.623614,213.27103,351.529,12.432381,12.534045,12.532955,213.09797,188.17517,87.846506,24.995186,12.491149,12.462896,12.478027,0.071646196,0.014329439,0.042987983,0.014329925,0.042993236
21.321321,936.72027,480.89955,272.39332,861.24835,449.08262,2810.8631,1492.9109,2671.7248,250.84614,150.35007,100.34509,225.47532,112.74094,75.261804,87.67395,213.04076,37.640666,112.93616,37.620905,213.25395,351.49587,12.43366,12.533333,12.532242,213.0814,188.1581,87.838939,24.995183,12.491291,12.463607,12.478454,0.070222804,0.014044757,0.042133944,0.014045237,0.042139118
21.421421,936.98396,481.03056,272.44494,861.27191,449.09935,2810.6264,1492.7872,2671.4963,250.8265,150.34066,100.33568,225.45769,112.73226,75.254605,87.668486,213.02318,37.637455,112.92622,37.61825,213.2372,351.46339,12.434914,12.532634,12.531543,213.06515,188.14136,87.831521,24.99518,12.491429,12.464303,12.478872,0.068827709,0.013765735,0.041296883,0.013766207,0.041301978
21.521522,937.24239,481.15895,272.49553,861.29501,449.11574,2810.3944,1492.666,2671.2725,250.80726,150.33145,100.32646,225.44042,112.72376,75.247551,87.663131,213.00594,37.634308,112.91648,37.615648,213.22078,351.43155,12.436143,12.53195,12.530858,213.04923,188.12496,87.824252,24.995177,12.491565,12.464986,12.479282,0.067460411,0.013492273,0.0404765,0.013492738,0.040481518
21.621622,937.49567,481.28478,272.5451,861.31765,449.13181,2810.1671,1492.5473,2671.0531,250.7884,150.32242,100.31743,225.4235,112.71543,75.240639,87.657882,212.98904,37.631223,112.90693,37.613097,213.20469,351.40034,12.437347,12.531279,12.530187,213.03362,188.10887,87.817127,24.995174,12.491698,12.465655,12.479683,0.066120428,0.013224273,0.039672506,0.013224731,0.039677447
21.721722,937.74386,481.40809,272.59369,861.33983,449.14756,2809.9443,1492.4309,2670.8381,250.76992,150.31357,100.30858,225.40692,112.70728,75.233867,87.652739,212.97248,37.628201,112.89757,37.610598,213.18892,351.36974,12.438527,12.530622,12.529529,213.01832,188.09311,87.810144,24.995171,12.491829,12.466311,12.480076,0.064807295,0.012961644,0.038884623,0.012962095,0.038889488
21.821822,937.98707,481.52892,272.6413,861.36157,449.16298,2809.726,1492.3169,2670.6275,250.75182,150.3049,100.29991,225.39068,112.69928,75.227232,87.647698,212.95624,37.625239,112.88839,37.608149,213.17347,351.33975,12.439684,12.529978,12.528884,213.00332,188.07767,87.803302,24.995168,12.491957,12.466953,12.480462,0.063520566,0.012704295,0.038112581,0.012704739,0.038117373
21.921922,938.22537,481.64731,272.68794,861.38287,449.1781,2809.5121,1492.2052,2670.4212,250.73409,150.29641,100.29141,225.37477,112.69146,75.220732,87.642759,212.94034,37.622337,112.87941,37.605749,213.15832,351.31036,12.440817,12.529347,12.528252,212.98862,188.06253,87.796597,24.995166,12.492082,12.467583,12.48084,0.062259811,0.012452142,0.037356125,0.012452579,0.037360843
22.022022,938.45883,481.7633,272.73364,861.40373,449.19291,2809.3025,1492.0957,2670.2191,250.71672,150.28809,100.28309,225.35919,112.68379,75.214365,87.63792,212.92475,37.619494,112.8706,37.603398,213.14348,351.28156,12.441927,12.528728,12.527634,212.97422,188.0477,87.790027,24.995163,12.492204,12.468199,12.48121,0.06102462,0.0122051,0.036615006,0.012205531,0.036619652
22.122122,938.68754,481.87693,272.77841,861.42418,449.20743,2809.0973,1491.9885,2670.0211,250.6997,150.27994,100.27494,225.34393,112.67628,75.208129,87.633179,212.90948,37.616708,112.86197,37.601094,213.12893,351.25334,12.443014,12.528123,12.527027,212.9601,188.03316,87.783592,24.99516,12.492325,12.468804,12.481572,0.059814597,0.011963093,0.035888989,0.011963517,0.035893563
22.222222,938.91157,481.98823,272.82227,861.4442,449.22164,2808.8962,1491.8835,2669.8271,250.68304,150.27196,100.26696,225.32899,112.66893,75.202022,87.628535,212.89452,37.61398,112.85352,37.598838,213.11469,351.22569,12.444079,12.527529,12.526433,212.94627,188.01893,87.777287,24.995157,12.492442,12.469395,12.481927,0.058629366,0.011726044,0.035177847,0.011726462,0.035182351
22.322322,939.13129,482.09739,272.86528,861.46384,449.23558,2808.699,1491.7806,2669.637,250.6667,150.26414,100.25913,225.31435,112.66172,75.196033,87.62398,212.87984,37.611304,112.84523,37.596625,213.10071,351.19856,12.445124,12.526947,12.525851,212.93271,188.00496,87.771103,24.995154,12.492558,12.469976,12.482275,0.057466902,0.011493549,0.034480365,0.01149396,0.034484799
22.422422,939.34705,482.20458,272.90751,861.48312,449.24927,2808.5054,1491.6794,2669.4502,250.65065,150.25646,100.25145,225.29997,112.65465,75.190153,87.619507,212.86543,37.608676,112.83709,37.594452,213.08698,351.17191,12.44615,12.526376,12.525279,212.91938,187.99124,87.765031,24.995152,12.492671,12.470546,12.482617,0.056325385,0.011265243,0.033795452,0.011265648,0.033799818
22.522523,939.55853,482.30965,272.94891,861.50203,449.26269,2808.3156,1491.5803,2669.2672,250.63493,150.24893,100.24392,225.28588,112.64772,75.184391,87.615122,212.8513,37.606101,112.82911,37.592322,213.07352,351.14578,12.447155,12.525816,12.524718,212.90632,187.97779,87.759078,24.995149,12.492782,12.471104,12.482952,0.055206503,0.011041464,0.033124119,0.011041862,0.033128417
22.622623,939.76581,482.41263,272.98948,861.52055,449.27584,2808.1296,1491.4832,2669.0879,250.61952,150.24156,100.23654,225.27207,112.64092,75.178744,87.610824,212.83745,37.603576,112.82129,37.590234,213.06033,351.12016,12.448141,12.525267,12.524169,212.89351,187.96461,87.753243,24.995146,12.492891,12.471652,12.483281,0.05410983,0.010822127,0.032466112,0.010822519,0.032470344
22.722723,939.96898,482.51357,273.02925,861.53871,449.28873,2807.9473,1491.388,2668.9121,250.60442,150.23433,100.22931,225.25854,112.63427,75.173211,87.606611,212.82387,37.601102,112.81362,37.588188,213.04739,351.09505,12.449107,12.524729,12.52363,212.88095,187.95168,87.747524,24.995144,12.492998,12.472188,12.483603,0.053034954,0.010607149,0.031821183,0.010607535,0.031825349
22.822823,940.1681,482.61249,273.06823,861.55651,449.30137,2807.7686,1491.2947,2668.7399,250.58963,150.22725,100.22222,225.24529,112.62775,75.167789,87.602482,212.81055,37.598677,112.80611,37.586182,213.03471,351.07043,12.450053,12.524201,12.523102,212.86863,187.93901,87.741918,24.995141,12.493102,12.472714,12.483918,0.051981474,0.010396451,0.031189092,0.010396831,0.031193194
22.922923,940.36325,482.70945,273.10643,861.57396,449.31375,2807.5935,1491.2033,2668.5711,250.57513,150.22031,100.21528,225.23231,112.62136,75.162476,87.598435,212.7975,37.5963,112.79874,37.584216,213.02228,351.04629,12.450981,12.523684,12.522585,212.85656,187.92659,87.736423,24.995138,12.493205,12.47323,12.484228,0.050949004,0.010189954,0.030569607,0.010190329,0.030573645
23.023023,940.5545,482.80446,273.14387,861.59105,449.32588,2807.4219,1491.1137,2668.4057,250.56092,150.21351,100.20848,225.21959,112.6151,75.15727,87.594468,212.78471,37.593971,112.79152,37.58229,213.0101,351.02262,12.451891,12.523178,12.522077,212.84473,187.91442,87.731038,24.995136,12.493305,12.473735,12.484531,0.049937168,0.0099875849,0.029962502,0.0099879534,0.029966477
23.123123,940.74192,482.89758,273.18056,861.60781,449.33778,2807.2538,1491.0259,2668.2436,250.547,150.20685,100.20181,225.20713,112.60898,75.15217,87.590581,212.77218,37.591688,112.78444,37.580402,212.99816,350.99942,12.452782,12.522681,12.52158,212.83313,187.90249,87.72576,24.995133,12.493403,12.47423,12.484828,0.048945605,0.0097892699,0.029367561,0.0097896326,0.029371474
23.223223,940.92557,482.98882,273.21651,861.62422,449.34943,2807.089,1490.9398,2668.0848,250.53337,150.20032,100.19528,225.19493,112.60297,75.147174,87.586772,212.75989,37.589451,112.77751,37.578552,212.98645,350.97668,12.453655,12.522195,12.521093,212.82176,187.89079,87.720588,24.995131,12.4935,12.474715,12.485119,0.047973964,0.0095949394,0.028784573,0.0095952965,0.028788426
23.323323,941.10552,483.07822,273.25173,861.64031,449.36085,2806.9276,1490.8556,2667.9292,250.52001,150.19393,100.18889,225.18297,112.59709,75.142279,87.583039,212.74784,37.587259,112.77071,37.576739,212.97498,350.95439,12.45451,12.521718,12.520616,212.81061,187.87933,87.71552,24.995128,12.493594,12.47519,12.485404,0.047021909,0.0094045261,0.028213337,0.0094048776,0.028217129
23.423423,941.28183,483.16582,273.28624,861.65607,449.37204,2806.7694,1490.773,2667.7768,250.50692,150.18767,100.18262,225.17127,112.59133,75.137484,87.579381,212.73604,37.585112,112.76406,37.574962,212.96373,350.93254,12.455349,12.521251,12.520149,212.79969,187.8681,87.710554,24.995126,12.493687,12.475656,12.485683,0.046089115,0.0092179651,0.027653658,0.0092183111,0.027657391
23.523524,941.45456,483.25163,273.32006,861.67151,449.383,2806.6144,1490.6921,2667.6275,250.49411,150.18153,100.17649,225.1598,112.58569,75.132788,87.575797,212.72448,37.583008,112.75753,37.573222,212.95271,350.91113,12.45617,12.520793,12.519691,212.78898,187.85709,87.705688,24.995123,12.493777,12.476112,12.485957,0.04517527,0.0090351939,0.027105348,0.0090355345,0.027109022
23.623624,941.62377,483.33569,273.35318,861.68664,449.39374,2806.4627,1490.6128,2667.4813,250.48155,150.17553,100.17048,225.14858,112.58017,75.128189,87.572286,212.71315,37.580947,112.75114,37.571517,212.94192,350.89015,12.456974,12.520345,12.519242,212.77849,187.8463,87.700921,24.995121,12.493866,12.476559,12.486225,0.044280075,0.0088561528,0.026568228,0.008856488,0.026571845
23.723724,941.7895,483.41803,273.38562,861.70145,449.40426,2806.314,1490.5352,2667.3381,250.46926,150.16965,100.16459,225.13759,112.57476,75.123685,87.568847,212.70204,37.578928,112.74488,37.569847,212.93134,350.86959,12.457762,12.519906,12.518802,212.76821,187.83573,87.696252,24.995118,12.493953,12.476997,12.486487,0.043403243,0.0086807843,0.026042126,0.0086811143,0.026045686
23.823824,941.95228,483.4989,273.41748,861.71601,449.41459,2806.168,1490.459,2667.1974,250.45719,150.16387,100.15882,225.1268,112.56946,75.119263,87.565468,212.69114,37.576946,112.73873,37.568207,212.92095,350.84939,12.458536,12.519475,12.51837,212.75811,187.82535,87.691665,24.995116,12.494039,12.477427,12.486745,0.042542036,0.0085085407,0.025525399,0.0085088655,0.025528903
23.923924,942.11191,483.57821,273.44873,861.73028,449.42472,2806.0248,1490.3843,2667.0595,250.44535,150.15821,100.15315,225.11622,112.56425,75.114926,87.562155,212.68044,37.575001,112.7327,37.566598,212.91075,350.82957,12.459295,12.519052,12.517947,212.7482,187.81517,87.687167,24.995113,12.494122,12.477848,12.486998,0.041697475,0.0083396264,0.02501866,0.0083399461,0.025022109
24.024024,942.26838,483.65595,273.47936,861.74427,449.43465,2805.8845,1490.311,2666.9244,250.43375,150.15266,100.1476,225.10586,112.55916,75.110677,87.558907,212.66995,37.573095,112.72679,37.565021,212.90076,350.81014,12.460039,12.518637,12.517532,212.73848,187.80519,87.682757,24.995111,12.494204,12.478261,12.487246,0.040869674,0.0081740642,0.024521976,0.0081743789,0.024525371
24.124124,942.42174,483.73214,273.50938,861.75798,449.44439,2805.7469,1490.2392,2666.7919,250.42238,150.14723,100.14216,225.0957,112.55416,75.106514,87.555724,212.65967,37.571227,112.72099,37.563476,212.89096,350.79108,12.460768,12.518231,12.517125,212.72896,187.7954,87.678434,24.995108,12.494285,12.478666,12.487489,0.040058313,0.0080117901,0.024035157,0.0080120998,0.024038499
24.224224,942.57205,483.80682,273.5388,861.77141,449.45393,2805.6121,1490.1689,2666.6621,250.41125,150.1419,100.13683,225.08576,112.54927,75.102434,87.552603,212.64959,37.569396,112.71531,37.561961,212.88135,350.7724,12.461483,12.517833,12.516726,212.71961,187.7858,87.674198,24.995106,12.494364,12.479063,12.487727,0.039263082,0.0078527418,0.023558016,0.0078530467,0.023561305
24.324324,942.71937,483.88001,273.56764,861.78459,449.46328,2805.48,1490.0999,2666.5349,250.40033,150.13668,100.13161,225.07601,112.54448,75.098436,87.549544,212.63971,37.567602,112.70974,37.560476,212.87194,350.75408,12.462183,12.517442,12.516335,212.71045,187.77639,87.670044,24.995104,12.494441,12.479452,12.48796,0.038483679,0.0076968592,0.023090371,0.0076971592,0.023093608
24.424424,942.86375,483.95174,273.5959,861.79749,449.47245,2805.3505,1490.0323,2666.4103,250.38964,150.13157,100.12649,225.06647,112.53979,75.09452,87.546546,212.63002,37.565843,112.70428,37.559021,212.8627,350.73612,12.462869,12.51706,12.515952,212.70147,187.76717,87.665974,24.995101,12.494517,12.479833,12.488189,0.03771981,0.0075440835,0.022632047,0.0075443788,0.022635233
24.524525,943.00525,484.02204,273.6236,861.81015,449.48143,2805.2236,1489.9661,2666.2881,250.37916,150.12656,100.12148,225.05712,112.53519,75.090682,87.543608,212.62052,37.564119,112.69893,37.557594,212.85365,350.7185,12.463542,12.516685,12.515577,212.69267,187.75813,87.661984,24.995099,12.494591,12.480207,12.488413,0.036971192,0.007394358,0.022182874,0.0073946487,0.02218601
24.624625,943.14392,484.09093,273.65075,861.82254,449.49023,2805.0993,1489.9012,2666.1685,250.36889,150.12165,100.11657,225.04796,112.53068,75.086922,87.540727,212.61121,37.56243,112.69369,37.556197,212.84478,350.70124,12.464201,12.516317,12.515209,212.68403,187.74927,87.658073,24.995096,12.494663,12.480573,12.488633,0.036237551,0.0072476279,0.021742687,0.007247914,0.021745773
24.724725,943.2798,484.15844,273.67735,861.83469,449.49886,2804.9774,1489.8376,2666.0512,250.35884,150.11684,100.11176,225.03899,112.52627,75.083239,87.537905,212.60208,37.560775,112.68855,37.554827,212.83608,350.68431,12.464847,12.515957,12.514848,212.67557,187.74058,87.654241,24.995094,12.494735,12.480932,12.488848,0.035518621,0.0071038401,0.021311327,0.0071041216,0.021314364
24.824825,943.41296,484.2246,273.70341,861.8466,449.50731,2804.858,1489.7753,2665.9363,250.34898,150.11213,100.10704,225.0302,112.52195,75.07963,87.535138,212.59314,37.559152,112.68351,37.553484,212.82755,350.66771,12.46548,12.515604,12.514495,212.66727,187.73206,87.650485,24.995092,12.494804,12.481283,12.489059,0.034814147,0.0069629433,0.02088864,0.0069632204,0.020891628
24.924925,943.54343,484.28942,273.72895,861.85826,449.51559,2804.7411,1489.7143,2665.8238,250.33933,150.10752,100.10243,225.0216,112.51772,75.076096,87.532428,212.58437,37.557563,112.67857,37.552169,212.81919,350.65144,12.466101,12.515259,12.514149,212.65914,187.72371,87.646805,24.995089,12.494873,12.481628,12.489265,0.03412388,0.0068248882,0.020474477,0.0068251608,0.020477418
25.025025,943.67126,484.35292,273.75398,861.86969,449.52371,2804.6264,1489.6545,2665.7135,250.32988,150.103,100.0979,225.01318,112.51358,75.072634,87.529771,212.57577,37.556006,112.67374,37.55088,212.811,350.63549,12.466708,12.51492,12.513809,212.65116,187.71553,87.643198,24.995087,12.49494,12.481965,12.489468,0.033447583,0.006689627,0.020068697,0.0066898953,0.020071591
25.125125,943.79649,484.41514,273.77849,861.88089,449.53166,2804.5142,1489.5959,2665.6055,250.32062,150.09857,100.09348,225.00493,112.50952,75.069243,87.527169,212.56735,37.55448,112.669,37.549617,212.80297,350.61986,12.467304,12.514588,12.513477,212.64335,187.70751,87.639664,24.995085,12.495005,12.482296,12.489666,0.032785027,0.0065571141,0.019671161,0.0065573781,0.019674009
25.225225,943.91925,484.47613,273.80252,861.89187,449.53946,2804.4041,1489.5385,2665.4997,250.31154,150.09424,100.08914,224.99684,112.50555,75.065921,87.524617,212.5591,37.552984,112.66435,37.548379,212.7951,350.60452,12.467887,12.514263,12.513151,212.63568,187.69965,87.6362,24.995083,12.49507,12.48262,12.48986,0.032135556,0.0064272182,0.019281476,0.0064274781,0.019284279
25.325325,944.03979,484.53602,273.82612,861.90265,449.54711,2804.2961,1489.4821,2665.3958,250.30263,150.08998,100.08488,224.98891,112.50165,75.062659,87.522111,212.55098,37.551515,112.65979,37.547164,212.78737,350.58946,12.46846,12.513943,12.512831,212.62815,187.69193,87.632798,24.99508,12.495133,12.482938,12.490051,0.03149783,0.0062996714,0.018898838,0.0062999271,0.018901597
25.425425,944.15794,484.59472,273.84925,861.91321,449.55461,2804.1902,1489.4269,2665.2939,250.2939,150.08581,100.0807,224.98114,112.49783,75.059463,87.519655,212.54303,37.550076,112.65531,37.545972,212.77978,350.57469,12.469022,12.51363,12.512517,212.62077,187.68436,87.629463,24.995078,12.495195,12.48325,12.490238,0.030872733,0.0061746502,0.018523777,0.0061749018,0.018526492
25.525526,944.27376,484.65226,273.87192,861.92357,449.56197,2804.0863,1489.3727,2665.1941,250.28535,150.08172,100.07661,224.97353,112.49409,75.056331,87.517247,212.53523,37.548665,112.65093,37.544804,212.77235,350.5602,12.469573,12.513323,12.51221,212.61353,187.67693,87.626193,24.995076,12.495255,12.483556,12.490422,0.03026002,0.006052106,0.018156148,0.0060523536,0.018158819
25.625626,944.38727,484.70865,273.89414,861.93372,449.56918,2803.9846,1489.3196,2665.0963,250.27697,150.07772,100.07261,224.96607,112.49042,75.053262,87.514886,212.52759,37.547282,112.64663,37.543659,212.76506,350.546,12.470112,12.513022,12.511909,212.60642,187.66965,87.622988,24.995074,12.495315,12.483855,12.490601,0.029659455,0.0059319914,0.017795807,0.0059322351,0.017798435
25.725726,944.49854,484.76393,273.91592,861.94367,449.57624,2803.8849,1489.2676,2665.0004,250.26875,150.0738,100.06868,224.95877,112.48683,75.050255,87.512572,212.52009,37.545926,112.64242,37.542537,212.75791,350.53206,12.470641,12.512727,12.511613,212.59946,187.66252,87.619846,24.995071,12.495373,12.484149,12.490777,0.02907081,0.0058142608,0.017442617,0.0058145005,0.017445204
25.825826,944.60759,484.81811,273.93726,861.95342,449.58317,2803.7871,1489.2166,2664.9065,250.2607,150.06995,100.06483,224.95161,112.48332,75.047309,87.510303,212.51274,37.544597,112.63828,37.541437,212.7509,350.5184,12.47116,12.512438,12.511323,212.59263,187.65552,87.616767,24.995069,12.49543,12.484437,12.49095,0.028493861,0.0056988694,0.017096446,0.0056991054,0.017098991
25.925926,944.71447,484.87121,273.95819,861.96298,449.58995,2803.6914,1489.1667,2664.8144,250.25282,150.06619,100.06106,224.9446,112.47987,75.044422,87.508079,212.50553,37.543295,112.63423,37.540359,212.74403,350.505,12.471668,12.512155,12.51104,212.58593,187.64865,87.613747,24.995067,12.495486,12.484719,12.491119,0.027928393,0.0055857743,0.016757163,0.0055860065,0.016759667
26.026026,944.81922,484.92325,273.97869,861.97235,449.59661,2803.5975,1489.1177,2664.7242,250.24509,150.0625,100.05737,224.93774,112.4765,75.041594,87.505899,212.49846,37.542018,112.63026,37.539302,212.73729,350.49185,12.472166,12.511877,12.510761,212.57936,187.64192,87.610788,24.995065,12.495541,12.484996,12.491285,0.027374198,0.0054749338,0.016424644,0.0054751622,0.016427108
26.126126,944.92188,484.97425,273.99879,861.98153,449.60313,2803.5055,1489.0697,2664.6359,250.23752,150.05888,100.05375,224.93101,112.47319,75.038824,87.503763,212.49154,37.540767,112.62637,37.538266,212.73068,350.47897,12.472654,12.511605,12.510489,212.57291,187.63533,87.607888,24.995063,12.495594,12.485266,12.491447,0.026831074,0.0053663074,0.016098768,0.0053665322,0.016101192
26.226226,945.02248,485.02424,274.01848,861.99053,449.60952,2803.4153,1489.0227,2664.5493,250.2301,150.05534,100.05021,224.92443,112.46996,75.03611,87.501669,212.48474,37.539541,112.62256,37.537251,212.7242,350.46633,12.473132,12.511338,12.510221,212.5666,187.62886,87.605045,24.99506,12.495647,12.485532,12.491607,0.026298826,0.0052598564,0.015779417,0.0052600776,0.015781802
26.326326,945.12107,485.07321,274.03778,861.99935,449.61578,2803.327,1488.9767,2664.4644,250.22284,150.05187,100.04674,224.91798,112.46679,75.033451,87.499616,212.47808,37.53834,112.61882,37.536256,212.71785,350.45394,12.473601,12.511077,12.50996,212.5604,187.62252,87.602258,24.995058,12.495699,12.485792,12.491763,0.025777268,0.0051555432,0.01546648,0.0051557608,0.015468827
26.426426,945.21766,485.1212,274.05669,862.00799,449.62192,2803.2405,1488.9315,2664.3813,250.21572,150.04848,100.04334,224.91167,112.46369,75.030847,87.497605,212.47156,37.537162,112.61516,37.535282,212.71163,350.44179,12.47406,12.510821,12.509703,212.55433,187.6163,87.599528,24.995056,12.495749,12.486047,12.491915,0.025266217,0.0050533317,0.015159848,0.0050535458,0.015162157
26.526527,945.31231,485.16823,274.07522,862.01645,449.62793,2803.1557,1488.8873,2664.2999,250.20875,150.04515,100.04001,224.90548,112.46065,75.028296,87.495633,212.46516,37.536009,112.61157,37.534326,212.70552,350.42988,12.47451,12.51057,12.509452,212.54837,187.61021,87.596852,24.995054,12.495799,12.486297,12.492065,0.024765501,0.0049531871,0.014859416,0.0049533977,0.014861688
26.626627,945.40503,485.21429,274.09337,862.02475,449.63382,2803.0726,1488.844,2664.2201,250.20192,150.04189,100.03675,224.89943,112.45768,75.025798,87.493702,212.45889,37.534879,112.60805,37.533391,212.69954,350.4182,12.474951,12.510324,12.509205,212.54253,187.60424,87.59423,24.995052,12.495847,12.486541,12.492212,0.024274953,0.004855076,0.014565085,0.0048552833,0.014567321
26.726727,945.49603,485.2595,274.11118,862.03288,449.6396,2802.9911,1488.8015,2664.1419,250.19522,150.0387,100.03355,224.8935,112.45476,75.023348,87.491806,212.45273,37.533769,112.6046,37.532472,212.69367,350.40673,12.475383,12.510083,12.508963,212.5368,187.59838,87.591656,24.99505,12.495895,12.486782,12.492356,0.023793514,0.004758787,0.01427622,0.0047589909,0.01427842
26.826827,945.5853,485.30385,274.12865,862.04087,449.64527,2802.9111,1488.7598,2664.0651,250.18865,150.03556,100.03042,224.88768,112.4519,75.020945,87.489946,212.44669,37.532681,112.60121,37.531571,212.6879,350.39547,12.475808,12.509846,12.508726,212.53117,187.59262,87.589131,24.995048,12.495941,12.487017,12.492497,0.023321217,0.0046643262,0.01399284,0.0046645268,0.013995004
26.926927,945.67281,485.34733,274.14578,862.0487,449.65083,2802.8327,1488.719,2663.9899,250.18221,150.03249,100.02734,224.88198,112.4491,75.01859,87.488122,212.44076,37.531615,112.59788,37.530687,212.68225,350.38443,12.476224,12.509614,12.508493,212.52565,187.58698,87.586655,24.995045,12.495987,12.487248,12.492635,0.022858261,0.0045717336,0.013715065,0.004571931,0.013717193
27.027027,945.75858,485.38994,274.16257,862.05637,449.65628,2802.7559,1488.6789,2663.9162,250.17591,150.02948,100.02433,224.87639,112.44636,75.016283,87.486334,212.43495,37.530569,112.59463,37.529821,212.67671,350.37359,12.476631,12.509386,12.508265,212.52024,187.58144,87.584228,24.995043,12.496032,12.487474,12.492771,0.022404469,0.004480974,0.013442788,0.0044811681,0.013444882
27.127127,945.84265,485.43171,274.17903,862.06389,449.66162,2802.6806,1488.6397,2663.8439,250.16973,150.02654,100.02138,224.87092,112.44367,75.014022,87.48458,212.42925,37.529544,112.59143,37.528972,212.67127,350.36297,12.477031,12.509163,12.508042,212.51492,187.57602,87.581848,24.995041,12.496076,12.487696,12.492904,0.02195967,0.0043920129,0.013175907,0.0043922039,0.013177967
27.227227,945.92506,485.47265,274.19516,862.07126,449.66686,2802.6068,1488.6012,2663.7732,250.16367,150.02365,100.01849,224.86557,112.44104,75.011808,87.482862,212.42366,37.528539,112.5883,37.52814,212.66594,350.35254,12.477423,12.508945,12.507823,212.50971,187.57069,87.579516,24.995039,12.496119,12.487914,12.493034,0.021523698,0.0043048171,0.012914322,0.0043050051,0.012916349
27.327327,946.00583,485.51278,274.21098,862.07849,449.67199,2802.5345,1488.5635,2663.7038,250.15774,150.02082,100.01566,224.86032,112.43847,75.009638,87.481177,212.41818,37.527555,112.58523,37.527325,212.66071,350.34232,12.477807,12.508731,12.507608,212.5046,187.56547,87.577229,24.995037,12.496161,12.488127,12.493162,0.021096392,0.0042193546,0.012657936,0.0042195395,0.01265993
27.427427,946.08499,485.55211,274.22647,862.08557,449.67702,2802.4636,1488.5266,2663.6358,250.15192,150.01805,100.01289,224.85519,112.43594,75.007512,87.479525,212.41281,37.52659,112.58223,37.526525,212.65558,350.33229,12.478183,12.508521,12.507398,212.49959,187.56036,87.574987,24.995035,12.496202,12.488335,12.493287,0.020677596,0.0041355942,0.012406657,0.0041357761,0.012408619
27.527528,946.16257,485.59065,274.24166,862.09251,449.68196,2802.3941,1488.4904,2663.5692,250.14623,150.01534,100.01017,224.85016,112.43347,75.00543,87.477906,212.40754,37.525644,112.57928,37.525741,212.65055,350.32245,12.478552,12.508315,12.507191,212.49467,187.55534,87.57279,24.995033,12.496243,12.48854,12.49341,0.020267161,0.004053506,0.012160395,0.0040536849,0.012162324
27.627628,946.23859,485.62842,274.25654,862.09931,449.68679,2802.3261,1488.4549,2663.504,250.14065,150.01268,100.00751,224.84523,112.43106,75.00339,87.476319,212.40237,37.524717,112.57639,37.524973,212.64562,350.31281,12.478913,12.508113,12.506989,212.48985,187.55042,87.570636,24.995031,12.496282,12.488741,12.49353,0.019864942,0.003973061,0.011919062,0.003973237,0.01192096
27.727728,946.31309,485.66544,274.27112,862.10598,449.69152,2802.2594,1488.4201,2663.44,250.13518,150.01007,100.0049,224.84041,112.42869,75.001392,87.474763,212.3973,37.523808,112.57355,37.524221,212.64078,350.30335,12.479267,12.507915,12.506791,212.48512,187.54559,87.568525,24.995029,12.496321,12.488937,12.493648,0.0194708,0.0038942314,0.011682575,0.0038944046,0.011684442
27.827828,946.38609,485.7017,274.28541,862.11251,449.69616,2802.194,1488.3861,2663.3774,250.12983,150.00752,100.00235,224.83569,112.42637,74.999436,87.473239,212.39234,37.522918,112.57077,37.523483,212.63604,350.29407,12.479614,12.507722,12.506597,212.48048,187.54086,87.566456,24.995027,12.496359,12.48913,12.493763,0.019084601,0.0038169904,0.011450854,0.0038171608,0.011452691
27.927928,946.45761,485.73724,274.29941,862.11891,449.70071,2802.13,1488.3527,2663.3161,250.12459,150.00503,99.99985,224.83107,112.4241,74.99752,87.471745,212.38747,37.522046,112.56805,37.52276,212.6314,350.28497,12.479954,12.507532,12.506406,212.47593,187.53622,87.564428,24.995025,12.496396,12.489318,12.493876,0.018706216,0.0037413124,0.011223822,0.00374148,0.011225629
28.028028,946.52768,485.77205,274.31313,862.12518,449.70516,2802.0673,1488.3201,2663.256,250.11945,150.00258,99.997403,224.82654,112.42188,74.995643,87.47028,212.38269,37.521191,112.56539,37.522052,212.62684,350.27604,12.480287,12.507346,12.50622,212.47147,187.53168,87.562441,24.995023,12.496433,12.489503,12.493987,0.018335523,0.0036671727,0.011001405,0.0036673375,0.011003182
28.128128,946.59635,485.80616,274.32657,862.13132,449.70953,2802.0058,1488.288,2663.1971,250.11442,150.00019,99.995005,224.82211,112.41971,74.993805,87.468845,212.37801,37.520354,112.56277,37.521358,212.62237,350.26729,12.480614,12.507164,12.506037,212.46709,187.52722,87.560494,24.995021,12.496469,12.489684,12.494096,0.017972227,0.0035945124,0.010783425,0.0035946745,0.010785174
28.228228,946.66396,485.83975,274.33981,862.13737,449.71383,2801.9453,1488.2565,2663.1391,250.10947,149.99783,99.992646,224.81775,112.41757,74.991997,87.467432,212.3734,37.519529,112.5602,37.520675,212.61797,350.25867,12.480935,12.506984,12.505857,212.46278,187.52283,87.558576,24.995019,12.496504,12.489862,12.494203,0.017614551,0.003522976,0.010568818,0.0035231355,0.010570538
28.328328,946.73024,485.87268,274.35278,862.14331,449.71804,2801.886,1488.2256,2663.0823,250.10462,149.99552,99.990334,224.81349,112.41548,74.990224,87.466045,212.36888,37.518721,112.55767,37.520005,212.61365,350.2502,12.48125,12.506809,12.505681,212.45855,187.51852,87.556695,24.995017,12.496538,12.490037,12.494307,0.017263868,0.0034528383,0.010358407,0.0034529952,0.010360098
28.428428,946.79523,485.90497,274.36551,862.14912,449.72217,2801.8278,1488.1953,2663.0267,250.09986,149.99326,99.988069,224.8093,112.41343,74.988487,87.464686,212.36444,37.517928,112.55519,37.519347,212.60942,350.2419,12.481559,12.506636,12.505508,212.45439,187.51429,87.554851,24.995015,12.496572,12.490209,12.49441,0.016920048,0.0033840732,0.010152113,0.0033842275,0.010153777
28.528529,946.85894,485.93663,274.37798,862.15482,449.72623,2801.7708,1488.1656,2662.9721,250.0952,149.99104,99.985849,224.80521,112.41142,74.986785,87.463353,212.36009,37.517151,112.55277,37.518703,212.60526,350.23375,12.481862,12.506467,12.505338,212.45032,187.51014,87.553042,24.995013,12.496605,12.490377,12.494511,0.016582965,0.0033166557,0.0099498624,0.0033168075,0.0099514991
28.628629,946.92141,485.96766,274.39021,862.16041,449.7302,2801.7149,1488.1365,2662.9186,250.09064,149.98887,99.983675,224.8012,112.40945,74.985117,87.462045,212.35582,37.516389,112.55038,37.518071,212.60118,350.22575,12.482159,12.506301,12.505172,212.44632,187.50607,87.551268,24.995011,12.496638,12.490541,12.494609,0.016252499,0.0032505615,0.0097515814,0.0032507108,0.0097531913
28.728729,946.98264,485.99808,274.40219,862.16589,449.73409,2801.6601,1488.108,2662.8662,250.08616,149.98674,99.981544,224.79727,112.40752,74.983483,87.460763,212.35163,37.515642,112.54805,37.517452,212.59718,350.2179,12.48245,12.506139,12.505009,212.4424,187.50208,87.549529,24.995009,12.49667,12.490703,12.494706,0.015928533,0.0031857673,0.0095572006,0.0031859142,0.0095587841
28.828829,947.04267,486.02791,274.41394,862.17127,449.73791,2801.6064,1488.08,2662.8148,250.08178,149.98466,99.979456,224.79342,112.40564,74.981881,87.459506,212.34752,37.514909,112.54576,37.516845,212.59326,350.2102,12.482735,12.505979,12.504849,212.43855,187.49817,87.547824,24.995007,12.496701,12.490861,12.494801,0.015610956,0.0031222508,0.0093666527,0.0031223952,0.0093682102
28.928929,947.10151,486.05714,274.42546,862.17653,449.74165,2801.5538,1488.0526,2662.7645,250.07748,149.98262,99.977411,224.78965,112.40379,74.980313,87.458273,212.34349,37.514191,112.54351,37.51625,212.58941,350.20264,12.483015,12.505823,12.504692,212.43477,187.49433,87.546152,24.995005,12.496732,12.491016,12.494894,0.015299658,0.0030599904,0.0091798731,0.0030601325,0.009181405
29.029029,947.15919,486.08579,274.43675,862.18169,449.74532,2801.5022,1488.0258,2662.7151,250.07327,149.98061,99.975408,224.78597,112.40198,74.978776,87.457065,212.33953,37.513488,112.54131,37.515666,212.58563,350.19522,12.483289,12.50567,12.504539,212.43106,187.49056,87.544512,24.995003,12.496762,12.491168,12.494985,0.014994539,0.0029989655,0.0089968001,0.0029991053,0.0089983068
29.129129,947.21571,486.11387,274.44782,862.18675,449.74892,2801.4517,1487.9995,2662.6668,250.06915,149.97866,99.973446,224.78235,112.40021,74.977271,87.45588,212.33565,37.512798,112.53915,37.515094,212.58193,350.18795,12.483558,12.50552,12.504388,212.42742,187.48686,87.542905,24.995001,12.496791,12.491317,12.495074,0.014695498,0.0029391565,0.0088173746,0.0029392939,0.0088188564
29.229229,947.2711,486.14139,274.45866,862.19171,449.75244,2801.4021,1487.9737,2662.6194,250.06511,149.97674,99.971525,224.77882,112.39848,74.975797,87.454718,212.33185,37.512122,112.53704,37.514533,212.57829,350.18081,12.483821,12.505373,12.50424,212.42385,187.48324,87.54133,24.994999,12.49682,12.491463,12.495162,0.014402443,0.0028805444,0.0086415399,0.0028806796,0.0086429974
29.329329,947.32538,486.16836,274.46929,862.19657,449.75589,2801.3536,1487.9484,2662.573,250.06116,149.97486,99.969644,224.77536,112.39678,74.974353,87.453579,212.32812,37.511459,112.53496,37.513984,212.57473,350.17381,12.484079,12.505229,12.504096,212.42035,187.47969,87.539786,24.994997,12.496848,12.491606,12.495247,0.014115282,0.0028231114,0.0084692426,0.0028232444,0.008470676
29.429429,947.37856,486.19478,274.4797,862.20133,449.75928,2801.306,1487.9237,2662.5276,250.05728,149.97302,99.967802,224.77197,112.39512,74.97294,87.452463,212.32446,37.51081,112.53293,37.513446,212.57124,350.16694,12.484332,12.505087,12.503954,212.41691,187.4762,87.538272,24.994995,12.496876,12.491746,12.495331,0.013833932,0.0027668405,0.0083004314,0.0027669713,0.0083018412
29.52953,947.43066,486.22067,274.4899,862.206,449.76259,2801.2594,1487.8994,2662.4831,250.05349,149.97122,99.965998,224.76866,112.3935,74.971556,87.451369,212.32088,37.510174,112.53094,37.512918,212.56781,350.1602,12.484579,12.504949,12.503815,212.41355,187.47279,87.536789,24.994993,12.496903,12.491883,12.495414,0.013558312,0.0027117156,0.008135058,0.0027118442,0.0081364445
29.62963,947.48169,486.24602,274.49989,862.21056,449.76584,2801.2138,1487.8757,2662.4395,250.04977,149.96945,99.964233,224.76542,112.39191,74.970201,87.450297,212.31736,37.509551,112.52898,37.512401,212.56445,350.15359,12.484822,12.504813,12.503679,212.41024,187.46944,87.535336,24.994991,12.496929,12.492018,12.495494,0.013288345,0.0026577213,0.0079730767,0.0026578478,0.0079744403
29.72973,947.53166,486.27085,274.50967,862.21504,449.76902,2801.1691,1487.8524,2662.3969,250.04614,149.96773,99.962506,224.76225,112.39036,74.968876,87.449247,212.31392,37.508941,112.52707,37.511895,212.56116,350.14711,12.48506,12.504681,12.503546,212.407,187.46615,87.533913,24.994989,12.496955,12.49215,12.495573,0.01302396,0.0026048435,0.0078144446,0.0026049679,0.0078157857
29.82983,947.58059,486.29516,274.51925,862.21942,449.77213,2801.1254,1487.8297,2662.3551,250.04258,149.96604,99.960817,224.75915,112.38884,74.967579,87.448219,212.31054,37.508344,112.5252,37.511399,212.55794,350.14076,12.485292,12.504551,12.503415,212.40382,187.46294,87.532519,24.994987,12.49698,12.492279,12.49565,0.01276509,0.0025530686,0.0076591213,0.0025531909,0.0076604403
29.92993,947.62849,486.31895,274.52863,862.22371,449.77518,2801.0826,1487.8074,2662.3143,250.0391,149.96439,99.959164,224.75612,112.38735,74.96631,87.447212,212.30723,37.507759,112.52336,37.510914,212.55477,350.13453,12.48552,12.504423,12.503287,212.40071,187.45978,87.531153,24.994985,12.497005,12.492405,12.495726,0.012511672,0.0025023841,0.0075070694,0.0025025045,0.0075083665
30.03003,947.67538,486.34225,274.5378,862.22791,449.77817,2801.0407,1487.7856,2662.2743,250.0357,149.96278,99.957547,224.75315,112.3859,74.965069,87.446225,212.30399,37.507187,112.52157,37.510439,212.55168,350.12843,12.485743,12.504299,12.503162,212.39766,187.45669,87.529816,24.994983,12.497029,12.492528,12.4958,0.012263648,0.0024527785,0.0073582537,0.0024528968,0.0073595294
30.13013,947.72126,486.36504,274.54679,862.23201,449.78109,2800.9997,1487.7643,2662.2352,250.03237,149.9612,99.955967,224.75026,112.38449,74.963855,87.44526,212.30081,37.506626,112.51981,37.509974,212.54864,350.12245,12.485961,12.504177,12.50304,212.39467,187.45367,87.528508,24.994981,12.497053,12.492649,12.495872,0.012020915,0.002404231,0.0072126128,0.0024043474,0.0072138673
30.23023,947.76669,486.38761,274.55568,862.23608,449.78398,2800.9591,1487.7432,2662.1964,250.02907,149.95964,99.954402,224.74739,112.38308,74.962654,87.444303,212.29767,37.506071,112.51806,37.509513,212.54564,350.11652,12.486177,12.504056,12.502918,212.3917,187.45067,87.527212,24.99498,12.497077,12.492769,12.495944,0.011780577,0.0023561627,0.007068409,0.0023562771,0.0070696427
30.33033,947.81122,486.40974,274.5644,862.24007,449.78682,2800.9193,1487.7225,2662.1585,250.02584,149.95811,99.95287,224.74459,112.38171,74.961477,87.443365,212.29458,37.505527,112.51636,37.509062,212.54269,350.1107,12.486388,12.503938,12.502799,212.38879,187.44773,87.52594,24.994978,12.4971,12.492886,12.496014,0.011544954,0.0023090373,0.0069270341,0.0023091498,0.0069282473
30.43043,947.85488,486.43143,274.57294,862.24398,449.7896,2800.8803,1487.7022,2662.1213,250.02268,149.95661,99.951368,224.74184,112.38037,74.960324,87.442445,212.29155,37.504994,112.51468,37.508619,212.53979,350.10499,12.486596,12.503822,12.502683,212.38593,187.44484,87.524694,24.994976,12.497122,12.493001,12.496083,0.011313963,0.0022628384,0.0067884387,0.0022629491,0.0067896318
30.530531,947.89769,486.4527,274.58132,862.24781,449.79232,2800.842,1487.6823,2662.0849,250.01958,149.95514,99.949898,224.73915,112.37905,74.959194,87.441543,212.28858,37.504471,112.51304,37.508185,212.53695,350.09938,12.486799,12.503708,12.502569,212.38313,187.44201,87.523471,24.994974,12.497145,12.493114,12.49615,0.011087526,0.0022175502,0.0066525755,0.0022176591,0.0066537487
30.630631,947.93964,486.47354,274.58954,862.25157,449.79499,2800.8045,1487.6628,2662.0491,250.01654,149.9537,99.948458,224.73652,112.37776,74.958088,87.440658,212.28566,37.503959,112.51142,37.507759,212.53416,350.09387,12.486999,12.503596,12.502456,212.38038,187.43923,87.522273,24.994972,12.497166,12.493224,12.496216,0.010865567,0.0021731576,0.0065193989,0.0021732646,0.0065205526
30.730731,947.98076,486.49397,274.59759,862.25526,449.79761,2800.7678,1487.6437,2662.0141,250.01357,149.95229,99.947048,224.73395,112.3765,74.957005,87.43979,212.2828,37.503456,112.50984,37.507342,212.53143,350.08847,12.487194,12.503487,12.502347,212.37767,187.43651,87.521097,24.99497,12.497187,12.493332,12.496281,0.010648012,0.002129646,0.0063888652,0.0021297512,0.0063899997
30.830831,948.02107,486.51399,274.60548,862.25887,449.80018,2800.7318,1487.625,2661.9799,250.01065,149.95092,99.945667,224.73143,112.37527,74.955944,87.438939,212.28,37.502964,112.50829,37.506933,212.52874,350.08317,12.487386,12.50338,12.502239,212.37502,187.43383,87.519945,24.994968,12.497208,12.493439,12.496345,0.010434793,0.0020870014,0.0062609329,0.0020871049,0.0062620485
30.930931,948.06056,486.53362,274.61321,862.2624,449.80269,2800.6965,1487.6067,2661.9463,250.0078,149.94957,99.944314,224.72896,112.37407,74.954904,87.438105,212.27724,37.502481,112.50678,37.506532,212.52611,350.07796,12.487573,12.503275,12.502133,212.37242,187.43121,87.518815,24.994966,12.497229,12.493543,12.496407,0.010225843,0.0020452107,0.0061355619,0.0020453125,0.0061366589
31.031031,948.09926,486.55284,274.62079,862.26587,449.80516,2800.662,1487.5887,2661.9134,250.005,149.94824,99.942991,224.72655,112.37289,74.953887,87.437287,212.27454,37.502008,112.50529,37.506139,212.52353,350.07285,12.487757,12.503172,12.50203,212.36986,187.42863,87.517708,24.994964,12.497249,12.493644,12.496468,0.010021099,0.0020042612,0.0060127144,0.0020043613,0.0060137931
31.131131,948.13718,486.57168,274.62821,862.26927,449.80758,2800.6281,1487.5711,2661.8812,250.00227,149.94695,99.941695,224.72419,112.37173,74.952891,87.436485,212.27189,37.501544,112.50383,37.505754,212.52099,350.06784,12.487938,12.503071,12.501928,212.36735,187.42611,87.516622,24.994963,12.497268,12.493744,12.496528,0.0098205004,0.0019641408,0.0058923544,0.0019642392,0.0058934151
31.231231,948.17432,486.59014,274.63548,862.27259,449.80994,2800.595,1487.5539,2661.8496,249.99959,149.94569,99.940427,224.72188,112.37061,74.951917,87.4357,212.26929,37.50109,112.50239,37.505377,212.51851,350.06292,12.488114,12.502972,12.501829,212.36489,187.42363,87.515558,24.994961,12.497287,12.493842,12.496586,0.0096239907,0.0019248382,0.0057744477,0.0019249349,0.0057754907
31.331331,948.21071,486.60821,274.6426,862.27585,449.81226,2800.5625,1487.537,2661.8187,249.99697,149.94445,99.939186,224.71962,112.3695,74.950963,87.434929,212.26675,37.500646,112.50099,37.505008,212.51607,350.05809,12.488287,12.502876,12.501732,212.36247,187.4212,87.514516,24.994959,12.497306,12.493938,12.496644,0.0094315161,0.0018863426,0.0056589621,0.0018864377,0.0056599876
31.431431,948.24633,486.62591,274.64958,862.27905,449.81453,2800.5307,1487.5205,2661.7885,249.9944,149.94323,99.937973,224.71741,112.36842,74.95003,87.434175,212.26425,37.50021,112.49962,37.504646,212.51368,350.05335,12.488456,12.502781,12.501636,212.36011,187.41882,87.513494,24.994957,12.497325,12.494031,12.4967,0.009243026,0.0018486439,0.0055458671,0.0018487375,0.0055468755
31.531532,948.28122,486.64324,274.65641,862.28217,449.81675,2800.4995,1487.5043,2661.7589,249.99189,149.94205,99.936785,224.71526,112.36737,74.949117,87.433435,212.2618,37.499783,112.49827,37.504291,212.51134,350.04871,12.488622,12.502688,12.501543,212.35778,187.41648,87.512494,24.994955,12.497343,12.494123,12.496755,0.009058473,0.0018117327,0.0054351344,0.0018118247,0.005436126
31.631632,948.31537,486.66021,274.66309,862.28523,449.81893,2800.4691,1487.4885,2661.7299,249.98943,149.94089,99.935625,224.71315,112.36634,74.948224,87.432711,212.2594,37.499366,112.49695,37.503944,212.50904,350.04415,12.488785,12.502597,12.501452,212.3555,187.4142,87.511514,24.994953,12.49736,12.494213,12.496808,0.0088778127,0.0017756,0.0053267374,0.0017756904,0.0053277124
31.731732,948.34879,486.67681,274.66963,862.28823,449.82106,2800.4393,1487.473,2661.7016,249.98703,149.93976,99.93449,224.71109,112.36534,74.947351,87.432002,212.25705,37.498957,112.49566,37.503604,212.50679,350.03969,12.488943,12.502508,12.501362,212.35327,187.41195,87.510555,24.994951,12.497377,12.494301,12.496861,0.0087010042,0.0017402376,0.0052206515,0.0017403266,0.0052216101
31.831832,948.38149,486.69306,274.67604,862.29116,449.82315,2800.4101,1487.4579,2661.6739,249.98468,149.93865,99.933381,224.70908,112.36436,74.946498,87.431307,212.25474,37.498557,112.4944,37.503271,212.50459,350.03531,12.489099,12.502421,12.501274,212.35107,187.40975,87.509615,24.99495,12.497394,12.494387,12.496912,0.0085280094,0.0017056381,0.0051168538,0.0017057255,0.0051177964
31.931932,948.41347,486.70895,274.6823,862.29402,449.82518,2800.3815,1487.443,2661.6468,249.98239,149.93757,99.932297,224.70712,112.3634,74.945664,87.430628,212.25248,37.498165,112.49316,37.502946,212.50243,350.03101,12.489251,12.502336,12.501189,212.34893,187.4076,87.508696,24.994948,12.497411,12.494471,12.496963,0.0083587936,0.0016717943,0.0050153235,0.0016718803,0.0050162503
32.032032,948.44475,486.72449,274.68842,862.29683,449.82718,2800.3536,1487.4286,2661.6204,249.98014,149.93651,99.931239,224.7052,112.36247,74.94485,87.429963,212.25027,37.497783,112.49195,37.502628,212.50031,350.02681,12.4894,12.502253,12.501105,212.34682,187.40549,87.507797,24.994946,12.497427,12.494553,12.497012,0.0081933252,0.0016387,0.0049160417,0.0016387846,0.0049169529
32.132132,948.47532,486.73968,274.69441,862.29957,449.82913,2800.3264,1487.4144,2661.5945,249.97795,149.93548,99.930206,224.70333,112.36156,74.944055,87.429312,212.24811,37.497408,112.49077,37.502316,212.49824,350.02268,12.489545,12.502171,12.501023,212.34476,187.40343,87.506917,24.994944,12.497442,12.494634,12.49706,0.0080315756,0.0016063495,0.0048189912,0.0016064327,0.0048198871
32.232232,948.50567,486.75476,274.70035,862.30229,449.83106,2800.2993,1487.4004,2661.5688,249.97578,149.93446,99.929181,224.70148,112.36065,74.943266,87.428666,212.24596,37.497037,112.48959,37.502007,212.49618,350.01859,12.489689,12.50209,12.500942,212.34271,187.40138,87.506043,24.994942,12.497458,12.494714,12.497108,0.0078710267,0.0015742392,0.004722661,0.0015743209,0.0047235419
32.332332,948.53544,486.76955,274.70618,862.30496,449.83296,2800.2728,1487.3866,2661.5436,249.97365,149.93346,99.928176,224.69967,112.35977,74.942492,87.428032,212.24385,37.496673,112.48843,37.501704,212.49416,350.01457,12.489831,12.502011,12.500862,212.34069,187.39937,87.505186,24.99494,12.497473,12.494792,12.497154,0.0077135233,0.0015427379,0.0046281583,0.0015428183,0.0046290243
32.432432,948.56462,486.78405,274.71189,862.30757,449.83482,2800.2467,1487.3731,2661.519,249.97156,149.93248,99.927193,224.69789,112.3589,74.941735,87.42741,212.24177,37.496315,112.4873,37.501407,212.49218,350.01061,12.489969,12.501933,12.500783,212.33872,187.39739,87.504346,24.994938,12.497488,12.494869,12.4972,0.0075591544,0.0015118636,0.0045355362,0.0015119426,0.0045363876
32.532533,948.59322,486.79825,274.71749,862.31014,449.83665,2800.2213,1487.3599,2661.4948,249.96952,149.93152,99.92623,224.69616,112.35806,74.940994,87.4268,212.23974,37.495965,112.48619,37.501116,212.49023,350.00673,12.490105,12.501857,12.500707,212.33677,187.39545,87.503521,24.994937,12.497503,12.494944,12.497245,0.007407865,0.0014816052,0.0044447618,0.0014816828,0.0044455989
32.632633,948.62124,486.81218,274.72297,862.31265,449.83844,2800.1963,1487.3469,2661.4712,249.96752,149.93057,99.925288,224.69446,112.35723,74.940268,87.426201,212.23774,37.495622,112.4851,37.50083,212.48832,350.00292,12.490238,12.501782,12.500631,212.33486,187.39355,87.502713,24.994935,12.497517,12.495017,12.497289,0.0072596018,0.001451952,0.0043558032,0.0014520284,0.0043566262
32.732733,948.64871,486.82582,274.72835,862.31511,449.84019,2800.1718,1487.3342,2661.448,249.96556,149.92965,99.924366,224.6928,112.35642,74.939558,87.425615,212.23578,37.495286,112.48404,37.50055,212.48644,349.99918,12.490369,12.501709,12.500558,212.33299,187.39168,87.50192,24.994933,12.497531,12.495089,12.497332,0.0071143139,0.0014228939,0.0042686297,0.001422969,0.0042694389
32.832833,948.67562,486.83919,274.73362,862.31752,449.84191,2800.1478,1487.3218,2661.4253,249.96364,149.92875,99.923464,224.69118,112.35563,74.938863,87.425039,212.23386,37.494956,112.48299,37.500276,212.4846,349.9955,12.490497,12.501638,12.500485,212.33115,187.38984,87.501143,24.994931,12.497545,12.49516,12.497375,0.006971952,0.001394421,0.0041832119,0.0013944948,0.0041840074
32.932933,948.70198,486.85229,274.73878,862.31989,449.84359,2800.1243,1487.3096,2661.4031,249.96176,149.92787,99.922581,224.68959,112.35486,74.938183,87.424475,212.23197,37.494633,112.48196,37.500007,212.48279,349.99189,12.490622,12.501567,12.500414,212.32934,187.38804,87.500382,24.994929,12.497558,12.495229,12.497416,0.0068324689,0.0013665238,0.0040995214,0.0013665964,0.0041003034
33.033033,948.72781,486.86512,274.74384,862.32221,449.84524,2800.1013,1487.2977,2661.3813,249.95993,149.92701,99.921717,224.68804,112.35411,74.937517,87.423922,212.23012,37.494316,112.48096,37.499743,212.48102,349.98835,12.490745,12.501498,12.500345,212.32757,187.38628,87.499635,24.994928,12.497572,12.495297,12.497457,0.0066958194,0.0013391934,0.004017531,0.0013392648,0.0040182998
33.133133,948.75311,486.87769,274.74879,862.32447,449.84685,2800.0788,1487.286,2661.36,249.95813,149.92617,99.920872,224.68652,112.35337,74.936865,87.423379,212.22831,37.494006,112.47997,37.499485,212.47928,349.98486,12.490865,12.501431,12.500277,212.32582,187.38454,87.498903,24.994926,12.497585,12.495364,12.497496,0.0065619601,0.0013124211,0.0039372147,0.0013124912,0.0039379705
33.233233,948.7779,486.89001,274.75364,862.3267,449.84844,2800.0567,1487.2745,2661.3391,249.95637,149.92534,99.920046,224.68504,112.35265,74.936228,87.422848,212.22652,37.493702,112.479,37.499232,212.47757,349.98145,12.490983,12.501365,12.50021,212.32411,187.38284,87.498185,24.994924,12.497597,12.495429,12.497535,0.0064308496,0.0012861985,0.0038585478,0.0012862674,0.0038592908
33.333333,948.80217,486.90207,274.7584,862.32887,449.84999,2800.0351,1487.2633,2661.3187,249.95464,149.92454,99.919238,224.6836,112.35195,74.935605,87.422327,212.22478,37.493405,112.47805,37.498984,212.47589,349.97809,12.491098,12.5013,12.500145,212.32243,187.38117,87.497482,24.994922,12.49761,12.495493,12.497573,0.0063024486,0.0012605178,0.0037815065,0.0012605856,0.003782237
33.433433,948.82593,486.91387,274.76305,862.33101,449.8515,2800.0139,1487.2524,2661.2987,249.95296,149.92375,99.918447,224.68218,112.35126,74.934996,87.421816,212.22306,37.493113,112.47713,37.498741,212.47425,349.9748,12.491211,12.501237,12.500081,212.32078,187.37954,87.496793,24.99492,12.497622,12.495555,12.497611,0.0061767195,0.0012353715,0.0037060685,0.0012354382,0.0037067866
33.533534,948.8492,486.92543,274.7676,862.33309,449.85299,2799.9932,1487.2416,2661.2792,249.95131,149.92298,99.917675,224.6808,112.35059,74.9344,87.421315,212.22138,37.492828,112.47622,37.498503,212.47264,349.97156,12.491322,12.501175,12.500018,212.31916,187.37793,87.496118,24.994918,12.497634,12.495616,12.497647,0.006053627,0.0012107526,0.0036322123,0.0012108181,0.0036329183
33.633634,948.87198,486.93675,274.77206,862.33514,449.85444,2799.9729,1487.2311,2661.26,249.9497,149.92223,99.91692,224.67946,112.34994,74.933817,87.420825,212.21973,37.492548,112.47532,37.49827,212.47105,349.96839,12.49143,12.501114,12.499957,212.31757,187.37636,87.495457,24.994917,12.497645,12.495676,12.497683,0.0059331375,0.0011866542,0.003559918,0.0011867186,0.003560612
33.733734,948.89426,486.94782,274.77643,862.33714,449.85587,2799.9531,1487.2209,2661.2413,249.94812,149.92149,99.916183,224.67814,112.3493,74.933248,87.420344,212.21811,37.492275,112.47445,37.498042,212.4695,349.96527,12.491536,12.501054,12.499897,212.31601,187.37481,87.49481,24.994915,12.497656,12.495734,12.497718,0.0058152194,0.0011630701,0.0034891665,0.0011631334,0.0034898488
33.833834,948.91607,486.95866,274.7807,862.33909,449.85726,2799.9337,1487.2108,2661.223,249.94658,149.92077,99.915462,224.67686,112.34868,74.932692,87.419874,212.21652,37.492007,112.47359,37.497819,212.46798,349.96222,12.49164,12.500996,12.499838,212.31448,187.3733,87.494176,24.994913,12.497667,12.495792,12.497752,0.005699843,0.0011399944,0.0034199401,0.0011400567,0.0034206108
33.933934,948.93741,486.96926,274.78487,862.34101,449.85863,2799.9147,1487.201,2661.2051,249.94508,149.92007,99.914759,224.67561,112.34807,74.932149,87.419413,212.21497,37.491745,112.47276,37.497601,212.46649,349.95922,12.491741,12.500939,12.499781,212.31298,187.37182,87.493555,24.994911,12.497678,12.495848,12.497785,0.0055869807,0.0011174215,0.0033522222,0.0011174827,0.0033528815
34.034034,948.95827,486.97962,274.78896,862.34288,449.85996,2799.8961,1487.1914,2661.1877,249.94361,149.91938,99.914072,224.67439,112.34748,74.931619,87.418962,212.21344,37.491489,112.47194,37.497387,212.46503,349.95628,12.49184,12.500883,12.499724,212.3115,187.37036,87.492947,24.994909,12.497689,12.495902,12.497818,0.0054766069,0.0010953463,0.0032859973,0.0010954065,0.0032866454
34.134134,948.97867,486.98976,274.79295,862.34471,449.86126,2799.878,1487.182,2661.1706,249.94218,149.91872,99.913402,224.6732,112.34691,74.931101,87.41852,212.21195,37.491239,112.47113,37.497178,212.4636,349.95339,12.491937,12.500829,12.499669,212.31006,187.36894,87.492353,24.994908,12.497699,12.495956,12.49785,0.0053686976,0.001073764,0.0032212512,0.0010738232,0.0032218883
34.234234,948.99886,486.99979,274.7969,862.34652,449.86255,2799.86,1487.1727,2661.1537,249.94076,149.91805,99.912739,224.67203,112.34634,74.930589,87.418083,212.21047,37.490991,112.47034,37.496971,212.46218,349.95053,12.492033,12.500775,12.499615,212.30862,187.36752,87.491764,24.994906,12.497709,12.496009,12.497882,0.0052618623,0.0010523966,0.0031571494,0.0010524547,0.0031577758
34.334334,949.01869,487.00964,274.80079,862.3483,449.86382,2799.8424,1487.1636,2661.1371,249.93936,149.91741,99.912089,224.67088,112.34578,74.930086,87.417653,212.20902,37.490747,112.46956,37.496767,212.46078,349.94771,12.492127,12.500722,12.499561,212.30721,187.36613,87.491185,24.994904,12.497719,12.496061,12.497913,0.0051569607,0.0010314158,0.0030942079,0.001031473,0.0030948236
34.434434,949.03812,487.0193,274.80459,862.35005,449.86506,2799.8251,1487.1546,2661.1208,249.938,149.91677,99.911454,224.66975,112.34524,74.929595,87.417231,212.20759,37.490508,112.46879,37.496568,212.45941,349.94494,12.49222,12.50067,12.499509,212.30582,187.36477,87.490618,24.994902,12.497729,12.496112,12.497943,0.0050541535,0.001010854,0.0030325231,0.0010109102,0.0030331283
34.534535,949.05717,487.02876,274.80832,862.35176,449.86628,2799.8082,1487.1459,2661.1049,249.93666,149.91615,99.910832,224.66866,112.34471,74.929114,87.416817,212.20618,37.490274,112.46804,37.496373,212.45806,349.94222,12.49231,12.500619,12.499457,212.30446,187.36343,87.490061,24.9949,12.497739,12.496162,12.497973,0.0049534011,0.00099070312,0.0029720711,0.00099075834,0.002972666
34.634635,949.07583,487.03803,274.81197,862.35343,449.86748,2799.7916,1487.1373,2661.0893,249.93536,149.91554,99.910223,224.66758,112.34419,74.928643,87.416411,212.2048,37.490045,112.4673,37.496181,212.45674,349.93955,12.492399,12.500569,12.499407,212.30312,187.36211,87.489515,24.994899,12.497748,12.49621,12.498002,0.0048546653,0.00097095557,0.0029128291,0.00097100985,0.0029134139
34.734735,949.09412,487.04712,274.81556,862.35508,449.86865,2799.7754,1487.1289,2661.0741,249.93408,149.91495,99.909628,224.66654,112.34369,74.928183,87.416012,212.20345,37.48982,112.46658,37.495993,212.45544,349.93692,12.492486,12.50052,12.499357,212.3018,187.36082,87.48898,24.994897,12.497758,12.496258,12.498031,0.0047579089,0.00095160391,0.0028547748,0.00095165726,0.0028553496
34.834835,949.11204,487.05602,274.81906,862.35669,449.86979,2799.7594,1487.1207,2661.0591,249.93283,149.91437,99.909046,224.66551,112.34319,74.927733,87.415622,212.20212,37.489599,112.46587,37.495809,212.45416,349.93433,12.492571,12.500472,12.499308,212.3005,187.35955,87.488454,24.994895,12.497767,12.496305,12.498059,0.0046630961,0.00093264097,0.0027978866,0.00093269342,0.0027984516
34.934935,949.12961,487.06475,274.8225,862.35826,449.87092,2799.7438,1487.1126,2661.0445,249.9316,149.9138,99.908477,224.66451,112.34271,74.927292,87.415238,212.20081,37.489383,112.46517,37.495628,212.45291,349.93179,12.492654,12.500425,12.499261,212.29923,187.3583,87.487939,24.994893,12.497775,12.496351,12.498086,0.0045701922,0.00091405983,0.0027421438,0.00091411138,0.0027426991
35.035035,949.14681,487.0733,274.82587,862.35981,449.87202,2799.7285,1487.1047,2661.0302,249.9304,149.91325,99.90792,224.66354,112.34224,74.926861,87.414862,212.19953,37.489172,112.46449,37.495451,212.45167,349.9293,12.492736,12.500379,12.499214,212.29797,187.35708,87.487434,24.994892,12.497784,12.496396,12.498113,0.0044791639,0.00089585381,0.0026875263,0.00089590447,0.0026880722
35.135135,949.16367,487.08167,274.82917,862.36132,449.8731,2799.7136,1487.097,2661.0161,249.92923,149.9127,99.907376,224.66258,112.34178,74.92644,87.414493,212.19827,37.488964,112.46382,37.495278,212.45046,349.92684,12.492816,12.500334,12.499169,212.29674,187.35587,87.486939,24.99489,12.497793,12.496441,12.498139,0.004389979,0.00087801646,0.0026340149,0.00087806626,0.0026345514
35.235235,949.18019,487.08988,274.83241,862.36281,449.87416,2799.6989,1487.0894,2661.0024,249.92808,149.91217,99.906844,224.66165,112.34133,74.926027,87.414131,212.19703,37.488761,112.46316,37.495108,212.44927,349.92443,12.492895,12.50029,12.499124,212.29553,187.35469,87.486453,24.994888,12.497801,12.496484,12.498165,0.0043026064,0.0008605416,0.0025815909,0.00086059055,0.0025821182
35.335335,949.19636,487.09792,274.83557,862.36426,449.87519,2799.6845,1487.082,2660.989,249.92696,149.91166,99.906324,224.66075,112.3409,74.925624,87.413776,212.19582,37.488561,112.46252,37.494941,212.44811,349.92205,12.492972,12.500246,12.49908,212.29434,187.35353,87.485977,24.994886,12.497809,12.496526,12.49819,0.0042170166,0.00084342329,0.0025302365,0.0008434714,0.0025307549
35.435435,949.21221,487.10579,274.83868,862.36568,449.87621,2799.6705,1487.0747,2660.9758,249.92586,149.91115,99.905815,224.65986,112.34047,74.92523,87.413427,212.19462,37.488366,112.46189,37.494778,212.44696,349.91972,12.493047,12.500204,12.499037,212.29317,187.35239,87.48551,24.994884,12.497817,12.496568,12.498215,0.004133181,0.00082665582,0.0024799347,0.00082670312,0.0024804442
35.535536,949.22773,487.1135,274.84172,862.36708,449.8772,2799.6567,1487.0676,2660.9629,249.92478,149.91065,99.905318,224.659,112.34006,74.924845,87.413085,212.19345,37.488175,112.46127,37.494618,212.44583,349.91743,12.493121,12.500162,12.498995,212.29202,187.35127,87.485052,24.994883,12.497825,12.496608,12.498239,0.0040510723,0.00081023375,0.002430669,0.00081028024,0.0024311698
35.635636,949.24293,487.12105,274.84469,862.36844,449.87818,2799.6432,1487.0607,2660.9503,249.92373,149.91017,99.904833,224.65815,112.33965,74.924469,87.41275,212.1923,37.487988,112.46066,37.494461,212.44473,349.91517,12.493193,12.500122,12.498953,212.29089,187.35017,87.484603,24.994881,12.497832,12.496648,12.498263,0.0039706645,0.00079415187,0.002382424,0.00079419756,0.0023829162
35.735736,949.25781,487.12845,274.84761,862.36978,449.87913,2799.63,1487.0538,2660.938,249.9227,149.9097,99.904359,224.65733,112.33926,74.924101,87.412422,212.19117,37.487804,112.46007,37.494307,212.44364,349.91296,12.493264,12.500082,12.498913,212.28978,187.34909,87.484163,24.994879,12.49784,12.496687,12.498286,0.0038919329,0.00077840522,0.0023351845,0.00077845013,0.0023356683
35.835836,949.27238,487.13569,274.85046,862.37109,449.88006,2799.6171,1487.0472,2660.9259,249.9217,149.90924,99.903896,224.65653,112.33887,74.923741,87.4121,212.19006,37.487624,112.45948,37.494157,212.44258,349.91078,12.493333,12.500043,12.498873,212.28868,187.34803,87.483731,24.994877,12.497847,12.496725,12.498309,0.0038148538,0.00076298908,0.0022889366,0.00076303322,0.0022894121
35.935936,949.28665,487.14277,274.85325,862.37237,449.88098,2799.6045,1487.0407,2660.9141,249.92072,149.90878,99.903444,224.65575,112.3385,74.92339,87.411784,212.18897,37.487448,112.45891,37.494009,212.44153,349.90864,12.493401,12.500004,12.498834,212.28761,187.34699,87.483309,24.994876,12.497854,12.496762,12.498331,0.0037394049,0.00074789898,0.0022436669,0.00074794237,0.0022441342
36.036036,949.3006,487.14971,274.85598,862.37363,449.88187,2799.5921,1487.0343,2660.9026,249.91976,149.90834,99.903003,224.65499,112.33814,74.923048,87.411474,212.18791,37.487276,112.45835,37.493865,212.4405,349.90653,12.493467,12.499967,12.498796,212.28655,187.34597,87.482895,24.994874,12.497861,12.496799,12.498353,0.003665565,0.00073313071,0.0021993626,0.00073317335,0.0021998219
36.136136,949.31426,487.15649,274.85866,862.37486,449.88275,2799.58,1487.028,2660.8913,249.91882,149.90792,99.902572,224.65425,112.33778,74.922713,87.41117,212.18686,37.487107,112.4578,37.493724,212.43949,349.90447,12.493532,12.49993,12.498759,212.28551,187.34497,87.482489,24.994872,12.497868,12.496834,12.498374,0.0035933143,0.00071868027,0.0021560118,0.00071872219,0.0021564633
36.236236,949.32774,487.16319,274.8613,862.37607,449.88361,2799.568,1487.0219,2660.8802,249.9179,149.90749,99.902148,224.65352,112.33743,74.922383,87.410871,212.18582,37.486941,112.45726,37.493584,212.43849,349.90242,12.493596,12.499894,12.498722,212.28448,187.34398,87.482088,24.99487,12.497874,12.49687,12.498395,0.0035220256,0.00070442222,0.0021132381,0.00070446342,0.0021136819
36.336336,949.34097,487.16977,274.86389,862.37726,449.88446,2799.5563,1487.0158,2660.8693,249.91699,149.90708,99.901732,224.65281,112.33709,74.92206,87.410576,212.1848,37.486777,112.45672,37.493447,212.43751,349.9004,12.493659,12.499858,12.498686,212.28347,187.343,87.481694,24.994869,12.497881,12.496904,12.498415,0.0034519947,0.00069041576,0.0020712192,0.00069045625,0.0020716553
36.436436,949.35395,487.17621,274.86643,862.37843,449.8853,2799.5448,1487.0099,2660.8586,249.9161,149.90667,99.901326,224.65211,112.33676,74.921744,87.410286,212.18379,37.486617,112.4562,37.493312,212.43654,349.89842,12.493721,12.499824,12.49865,212.28247,187.34204,87.481308,24.994867,12.497887,12.496938,12.498436,0.0033833486,0.00067668624,0.0020300311,0.00067672604,0.0020304598
36.536537,949.36667,487.18253,274.86892,862.37957,449.88611,2799.5335,1487.0041,2660.8481,249.91524,149.90628,99.900928,224.65144,112.33644,74.921434,87.410002,212.18281,37.48646,112.45568,37.493181,212.43559,349.89647,12.493781,12.499789,12.498616,212.28149,187.3411,87.480928,24.994865,12.497894,12.496971,12.498455,0.0033160606,0.00066322836,0.001989658,0.00066326748,0.0019900793
36.636637,949.37914,487.18873,274.87136,862.38069,449.88691,2799.5225,1486.9984,2660.8379,249.91439,149.90589,99.90054,224.65077,112.33612,74.921132,87.409722,212.18184,37.486306,112.45518,37.493051,212.43466,349.89454,12.49384,12.499756,12.498581,212.28053,187.34017,87.480556,24.994863,12.4979,12.497004,12.498475,0.0032501051,0.00065003698,0.0019500843,0.00065007542,0.0019504983
36.736737,949.39136,487.1948,274.87375,862.38179,449.8877,2799.5117,1486.9929,2660.8278,249.91356,149.90551,99.90016,224.65013,112.33581,74.920836,87.409448,212.18088,37.486154,112.45468,37.492924,212.43374,349.89265,12.493898,12.499723,12.498548,212.27957,187.33926,87.48019,24.994862,12.497906,12.497036,12.498494,0.0031854572,0.00063710713,0.0019112952,0.00063714491,0.0019117021
36.836837,949.40333,487.20075,274.8761,862.38287,449.88847,2799.5011,1486.9874,2660.818,249.91274,149.90514,99.899789,224.6495,112.33552,74.920547,87.409179,212.17994,37.486006,112.4542,37.4928,212.43284,349.89079,12.493955,12.499691,12.498515,212.27864,187.33836,87.479832,24.99486,12.497912,12.497067,12.498512,0.0031220929,0.00062443401,0.0018732763,0.00062447114,0.0018736762
36.936937,949.41507,487.20658,274.8784,862.38393,449.88922,2799.4907,1486.9821,2660.8084,249.91195,149.90478,99.899426,224.64888,112.33522,74.920264,87.408915,212.17902,37.485861,112.45372,37.492678,212.43195,349.88895,12.494011,12.499659,12.498483,212.27771,187.33748,87.47948,24.994858,12.497918,12.497097,12.49853,0.0030599892,0.000612013,0.0018360137,0.00061204949,0.0018364067
37.037037,949.42658,487.2123,274.88065,862.38496,449.88996,2799.4805,1486.9768,2660.7989,249.91117,149.90443,99.899072,224.64829,112.33494,74.919988,87.408655,212.17811,37.485718,112.45325,37.492558,212.43107,349.88715,12.494066,12.499628,12.498451,212.27681,187.33661,87.479134,24.994856,12.497923,12.497127,12.498548,0.0029991238,0.00059983967,0.0017994941,0.00059987553,0.0017998804
37.137137,949.43785,487.2179,274.88286,862.38598,449.89068,2799.4706,1486.9717,2660.7897,249.91041,149.90408,99.898725,224.6477,112.33466,74.919717,87.4084,212.17722,37.485579,112.45279,37.49244,212.43021,349.88537,12.494119,12.499598,12.49842,212.27591,187.33575,87.478795,24.994854,12.497929,12.497157,12.498566,0.0029394754,0.00058790973,0.0017637047,0.00058794497,0.0017640843
37.237237,949.4489,487.22339,274.88502,862.38697,449.89139,2799.4608,1486.9667,2660.7807,249.90966,149.90374,99.898387,224.64713,112.33439,74.919453,87.40815,212.17635,37.485442,112.45234,37.492325,212.42937,349.88362,12.494172,12.499568,12.49839,212.27503,187.33491,87.478463,24.994853,12.497934,12.497186,12.498583,0.0028810235,0.0005762191,0.0017286333,0.00057625373,0.0017290063
37.337337,949.45973,487.22877,274.88714,862.38795,449.89209,2799.4512,1486.9618,2660.7718,249.90893,149.90341,99.898057,224.64658,112.33413,74.919195,87.407904,212.17548,37.485307,112.45189,37.492212,212.42854,349.88189,12.494223,12.499539,12.49836,212.27416,187.33409,87.478136,24.994851,12.497939,12.497214,12.4986,0.0028237485,0.00056476384,0.0016942679,0.00056479788,0.0016946345
37.437437,949.47034,487.23404,274.88922,862.3889,449.89277,2799.4418,1486.9569,2660.7632,249.90822,149.90309,99.897734,224.64604,112.33388,74.918943,87.407663,212.17463,37.485176,112.45146,37.492101,212.42772,349.8802,12.494274,12.49951,12.498331,212.27331,187.33328,87.477816,24.994849,12.497945,12.497241,12.498616,0.0027676316,0.00055354022,0.0016605974,0.00055357367,0.0016609577
37.537538,949.48073,487.2392,274.89125,862.38984,449.89344,2799.4327,1486.9522,2660.7547,249.90752,149.90278,99.897419,224.64551,112.33363,74.918696,87.407426,212.1738,37.485047,112.45103,37.491993,212.42691,349.87852,12.494323,12.499482,12.498302,212.27247,187.33248,87.477502,24.994847,12.49795,12.497268,12.498632,0.0027126549,0.00054254465,0.0016276111,0.00054257753,0.0016279652
37.637638,949.49091,487.24426,274.89325,862.39075,449.8941,2799.4237,1486.9476,2660.7464,249.90684,149.90247,99.897111,224.645,112.33339,74.918456,87.407194,212.17298,37.48492,112.45061,37.491886,212.42612,349.87688,12.494372,12.499455,12.498274,212.27164,187.33169,87.477193,24.994846,12.497955,12.497295,12.498648,0.0026588015,0.00053177374,0.0015952988,0.00053180605,0.0015956468
37.737738,949.50088,487.24921,274.8952,862.39165,449.89474,2799.4149,1486.9431,2660.7383,249.90617,149.90217,99.896811,224.64451,112.33315,74.918221,87.406965,212.17217,37.484797,112.4502,37.491782,212.42534,349.87526,12.494419,12.499428,12.498247,212.27082,187.33092,87.476891,24.994844,12.497959,12.497321,12.498663,0.0026060553,0.00052122425,0.0015636507,0.00052125601,0.0015639927
37.837838,949.51064,487.25407,274.89711,862.39253,449.89537,2799.4062,1486.9387,2660.7304,249.90552,149.90188,99.896518,224.64402,112.33293,74.917991,87.406741,212.17138,37.484675,112.4498,37.49168,212.42458,349.87366,12.494465,12.499401,12.49822,212.27002,187.33016,87.476594,24.994842,12.497964,12.497346,12.498678,0.0025544009,0.00051089315,0.0015326578,0.00051092435,0.0015329939
37.937938,949.52021,487.25882,274.89899,862.39339,449.89598,2799.3978,1486.9343,2660.7226,249.90489,149.9016,99.896232,224.64355,112.33271,74.917767,87.406521,212.1706,37.484556,112.4494,37.491579,212.42383,349.87209,12.494511,12.499376,12.498193,212.26923,187.32942,87.476303,24.99484,12.497969,12.497371,12.498693,0.002503824,0.00050077754,0.0015023113,0.00050080821,0.0015026416
38.038038,949.52956,487.26347,274.90082,862.39424,449.89658,2799.3895,1486.9301,2660.715,249.90426,149.90132,99.895953,224.64309,112.33249,74.917549,87.406305,212.16984,37.48444,112.44901,37.491481,212.42309,349.87055,12.494555,12.49935,12.498167,212.26845,187.32868,87.476018,24.994839,12.497973,12.497395,12.498707,0.002454311,0.00049087473,0.0014726033,0.00049090486,0.0014729278
38.138138,949.53873,487.26802,274.90261,862.39506,449.89717,2799.3815,1486.926,2660.7076,249.90366,149.90105,99.895682,224.64265,112.33228,74.917335,87.406094,212.16908,37.484326,112.44863,37.491385,212.42236,349.86902,12.494599,12.499325,12.498142,212.26768,187.32796,87.475738,24.994837,12.497978,12.497419,12.498722,0.0024058493,0.00048118218,0.001443526,0.0004812118,0.001443845
38.238238,949.54776,487.2725,274.90438,862.39588,449.89776,2799.3735,1486.9219,2660.7003,249.90306,149.90078,99.895415,224.64221,112.33208,74.917126,87.405885,212.16834,37.484213,112.44825,37.49129,212.42164,349.86752,12.494642,12.499301,12.498117,212.26692,187.32725,87.475462,24.994835,12.497982,12.497443,12.498735,0.0023580736,0.00047162682,0.0014148603,0.00047165593,0.0014151737
38.338338,949.55664,487.27692,274.90612,862.39668,449.89833,2799.3657,1486.9179,2660.6931,249.90247,149.90052,99.895153,224.64179,112.33188,74.91692,87.405679,212.16761,37.484103,112.44788,37.491196,212.42093,349.86603,12.494684,12.499277,12.498092,212.26617,187.32654,87.47519,24.994834,12.497986,12.497466,12.498749,0.0023110999,0.00046223187,0.0013866758,0.00046226048,0.0013869838
38.438438,949.56534,487.28124,274.90782,862.39746,449.89889,2799.358,1486.9139,2660.6861,249.9019,149.90027,99.894897,224.64137,112.33169,74.916719,87.405476,212.16688,37.483994,112.44752,37.491105,212.42023,349.86456,12.494725,12.499253,12.498068,212.26543,187.32585,87.474923,24.994832,12.49799,12.497488,12.498762,0.0022650464,0.00045302097,0.0013590434,0.00045304908,0.0013593461
38.538539,949.57388,487.28548,274.9095,862.39823,449.89944,2799.3505,1486.9101,2660.6792,249.90134,149.90002,99.894647,224.64097,112.3315,74.916522,87.405277,212.16617,37.483888,112.44716,37.491015,212.41954,349.86312,12.494766,12.49923,12.498044,212.2647,187.32517,87.47466,24.99483,12.497994,12.49751,12.498776,0.0022198965,0.00044399078,0.0013319532,0.00044401841,0.0013322506
38.638639,949.58224,487.28964,274.91113,862.39899,449.89998,2799.3431,1486.9063,2660.6724,249.90079,149.89977,99.894404,224.64058,112.33132,74.91633,87.405081,212.16547,37.483783,112.44681,37.490926,212.41887,349.86169,12.494806,12.499208,12.498021,212.26398,187.3245,87.474403,24.994828,12.497998,12.497532,12.498788,0.0021756341,0.0004351381,0.0013053954,0.00043516524,0.0013056878
38.738739,949.59045,487.29372,274.91274,862.39973,449.90051,2799.3359,1486.9026,2660.6658,249.90025,149.89954,99.894166,224.64019,112.33114,74.916143,87.404889,212.16478,37.483681,112.44647,37.49084,212.4182,349.86028,12.494845,12.499185,12.497998,212.26327,187.32384,87.47415,24.994827,12.498002,12.497553,12.498801,0.0021322437,0.00042645983,0.001279361,0.0004264865,0.0012796482
38.838839,949.59849,487.29771,274.91431,862.40045,449.90103,2799.3288,1486.899,2660.6594,249.89973,149.89931,99.893933,224.63982,112.33097,74.91596,87.4047,212.1641,37.48358,112.44613,37.490755,212.41754,349.8589,12.494883,12.499164,12.497976,212.26257,187.32319,87.473901,24.994825,12.498006,12.497574,12.498813,0.0020897106,0.00041795302,0.0012538409,0.00041797923,0.0012541231
38.938939,949.60637,487.30163,274.91586,862.40116,449.90154,2799.3219,1486.8954,2660.653,249.89922,149.89908,99.893706,224.63946,112.3308,74.915781,87.404514,212.16343,37.483482,112.44579,37.490671,212.41689,349.85753,12.49492,12.499142,12.497954,212.26188,187.32254,87.473658,24.994823,12.49801,12.497595,12.498825,0.0020480207,0.00040961484,0.0012288266,0.0004096406,0.001229104
39.039039,949.61409,487.30546,274.91737,862.40186,449.90204,2799.3151,1486.892,2660.6468,249.89871,149.89886,99.893485,224.63911,112.33064,74.915606,87.404332,212.16277,37.483385,112.44547,37.49059,212.41626,349.85618,12.494957,12.499121,12.497932,212.2612,187.32191,87.473418,24.994821,12.498014,12.497615,12.498837,0.0020071604,0.0004014426,0.0012043102,0.00040146791,0.0012045828
39.139139,949.62166,487.30922,274.91885,862.40254,449.90252,2799.3084,1486.8886,2660.6408,249.89822,149.89864,99.893269,224.63877,112.33049,74.915436,87.404152,212.16213,37.48329,112.44514,37.490509,212.41563,349.85485,12.494993,12.499101,12.497911,212.26053,187.32129,87.473183,24.99482,12.498017,12.497634,12.498849,0.0019671169,0.00039343371,0.0011802839,0.00039345859,0.0011805517
39.239239,949.62908,487.31291,274.92031,862.40321,449.903,2799.3019,1486.8852,2660.6349,249.89774,149.89843,99.893059,224.63844,112.33033,74.915269,87.403976,212.16149,37.483198,112.44483,37.49043,212.41501,349.85354,12.495028,12.49908,12.49789,212.25987,187.32068,87.472952,24.994818,12.498021,12.497653,12.49886,0.0019278779,0.00038558574,0.0011567403,0.00038561018,0.0011570034
39.339339,949.63634,487.31652,274.92173,862.40387,449.90347,2799.2955,1486.882,2660.6291,249.89728,149.89823,99.892854,224.63812,112.33019,74.915107,87.403803,212.16086,37.483106,112.44452,37.490353,212.4144,349.85225,12.495063,12.499061,12.49787,212.25921,187.32008,87.472725,24.994816,12.498024,12.497672,12.498871,0.0018894319,0.00037789636,0.0011336724,0.00037792038,0.001133931
39.439439,949.64346,487.32006,274.92312,862.40451,449.90393,2799.2892,1486.8788,2660.6234,249.89682,149.89803,99.892654,224.63781,112.33005,74.914948,87.403633,212.16024,37.483017,112.44421,37.490277,212.4138,349.85097,12.495097,12.499041,12.49785,212.25857,187.31948,87.472502,24.994814,12.498027,12.497691,12.498882,0.0018517679,0.00037036339,0.0011110738,0.00037038699,0.0011113279
39.53954,949.65044,487.32352,274.92449,862.40514,449.90438,2799.2831,1486.8757,2660.6178,249.89637,149.89784,99.892459,224.63751,112.32991,74.914794,87.403465,212.15963,37.48293,112.44392,37.490203,212.41321,349.84972,12.49513,12.499022,12.49783,212.25793,187.3189,87.472284,24.994813,12.498031,12.497709,12.498893,0.0018148756,0.00036298476,0.0010889382,0.00036300794,0.0010891878
39.63964,949.65727,487.32692,274.92583,862.40576,449.90483,2799.2771,1486.8726,2660.6124,249.89593,149.89765,99.892269,224.63721,112.32978,74.914643,87.403301,212.15903,37.482844,112.44362,37.49013,212.41263,349.84848,12.495162,12.499004,12.497811,212.25731,187.31832,87.472069,24.994811,12.498034,12.497726,12.498903,0.0017787452,0.00035575853,0.0010672598,0.00035578131,0.0010675051
39.73974,949.66396,487.33024,274.92714,862.40636,449.90526,2799.2712,1486.8696,2660.6071,249.89551,149.89746,99.892084,224.63693,112.32965,74.914496,87.403139,212.15844,37.48276,112.44333,37.490059,212.41206,349.84725,12.495194,12.498985,12.497792,212.25669,187.31775,87.471859,24.994809,12.498037,12.497744,12.498913,0.0017433679,0.00034868289,0.0010460331,0.00034870528,0.0010462742
39.83984,949.6705,487.33349,274.92842,862.40696,449.90568,2799.2655,1486.8667,2660.6019,249.89509,149.89728,99.891904,224.63666,112.32952,74.914353,87.402981,212.15786,37.482678,112.44305,37.489989,212.41149,349.84605,12.495225,12.498968,12.497773,212.25608,187.3172,87.471652,24.994807,12.49804,12.49776,12.498923,0.0017087351,0.00034175618,0.0010252533,0.00034177818,0.0010254901
39.93994,949.67691,487.33668,274.92967,862.40753,449.9061,2799.2599,1486.8638,2660.5968,249.89469,149.89711,99.891729,224.63639,112.32941,74.914214,87.402825,212.15729,37.482597,112.44277,37.48992,212.41094,349.84486,12.495255,12.49895,12.497755,212.25548,187.31665,87.471449,24.994806,12.498043,12.497777,12.498933,0.0016748392,0.00033497682,0.0010049155,0.00033499844,0.0010051482
40.04004,949.68318,487.33979,274.9309,862.4081,449.9065,2799.2544,1486.861,2660.5919,249.89429,149.89694,99.891559,224.63613,112.32929,74.914078,87.402672,212.15673,37.482518,112.4425,37.489853,212.41039,349.84369,12.495285,12.498933,12.497738,212.25488,187.31611,87.47125,24.994804,12.498046,12.497793,12.498943,0.0016416729,0.00032834341,0.00098501547,0.00032836465,0.00098524419
40.14014,949.68931,487.34284,274.9321,862.40866,449.9069,2799.249,1486.8583,2660.587,249.8939,149.89678,99.891394,224.63589,112.32918,74.913946,87.402522,212.15617,37.482441,112.44223,37.489787,212.40985,349.84253,12.495314,12.498916,12.49772,212.2543,187.31557,87.471055,24.994802,12.498049,12.497809,12.498952,0.0016092297,0.00032185463,0.00096554939,0.0003218755,0.00096577414
40.24024,949.69542,487.34587,274.9333,862.40921,449.9073,2799.2436,1486.8556,2660.5822,249.89352,149.89661,99.891229,224.63564,112.32907,74.913814,87.402372,212.15562,37.482363,112.44197,37.489721,212.40932,349.84138,12.495343,12.498899,12.497703,212.25371,187.31504,87.470861,24.994801,12.498051,12.497825,12.498961,0.0015769051,0.00031538954,0.00094615439,0.00031541006,0.00094637521
40.34034,949.70148,487.34889,274.93449,862.40976,449.90769,2799.2383,1486.8528,2660.5774,249.89314,149.89645,99.891066,224.6354,112.32896,74.913684,87.402223,212.15507,37.482287,112.4417,37.489656,212.40878,349.84023,12.495372,12.498883,12.497686,212.25313,187.31452,87.470668,24.994799,12.498054,12.49784,12.49897,0.0015448433,0.00030897705,0.00092691716,0.0003089972,0.00092713411
40.44044,949.70743,487.35184,274.93565,862.41029,449.90808,2799.2331,1486.8502,2660.5727,249.89277,149.89629,99.890907,224.63516,112.32886,74.913557,87.402076,212.15453,37.482212,112.44144,37.489592,212.40826,349.8391,12.4954,12.498867,12.497669,212.25256,187.31399,87.470478,24.994797,12.498057,12.497856,12.498979,0.0015133721,0.00030268265,0.00090803421,0.00030270245,0.00090824735
40.540541,949.71327,487.35474,274.9368,862.41082,449.90846,2799.228,1486.8476,2660.5682,249.8924,149.89614,99.890751,224.63493,112.32876,74.913432,87.401932,212.15399,37.482138,112.44118,37.489529,212.40774,349.83798,12.495428,12.498851,12.497652,212.25199,187.31348,87.470291,24.994795,12.49806,12.497871,12.498988,0.0014824815,0.00029650439,0.00088949966,0.00029652384,0.00088970906
40.640641,949.719,487.35759,274.93792,862.41134,449.90883,2799.223,1486.845,2660.5637,249.89204,149.89598,99.8906,224.63471,112.32866,74.913311,87.40179,212.15347,37.482066,112.44093,37.489467,212.40723,349.83687,12.495455,12.498835,12.497636,212.25143,187.31297,87.470107,24.994794,12.498062,12.497885,12.498997,0.0014521623,0.0002904404,0.00087130794,0.00029045951,0.00087151366
40.740741,949.72463,487.36039,274.93902,862.41185,449.90919,2799.2181,1486.8425,2660.5592,249.89169,149.89584,99.890452,224.6345,112.32856,74.913192,87.401649,212.15295,37.481995,112.44068,37.489406,212.40672,349.83578,12.495482,12.498819,12.49762,212.25087,187.31247,87.469926,24.994792,12.498065,12.4979,12.499005,0.0014224057,0.00028448894,0.00085345378,0.00028450771,0.00085365589
40.840841,949.73015,487.36313,274.9401,862.41235,449.90955,2799.2132,1486.8401,2660.5549,249.89135,149.89569,99.890307,224.63429,112.32847,74.913076,87.401512,212.15243,37.481925,112.44044,37.489346,212.40622,349.83469,12.495508,12.498804,12.497604,212.25033,187.31198,87.469749,24.99479,12.498067,12.497914,12.499014,0.0013932034,0.00027864835,0.00083593224,0.00027866679,0.00083613078
40.940941,949.73557,487.36582,274.94116,862.41284,449.9099,2799.2085,1486.8377,2660.5507,249.89102,149.89555,99.890167,224.63408,112.32839,74.912963,87.401376,212.15193,37.481856,112.4402,37.489288,212.40573,349.83362,12.495534,12.498789,12.497588,212.24978,187.31149,87.469574,24.994788,12.49807,12.497928,12.499022,0.0013645477,0.00027291708,0.00081873866,0.0002729352,0.00081893371
41.041041,949.74088,487.36846,274.9422,862.41332,449.91025,2799.2038,1486.8353,2660.5465,249.89069,149.89542,99.890029,224.63389,112.3283,74.912852,87.401242,212.15143,37.481789,112.43996,37.48923,212.40524,349.83257,12.495559,12.498775,12.497573,212.24925,187.31101,87.469401,24.994787,12.498072,12.497941,12.49903,0.0013364315,0.0002672937,0.00080186872,0.00026731149,0.00080206033
41.141141,949.74609,487.37105,274.94323,862.41379,449.91059,2799.1993,1486.833,2660.5425,249.89037,149.89528,99.889896,224.6337,112.32822,74.912744,87.40111,212.15093,37.481722,112.43973,37.489173,212.40476,349.83152,12.495584,12.49876,12.497558,212.24872,187.31053,87.469232,24.994785,12.498074,12.497955,12.499038,0.0013088479,0.00026177685,0.00078531841,0.00026179434,0.00078550663
41.241241,949.75121,487.37359,274.94423,862.41426,449.91092,2799.1948,1486.8308,2660.5385,249.89006,149.89515,99.889765,224.63352,112.32814,74.912639,87.40098,212.15045,37.481657,112.4395,37.489117,212.40428,349.83049,12.495609,12.498746,12.497543,212.24819,187.31007,87.469065,24.994783,12.498077,12.497968,12.499045,0.0012817908,0.00025636531,0.000769084,0.00025638249,0.0007692689
41.341341,949.75623,487.37609,274.94521,862.41471,449.91124,2799.1904,1486.8285,2660.5346,249.88975,149.89503,99.889639,224.63334,112.32807,74.912537,87.400852,212.14997,37.481594,112.43927,37.489063,212.40382,349.82947,12.495632,12.498733,12.497529,212.24767,187.3096,87.468902,24.994781,12.498079,12.497981,12.499053,0.0012552546,0.00025105794,0.00075316211,0.00025107482,0.00075334374
41.441441,949.76114,487.37853,274.94617,862.41516,449.91157,2799.1861,1486.8264,2660.5308,249.88945,149.8949,99.889515,224.63317,112.32799,74.912437,87.400727,212.14949,37.481531,112.43905,37.489009,212.40335,349.82846,12.495656,12.498719,12.497515,212.24716,187.30915,87.468741,24.99478,12.498081,12.497993,12.49906,0.0012292341,0.00024585372,0.00073754965,0.0002458703,0.00073772807
41.541542,949.76597,487.38093,274.94712,862.41559,449.91188,2799.1819,1486.8242,2660.5271,249.88916,149.89478,99.889395,224.63301,112.32792,74.912339,87.400603,212.14902,37.481469,112.43883,37.488956,212.4029,349.82746,12.495679,12.498706,12.497501,212.24665,187.3087,87.468582,24.994778,12.498083,12.498006,12.499068,0.0012037247,0.00024075172,0.00072224385,0.000240768,0.0007224191
41.641642,949.77069,487.38327,274.94804,862.41602,449.91219,2799.1778,1486.8221,2660.5234,249.88888,149.89467,99.889278,224.63285,112.32786,74.912244,87.400481,212.14856,37.481409,112.43862,37.488904,212.40245,349.82648,12.495701,12.498693,12.497487,212.24615,187.30825,87.468427,24.994776,12.498085,12.498018,12.499075,0.0011787223,0.00023575111,0.00070724223,0.00023576711,0.00070741438
41.741742,949.77532,487.38558,274.94895,862.41644,449.91249,2799.1738,1486.8201,2660.5199,249.8886,149.89456,99.889165,224.6327,112.3278,74.912152,87.400361,212.14811,37.48135,112.4384,37.488853,212.402,349.8255,12.495723,12.49868,12.497473,212.24566,187.30781,87.468273,24.994775,12.498087,12.49803,12.499081,0.0011542233,0.00023085119,0.00069254265,0.0002308669,0.00069271175
41.841842,949.77986,487.38783,274.94984,862.41685,449.91278,2799.1698,1486.8181,2660.5164,249.88833,149.89445,99.889055,224.63255,112.32774,74.912062,87.400242,212.14766,37.481292,112.4382,37.488804,212.40157,349.82454,12.495745,12.498667,12.49746,212.24517,187.30738,87.468123,24.994773,12.498089,12.498041,12.499088,0.0011302246,0.00022605133,0.00067814327,0.00022606676,0.00067830937
41.941942,949.7843,487.39004,274.95071,862.41726,449.91307,2799.166,1486.8162,2660.513,249.88806,149.89434,99.888948,224.63241,112.32768,74.911974,87.400126,212.14721,37.481235,112.43799,37.488755,212.40113,349.82359,12.495766,12.498655,12.497447,212.24468,187.30695,87.467975,24.994771,12.498091,12.498052,12.499095,0.0011067236,0.00022135103,0.00066404256,0.00022136619,0.00066420571
42.042042,949.78865,487.3922,274.95156,862.41765,449.91336,2799.1622,1486.8142,2660.5096,249.88781,149.89424,99.888844,224.63228,112.32762,74.91189,87.400012,212.14678,37.481179,112.43779,37.488706,212.40071,349.82265,12.495786,12.498643,12.497435,212.2442,187.30653,87.46783,24.994769,12.498093,12.498063,12.499101,0.0010837184,0.00021674988,0.00065023929,0.00021676477,0.00065039955
42.142142,949.79291,487.39431,274.9524,862.41804,449.91364,2799.1585,1486.8124,2660.5064,249.88755,149.89414,99.888744,224.63215,112.32757,74.911807,87.399899,212.14635,37.481125,112.43759,37.488659,212.40029,349.82172,12.495807,12.498631,12.497422,212.24373,187.30611,87.467688,24.994768,12.498095,12.498074,12.499108,0.0010612074,0.00021224757,0.00063673256,0.0002122622,0.00063688997
42.242242,949.79707,487.39638,274.95321,862.41842,449.91391,2799.1549,1486.8106,2660.5032,249.88731,149.89404,99.888647,224.63203,112.32753,74.911727,87.399789,212.14592,37.481071,112.4374,37.488613,212.39987,349.8208,12.495826,12.49862,12.49741,212.24326,187.30571,87.467548,24.994766,12.498097,12.498085,12.499114,0.0010391897,0.00020784391,0.00062352177,0.00020785828,0.00062367639
42.342342,949.80114,487.3984,274.95401,862.41879,449.91417,2799.1513,1486.8088,2660.5001,249.88707,149.89395,99.888553,224.63191,112.32748,74.91165,87.39968,212.1455,37.481019,112.43721,37.488568,212.39946,349.81989,12.495846,12.498608,12.497398,212.2428,187.3053,87.46741,24.994764,12.498098,12.498095,12.49912,0.0010176647,0.00020353881,0.00061060663,0.00020355292,0.0006107585
42.442442,949.80512,487.40038,274.95479,862.41915,449.91443,2799.1479,1486.807,2660.4971,249.88684,149.89385,99.888462,224.6318,112.32744,74.911574,87.399573,212.14509,37.480968,112.43702,37.488524,212.39906,349.819,12.495865,12.498597,12.497386,212.24234,187.3049,87.467276,24.994763,12.4981,12.498105,12.499126,0.0009966325,0.00019933227,0.00059798717,0.00019934613,0.00059813635
42.542543,949.809,487.40231,274.95555,862.4195,449.91469,2799.1445,1486.8053,2660.4942,249.88662,149.89377,99.888374,224.6317,112.3274,74.911502,87.399468,212.14469,37.480918,112.43684,37.48848,212.39866,349.81811,12.495883,12.498586,12.497375,212.24189,187.30451,87.467144,24.994761,12.498102,12.498115,12.499131,0.00097609365,0.00019522439,0.00058566372,0.00019523801,0.00058581026
42.642643,949.81279,487.40419,274.95629,862.41985,449.91493,2799.1412,1486.8037,2660.4913,249.8864,149.89368,99.88829,224.6316,112.32736,74.911432,87.399365,212.14429,37.480869,112.43666,37.488438,212.39827,349.81724,12.495901,12.498576,12.497363,212.24145,187.30412,87.467014,24.994759,12.498103,12.498125,12.499137,0.00095604923,0.00019121541,0.00057363694,0.00019122878,0.00057378088
42.742743,949.81648,487.40603,274.95701,862.42018,449.91518,2799.138,1486.8021,2660.4885,249.88619,149.8936,99.888209,224.63151,112.32733,74.911364,87.399264,212.14389,37.480821,112.43648,37.488396,212.39788,349.81638,12.495919,12.498565,12.497352,212.24101,187.30374,87.466887,24.994757,12.498105,12.498134,12.499143,0.00093650084,0.00018730563,0.00056190777,0.00018731877,0.00056204916
42.842843,949.82008,487.40782,274.95772,862.42051,449.91541,2799.1349,1486.8005,2660.4858,249.88599,149.89353,99.888131,224.63142,112.3273,74.911299,87.399165,212.1435,37.480774,112.43631,37.488356,212.3975,349.81553,12.495936,12.498555,12.497342,212.24057,187.30337,87.466763,24.994756,12.498106,12.498143,12.499148,0.00091745059,0.00018349549,0.0005504775,0.00018350839,0.00055061638
42.942943,949.82359,487.40956,274.95841,862.42083,449.91564,2799.1319,1486.799,2660.4832,249.88579,149.89345,99.888057,224.63135,112.32727,74.911236,87.399067,212.14312,37.480729,112.43614,37.488316,212.39713,349.81469,12.495952,12.498546,12.497331,212.24014,187.303,87.466642,24.994754,12.498108,12.498152,12.499153,0.00089890112,0.0001797855,0.00053934769,0.00017979817,0.00053948412
43.043043,949.827,487.41125,274.95908,862.42114,449.91587,2799.1289,1486.7975,2660.4807,249.8856,149.89338,99.887986,224.63127,112.32725,74.911176,87.398972,212.14275,37.480685,112.43598,37.488277,212.39676,349.81386,12.495969,12.498536,12.497321,212.23972,187.30264,87.466523,24.994752,12.498109,12.498161,12.499158,0.00088085557,0.0001761763,0.00052852024,0.00017618875,0.00052865426
43.143143,949.83032,487.4129,274.95973,862.42144,449.91608,2799.126,1486.7961,2660.4782,249.88542,149.89331,99.887918,224.6312,112.32723,74.911119,87.398878,212.14238,37.480641,112.43581,37.48824,212.3964,349.81304,12.495984,12.498527,12.497311,212.2393,187.30228,87.466406,24.99475,12.49811,12.498169,12.499163,0.00086331762,0.00017266861,0.00051799734,0.00017268085,0.00051812901
43.243243,949.83354,487.4145,274.96036,862.42173,449.9163,2799.1233,1486.7947,2660.4759,249.88524,149.89325,99.887854,224.63114,112.32721,74.911064,87.398787,212.14202,37.480599,112.43566,37.488203,212.39604,349.81224,12.496,12.498518,12.497301,212.23889,187.30193,87.466293,24.994749,12.498112,12.498177,12.499167,0.00084629146,0.00016926329,0.00050778153,0.00016927531,0.00050791088
43.343343,949.83673,487.41609,274.96098,862.42203,449.91651,2799.1205,1486.7933,2660.4735,249.88507,149.89318,99.88779,224.63108,112.32719,74.911009,87.398695,212.14166,37.480558,112.4355,37.488166,212.39569,349.81144,12.496015,12.498509,12.497292,212.23848,187.30158,87.46618,24.994747,12.498113,12.498185,12.499172,0.00082941843,0.0001658886,0.0004976576,0.00016590041,0.00049778466
43.443443,949.84007,487.41775,274.96164,862.42233,449.91673,2799.1176,1486.7919,2660.471,249.88488,149.89312,99.887721,224.63101,112.32717,74.91095,87.398601,212.14129,37.480514,112.43533,37.488128,212.39532,349.81062,12.496031,12.498499,12.497281,212.23806,187.30122,87.466063,24.994745,12.498114,12.498194,12.499177,0.00081170211,0.00016234525,0.00048702769,0.00016235684,0.00048715247
43.543544,949.84336,487.41938,274.96228,862.42263,449.91694,2799.1148,1486.7905,2660.4686,249.8847,149.89305,99.887653,224.63094,112.32715,74.910893,87.398508,212.14092,37.480471,112.43517,37.488091,212.39496,349.80981,12.496046,12.49849,12.497272,212.23765,187.30087,87.465948,24.994744,12.498116,12.498202,12.499182,0.00079431548,0.00015886783,0.00047659559,0.00015887922,0.00047671812
43.643644,949.84659,487.42099,274.96291,862.42292,449.91715,2799.112,1486.7891,2660.4662,249.88452,149.89298,99.887588,224.63088,112.32713,74.910838,87.398416,212.14056,37.480429,112.43502,37.488054,212.39461,349.809,12.496062,12.498481,12.497262,212.23723,187.30051,87.465834,24.994742,12.498117,12.49821,12.499186,0.00077725476,0.0001554556,0.00046635905,0.00015546679,0.00046647936
43.743744,949.84975,487.42256,274.96353,862.42321,449.91736,2799.1093,1486.7877,2660.4639,249.88435,149.89292,99.887525,224.63082,112.32711,74.910784,87.398325,212.1402,37.480388,112.43486,37.488018,212.39425,349.8082,12.496077,12.498472,12.497252,212.23683,187.30017,87.465722,24.99474,12.498118,12.498218,12.499191,0.0007605165,0.00015210787,0.00045631598,0.00015211885,0.00045643412
43.843844,949.85285,487.4241,274.96414,862.42349,449.91757,2799.1066,1486.7864,2660.4616,249.88418,149.89286,99.887464,224.63077,112.32709,74.910731,87.398236,212.13984,37.480347,112.4347,37.487982,212.3939,349.80741,12.496092,12.498463,12.497243,212.23642,187.29982,87.465611,24.994738,12.498119,12.498226,12.499196,0.00074409754,0.00014882399,0.00044646449,0.00014883478,0.0004465805
43.943944,949.8559,487.42561,274.96474,862.42377,449.91777,2799.104,1486.7851,2660.4594,249.88402,149.8928,99.887405,224.63071,112.32708,74.91068,87.398147,212.13949,37.480307,112.43455,37.487947,212.39356,349.80663,12.496106,12.498455,12.497233,212.23602,187.29948,87.465503,24.994737,12.49812,12.498233,12.4992,0.00072799506,0.00014560342,0.0004368029,0.000145614,0.0004369168
44.044044,949.85888,487.4271,274.96532,862.42404,449.91796,2799.1014,1486.7838,2660.4572,249.88386,149.89274,99.887348,224.63067,112.32707,74.910631,87.39806,212.13914,37.480268,112.4344,37.487913,212.39322,349.80585,12.49612,12.498446,12.497224,212.23562,187.29914,87.465396,24.994735,12.498122,12.498241,12.499204,0.00071220654,0.00014244563,0.00042732968,0.00014245603,0.00042744152
44.144144,949.86181,487.42855,274.9659,862.42431,449.91815,2799.0989,1486.7825,2660.455,249.8837,149.89269,99.887293,224.63062,112.32706,74.910583,87.397974,212.1388,37.480229,112.43426,37.487879,212.39288,349.80508,12.496134,12.498438,12.497215,212.23523,187.29881,87.46529,24.994733,12.498123,12.498248,12.499208,0.00069672977,0.0001393502,0.00041804351,0.00013936041,0.00041815332
44.244244,949.86468,487.42998,274.96646,862.42457,449.91834,2799.0964,1486.7813,2660.453,249.88355,149.89264,99.88724,224.63058,112.32705,74.910537,87.397889,212.13846,37.480192,112.43411,37.487846,212.39254,349.80432,12.496148,12.49843,12.497207,212.23484,187.29848,87.465187,24.994732,12.498124,12.498255,12.499213,0.00068156285,0.00013631674,0.00040894326,0.00013632676,0.00040905107
44.344344,949.86749,487.43137,274.96701,862.42483,449.91853,2799.094,1486.7801,2660.4509,249.8834,149.89259,99.887189,224.63054,112.32704,74.910492,87.397806,212.13812,37.480155,112.43397,37.487813,212.39221,349.80356,12.496161,12.498422,12.497198,212.23445,187.29816,87.465085,24.99473,12.498125,12.498262,12.499217,0.0006667042,0.00013334493,0.00040002797,0.00013335477,0.00040013382
44.444444,949.87024,487.43274,274.96755,862.42508,449.91871,2799.0916,1486.7789,2660.4489,249.88326,149.89254,99.88714,224.63051,112.32704,74.910449,87.397723,212.13779,37.480118,112.43383,37.487781,212.39188,349.80281,12.496174,12.498414,12.497189,212.23406,187.29783,87.464984,24.994728,12.498126,12.498269,12.499221,0.00065215256,0.00013043453,0.00039129688,0.00013044419,0.00039140081
44.544545,949.87293,487.43408,274.96808,862.42533,449.91889,2799.0893,1486.7778,2660.447,249.88312,149.89249,99.887093,224.63048,112.32704,74.910407,87.397642,212.13746,37.480082,112.43369,37.487749,212.39156,349.80207,12.496187,12.498406,12.497181,212.23368,187.29752,87.464885,24.994726,12.498127,12.498276,12.499224,0.00063790696,0.00012758534,0.00038274943,0.00012759482,0.00038285146
44.644645,949.87556,487.43539,274.96859,862.42557,449.91906,2799.087,1486.7766,2660.4451,249.88298,149.89244,99.887048,224.63045,112.32704,74.910367,87.397562,212.13714,37.480047,112.43355,37.487718,212.39124,349.80134,12.496199,12.498399,12.497173,212.23331,187.2972,87.464788,24.994725,12.498128,12.498282,12.499228,0.00062396677,0.00012479723,0.00037438522,0.00012480654,0.00037448539
44.744745,949.87814,487.43667,274.9691,862.4258,449.91923,2799.0848,1486.7756,2660.4433,249.88285,149.8924,99.887005,224.63043,112.32704,74.910328,87.397483,212.13682,37.480013,112.43342,37.487688,212.39092,349.80061,12.496212,12.498391,12.497165,212.23293,187.29689,87.464692,24.994723,12.498129,12.498289,12.499232,0.00061033166,0.00012207014,0.00036620406,0.00012207928,0.0003663024
44.844845,949.88066,487.43792,274.96959,862.42603,449.9194,2799.0827,1486.7745,2660.4415,249.88272,149.89236,99.886964,224.63041,112.32704,74.91029,87.397405,212.1365,37.47998,112.43328,37.487658,212.39061,349.79989,12.496224,12.498384,12.497157,212.23256,187.29658,87.464598,24.994721,12.49813,12.498295,12.499235,0.00059700161,0.00011940406,0.00035820593,0.00011941303,0.00035830248
44.944945,949.88312,487.43914,274.97007,862.42626,449.91956,2799.0806,1486.7734,2660.4397,249.8826,149.89232,99.886924,224.63039,112.32704,74.910255,87.397328,212.13619,37.479947,112.43315,37.487629,212.3903,349.79917,12.496235,12.498377,12.497149,212.23219,187.29628,87.464506,24.994719,12.498131,12.498301,12.499239,0.00058397691,0.00011679905,0.00035039103,0.00011680786,0.00035048581
45.045045,949.88553,487.44034,274.97054,862.42648,449.91972,2799.0785,1486.7724,2660.438,249.88248,149.89228,99.886887,224.63038,112.32705,74.91022,87.397252,212.13588,37.479914,112.43303,37.4876,212.38999,349.79847,12.496247,12.49837,12.497141,212.23183,187.29598,87.464415,24.994718,12.498131,12.498307,12.499242,0.00057125817,0.00011425524,0.0003427597,0.00011426389,0.00034285276
45.145145,949.88788,487.4415,274.971,862.42669,449.91988,2799.0765,1486.7714,2660.4364,249.88237,149.89225,99.886852,224.63037,112.32706,74.910187,87.397178,212.13557,37.479883,112.4329,37.487572,212.38969,349.79777,12.496258,12.498363,12.497134,212.23147,187.29568,87.464326,24.994716,12.498132,12.498313,12.499246,0.00055884633,0.0001117728,0.0003353125,0.00011178129,0.00033540386
45.245245,949.89016,487.44264,274.97145,862.4269,449.92003,2799.0746,1486.7705,2660.4348,249.88226,149.89221,99.886819,224.63037,112.32707,74.910156,87.397104,212.13527,37.479852,112.43278,37.487545,212.38939,349.79707,12.496269,12.498357,12.497127,212.23111,187.29538,87.464239,24.994714,12.498133,12.498318,12.499249,0.0005467426,0.00010935199,0.00032805018,0.00010936033,0.00032813988
45.345345,949.89239,487.44375,274.97189,862.42711,449.92018,2799.0727,1486.7695,2660.4332,249.88215,149.89218,99.886787,224.63037,112.32708,74.910126,87.397032,212.13497,37.479822,112.43265,37.487518,212.3891,349.79639,12.496279,12.49835,12.49712,212.23076,187.29509,87.464153,24.994713,12.498134,12.498324,12.499252,0.00053494854,0.00010699312,0.00032097366,0.0001070013,0.00032106173
45.445445,949.89456,487.44483,274.97232,862.42731,449.92032,2799.0708,1486.7686,2660.4317,249.88205,149.89215,99.886758,224.63037,112.32709,74.910098,87.396961,212.13468,37.479793,112.43253,37.487492,212.38881,349.79571,12.49629,12.498344,12.497113,212.23041,187.29481,87.464068,24.994711,12.498135,12.498329,12.499255,0.00052346602,0.00010469655,0.00031408406,0.00010470459,0.00031417053
45.545546,949.89668,487.44588,274.97273,862.4275,449.92046,2799.069,1486.7678,2660.4303,249.88195,149.89213,99.886731,224.63037,112.32711,74.910071,87.396892,212.13439,37.479764,112.43242,37.487466,212.38852,349.79504,12.4963,12.498338,12.497106,212.23006,187.29452,87.463986,24.994709,12.498135,12.498334,12.499258,0.00051229719,0.00010246273,0.00030738269,0.00010247062,0.00030746758
45.645646,949.89873,487.4469,274.97313,862.42769,449.9206,2799.0673,1486.7669,2660.4289,249.88185,149.8921,99.886706,224.63038,112.32712,74.910046,87.396823,212.1341,37.479736,112.4323,37.487441,212.38823,349.79437,12.496309,12.498332,12.497099,212.22972,187.29425,87.463905,24.994707,12.498136,12.498339,12.499261,0.00050144455,0.00010029214,0.00030087103,0.00010029989,0.00030095438
45.745746,949.90072,487.44789,274.97352,862.42787,449.92073,2799.0656,1486.7661,2660.4275,249.88177,149.89208,99.886682,224.6304,112.32714,74.910023,87.396755,212.13382,37.479709,112.43219,37.487416,212.38795,349.79372,12.496319,12.498326,12.497093,212.22938,187.29397,87.463826,24.994706,12.498137,12.498344,12.499263,0.00049091091,9.8185353e-05,0.00029455076,9.8192961e-05,0.00029463261
45.845846,949.90265,487.44884,274.9739,862.42805,449.92086,2799.0639,1486.7653,2660.4262,249.88168,149.89206,99.886661,224.63041,112.32716,74.91,87.396689,212.13354,37.479682,112.43208,37.487392,212.38768,349.79306,12.496328,12.49832,12.497086,212.22904,187.2937,87.463748,24.994704,12.498137,12.498349,12.499266,0.00048069936,9.6142987e-05,0.00028842376,9.6150458e-05,0.00028850413
45.945946,949.90452,487.44977,274.97427,862.42822,449.92099,2799.0624,1486.7645,2660.425,249.8816,149.89204,99.886642,224.63043,112.32718,74.90998,87.396624,212.13327,37.479657,112.43197,37.487369,212.3874,349.79242,12.496337,12.498315,12.49708,212.22871,187.29343,87.463672,24.994702,12.498138,12.498353,12.499268,0.00047081334,9.4165728e-05,0.00028249208,9.4173064e-05,0.000282571
46.046046,949.90632,487.45067,274.97462,862.42839,449.92111,2799.0608,1486.7638,2660.4238,249.88152,149.89202,99.886625,224.63046,112.32721,74.909961,87.396561,212.133,37.479632,112.43187,37.487346,212.38714,349.79179,12.496346,12.49831,12.497074,212.22838,187.29317,87.463598,24.994701,12.498138,12.498358,12.499271,0.00046125659,9.2254323e-05,0.00027675795,9.2261528e-05,0.00027683546
46.146146,949.90807,487.45154,274.97496,862.42855,449.92123,2799.0594,1486.7631,2660.4226,249.88145,149.89201,99.886611,224.63049,112.32724,74.909944,87.396498,212.13273,37.479608,112.43176,37.487324,212.38687,349.79116,12.496354,12.498304,12.497068,212.22806,187.29291,87.463526,24.994699,12.498139,12.498362,12.499273,0.00045203315,9.0409582e-05,0.00027122382,9.0416659e-05,0.00027129994
46.246246,949.90975,487.45237,274.97529,862.42871,449.92134,2799.058,1486.7624,2660.4216,249.88138,149.89199,99.886598,224.63052,112.32726,74.909929,87.396437,212.13247,37.479584,112.43166,37.487303,212.38661,349.79054,12.496362,12.498299,12.497062,212.22774,187.29265,87.463455,24.994697,12.498139,12.498366,12.499276,0.00044314739,8.8632379e-05,0.00026589229,8.8639329e-05,0.00026596706
46.346346,949.91136,487.45318,274.97561,862.42886,449.92145,2799.0566,1486.7617,2660.4205,249.88132,149.89198,99.886588,224.63056,112.32729,74.909915,87.396377,212.13221,37.479561,112.43156,37.487282,212.38635,349.78993,12.496369,12.498295,12.497057,212.22742,187.2924,87.463387,24.994695,12.49814,12.49837,12.499278,0.00043460399,8.6923648e-05,0.00026076619,8.6930475e-05,0.00026083963
46.446446,949.91291,487.45395,274.97591,862.429,449.92155,2799.0553,1486.7611,2660.4195,249.88126,149.89197,99.88658,224.6306,112.32733,74.909903,87.396318,212.13196,37.47954,112.43147,37.487262,212.3861,349.78932,12.496377,12.49829,12.497051,212.22711,187.29215,87.46332,24.994694,12.49814,12.498374,12.49928,0.00042640794,8.5284388e-05,0.00025584849,8.5291095e-05,0.00025592064
46.546547,949.91462,487.45479,274.97625,862.42916,449.92167,2799.0539,1486.7604,2660.4184,249.88119,149.89196,99.886566,224.63063,112.32735,74.909886,87.396256,212.1317,37.479516,112.43137,37.48724,212.38584,349.7887,12.496385,12.498285,12.497046,212.22679,187.29189,87.463249,24.994692,12.49814,12.498378,12.499282,0.00041738198,8.3479145e-05,0.00025043284,8.348573e-05,0.00025050368
46.646647,949.91633,487.45565,274.97658,862.42931,449.92178,2799.0524,1486.7597,2660.4173,249.88112,149.89195,99.886552,224.63066,112.32738,74.909869,87.396194,212.13143,37.479492,112.43126,37.487219,212.38557,349.78807,12.496393,12.49828,12.49704,212.22646,187.29163,87.463177,24.99469,12.498141,12.498382,12.499284,0.00040831124,8.1664948e-05,0.00024499034,8.1671411e-05,0.00024505986
46.746747,949.91801,487.45648,274.97691,862.42947,449.9219,2799.051,1486.759,2660.4162,249.88105,149.89193,99.886539,224.63069,112.32741,74.909853,87.396133,212.13117,37.479469,112.43116,37.487197,212.38531,349.78745,12.496401,12.498275,12.497034,212.22614,187.29138,87.463106,24.994689,12.498141,12.498386,12.499286,0.00039942965,7.9888581e-05,0.00023966132,7.9894925e-05,0.00023972956
46.846847,949.91966,487.4573,274.97724,862.42962,449.92201,2799.0496,1486.7584,2660.4151,249.88099,149.89192,99.886527,224.63072,112.32744,74.909838,87.396072,212.13091,37.479446,112.43106,37.487176,212.38505,349.78684,12.496409,12.49827,12.497029,212.22582,187.29112,87.463037,24.994687,12.498142,12.49839,12.499289,0.00039073472,7.8149547e-05,0.0002344443,7.8155775e-05,0.00023451128
46.946947,949.92127,487.4581,274.97755,862.42977,449.92211,2799.0483,1486.7577,2660.4141,249.88092,149.89191,99.886516,224.63076,112.32747,74.909824,87.396012,212.13065,37.479423,112.43096,37.487155,212.3848,349.78622,12.496417,12.498265,12.497023,212.2255,187.29087,87.462968,24.994685,12.498142,12.498394,12.499291,0.00038222411,7.6447378e-05,0.00022933787,7.645349e-05,0.00022940361
47.047047,949.92284,487.45888,274.97786,862.42992,449.92222,2799.047,1486.7571,2660.4131,249.88086,149.8919,99.886507,224.6308,112.3275,74.909811,87.395953,212.1304,37.479401,112.43087,37.487135,212.38454,349.78562,12.496424,12.49826,12.497018,212.22519,187.29062,87.462901,24.994683,12.498143,12.498397,12.499293,0.00037389561,7.4781631e-05,0.0002243407,7.478763e-05,0.00022440523
47.147147,949.92438,487.45965,274.97816,862.43006,449.92232,2799.0457,1486.7565,2660.4121,249.8808,149.89189,99.886498,224.63083,112.32753,74.909798,87.395894,212.13015,37.479379,112.43077,37.487115,212.38429,349.78501,12.496431,12.498256,12.497012,212.22488,187.29037,87.462834,24.994682,12.498143,12.498401,12.499295,0.00036574713,7.315189e-05,0.00021945156,7.3157778e-05,0.00021951489
47.247247,949.92589,487.46039,274.97846,862.4302,449.92243,2799.0444,1486.7559,2660.4112,249.88075,149.89188,99.886491,224.63088,112.32756,74.909787,87.395836,212.12989,37.479358,112.43068,37.487095,212.38404,349.78441,12.496438,12.498251,12.497007,212.22456,187.29013,87.462768,24.99468,12.498143,12.498404,12.499297,0.00035777675,7.1557768e-05,0.00021466927,7.1563547e-05,0.00021473143
47.347347,949.92736,487.46113,274.97875,862.43033,449.92253,2799.0432,1486.7553,2660.4102,249.88069,149.89188,99.886485,224.63092,112.32759,74.909776,87.395778,212.12965,37.479337,112.43058,37.487076,212.38379,349.78381,12.496445,12.498247,12.497002,212.22425,187.28988,87.462704,24.994678,12.498144,12.498408,12.499299,0.00034998265,6.9998905e-05,0.00020999275,7.0004577e-05,0.00021005376
47.447447,949.9288,487.46184,274.97903,862.43047,449.92262,2799.042,1486.7547,2660.4093,249.88064,149.89187,99.886479,224.63096,112.32763,74.909766,87.395722,212.1294,37.479316,112.43049,37.487057,212.38354,349.78322,12.496452,12.498242,12.496997,212.22395,187.28964,87.46264,24.994677,12.498144,12.498411,12.499301,0.00034236318,6.8474967e-05,0.00020542101,6.8480535e-05,0.00020548089
47.547548,949.93021,487.46254,274.97931,862.4306,449.92272,2799.0408,1486.7541,2660.4085,249.88059,149.89187,99.886475,224.63101,112.32766,74.909757,87.395665,212.12916,37.479296,112.4304,37.487038,212.3833,349.78263,12.496459,12.498238,12.496992,212.22364,187.2894,87.462577,24.994675,12.498145,12.498415,12.499302,0.0003349168,6.6985649e-05,0.00020095313,6.6991113e-05,0.00020101189
47.647648,949.93158,487.46323,274.97957,862.43073,449.92281,2799.0397,1486.7536,2660.4076,249.88054,149.89186,99.886472,224.63106,112.3277,74.909748,87.39561,212.12891,37.479276,112.43031,37.48702,212.38305,349.78205,12.496466,12.498234,12.496987,212.22334,187.28917,87.462515,24.994673,12.498145,12.498418,12.499304,0.00032764213,6.5530672e-05,0.00019658827,6.5536035e-05,0.00019664594
47.747748,949.93293,487.46389,274.97984,862.43085,449.9229,2799.0385,1486.7531,2660.4068,249.8805,149.89186,99.88647,224.63111,112.32774,74.909741,87.395555,212.12867,37.479257,112.43022,37.487002,212.38281,349.78147,12.496472,12.49823,12.496982,212.22303,187.28893,87.462453,24.994671,12.498145,12.498421,12.499306,0.00032053789,6.4109784e-05,0.00019232567,6.4115047e-05,0.00019238228
47.847848,949.93424,487.46454,274.9801,862.43097,449.92299,2799.0375,1486.7525,2660.406,249.88045,149.89186,99.886469,224.63116,112.32778,74.909734,87.395501,212.12844,37.479238,112.43014,37.486984,212.38258,349.78089,12.496478,12.498226,12.496977,212.22273,187.2887,87.462393,24.99467,12.498145,12.498424,12.499308,0.00031360298,6.2722762e-05,0.00018816467,6.2727928e-05,0.00018822023
47.947948,949.93552,487.46518,274.98035,862.43109,449.92308,2799.0364,1486.752,2660.4052,249.88041,149.89186,99.886469,224.63122,112.32781,74.909728,87.395447,212.1282,37.479219,112.43005,37.486966,212.38234,349.78032,12.496484,12.498222,12.496973,212.22244,187.28846,87.462334,24.994668,12.498146,12.498427,12.499309,0.00030683641,6.1369408e-05,0.00018410468,6.1374478e-05,0.0001841592
48.048048,949.93677,487.4658,274.98059,862.43121,449.92316,2799.0354,1486.7516,2660.4045,249.88037,149.89186,99.88647,224.63128,112.32785,74.909723,87.395394,212.12797,37.479201,112.42997,37.486949,212.3821,349.77975,12.49649,12.498218,12.496968,212.22214,187.28823,87.462275,24.994666,12.498146,12.49843,12.499311,0.00030023733,6.0049554e-05,0.00018014518,6.005453e-05,0.00018019869
48.148148,949.93798,487.46641,274.98083,862.43132,449.92325,2799.0344,1486.7511,2660.4038,249.88034,149.89186,99.886472,224.63133,112.3279,74.909718,87.395341,212.12773,37.479183,112.42988,37.486932,212.38187,349.77918,12.496496,12.498214,12.496964,212.22184,187.28801,87.462218,24.994665,12.498146,12.498433,12.499312,0.00029380503,5.8763056e-05,0.00017628575,5.876794e-05,0.00017633827
48.248248,949.93917,487.46699,274.98106,862.43143,449.92333,2799.0334,1486.7506,2660.4031,249.8803,149.89186,99.886476,224.63139,112.32794,74.909715,87.395289,212.1275,37.479165,112.4298,37.486916,212.38164,349.77862,12.496501,12.49821,12.496959,212.22155,187.28778,87.462161,24.994663,12.498146,12.498435,12.499314,0.00028753894,5.7509801e-05,0.00017252604,5.7514594e-05,0.00017257759
48.348348,949.94032,487.46757,274.98129,862.43154,449.92341,2799.0324,1486.7502,2660.4024,249.88027,149.89187,99.88648,224.63146,112.32798,74.909712,87.395238,212.12728,37.479148,112.42972,37.4869,212.38141,349.77806,12.496507,12.498207,12.496955,212.22126,187.28756,87.462105,24.994661,12.498146,12.498438,12.499315,0.00028143861,5.6289699e-05,0.0001688658,5.6294404e-05,0.0001689164
48.448448,949.94144,487.46812,274.98151,862.43164,449.92349,2799.0315,1486.7498,2660.4018,249.88024,149.89187,99.886485,224.63152,112.32802,74.90971,87.395187,212.12705,37.479132,112.42964,37.486884,212.38118,349.77751,12.496512,12.498203,12.496951,212.22097,187.28733,87.46205,24.994659,12.498147,12.498441,12.499316,0.00027550375,5.5102691e-05,0.00016530483,5.5107309e-05,0.0001653545
48.548549,949.94253,487.46867,274.98172,862.43175,449.92356,2799.0306,1486.7493,2660.4012,249.88021,149.89188,99.886491,224.63158,112.32807,74.909709,87.395137,212.12683,37.479115,112.42956,37.486868,212.38096,349.77696,12.496517,12.4982,12.496946,212.22068,187.28711,87.461996,24.994658,12.498147,12.498443,12.499318,0.00026973419,5.3948744e-05,0.00016184305,5.3953277e-05,0.0001618918
48.648649,949.94359,487.46919,274.98193,862.43185,449.92363,2799.0298,1486.7489,2660.4006,249.88019,149.89188,99.886499,224.63165,112.32811,74.909708,87.395088,212.12661,37.479099,112.42948,37.486853,212.38073,349.77641,12.496523,12.498197,12.496942,212.2204,187.28689,87.461943,24.994656,12.498147,12.498445,12.499319,0.0002641299,5.2827852e-05,0.00015848043,5.2832302e-05,0.00015852829
48.748749,949.94462,487.4697,274.98213,862.43194,449.9237,2799.0289,1486.7486,2660.4,249.88016,149.89189,99.886507,224.63172,112.32816,74.909708,87.395039,212.12639,37.479084,112.4294,37.486838,212.38051,349.77587,12.496527,12.498193,12.496938,212.22011,187.28668,87.46189,24.994654,12.498147,12.498448,12.49932,0.00025869098,5.1740036e-05,0.00015521704,5.1744404e-05,0.00015526402
48.848849,949.94562,487.4702,274.98233,862.43204,449.92377,2799.0281,1486.7482,2660.3995,249.88014,149.8919,99.886516,224.63179,112.32821,74.909709,87.394991,212.12617,37.479068,112.42933,37.486823,212.38029,349.77533,12.496532,12.49819,12.496934,212.21983,187.28646,87.461839,24.994653,12.498147,12.49845,12.499321,0.00025341769,5.0685344e-05,0.00015205302,5.0689633e-05,0.00015209914
48.948949,949.94658,487.47068,274.98252,862.43213,449.92384,2799.0273,1486.7478,2660.399,249.88012,149.89191,99.886526,224.63187,112.32826,74.909711,87.394943,212.12595,37.479053,112.42925,37.486809,212.38008,349.77479,12.496537,12.498187,12.49693,212.21955,187.28625,87.461788,24.994651,12.498147,12.498452,12.499322,0.0002483104,4.9663854e-05,0.0001489886,4.9668065e-05,0.00014903389
49.049049,949.94752,487.47114,274.9827,862.43221,449.92391,2799.0266,1486.7475,2660.3985,249.88011,149.89192,99.886538,224.63194,112.3283,74.909713,87.394896,212.12574,37.479039,112.42918,37.486795,212.37986,349.77426,12.496541,12.498184,12.496927,212.21927,187.28604,87.461738,24.994649,12.498147,12.498454,12.499323,0.00024336962,4.8675667e-05,0.0001460241,4.8679802e-05,0.00014606856
49.149149,949.94842,487.47159,274.98288,862.4323,449.92397,2799.0259,1486.7472,2660.3981,249.88009,149.89193,99.88655,224.63202,112.32835,74.909717,87.39485,212.12553,37.479025,112.42911,37.486781,212.37965,349.77373,12.496545,12.498181,12.496923,212.219,187.28583,87.46169,24.994647,12.498147,12.498456,12.499324,0.00023859602,4.7720916e-05,0.00014315989,4.7724976e-05,0.00014320355
49.249249,949.94929,487.47203,274.98305,862.43238,449.92403,2799.0252,1486.7468,2660.3976,249.88008,149.89195,99.886564,224.63209,112.3284,74.909721,87.394804,212.12532,37.479011,112.42904,37.486768,212.37943,349.7732,12.49655,12.498178,12.496919,212.21872,187.28562,87.461642,24.994646,12.498147,12.498458,12.499325,0.00023399037,4.6799756e-05,0.00014039646,4.6803744e-05,0.00014043934
49.349349,949.95013,487.47244,274.98321,862.43246,449.92409,2799.0245,1486.7465,2660.3972,249.88007,149.89196,99.886578,224.63217,112.32846,74.909726,87.394758,212.12511,37.478998,112.42897,37.486755,212.37922,349.77268,12.496554,12.498175,12.496916,212.21845,187.28542,87.461595,24.994644,12.498147,12.49846,12.499326,0.00022955361,4.5912374e-05,0.00013773437,4.591629e-05,0.00013777648
49.449449,949.95094,487.47284,274.98337,862.43254,449.92415,2799.0238,1486.7462,2660.3968,249.88006,149.89198,99.886594,224.63226,112.32851,74.909731,87.394714,212.12491,37.478985,112.4289,37.486742,212.37902,349.77217,12.496557,12.498173,12.496912,212.21818,187.28522,87.461548,24.994642,12.498147,12.498462,12.499327,0.00022528679,4.5058982e-05,0.00013517424,4.5062829e-05,0.00013521561
49.54955,949.95171,487.47323,274.98352,862.43261,449.9242,2799.0232,1486.746,2660.3965,249.88005,149.89199,99.88661,224.63234,112.32856,74.909738,87.39467,212.12471,37.478972,112.42883,37.486729,212.37881,349.77165,12.496561,12.49817,12.496909,212.21791,187.28501,87.461503,24.994641,12.498147,12.498463,12.499328,0.00022119111,4.4239819e-05,0.00013271679,4.4243598e-05,0.00013275744
49.64965,949.9525,487.47362,274.98368,862.43269,449.92426,2799.0226,1486.7457,2660.3961,249.88005,149.89201,99.886626,224.63242,112.32862,74.909744,87.394625,212.1245,37.47896,112.42877,37.486717,212.3786,349.77114,12.496565,12.498167,12.496906,212.21764,187.28481,87.461457,24.994639,12.498147,12.498465,12.499329,0.00021700095,4.3401758e-05,0.00013020266,4.340547e-05,0.00013024257
49.74975,949.95334,487.47404,274.98384,862.43276,449.92431,2799.0219,1486.7454,2660.3957,249.88003,149.89202,99.88664,224.6325,112.32867,74.909749,87.39458,212.12429,37.478946,112.4287,37.486704,212.37839,349.77061,12.496569,12.498165,12.496902,212.21736,187.28461,87.46141,24.994637,12.498147,12.498467,12.49933,0.00021257053,4.2515647e-05,0.00012754437,4.2519291e-05,0.00012758355
49.84985,949.95416,487.47445,274.98401,862.43284,449.92437,2799.0213,1486.7451,2660.3953,249.88002,149.89203,99.886655,224.63258,112.32872,74.909754,87.394535,212.12409,37.478933,112.42863,37.486691,212.37818,349.7701,12.496573,12.498162,12.496899,212.21709,187.2844,87.461364,24.994635,12.498147,12.498468,12.499331,0.00020823867,4.1649247e-05,0.00012494522,4.1652823e-05,0.00012498367
49.94995,949.95496,487.47484,274.98416,862.43292,449.92443,2799.0206,1486.7448,2660.3949,249.88002,149.89205,99.88667,224.63266,112.32877,74.909759,87.39449,212.12388,37.47892,112.42856,37.486678,212.37798,349.76958,12.496576,12.498159,12.496895,212.21682,187.2842,87.461318,24.994634,12.498147,12.49847,12.499331,0.00020400322,4.080213e-05,0.00012240391,4.080564e-05,0.00012244166
50.05005,949.95574,487.47523,274.98432,862.43299,449.92448,2799.02,1486.7445,2660.3946,249.88001,149.89206,99.886686,224.63275,112.32882,74.909765,87.394446,212.12368,37.478908,112.42849,37.486666,212.37777,349.76906,12.49658,12.498157,12.496892,212.21655,187.284,87.461272,24.994632,12.498147,12.498472,12.499332,0.00019986209,3.9973878e-05,0.0001199192,3.9977323e-05,0.00011995625
50.15015,949.95651,487.47561,274.98447,862.43307,449.92454,2799.0194,1486.7443,2660.3942,249.88,149.89208,99.886702,224.63283,112.32888,74.909771,87.394402,212.12348,37.478895,112.42842,37.486653,212.37756,349.76855,12.496584,12.498154,12.496889,212.21628,187.2838,87.461227,24.99463,12.498147,12.498473,12.499333,0.00019581327,3.9164087e-05,0.00011748987,3.9167468e-05,0.00011752623
50.25025,949.95726,487.47599,274.98461,862.43314,449.92459,2799.0188,1486.744,2660.3939,249.88,149.8921,99.886719,224.63291,112.32893,74.909778,87.394358,212.12328,37.478883,112.42836,37.486641,212.37736,349.76804,12.496587,12.498151,12.496885,212.21601,187.2836,87.461182,24.994629,12.498147,12.498475,12.499334,0.00019185477,3.8372362e-05,0.00011511474,3.8375681e-05,0.00011515043
50.35035,949.95799,487.47635,274.98476,862.43321,449.92464,2799.0182,1486.7438,2660.3936,249.87999,149.89211,99.886736,224.633,112.32898,74.909785,87.394315,212.12308,37.478871,112.42829,37.486629,212.37716,349.76753,12.496591,12.498149,12.496882,212.21575,187.2834,87.461138,24.994627,12.498147,12.498476,12.499334,0.0001879847,3.7598322e-05,0.00011279266,3.760158e-05,0.00011282769
50.45045,949.9587,487.47671,274.9849,862.43327,449.92469,2799.0177,1486.7435,2660.3933,249.87999,149.89213,99.886754,224.63308,112.32904,74.909792,87.394272,212.12288,37.478859,112.42823,37.486617,212.37695,349.76702,12.496594,12.498146,12.496879,212.21548,187.2832,87.461094,24.994625,12.498147,12.498478,12.499335,0.00018420119,3.6841596e-05,0.00011052253,3.6844794e-05,0.00011055691
50.550551,949.9594,487.47705,274.98504,862.43334,449.92474,2799.0171,1486.7433,2660.393,249.87999,149.89215,99.886772,224.63317,112.32909,74.9098,87.394229,212.12268,37.478847,112.42816,37.486605,212.37675,349.76652,12.496597,12.498144,12.496876,212.21521,187.283,87.461051,24.994623,12.498147,12.498479,12.499336,0.00018050245,3.6101824e-05,0.00010830325,3.6104963e-05,0.000108337
50.650651,949.96009,487.47739,274.98517,862.43341,449.92479,2799.0166,1486.743,2660.3927,249.87998,149.89217,99.886791,224.63326,112.32915,74.909808,87.394186,212.12248,37.478836,112.4281,37.486594,212.37655,349.76601,12.496601,12.498142,12.496873,212.21495,187.28281,87.461008,24.994622,12.498147,12.498481,12.499337,0.00017688674,3.5378658e-05,0.00010613379,3.5381739e-05,0.00010616692
50.750751,949.96076,487.47773,274.9853,862.43347,449.92484,2799.0161,1486.7428,2660.3924,249.87998,149.89218,99.88681,224.63334,112.3292,74.909816,87.394144,212.12229,37.478824,112.42804,37.486582,212.37635,349.76551,12.496604,12.498139,12.49687,212.21468,187.28261,87.460966,24.99462,12.498147,12.498482,12.499337,0.00017335238,3.4671761e-05,0.00010401314,3.4674785e-05,0.00010404565
50.850851,949.96141,487.47805,274.98543,862.43353,449.92489,2799.0156,1486.7426,2660.3921,249.87999,149.8922,99.88683,224.63343,112.32926,74.909825,87.394102,212.12209,37.478813,112.42797,37.486571,212.37615,349.76501,12.496607,12.498137,12.496866,212.21442,187.28242,87.460924,24.994618,12.498147,12.498483,12.499338,0.00016989773,3.3980809e-05,0.00010194032,3.3983777e-05,0.00010197224
50.950951,949.96205,487.47837,274.98555,862.43359,449.92493,2799.0151,1486.7424,2660.3919,249.87999,149.89222,99.88685,224.63352,112.32931,74.909834,87.39406,212.1219,37.478802,112.42791,37.48656,212.37595,349.76451,12.49661,12.498135,12.496863,212.21416,187.28222,87.460883,24.994617,12.498147,12.498485,12.499338,0.00016652123,3.3305487e-05,9.9914394e-05,3.33084e-05,9.9945719e-05
51.051051,949.96267,487.47868,274.98568,862.43365,449.92498,2799.0146,1486.7422,2660.3916,249.87999,149.89224,99.886871,224.63361,112.32937,74.909843,87.394019,212.1217,37.478791,112.42785,37.486549,212.37575,349.76402,12.496613,12.498133,12.496861,212.2139,187.28203,87.460841,24.994615,12.498147,12.498486,12.499339,0.00016322138,3.2645493e-05,9.793445e-05,3.2648353e-05,9.7965198e-05
51.151151,949.96328,487.47898,274.9858,862.43371,449.92502,2799.0141,1486.742,2660.3914,249.87999,149.89226,99.886892,224.6337,112.32943,74.909853,87.393977,212.12151,37.478781,112.42779,37.486538,212.37556,349.76352,12.496616,12.49813,12.496858,212.21364,187.28184,87.460801,24.994613,12.498147,12.498487,12.499339,0.0001599967,3.2000537e-05,9.5999617e-05,3.2003344e-05,9.6029799e-05
51.251251,949.96388,487.47928,274.98591,862.43377,449.92506,2799.0137,1486.7418,2660.3912,249.88,149.89228,99.886913,224.63379,112.32948,74.909863,87.393936,212.12132,37.47877,112.42773,37.486527,212.37536,349.76303,12.496619,12.498128,12.496855,212.21338,187.28165,87.46076,24.994611,12.498147,12.498488,12.49934,0.00015684582,3.1370338e-05,9.4109057e-05,3.1373094e-05,9.4138684e-05
51.351351,949.96446,487.47957,274.98603,862.43383,449.92511,2799.0132,1486.7416,2660.391,249.88,149.8923,99.886935,224.63388,112.32954,74.909873,87.393896,212.12113,37.47876,112.42767,37.486517,212.37517,349.76253,12.496621,12.498126,12.496852,212.21312,187.28146,87.46072,24.99461,12.498147,12.498489,12.49934,0.00015376738,3.075463e-05,9.2261966e-05,3.0757335e-05,9.2291048e-05
51.451451,949.96503,487.47985,274.98614,862.43388,449.92515,2799.0128,1486.7414,2660.3908,249.88001,149.89233,99.886957,224.63398,112.3296,74.909884,87.393855,212.12094,37.47875,112.42761,37.486506,212.37497,349.76204,12.496624,12.498124,12.496849,212.21286,187.28127,87.460681,24.994608,12.498146,12.49849,12.499341,0.0001507601,3.0153154e-05,9.0457573e-05,3.0155809e-05,9.0486122e-05
51.551552,949.96558,487.48013,274.98625,862.43393,449.92519,2799.0124,1486.7412,2660.3906,249.88001,149.89235,99.886979,224.63407,112.32966,74.909895,87.393815,212.12075,37.47874,112.42755,37.486496,212.37478,349.76155,12.496627,12.498122,12.496846,212.2126,187.28108,87.460641,24.994606,12.498146,12.498491,12.499341,0.00014782277,2.9565667e-05,8.8695145e-05,2.9568273e-05,8.8723171e-05
51.651652,949.96613,487.4804,274.98636,862.43399,449.92523,2799.0119,1486.7411,2660.3904,249.88002,149.89237,99.887002,224.63416,112.32972,74.909906,87.393775,212.12056,37.47873,112.42749,37.486486,212.37459,349.76107,12.496629,12.49812,12.496843,212.21234,187.28089,87.460603,24.994605,12.498146,12.498492,12.499342,0.0001449542,2.8991934e-05,8.6973978e-05,2.8994493e-05,8.7001492e-05
51.751752,949.96665,487.48066,274.98646,862.43404,449.92527,2799.0115,1486.7409,2660.3903,249.88003,149.89239,99.887025,224.63426,112.32977,74.909917,87.393735,212.12037,37.478721,112.42743,37.486476,212.3744,349.76058,12.496632,12.498118,12.496841,212.21209,187.28071,87.460564,24.994603,12.498146,12.498493,12.499342,0.00014215329,2.8431732e-05,8.5293407e-05,2.8434245e-05,8.532042e-05
51.851852,949.96717,487.48092,274.98656,862.43409,449.9253,2799.0112,1486.7407,2660.3901,249.88004,149.89241,99.887049,224.63435,112.32983,74.909929,87.393695,212.12019,37.478711,112.42738,37.486466,212.3742,349.7601,12.496634,12.498116,12.496838,212.21183,187.28052,87.460526,24.994601,12.498146,12.498494,12.499343,0.00013941898,2.7884852e-05,8.3652799e-05,2.7887319e-05,8.367932e-05
51.951952,949.96768,487.48117,274.98666,862.43414,449.92534,2799.0108,1486.7406,2660.39,249.88005,149.89244,99.887073,224.63445,112.32989,74.909941,87.393656,212.12,37.478702,112.42732,37.486456,212.37401,349.75961,12.496637,12.498114,12.496835,212.21157,187.28033,87.460488,24.994599,12.498146,12.498495,12.499343,0.00013675029,2.7351094e-05,8.2051555e-05,2.7353516e-05,8.2077595e-05
52.052052,949.96817,487.48141,274.98676,862.43418,449.92538,2799.0104,1486.7404,2660.3898,249.88006,149.89246,99.887097,224.63454,112.32995,74.909953,87.393616,212.11982,37.478692,112.42726,37.486446,212.37382,349.75913,12.496639,12.498112,12.496833,212.21132,187.28015,87.46045,24.994598,12.498146,12.498496,12.499343,0.00013414625,2.683027e-05,8.0489112e-05,2.6832648e-05,8.0514681e-05
52.152152,949.96865,487.48165,274.98685,862.43423,449.92541,2799.0101,1486.7403,2660.3897,249.88007,149.89249,99.887122,224.63464,112.33001,74.909965,87.393577,212.11963,37.478683,112.42721,37.486436,212.37364,349.75865,12.496641,12.498111,12.49683,212.21107,187.27996,87.460413,24.994596,12.498145,12.498497,12.499344,0.00013160601,2.6322202e-05,7.8964939e-05,2.6324537e-05,7.8990048e-05
52.252252,949.96912,487.48188,274.98694,862.43428,449.92545,2799.0097,1486.7402,2660.3896,249.88008,149.89251,99.887147,224.63474,112.33007,74.909978,87.393539,212.11945,37.478674,112.42715,37.486427,212.37345,349.75817,12.496643,12.498109,12.496828,212.21081,187.27978,87.460376,24.994594,12.498145,12.498498,12.499344,0.00012912872,2.5826726e-05,7.7478542e-05,2.582902e-05,7.75032e-05
52.352352,949.96957,487.48211,274.98703,862.43432,449.92548,2799.0094,1486.74,2660.3895,249.8801,149.89253,99.887172,224.63483,112.33013,74.909991,87.3935,212.11927,37.478666,112.42709,37.486418,212.37326,349.75769,12.496646,12.498107,12.496825,212.21056,187.2796,87.46034,24.994593,12.498145,12.498499,12.499344,0.00012671362,2.5343689e-05,7.6029459e-05,2.5345942e-05,7.6053676e-05
52.452452,949.97002,487.48233,274.98712,862.43437,449.92552,2799.009,1486.7399,2660.3894,249.88011,149.89256,99.887198,224.63493,112.33019,74.910004,87.393462,212.11908,37.478657,112.42704,37.486408,212.37307,349.75722,12.496648,12.498105,12.496822,212.21031,187.27942,87.460304,24.994591,12.498145,12.498499,12.499345,0.00012435999,2.4872948e-05,7.4617263e-05,2.487516e-05,7.464105e-05
52.552553,949.97045,487.48255,274.98721,862.43441,449.92555,2799.0087,1486.7398,2660.3893,249.88012,149.89258,99.887224,224.63503,112.33025,74.910018,87.393423,212.1189,37.478648,112.42698,37.486399,212.37289,349.75674,12.49665,12.498104,12.49682,212.21006,187.27923,87.460268,24.994589,12.498145,12.4985,12.499345,0.0001220672,2.4414372e-05,7.3241562e-05,2.4416545e-05,7.3264928e-05
52.652653,949.97088,487.48276,274.98729,862.43445,449.92558,2799.0084,1486.7397,2660.3892,249.88014,149.89261,99.88725,224.63513,112.33031,74.910031,87.393385,212.11872,37.47864,112.42693,37.48639,212.3727,349.75627,12.496652,12.498102,12.496818,212.2098,187.27905,87.460232,24.994587,12.498144,12.498501,12.499345,0.00011983462,2.3967841e-05,7.1901997e-05,2.3969977e-05,7.1924953e-05
52.752753,949.97129,487.48296,274.98737,862.43449,449.92561,2799.0081,1486.7395,2660.3891,249.88015,149.89263,99.887276,224.63523,112.33037,74.910045,87.393348,212.11854,37.478632,112.42688,37.486381,212.37252,349.75579,12.496654,12.4981,12.496815,212.20955,187.27887,87.460197,24.994586,12.498144,12.498502,12.499345,0.00011765873,2.3532647e-05,7.059644e-05,2.3534745e-05,7.0618994e-05
52.852853,949.97171,487.48317,274.98746,862.43453,449.92564,2799.0078,1486.7394,2660.389,249.88017,149.89266,99.887302,224.63533,112.33044,74.910058,87.393309,212.11836,37.478623,112.42682,37.486372,212.37233,349.75532,12.496656,12.498099,12.496813,212.2093,187.27869,87.460161,24.994584,12.498144,12.498502,12.499346,0.00011541436,2.3083757e-05,6.9249798e-05,2.3085817e-05,6.9271941e-05
52.952953,949.97213,487.48338,274.98754,862.43457,449.92567,2799.0075,1486.7393,2660.3889,249.88018,149.89268,99.887328,224.63543,112.3305,74.910072,87.393271,212.11818,37.478615,112.42677,37.486363,212.37214,349.75485,12.496658,12.498097,12.49681,212.20905,187.27851,87.460126,24.994582,12.498144,12.498503,12.499346,0.00011321363,2.2643595e-05,6.7929337e-05,2.2645617e-05,6.7951077e-05
53.053053,949.97254,487.48358,274.98762,862.43461,449.9257,2799.0072,1486.7392,2660.3889,249.8802,149.89271,99.887355,224.63553,112.33056,74.910085,87.393233,212.118,37.478607,112.42671,37.486354,212.37196,349.75437,12.49666,12.498095,12.496808,212.2088,187.27833,87.460091,24.99458,12.498144,12.498504,12.499346,0.00011105539,2.2211932e-05,6.6634375e-05,2.2213917e-05,6.6655718e-05
53.153153,949.97294,487.48378,274.9877,862.43465,449.92574,2799.0069,1486.7391,2660.3888,249.88022,149.89274,99.887381,224.63562,112.33062,74.910099,87.393196,212.11782,37.478599,112.42666,37.486345,212.37177,349.7539,12.496662,12.498094,12.496805,212.20855,187.27815,87.460056,24.994579,12.498143,12.498504,12.499346,0.00010893855,2.1788549e-05,6.536425e-05,2.1790498e-05,6.5385204e-05
53.253253,949.97333,487.48398,274.98777,862.43469,449.92576,2799.0066,1486.739,2660.3887,249.88023,149.89276,99.887408,224.63572,112.33068,74.910113,87.393158,212.11765,37.478591,112.42661,37.486337,212.37159,349.75343,12.496663,12.498092,12.496803,212.2083,187.27797,87.460021,24.994577,12.498143,12.498505,12.499346,0.00010686205,2.1373233e-05,6.4118327e-05,2.1375146e-05,6.4138899e-05
53.353353,949.97371,487.48417,274.98785,862.43473,449.92579,2799.0064,1486.7389,2660.3887,249.88025,149.89279,99.887435,224.63582,112.33074,74.910127,87.39312,212.11747,37.478583,112.42656,37.486328,212.37141,349.75296,12.496665,12.49809,12.496801,212.20805,187.27779,87.459987,24.994575,12.498143,12.498505,12.499347,0.00010482486,2.0965781e-05,6.2895996e-05,2.096766e-05,6.2916193e-05
53.453453,949.97409,487.48436,274.98792,862.43477,449.92582,2799.0061,1486.7388,2660.3886,249.88027,149.89281,99.887462,224.63592,112.3308,74.910141,87.393083,212.11729,37.478575,112.4265,37.486319,212.37122,349.75249,12.496667,12.498089,12.496798,212.2078,187.27761,87.459952,24.994574,12.498143,12.498506,12.499347,0.00010282602,2.0565998e-05,6.1696672e-05,2.0567842e-05,6.17165e-05
53.553554,949.97446,487.48454,274.988,862.4348,449.92585,2799.0058,1486.7387,2660.3886,249.88028,149.89284,99.887489,224.63602,112.33086,74.910156,87.393046,212.11711,37.478567,112.42645,37.486311,212.37104,349.75202,12.496669,12.498087,12.496796,212.20755,187.27744,87.459918,24.994572,12.498143,12.498507,12.499347,0.00010086458,2.0173697e-05,6.0519792e-05,2.0175508e-05,6.0539258e-05
53.653654,949.97483,487.48472,274.98807,862.43484,449.92588,2799.0056,1486.7386,2660.3885,249.8803,149.89287,99.887517,224.63612,112.33092,74.91017,87.393008,212.11694,37.478559,112.4264,37.486302,212.37086,349.75155,12.49667,12.498086,12.496794,212.2073,187.27726,87.459884,24.99457,12.498142,12.498507,12.499347,9.8939663e-05,1.9788699e-05,5.9364821e-05,1.9790477e-05,5.9383932e-05
53.753754,949.97518,487.4849,274.98814,862.43488,449.92591,2799.0053,1486.7385,2660.3885,249.88032,149.89289,99.887544,224.63622,112.33099,74.910185,87.392971,212.11676,37.478551,112.42635,37.486294,212.37068,349.75109,12.496672,12.498084,12.496791,212.20706,187.27708,87.45985,24.994568,12.498142,12.498508,12.499347,9.7050404e-05,1.9410833e-05,5.8231247e-05,1.9412579e-05,5.825001e-05
53.853854,949.97553,487.48508,274.98821,862.43491,449.92593,2799.0051,1486.7384,2660.3884,249.88034,149.89292,99.887572,224.63632,112.33105,74.910199,87.392934,212.11658,37.478544,112.4263,37.486285,212.37049,349.75062,12.496674,12.498083,12.496789,212.20681,187.2769,87.459817,24.994567,12.498142,12.498508,12.499347,9.5195995e-05,1.9039938e-05,5.7118584e-05,1.9041652e-05,5.7137004e-05
53.953954,949.97588,487.48525,274.98828,862.43494,449.92596,2799.0048,1486.7383,2660.3884,249.88036,149.89295,99.8876,224.63643,112.33111,74.910214,87.392897,212.11641,37.478536,112.42624,37.486277,212.37031,349.75015,12.496675,12.498081,12.496787,212.20656,187.27673,87.459783,24.994565,12.498142,12.498509,12.499347,9.3375667e-05,1.8675859e-05,5.6026369e-05,1.8677541e-05,5.6044454e-05
54.054054,949.97622,487.48541,274.98834,862.43498,449.92599,2799.0046,1486.7382,2660.3884,249.88037,149.89297,99.887628,224.63653,112.33117,74.910229,87.39286,212.11623,37.478529,112.42619,37.486269,212.37013,349.74969,12.496677,12.49808,12.496785,212.20631,187.27655,87.45975,24.994563,12.498141,12.498509,12.499348,9.158869e-05,1.8318451e-05,5.4954166e-05,1.8320102e-05,5.4971921e-05
54.154154,949.97655,487.48558,274.98841,862.43501,449.92601,2799.0044,1486.7382,2660.3884,249.88039,149.893,99.887656,224.63663,112.33123,74.910244,87.392824,212.11606,37.478522,112.42614,37.486261,212.36995,349.74922,12.496679,12.498078,12.496782,212.20607,187.27637,87.459717,24.994562,12.498141,12.49851,12.499348,8.9834378e-05,1.7967575e-05,5.3901561e-05,1.7969197e-05,5.3918993e-05
54.254254,949.97687,487.48574,274.98847,862.43504,449.92604,2799.0041,1486.7381,2660.3884,249.88041,149.89303,99.887684,224.63673,112.33129,74.910259,87.392787,212.11588,37.478514,112.42609,37.486252,212.36977,349.74876,12.49668,12.498077,12.49678,212.20582,187.2762,87.459684,24.99456,12.498141,12.49851,12.499348,8.8112084e-05,1.7623104e-05,5.2868168e-05,1.7624696e-05,5.2885282e-05
54.354354,949.97719,487.4859,274.98854,862.43508,449.92606,2799.0039,1486.738,2660.3883,249.88043,149.89306,99.887713,224.63683,112.33136,74.910274,87.39275,212.11571,37.478507,112.42604,37.486244,212.36959,349.74829,12.496682,12.498076,12.496778,212.20557,187.27602,87.459651,24.994558,12.498141,12.49851,12.499348,8.6421204e-05,1.7284916e-05,5.1853623e-05,1.7286479e-05,5.1870426e-05
54.454454,949.97751,487.48606,274.9886,862.43511,449.92609,2799.0037,1486.7379,2660.3883,249.88045,149.89308,99.887741,224.63693,112.33142,74.910289,87.392714,212.11554,37.4785,112.42599,37.486236,212.36941,349.74783,12.496683,12.498074,12.496776,212.20533,187.27585,87.459619,24.994556,12.49814,12.498511,12.499348,8.4761173e-05,1.6952897e-05,5.0857589e-05,1.6954432e-05,5.0874085e-05
54.554555,949.97782,487.48621,274.98866,862.43514,449.92611,2799.0035,1486.7379,2660.3883,249.88047,149.89311,99.88777,224.63703,112.33148,74.910304,87.392677,212.11536,37.478493,112.42594,37.486228,212.36923,349.74737,12.496685,12.498073,12.496774,212.20508,187.27567,87.459586,24.994555,12.49814,12.498511,12.499348,8.3131469e-05,1.6626945e-05,4.9879751e-05,1.6628452e-05,4.9895947e-05
54.654655,949.97812,487.48636,274.98872,862.43517,449.92613,2799.0033,1486.7378,2660.3883,249.8805,149.89314,99.887798,224.63714,112.33154,74.910319,87.392641,212.11519,37.478486,112.42589,37.48622,212.36905,349.74691,12.496686,12.498072,12.496771,212.20483,187.2755,87.459554,24.994553,12.49814,12.498512,12.499348,8.1531612e-05,1.6306962e-05,4.891982e-05,1.6308441e-05,4.8935723e-05
54.754755,949.97842,487.48651,274.98878,862.4352,449.92616,2799.0031,1486.7377,2660.3883,249.88052,149.89317,99.887827,224.63724,112.3316,74.910335,87.392605,212.11502,37.478479,112.42584,37.486213,212.36887,349.74645,12.496687,12.49807,12.496769,212.20459,187.27532,87.459522,24.994551,12.49814,12.498512,12.499348,7.9961161e-05,1.599286e-05,4.7977534e-05,1.5994312e-05,4.7993148e-05
54.854855,949.97871,487.48665,274.98883,862.43523,449.92618,2799.0029,1486.7377,2660.3883,249.88054,149.89319,99.887856,224.63734,112.33167,74.91035,87.392568,212.11485,37.478472,112.42579,37.486205,212.36869,349.74598,12.496689,12.498069,12.496767,212.20434,187.27515,87.45949,24.99455,12.498139,12.498512,12.499348,7.8419717e-05,1.568456e-05,4.7052653e-05,1.5685986e-05,4.7067984e-05
54.954955,949.97899,487.4868,274.98889,862.43526,449.9262,2799.0027,1486.7376,2660.3883,249.88056,149.89322,99.887885,224.63744,112.33173,74.910366,87.392532,212.11467,37.478465,112.42574,37.486197,212.36851,349.74552,12.49669,12.498067,12.496765,212.2041,187.27498,87.459458,24.994548,12.498139,12.498513,12.499348,7.6906924e-05,1.538199e-05,4.6144963e-05,1.5383391e-05,4.6160016e-05
55.055055,949.97927,487.48694,274.98895,862.43529,449.92623,2799.0025,1486.7376,2660.3884,249.88058,149.89325,99.887914,224.63754,112.33179,74.910381,87.392496,212.1145,37.478458,112.42569,37.486189,212.36834,349.74506,12.496691,12.498066,12.496763,212.20385,187.2748,87.459426,24.994546,12.498139,12.498513,12.499348,7.5422466e-05,1.5085088e-05,4.5254273e-05,1.5086463e-05,4.5269054e-05
55.155155,949.97955,487.48707,274.989,862.43531,449.92625,2799.0023,1486.7375,2660.3884,249.8806,149.89328,99.887944,224.63765,112.33185,74.910397,87.39246,212.11433,37.478452,112.42564,37.486182,212.36816,349.74461,12.496693,12.498065,12.496761,212.20361,187.27463,87.459395,24.994544,12.498139,12.498513,12.499348,7.3966067e-05,1.4793797e-05,4.438042e-05,1.4795148e-05,4.4394934e-05
55.255255,949.97982,487.48721,274.98905,862.43534,449.92627,2799.0021,1486.7374,2660.3884,249.88063,149.89331,99.887973,224.63775,112.33192,74.910413,87.392424,212.11416,37.478445,112.4256,37.486174,212.36798,349.74415,12.496694,12.498064,12.496759,212.20336,187.27446,87.459363,24.994543,12.498138,12.498514,12.499348,7.2537494e-05,1.4508072e-05,4.3523262e-05,1.4509398e-05,4.3537515e-05
55.355355,949.98009,487.48734,274.98911,862.43537,449.92629,2799.002,1486.7374,2660.3884,249.88065,149.89333,99.888002,224.63785,112.33198,74.910428,87.392388,212.11399,37.478439,112.42555,37.486166,212.3678,349.74369,12.496695,12.498062,12.496757,212.20312,187.27429,87.459332,24.994541,12.498138,12.498514,12.499348,7.1136555e-05,1.4227874e-05,4.2682685e-05,1.4229176e-05,4.2696681e-05
55.455455,949.98035,487.48747,274.98916,862.4354,449.92631,2799.0018,1486.7373,2660.3884,249.88067,149.89336,99.888032,224.63795,112.33204,74.910444,87.392353,212.11382,37.478432,112.4255,37.486159,212.36763,349.74323,12.496696,12.498061,12.496755,212.20288,187.27411,87.459301,24.994539,12.498138,12.498514,12.499348,6.9763099e-05,1.3953173e-05,4.1858597e-05,1.3954452e-05,4.1872343e-05
55.555556,949.9806,487.4876,274.98921,862.43542,449.92633,2799.0016,1486.7373,2660.3885,249.88069,149.89339,99.888062,224.63806,112.3321,74.91046,87.392317,212.11365,37.478426,112.42545,37.486151,212.36745,349.74277,12.496698,12.49806,12.496753,212.20263,187.27394,87.45927,24.994538,12.498137,12.498514,12.499348,6.8417015e-05,1.3683946e-05,4.1050934e-05,1.3685202e-05,4.1064434e-05
55.655656,949.98085,487.48772,274.98926,862.43545,449.92635,2799.0015,1486.7372,2660.3885,249.88072,149.89342,99.888091,224.63816,112.33217,74.910476,87.392281,212.11348,37.478419,112.4254,37.486144,212.36727,349.74232,12.496699,12.498059,12.49675,212.20239,187.27377,87.459239,24.994536,12.498137,12.498515,12.499348,6.7098236e-05,1.3420181e-05,4.0259654e-05,1.3421414e-05,4.0272914e-05
55.755756,949.98109,487.48784,274.9893,862.43547,449.92637,2799.0013,1486.7372,2660.3885,249.88074,149.89345,99.888121,224.63826,112.33223,74.910492,87.392245,212.11331,37.478413,112.42536,37.486137,212.3671,349.74186,12.4967,12.498057,12.496748,212.20215,187.2736,87.459208,24.994534,12.498137,12.498515,12.499348,6.5806735e-05,1.3161871e-05,3.948474e-05,1.3163083e-05,3.9497765e-05
55.855856,949.98133,487.48796,274.98935,862.4355,449.92639,2799.0012,1486.7372,2660.3886,249.88077,149.89348,99.888151,224.63837,112.33229,74.910508,87.39221,212.11314,37.478407,112.42531,37.486129,212.36692,349.74141,12.496701,12.498056,12.496746,212.2019,187.27343,87.459178,24.994532,12.498137,12.498515,12.499348,6.4542524e-05,1.2909019e-05,3.8726202e-05,1.291021e-05,3.8738996e-05
55.955956,949.98157,487.48808,274.9894,862.43552,449.92641,2799.001,1486.7371,2660.3886,249.88079,149.89351,99.888181,224.63847,112.33235,74.910524,87.392174,212.11297,37.4784,112.42526,37.486122,212.36674,349.74095,12.496702,12.498055,12.496744,212.20166,187.27325,87.459147,24.994531,12.498136,12.498515,12.499348,6.3265572e-05,1.265362e-05,3.7960018e-05,1.2654789e-05,3.7972581e-05
56.056056,949.98182,487.4882,274.98945,862.43555,449.92643,2799.0008,1486.7371,2660.3887,249.88081,149.89354,99.888211,224.63857,112.33242,74.91054,87.392139,212.1128,37.478394,112.42521,37.486115,212.36657,349.74049,12.496703,12.498054,12.496742,212.20141,187.27308,87.459117,24.994529,12.498136,12.498516,12.499348,6.1985809e-05,1.2397658e-05,3.7192147e-05,1.2398805e-05,3.7204481e-05
56.156156,949.98205,487.48832,274.98949,862.43557,449.92645,2799.0007,1486.737,2660.3887,249.88084,149.89356,99.88824,224.63867,112.33248,74.910556,87.392103,212.11263,37.478388,112.42517,37.486107,212.36639,349.74004,12.496704,12.498053,12.49674,212.20117,187.27291,87.459086,24.994527,12.498136,12.498516,12.499348,6.0725768e-05,1.214564e-05,3.6436111e-05,1.2146767e-05,3.6448219e-05
56.256256,949.98229,487.48844,274.98954,862.4356,449.92647,2799.0005,1486.737,2660.3887,249.88086,149.89359,99.88827,224.63878,112.33254,74.910572,87.392067,212.11246,37.478381,112.42512,37.4861,212.36622,349.73958,12.496706,12.498051,12.496738,212.20093,187.27274,87.459056,24.994526,12.498135,12.498516,12.499348,5.9485236e-05,1.1897525e-05,3.5691779e-05,1.1898631e-05,3.5703665e-05
56.356356,949.98252,487.48855,274.98959,862.43562,449.92649,2799.0004,1486.737,2660.3888,249.88088,149.89362,99.8883,224.63888,112.3326,74.910588,87.392032,212.1123,37.478375,112.42507,37.486093,212.36604,349.73913,12.496707,12.49805,12.496736,212.20068,187.27257,87.459025,24.994524,12.498135,12.498516,12.499348,5.826403e-05,1.1653275e-05,3.4959044e-05,1.1654361e-05,3.4970712e-05
56.456456,949.98275,487.48866,274.98963,862.43564,449.92651,2799.0003,1486.7369,2660.3888,249.88091,149.89365,99.88833,224.63898,112.33266,74.910604,87.391996,212.11213,37.478369,112.42502,37.486085,212.36586,349.73867,12.496708,12.498049,12.496734,212.20044,187.2724,87.458995,24.994522,12.498135,12.498516,12.499348,5.7062001e-05,1.1412861e-05,3.4237815e-05,1.1413926e-05,3.4249269e-05
56.556557,949.98297,487.48878,274.98967,862.43567,449.92653,2799.0001,1486.7369,2660.3889,249.88093,149.89368,99.88836,224.63908,112.33273,74.91062,87.391961,212.11196,37.478363,112.42498,37.486078,212.36569,349.73822,12.496709,12.498048,12.496732,212.2002,187.27223,87.458965,24.99452,12.498134,12.498517,12.499348,5.5879036e-05,1.1176259e-05,3.3528025e-05,1.1177305e-05,3.3539268e-05
56.656657,949.98319,487.48888,274.98972,862.43569,449.92654,2799,1486.7368,2660.3889,249.88096,149.89371,99.888389,224.63918,112.33279,74.910636,87.391925,212.11179,37.478357,112.42493,37.486071,212.36551,349.73776,12.49671,12.498047,12.49673,212.19996,187.27206,87.458935,24.994519,12.498134,12.498517,12.499347,5.4715051e-05,1.0943454e-05,3.2829623e-05,1.0944481e-05,3.2840659e-05
56.756757,949.98341,487.48899,274.98976,862.43571,449.92656,2798.9998,1486.7368,2660.389,249.88098,149.89374,99.888419,224.63929,112.33285,74.910652,87.39189,212.11162,37.478351,112.42488,37.486064,212.36534,349.73731,12.496711,12.498046,12.496728,212.19971,187.27189,87.458905,24.994517,12.498134,12.498517,12.499347,5.3569999e-05,1.0714435e-05,3.214258e-05,1.0715443e-05,3.2153413e-05
56.856857,949.98362,487.4891,274.9898,862.43573,449.92658,2798.9997,1486.7368,2660.389,249.881,149.89376,99.888449,224.63939,112.33291,74.910668,87.391854,212.11146,37.478345,112.42484,37.486057,212.36516,349.73686,12.496712,12.498044,12.496727,212.19947,187.27172,87.458875,24.994515,12.498133,12.498517,12.499347,5.2443864e-05,1.04892e-05,3.1466888e-05,1.0490189e-05,3.1477521e-05
56.956957,949.98383,487.4892,274.98984,862.43576,449.9266,2798.9996,1486.7367,2660.3891,249.88103,149.89379,99.88848,224.63949,112.33298,74.910684,87.391819,212.11129,37.478339,112.42479,37.48605,212.36499,349.7364,12.496713,12.498043,12.496725,212.19923,187.27155,87.458845,24.994513,12.498133,12.498517,12.499347,5.1336663e-05,1.0267752e-05,3.0802557e-05,1.0268723e-05,3.0812994e-05
57.057057,949.98404,487.48931,274.98989,862.43578,449.92661,2798.9995,1486.7367,2660.3892,249.88105,149.89382,99.88851,224.63959,112.33304,74.9107,87.391784,212.11112,37.478333,112.42474,37.486043,212.36481,349.73595,12.496714,12.498042,12.496723,212.19899,187.27138,87.458815,24.994512,12.498133,12.498517,12.499347,5.0248448e-05,1.0050101e-05,3.0149618e-05,1.0051054e-05,3.0159861e-05
57.157157,949.98424,487.48941,274.98993,862.4358,449.92663,2798.9993,1486.7367,2660.3892,249.88108,149.89385,99.88854,224.6397,112.3331,74.910716,87.391748,212.11095,37.478327,112.4247,37.486036,212.36464,349.7355,12.496715,12.498041,12.496721,212.19874,187.27121,87.458786,24.99451,12.498133,12.498517,12.499347,4.9179303e-05,9.8362641e-06,2.950812e-05,9.8371999e-06,2.9518175e-05
57.257257,949.98444,487.4895,274.98996,862.43582,449.92665,2798.9992,1486.7367,2660.3893,249.8811,149.89388,99.88857,224.6398,112.33316,74.910732,87.391713,212.11079,37.478321,112.42465,37.486029,212.36446,349.73505,12.496716,12.49804,12.496719,212.1985,187.27104,87.458756,24.994508,12.498132,12.498517,12.499347,4.8129346e-05,9.6262651e-06,2.8878136e-05,9.6271836e-06,2.8888004e-05
57.357357,949.98463,487.4896,274.99,862.43584,449.92666,2798.9991,1486.7366,2660.3893,249.88113,149.89391,99.8886,224.6399,112.33322,74.910748,87.391678,212.11062,37.478315,112.42461,37.486022,212.36429,349.73459,12.496717,12.498039,12.496717,212.19826,187.27087,87.458727,24.994507,12.498132,12.498518,12.499347,4.7098728e-05,9.4201341e-06,2.8259755e-05,9.4210356e-06,2.8269441e-05
57.457457,949.98482,487.4897,274.99004,862.43586,449.92668,2798.999,1486.7366,2660.3894,249.88115,149.89394,99.888631,224.64,112.33329,74.910764,87.391642,212.11046,37.47831,112.42456,37.486015,212.36412,349.73414,12.496717,12.498038,12.496715,212.19802,187.2707,87.458698,24.994505,12.498132,12.498518,12.499347,4.6087633e-05,9.2179077e-06,2.7653088e-05,9.2187926e-06,2.7662595e-05
57.557558,949.98501,487.48979,274.99008,862.43588,449.9267,2798.9989,1486.7366,2660.3895,249.88118,149.89397,99.888661,224.64011,112.33335,74.910781,87.391607,212.11029,37.478304,112.42452,37.486008,212.36394,349.73369,12.496718,12.498037,12.496713,212.19777,187.27053,87.458668,24.994503,12.498131,12.498518,12.499347,4.5096278e-05,9.0196296e-06,2.7058266e-05,9.0204981e-06,2.7067596e-05
57.657658,949.9852,487.48988,274.99011,862.4359,449.92671,2798.9988,1486.7366,2660.3896,249.88121,149.894,99.888691,224.64021,112.33341,74.910797,87.391572,212.11012,37.478298,112.42447,37.486001,212.36377,349.73324,12.496719,12.498036,12.496711,212.19753,187.27036,87.458639,24.994501,12.498131,12.498518,12.499346,4.4124914e-05,8.8253498e-06,2.6475438e-05,8.8262022e-06,2.6484596e-05
57.757758,949.98537,487.48997,274.99015,862.43592,449.92673,2798.9987,1486.7366,2660.3896,249.88123,149.89403,99.888722,224.64031,112.33347,74.910813,87.391537,212.10996,37.478292,112.42442,37.485994,212.36359,349.73279,12.49672,12.498035,12.496709,212.19729,187.27019,87.45861,24.9945,12.498131,12.498518,12.499346,4.3173825e-05,8.6351251e-06,2.5904776e-05,8.6359617e-06,2.5913764e-05
57.857858,949.98555,487.49006,274.99018,862.43594,449.92674,2798.9986,1486.7365,2660.3897,249.88126,149.89406,99.888752,224.64041,112.33353,74.910829,87.391502,212.10979,37.478287,112.42438,37.485987,212.36342,349.73234,12.496721,12.498034,12.496707,212.19705,187.27002,87.458582,24.994498,12.49813,12.498518,12.499346,4.2243328e-05,8.449019e-06,2.5346468e-05,8.4498402e-06,2.535529e-05
57.957958,949.98572,487.49014,274.99022,862.43596,449.92676,2798.9985,1486.7365,2660.3898,249.88128,149.89408,99.888783,224.64051,112.3336,74.910846,87.391467,212.10963,37.478281,112.42433,37.485981,212.36325,349.73189,12.496722,12.498033,12.496706,212.19681,187.26986,87.458553,24.994496,12.49813,12.498518,12.499346,4.1333774e-05,8.2671015e-06,2.4800727e-05,8.2679075e-06,2.4809386e-05
58.058058,949.98589,487.49023,274.99025,862.43597,449.92677,2798.9984,1486.7365,2660.3899,249.88131,149.89411,99.888813,224.64062,112.33366,74.910862,87.391432,212.10946,37.478276,112.42429,37.485974,212.36307,349.73144,12.496722,12.498032,12.496704,212.19657,187.26969,87.458524,24.994495,12.49813,12.498518,12.499346,4.0445546e-05,8.0894494e-06,2.4267782e-05,8.0902406e-06,2.427628e-05
58.158158,949.98606,487.49031,274.99028,862.43599,449.92679,2798.9983,1486.7365,2660.39,249.88134,149.89414,99.888844,224.64072,112.33372,74.910879,87.391397,212.1093,37.47827,112.42424,37.485967,212.3629,349.73099,12.496723,12.498031,12.496702,212.19633,187.26952,87.458496,24.994493,12.498129,12.498518,12.499346,3.9579062e-05,7.9161461e-06,2.3747882e-05,7.9169227e-06,2.3756224e-05
58.258258,949.98621,487.49039,274.99032,862.43601,449.9268,2798.9982,1486.7365,2660.39,249.88136,149.89417,99.888875,224.64082,112.33378,74.910895,87.391362,212.10913,37.478265,112.4242,37.48596,212.36273,349.73054,12.496724,12.49803,12.4967,212.19609,187.26935,87.458467,24.994491,12.498129,12.498518,12.499345,3.8734771e-05,7.7472817e-06,2.3241299e-05,7.7480439e-06,2.3249487e-05
58.358358,949.98637,487.49047,274.99035,862.43603,449.92681,2798.9981,1486.7365,2660.3901,249.88139,149.8942,99.888906,224.64092,112.33384,74.910912,87.391327,212.10897,37.47826,112.42416,37.485954,212.36256,349.73009,12.496725,12.498029,12.496698,212.19584,187.26918,87.458439,24.994489,12.498129,12.498518,12.499345,3.7913156e-05,7.5829527e-06,2.2748323e-05,7.583701e-06,2.275636e-05
58.458458,949.98652,487.49054,274.99038,862.43604,449.92683,2798.998,1486.7365,2660.3902,249.88142,149.89423,99.888937,224.64103,112.33391,74.910928,87.391293,212.10881,37.478254,112.42411,37.485947,212.36238,349.72964,12.496725,12.498028,12.496696,212.1956,187.26902,87.458411,24.994488,12.498128,12.498518,12.499345,3.7114736e-05,7.4232626e-06,2.2269262e-05,7.4239972e-06,2.2277153e-05
58.558559,949.98667,487.49062,274.99041,862.43606,449.92684,2798.998,1486.7365,2660.3903,249.88144,149.89426,99.888968,224.64113,112.33397,74.910945,87.391258,212.10864,37.478249,112.42407,37.485941,212.36221,349.7292,12.496726,12.498027,12.496695,212.19536,187.26885,87.458383,24.994486,12.498128,12.498518,12.499345,3.6340059e-05,7.2683215e-06,2.1804448e-05,7.2690426e-06,2.1812194e-05
58.658659,949.98681,487.49069,274.99043,862.43608,449.92685,2798.9979,1486.7365,2660.3904,249.88147,149.89429,99.888999,224.64123,112.33403,74.910961,87.391223,212.10848,37.478244,112.42402,37.485934,212.36204,349.72875,12.496727,12.498026,12.496693,212.19512,187.26868,87.458355,24.994484,12.498128,12.498518,12.499345,3.5589709e-05,7.1182458e-06,2.1354231e-05,7.1189538e-06,2.1361836e-05
58.758759,949.98695,487.49075,274.99046,862.43609,449.92687,2798.9978,1486.7365,2660.3905,249.8815,149.89432,99.88903,224.64134,112.33409,74.910978,87.391189,212.10832,37.478239,112.42398,37.485928,212.36187,349.7283,12.496727,12.498025,12.496691,212.19488,187.26852,87.458327,24.994483,12.498127,12.498518,12.499344,3.4864302e-05,6.9731589e-06,2.091898e-05,6.9738541e-06,2.0926446e-05
58.858859,949.98708,487.49082,274.99049,862.4361,449.92688,2798.9977,1486.7365,2660.3906,249.88153,149.89435,99.889061,224.64144,112.33416,74.910995,87.391154,212.10815,37.478234,112.42394,37.485921,212.3617,349.72786,12.496728,12.498024,12.496689,212.19464,187.26835,87.458299,24.994481,12.498127,12.498518,12.499344,3.4164489e-05,6.8331909e-06,2.0499084e-05,6.8338735e-06,2.0506416e-05
58.958959,949.98721,487.49088,274.99051,862.43612,449.92689,2798.9977,1486.7365,2660.3908,249.88156,149.89438,99.889093,224.64154,112.33422,74.911012,87.39112,212.10799,37.478229,112.42389,37.485915,212.36153,349.72741,12.496728,12.498023,12.496688,212.1944,187.26818,87.458271,24.994479,12.498127,12.498518,12.499344,3.3490952e-05,6.6984782e-06,2.0094955e-05,6.6991485e-06,2.0102155e-05
59.059059,949.98735,487.49096,274.99054,862.43614,449.9269,2798.9976,1486.7365,2660.3908,249.88158,149.89441,99.889123,224.64164,112.33428,74.911028,87.391085,212.10783,37.478223,112.42385,37.485909,212.36136,349.72696,12.496729,12.498022,12.496686,212.19416,187.26802,87.458243,24.994477,12.498126,12.498518,12.499344,3.2731921e-05,6.5466665e-06,1.9639529e-05,6.5473242e-06,1.9646594e-05
59.159159,949.98757,487.49106,274.99058,862.43616,449.92692,2798.9975,1486.7364,2660.3909,249.8816,149.89444,99.889151,224.64174,112.33434,74.911042,87.391048,212.10766,37.478217,112.4238,37.485901,212.36118,349.72651,12.49673,12.498021,12.496684,212.19392,187.26785,87.458213,24.994476,12.498126,12.498518,12.499344,3.1593523e-05,6.3189803e-06,1.8956482e-05,6.3196234e-06,1.8963389e-05
59.259259,949.98778,487.49117,274.99063,862.43618,449.92694,2798.9973,1486.7364,2660.3909,249.88163,149.89446,99.889179,224.64184,112.3344,74.911056,87.391012,212.10749,37.478211,112.42375,37.485894,212.361,349.72605,12.496731,12.49802,12.496682,212.19367,187.26767,87.458183,24.994474,12.498126,12.498518,12.499344,3.0455642e-05,6.0913974e-06,1.8273744e-05,6.0920261e-06,1.8280495e-05
59.359359,949.988,487.49128,274.99067,862.4362,449.92696,2798.9972,1486.7363,2660.3909,249.88165,149.89449,99.889207,224.64193,112.33446,74.91107,87.390976,212.10732,37.478205,112.42371,37.485887,212.36083,349.72559,12.496732,12.498019,12.49668,212.19343,187.2675,87.458153,24.994472,12.498125,12.498518,12.499344,2.9318422e-05,5.8639468e-06,1.7591403e-05,5.8645611e-06,1.7598e-05
59.459459,949.98821,487.49138,274.99071,862.43622,449.92697,2798.9971,1486.7363,2660.391,249.88167,149.89452,99.889235,224.64203,112.33451,74.911084,87.390939,212.10716,37.478199,112.42366,37.48588,212.36065,349.72514,12.496733,12.498018,12.496678,212.19318,187.26733,87.458123,24.99447,12.498125,12.498518,12.499343,2.8182034e-05,5.6366627e-06,1.6909561e-05,5.6372627e-06,1.6916005e-05
59.55956,949.98843,487.49149,274.99075,862.43625,449.92699,2798.9969,1486.7363,2660.391,249.88169,149.89454,99.889263,224.64212,112.33457,74.911098,87.390903,212.10699,37.478193,112.42361,37.485872,212.36047,349.72468,12.496734,12.498016,12.496676,212.19294,187.26716,87.458093,24.994469,12.498125,12.498518,12.499343,2.7046675e-05,5.4095845e-06,1.6228337e-05,5.4101705e-06,1.6234629e-05
59.65966,949.98864,487.4916,274.9908,862.43627,449.92701,2798.9968,1486.7362,2660.391,249.88171,149.89457,99.88929,224.64222,112.33463,74.911112,87.390866,212.10682,37.478187,112.42357,37.485865,212.36029,349.72422,12.496735,12.498015,12.496674,212.19269,187.26699,87.458063,24.994467,12.498124,12.498519,12.499343,2.5912571e-05,5.1827572e-06,1.5547866e-05,5.1833292e-06,1.5554008e-05
59.75976,949.98885,487.4917,274.99084,862.43629,449.92702,2798.9966,1486.7362,2660.3911,249.88173,149.8946,99.889318,224.64231,112.33469,74.911126,87.390829,212.10665,37.47818,112.42352,37.485858,212.36012,349.72376,12.496736,12.498014,12.496672,212.19245,187.26681,87.458033,24.994465,12.498124,12.498519,12.499343,2.4779972e-05,4.956231e-06,1.4868298e-05,4.9567892e-06,1.4874291e-05
59.85986,949.98907,487.49181,274.99088,862.43631,449.92704,2798.9965,1486.7361,2660.3911,249.88175,149.89462,99.889345,224.64241,112.33475,74.91114,87.390793,212.10648,37.478174,112.42347,37.485851,212.35994,349.72331,12.496737,12.498013,12.49667,212.1922,187.26664,87.458003,24.994464,12.498124,12.498519,12.499343,2.3649156e-05,4.7300616e-06,1.41898e-05,4.730606e-06,1.4195645e-05
59.95996,949.98928,487.49192,274.99092,862.43633,449.92706,2798.9964,1486.7361,2660.3911,249.88177,149.89465,99.889373,224.6425,112.33481,74.911154,87.390756,212.10632,37.478168,112.42343,37.485843,212.35976,349.72285,12.496738,12.498012,12.496668,212.19195,187.26647,87.457973,24.994462,12.498123,12.498519,12.499343,2.2520428e-05,4.5043097e-06,1.3512555e-05,4.5048406e-06,1.3518254e-05
60.06006,949.9895,487.49202,274.99096,862.43636,449.92708,2798.9962,1486.7361,2660.3911,249.88179,149.89467,99.8894,224.6426,112.33486,74.911167,87.390719,212.10615,37.478162,112.42338,37.485836,212.35959,349.72239,12.496739,12.498011,12.496666,212.19171,187.2663,87.457943,24.99446,12.498123,12.498519,12.499343,2.139412e-05,4.2790418e-06,1.2836762e-05,4.2795593e-06,1.2842315e-05
60.16016,949.98971,487.49213,274.99101,862.43638,449.92709,2798.9961,1486.736,2660.3912,249.88181,149.8947,99.889428,224.64269,112.33492,74.911181,87.390683,212.10598,37.478156,112.42333,37.485829,212.35941,349.72193,12.49674,12.49801,12.496664,212.19146,187.26612,87.457913,24.994458,12.498123,12.498519,12.499343,2.0270589e-05,4.0543295e-06,1.2162635e-05,4.0548336e-06,1.2168045e-05
60.26026,949.98992,487.49223,274.99105,862.4364,449.92711,2798.9959,1486.736,2660.3912,249.88183,149.89473,99.889455,224.64279,112.33498,74.911194,87.390646,212.10581,37.47815,112.42329,37.485822,212.35923,349.72148,12.496741,12.498008,12.496662,212.19122,187.26595,87.457883,24.994457,12.498122,12.498519,12.499343,1.915022e-05,3.8302496e-06,1.1490405e-05,3.8307405e-06,1.1495673e-05
60.36036,949.99013,487.49234,274.99109,862.43642,449.92713,2798.9958,1486.7359,2660.3912,249.88185,149.89475,99.889482,224.64288,112.33504,74.911208,87.390609,212.10564,37.478144,112.42324,37.485814,212.35906,349.72102,12.496742,12.498007,12.49666,212.19097,187.26578,87.457853,24.994455,12.498122,12.49852,12.499343,1.8033425e-05,3.6068846e-06,1.082032e-05,3.6073624e-06,1.0825447e-05
60.46046,949.99034,487.49244,274.99113,862.43644,449.92714,2798.9957,1486.7359,2660.3913,249.88187,149.89478,99.889509,224.64298,112.3351,74.911221,87.390573,212.10548,37.478138,112.42319,37.485807,212.35888,349.72056,12.496743,12.498006,12.496658,212.19072,187.26561,87.457823,24.994453,12.498122,12.49852,12.499343,1.6920642e-05,3.384322e-06,1.0152642e-05,3.3847868e-06,1.0157629e-05
60.560561,949.99055,487.49255,274.99117,862.43646,449.92716,2798.9955,1486.7359,2660.3913,249.88189,149.8948,99.889537,224.64307,112.33515,74.911235,87.390536,212.10531,37.478132,112.42315,37.4858,212.3587,349.7201,12.496744,12.498005,12.496656,212.19048,187.26544,87.457793,24.994452,12.498122,12.49852,12.499342,1.5812336e-05,3.1626549e-06,9.4876507e-06,3.1631068e-06,9.4924993e-06
60.660661,949.99076,487.49265,274.99121,862.43648,449.92718,2798.9954,1486.7358,2660.3913,249.88191,149.89483,99.889564,224.64316,112.33521,74.911248,87.390499,212.10514,37.478125,112.4231,37.485793,212.35852,349.71965,12.496745,12.498004,12.496654,212.19023,187.26526,87.457764,24.99445,12.498121,12.49852,12.499342,1.4708999e-05,2.9419815e-06,8.8256405e-06,2.9424208e-06,8.8303521e-06
60.760761,949.99097,487.49275,274.99125,862.43651,449.92719,2798.9953,1486.7358,2660.3913,249.88193,149.89485,99.889591,224.64326,112.33527,74.911261,87.390462,212.10497,37.478119,112.42305,37.485785,212.35835,349.71919,12.496746,12.498003,12.496652,212.18998,187.26509,87.457734,24.994448,12.498121,12.49852,12.499342,1.3611149e-05,2.7224057e-06,8.1669226e-06,2.7228324e-06,8.1714986e-06
60.860861,949.99117,487.49286,274.9913,862.43653,449.92721,2798.9951,1486.7357,2660.3914,249.88195,149.89488,99.889618,224.64335,112.33532,74.911275,87.390425,212.1048,37.478113,112.42301,37.485778,212.35817,349.71873,12.496747,12.498002,12.49665,212.18974,187.26492,87.457704,24.994446,12.498121,12.49852,12.499342,1.2519331e-05,2.5040364e-06,7.5118243e-06,2.5044506e-06,7.5162659e-06
60.960961,949.99138,487.49296,274.99134,862.43655,449.92723,2798.995,1486.7357,2660.3914,249.88197,149.89491,99.889645,224.64344,112.33538,74.911288,87.390388,212.10464,37.478107,112.42296,37.485771,212.35799,349.71827,12.496748,12.498001,12.496648,212.18949,187.26475,87.457674,24.994445,12.49812,12.49852,12.499342,1.1434117e-05,2.286988e-06,6.8606885e-06,2.2873898e-06,6.8649972e-06
61.061061,949.99158,487.49306,274.99138,862.43657,449.92724,2798.9949,1486.7357,2660.3914,249.88199,149.89493,99.889672,224.64354,112.33544,74.911301,87.390351,212.10447,37.478101,112.42291,37.485764,212.35781,349.71782,12.496749,12.497999,12.496646,212.18924,187.26457,87.457644,24.994443,12.49812,12.49852,12.499342,1.0356107e-05,2.0713802e-06,6.2138745e-06,2.0717699e-06,6.2180516e-06
61.161161,949.99179,487.49316,274.99142,862.43659,449.92726,2798.9947,1486.7356,2660.3914,249.88201,149.89496,99.889699,224.64363,112.3355,74.911314,87.390315,212.1043,37.478095,112.42287,37.485756,212.35764,349.71736,12.49675,12.497998,12.496644,212.189,187.2644,87.457614,24.994441,12.49812,12.498521,12.499342,9.2859242e-06,1.8573381e-06,5.5717575e-06,1.8577157e-06,5.5758045e-06
61.261261,949.99199,487.49326,274.99146,862.43661,449.92728,2798.9946,1486.7356,2660.3915,249.88203,149.89498,99.889725,224.64372,112.33555,74.911327,87.390278,212.10413,37.478089,112.42282,37.485749,212.35746,349.7169,12.496751,12.497997,12.496642,212.18875,187.26423,87.457585,24.994439,12.498119,12.498521,12.499342,8.2242219e-06,1.6449922e-06,4.9347286e-06,1.6453577e-06,4.9386469e-06
61.361361,949.99219,487.49336,274.9915,862.43663,449.92729,2798.9945,1486.7355,2660.3915,249.88206,149.89501,99.889752,224.64381,112.33561,74.91134,87.390241,212.10397,37.478083,112.42277,37.485742,212.35728,349.71644,12.496752,12.497996,12.49664,212.1885,187.26406,87.457555,24.994438,12.498119,12.498521,12.499342,7.1716785e-06,1.434478e-06,4.3031952e-06,1.4348318e-06,4.3069862e-06
61.461461,949.99238,487.49346,274.99153,862.43665,449.92731,2798.9943,1486.7355,2660.3915,249.88208,149.89503,99.889779,224.64391,112.33567,74.911353,87.390204,212.1038,37.478077,112.42273,37.485735,212.35711,349.71599,12.496753,12.497995,12.496638,212.18826,187.26389,87.457525,24.994436,12.498119,12.498521,12.499342,6.1289996e-06,1.2259368e-06,3.6775806e-06,1.2262789e-06,3.6812458e-06
61.561562,949.99258,487.49356,274.99157,862.43667,449.92732,2798.9942,1486.7355,2660.3916,249.8821,149.89506,99.889806,224.644,112.33572,74.911366,87.390167,212.10363,37.478071,112.42268,37.485728,212.35693,349.71553,12.496753,12.497994,12.496636,212.18801,187.26371,87.457496,24.994434,12.498118,12.498521,12.499341,5.0969173e-06,1.019515e-06,3.0583241e-06,1.0198456e-06,3.0618649e-06
61.661662,949.99277,487.49365,274.99161,862.43669,449.92734,2798.9941,1486.7354,2660.3916,249.88212,149.89508,99.889833,224.64409,112.33578,74.911379,87.39013,212.10346,37.478065,112.42264,37.485721,212.35675,349.71507,12.496754,12.497993,12.496634,212.18776,187.26354,87.457466,24.994433,12.498118,12.498521,12.499341,4.0761906e-06,8.1536442e-07,2.4458809e-06,8.1568356e-07,2.449299e-06
61.761762,949.99296,487.49375,274.99165,862.43671,449.92736,2798.994,1486.7354,2660.3916,249.88214,149.89511,99.88986,224.64418,112.33584,74.911393,87.390093,212.1033,37.478059,112.42259,37.485714,212.35658,349.71461,12.496755,12.497992,12.496632,212.18752,187.26337,87.457437,24.994431,12.498118,12.498521,12.499341,3.0676051e-06,6.1364213e-07,1.8407227e-06,6.1395002e-07,1.8440196e-06
61.861862,949.99315,487.49384,274.99169,862.43673,449.92737,2798.9938,1486.7354,2660.3917,249.88216,149.89513,99.889887,224.64428,112.33589,74.911406,87.390056,212.10313,37.478053,112.42254,37.485706,212.3564,349.71416,12.496756,12.497991,12.49663,212.18727,187.2632,87.457408,24.994429,12.498117,12.498521,12.499341,2.0719733e-06,4.1451064e-07,1.2433367e-06,4.1480742e-07,1.246514e-06
61.961962,949.99334,487.49393,274.99172,862.43675,449.92739,2798.9937,1486.7353,2660.3917,249.88218,149.89516,99.889914,224.64437,112.33595,74.911419,87.39002,212.10296,37.478048,112.4225,37.485699,212.35622,349.7137,12.496757,12.49799,12.496628,212.18703,187.26303,87.457378,24.994427,12.498117,12.498521,12.499341,1.0901342e-06,2.1813777e-07,6.5422642e-07,2.184236e-07,6.5728572e-07
62.062062,949.99352,487.49402,274.99176,862.43677,449.9274,2798.9936,1486.7353,2660.3917,249.8822,149.89519,99.889941,224.64446,112.33601,74.911432,87.389983,212.1028,37.478042,112.42245,37.485692,212.35605,349.71324,12.496758,12.497989,12.496626,212.18678,187.26286,87.457349,24.994426,12.498117,12.498521,12.499341,1.2295367e-07,2.4696679e-08,7.3911389e-08,2.497171e-08,7.6854386e-08
62.162162,949.9937,487.49411,274.99179,862.43679,449.92742,2798.9935,1486.7353,2660.3918,249.88222,149.89521,99.889968,224.64455,112.33606,74.911445,87.389946,212.10263,37.478036,112.42241,37.485685,212.35587,349.71279,12.496759,12.497988,12.496624,212.18653,187.26268,87.45732,24.994424,12.498116,12.498521,12.499341,-8.2867578e-07,-1.6563411e-07,-4.9707287e-07,-1.6536972e-07,-4.9424446e-07
62.262262,949.99388,487.4942,274.99183,862.43681,449.92743,2798.9934,1486.7353,2660.3918,249.88224,149.89524,99.889995,224.64465,112.33612,74.911458,87.389909,212.10246,37.47803,112.42236,37.485678,212.35569,349.71233,12.496759,12.497987,12.496622,212.18629,187.26251,87.457291,24.994422,12.498116,12.498521,12.49934,-1.7638349e-06,-3.5267075e-07,-1.0581748e-06,-3.5241683e-07,-1.0554592e-06
62.362362,949.99405,487.49429,274.99186,862.43682,449.92745,2798.9933,1486.7352,2660.3919,249.88226,149.89526,99.890022,224.64474,112.33618,74.911471,87.389872,212.1023,37.478024,112.42232,37.485671,212.35552,349.71188,12.49676,12.497985,12.496621,212.18604,187.26234,87.457262,24.99442,12.498116,12.498522,12.49934,-2.6815776e-06,-5.3622403e-07,-1.6088268e-06,-5.3598042e-07,-1.6062222e-06
62.462462,949.99422,487.49437,274.9919,862.43684,449.92746,2798.9932,1486.7352,2660.3919,249.88228,149.89529,99.890049,224.64483,112.33623,74.911484,87.389836,212.10213,37.478019,112.42227,37.485664,212.35534,349.71142,12.496761,12.497984,12.496619,212.1858,187.26217,87.457233,24.994419,12.498115,12.498522,12.49934,-3.5809312e-06,-7.1609941e-07,-2.1484453e-06,-7.1586594e-07,-2.1459499e-06
62.562563,949.99439,487.49446,274.99193,862.43686,449.92747,2798.9931,1486.7352,2660.392,249.8823,149.89531,99.890076,224.64492,112.33629,74.911497,87.389799,212.10197,37.478013,112.42222,37.485657,212.35517,349.71097,12.496762,12.497983,12.496617,212.18555,187.262,87.457204,24.994417,12.498115,12.498522,12.49934,-4.4608963e-06,-8.92097e-07,-2.6764305e-06,-8.918735e-07,-2.6740423e-06
62.662663,949.99455,487.49454,274.99196,862.43688,449.92749,2798.993,1486.7352,2660.392,249.88232,149.89534,99.890103,224.64501,112.33634,74.91151,87.389762,212.1018,37.478008,112.42218,37.485651,212.35499,349.71051,12.496763,12.497982,12.496615,212.1853,187.26183,87.457175,24.994415,12.498115,12.498522,12.49934,-5.3204468e-06,-1.0640116e-06,-3.1921668e-06,-1.0637978e-06,-3.1898839e-06
62.762763,949.99471,487.49462,274.99199,862.43689,449.9275,2798.9929,1486.7351,2660.3921,249.88235,149.89537,99.89013,224.64511,112.3364,74.911523,87.389726,212.10164,37.478002,112.42213,37.485644,212.35481,349.71006,12.496763,12.497981,12.496613,212.18506,187.26166,87.457147,24.994414,12.498114,12.498522,12.49934,-6.1585297e-06,-1.2316325e-06,-3.6950224e-06,-1.2314284e-06,-3.6928428e-06
62.862863,949.99486,487.49469,274.99202,862.43691,449.92751,2798.9928,1486.7351,2660.3921,249.88237,149.89539,99.890158,224.6452,112.33646,74.911537,87.389689,212.10147,37.477996,112.42209,37.485637,212.35464,349.7096,12.496764,12.49798,12.496611,212.18481,187.26149,87.457118,24.994412,12.498114,12.498522,12.499339,-6.9740654e-06,-1.394744e-06,-4.1843496e-06,-1.3945492e-06,-4.1822712e-06
62.962963,949.99501,487.49477,274.99205,862.43692,449.92753,2798.9927,1486.7351,2660.3922,249.88239,149.89542,99.890185,224.64529,112.33651,74.91155,87.389653,212.10131,37.477991,112.42205,37.48563,212.35446,349.70915,12.496765,12.497979,12.496609,212.18457,187.26132,87.45709,24.99441,12.498114,12.498522,12.499339,-7.7659477e-06,-1.5531246e-06,-4.6594846e-06,-1.5529391e-06,-4.6575053e-06
63.063063,949.99516,487.49484,274.99208,862.43694,449.92754,2798.9926,1486.7351,2660.3923,249.88241,149.89544,99.890213,224.64538,112.33657,74.911563,87.389616,212.10114,37.477986,112.422,37.485624,212.35429,349.7087,12.496765,12.497979,12.496607,212.18432,187.26115,87.457062,24.994408,12.498113,12.498522,12.499339,-8.5330434e-06,-1.7065478e-06,-5.1197475e-06,-1.7063713e-06,-5.1178651e-06
63.163163,949.9953,487.49491,274.99211,862.43696,449.92755,2798.9925,1486.7351,2660.3923,249.88243,149.89547,99.89024,224.64548,112.33663,74.911577,87.38958,212.10098,37.47798,112.42196,37.485617,212.35412,349.70824,12.496766,12.497978,12.496605,212.18408,187.26098,87.457034,24.994407,12.498113,12.498521,12.499339,-9.2741928e-06,-1.8547817e-06,-5.5644425e-06,-1.854614e-06,-5.5626547e-06
63.263263,949.99543,487.49498,274.99214,862.43697,449.92756,2798.9925,1486.7351,2660.3924,249.88246,149.8955,99.890268,224.64557,112.33668,74.91159,87.389544,212.10081,37.477975,112.42191,37.48561,212.35394,349.70779,12.496767,12.497977,12.496604,212.18383,187.26081,87.457006,24.994405,12.498113,12.498521,12.499339,-9.9882094e-06,-1.9975889e-06,-5.9928576e-06,-1.9974297e-06,-5.9911622e-06
63.363363,949.99556,487.49504,274.99216,862.43698,449.92757,2798.9924,1486.7351,2660.3925,249.88248,149.89552,99.890296,224.64566,112.33674,74.911604,87.389507,212.10065,37.47797,112.42187,37.485604,212.35377,349.70734,12.496767,12.497976,12.496602,212.18359,187.26064,87.456978,24.994403,12.498112,12.498521,12.499338,-1.067388e-05,-2.1347268e-06,-6.404265e-06,-2.134576e-06,-6.4026595e-06
63.463463,949.99569,487.4951,274.99219,862.437,449.92759,2798.9923,1486.735,2660.3926,249.8825,149.89555,99.890324,224.64576,112.3368,74.911617,87.389471,212.10049,37.477965,112.42183,37.485597,212.35359,349.70689,12.496768,12.497975,12.4966,212.18334,187.26047,87.45695,24.994401,12.498112,12.498521,12.499338,-1.1329965e-05,-2.2659473e-06,-6.7979207e-06,-2.2658047e-06,-6.7964025e-06
63.563564,949.9958,487.49516,274.99221,862.43701,449.9276,2798.9923,1486.735,2660.3926,249.88253,149.89557,99.890352,224.64585,112.33685,74.911631,87.389435,212.10033,37.47796,112.42178,37.485591,212.35342,349.70644,12.496768,12.497974,12.496598,212.1831,187.26031,87.456923,24.9944,12.498112,12.498521,12.499338,-1.1955197e-05,-2.3909973e-06,-7.1730646e-06,-2.3908625e-06,-7.1716314e-06
63.663664,949.99592,487.49522,274.99223,862.43702,449.92761,2798.9922,1486.735,2660.3927,249.88255,149.8956,99.890381,224.64594,112.33691,74.911645,87.389399,212.10016,37.477954,112.42174,37.485584,212.35325,349.70599,12.496769,12.497973,12.496596,212.18286,187.26014,87.456895,24.994398,12.498111,12.498521,12.499338,-1.2548282e-05,-2.5096179e-06,-7.5289208e-06,-2.5094907e-06,-7.5275698e-06
63.763764,949.99602,487.49527,274.99225,862.43704,449.92762,2798.9922,1486.735,2660.3928,249.88258,149.89563,99.890409,224.64604,112.33697,74.911659,87.389363,212.1,37.47795,112.4217,37.485578,212.35307,349.70554,12.496769,12.497972,12.496595,212.18261,187.25997,87.456868,24.994396,12.498111,12.498521,12.499337,-1.3107902e-05,-2.6215451e-06,-7.8646971e-06,-2.6214254e-06,-7.8634257e-06
63.863864,949.99612,487.49532,274.99227,862.43705,449.92763,2798.9921,1486.735,2660.3929,249.8826,149.89566,99.890438,224.64613,112.33702,74.911673,87.389328,212.09984,37.477945,112.42165,37.485572,212.3529,349.70509,12.49677,12.497971,12.496593,212.18237,187.2598,87.456841,24.994395,12.49811,12.498521,12.499337,-1.3632709e-05,-2.7265097e-06,-8.1795855e-06,-2.7263971e-06,-8.1783908e-06
63.963964,949.99621,487.49537,274.99229,862.43706,449.92763,2798.9921,1486.7351,2660.393,249.88263,149.89568,99.890466,224.64622,112.33708,74.911687,87.389292,212.09968,37.47794,112.42161,37.485565,212.35273,349.70464,12.49677,12.497971,12.496591,212.18213,187.25964,87.456815,24.994393,12.49811,12.498521,12.499337,-1.412133e-05,-2.8242368e-06,-8.4727617e-06,-2.824131e-06,-8.471641e-06
64.064064,949.9963,487.49541,274.99231,862.43707,449.92764,2798.992,1486.7351,2660.3931,249.88265,149.89571,99.890495,224.64632,112.33714,74.911702,87.389256,212.09952,37.477935,112.42157,37.485559,212.35256,349.7042,12.49677,12.49797,12.49659,212.18188,187.25947,87.456788,24.994391,12.49811,12.49852,12.499337,-1.4572363e-05,-2.9144464e-06,-8.7433858e-06,-2.9143472e-06,-8.742336e-06
64.164164,949.99638,487.49545,274.99232,862.43708,449.92765,2798.992,1486.7351,2660.3933,249.88268,149.89574,99.890525,224.64641,112.3372,74.911716,87.389221,212.09936,37.477931,112.42153,37.485553,212.35239,349.70375,12.496771,12.497969,12.496588,212.18164,187.2593,87.456762,24.994389,12.498109,12.49852,12.499336,-1.4984383e-05,-2.9968531e-06,-8.9906014e-06,-2.9967603e-06,-8.9896196e-06
64.264264,949.99645,487.49548,274.99234,862.43709,449.92766,2798.992,1486.7351,2660.3934,249.88271,149.89577,99.890554,224.64651,112.33725,74.911731,87.389185,212.0992,37.477926,112.42148,37.485547,212.35222,349.7033,12.496771,12.497968,12.496586,212.1814,187.25914,87.456735,24.994388,12.498109,12.49852,12.499336,-1.5355936e-05,-3.0711662e-06,-9.2135363e-06,-3.0710794e-06,-9.2126193e-06
64.364364,949.99651,487.49551,274.99235,862.43709,449.92767,2798.992,1486.7351,2660.3935,249.88273,149.89579,99.890584,224.6466,112.33731,74.911745,87.38915,212.09904,37.477922,112.42144,37.485541,212.35204,349.70286,12.496771,12.497967,12.496585,212.18116,187.25897,87.456709,24.994386,12.498109,12.49852,12.499336,-1.568554e-05,-3.1370895e-06,-9.4113022e-06,-3.1370085e-06,-9.4104468e-06
64.464464,949.99656,487.49554,274.99236,862.4371,449.92767,2798.992,1486.7351,2660.3936,249.88276,149.89582,99.890613,224.6467,112.33737,74.91176,87.389115,212.09888,37.477917,112.4214,37.485535,212.35187,349.70241,12.496772,12.497967,12.496583,212.18092,187.25881,87.456684,24.994384,12.498108,12.498519,12.499335,-1.5971689e-05,-3.1943217e-06,-9.5829949e-06,-3.1942461e-06,-9.5821977e-06
64.564565,949.99661,487.49556,274.99237,862.43711,449.92768,2798.992,1486.7352,2660.3938,249.88279,149.89585,99.890643,224.6468,112.33743,74.911775,87.38908,212.09872,37.477913,112.42136,37.48553,212.35171,349.70197,12.496772,12.497966,12.496581,212.18068,187.25864,87.456658,24.994383,12.498108,12.498519,12.499335,-1.621285e-05,-3.2425559e-06,-9.7276939e-06,-3.2424854e-06,-9.7269517e-06
64.664665,949.99665,487.49558,274.99238,862.43711,449.92768,2798.992,1486.7352,2660.3939,249.88282,149.89588,99.890674,224.64689,112.33749,74.91179,87.389045,212.09857,37.477909,112.42132,37.485524,212.35154,349.70153,12.496772,12.497965,12.49658,212.18044,187.25848,87.456633,24.994381,12.498107,12.498519,12.499335,-1.6407461e-05,-3.28148e-06,-9.844463e-06,-3.2814143e-06,-9.8437721e-06
64.764765,949.99667,487.4956,274.99238,862.43712,449.92769,2798.992,1486.7352,2660.3941,249.88285,149.89591,99.890704,224.64699,112.33754,74.911806,87.389011,212.09841,37.477905,112.42128,37.485518,212.35137,349.70109,12.496772,12.497965,12.496578,212.1802,187.25832,87.456608,24.994379,12.498107,12.498518,12.499334,-1.6553934e-05,-3.3107766e-06,-9.9323497e-06,-3.3107153e-06,-9.9317065e-06
64.864865,949.99669,487.4956,274.99239,862.43712,449.92769,2798.992,1486.7353,2660.3943,249.88288,149.89594,99.890735,224.64709,112.3376,74.911821,87.388976,212.09825,37.477901,112.42124,37.485513,212.3512,349.70065,12.496772,12.497964,12.496577,212.17996,187.25815,87.456583,24.994377,12.498107,12.498518,12.499334,-1.6650657e-05,-3.3301228e-06,-9.9903856e-06,-3.3300656e-06,-9.9897864e-06
64.964965,949.9967,487.49561,274.99239,862.43712,449.9277,2798.9921,1486.7353,2660.3944,249.88291,149.89597,99.890766,224.64718,112.33766,74.911837,87.388942,212.0981,37.477897,112.4212,37.485507,212.35103,349.70021,12.496772,12.497963,12.496575,212.17972,187.25799,87.456559,24.994376,12.498106,12.498518,12.499333,-1.6695988e-05,-3.3391905e-06,-1.0017586e-05,-3.3391371e-06,-1.0017027e-05
65.065065,949.9967,487.49561,274.99239,862.43713,449.9277,2798.9921,1486.7354,2660.3946,249.88294,149.896,99.890798,224.64728,112.33772,74.911853,87.388908,212.09794,37.477893,112.42116,37.485502,212.35087,349.69977,12.496772,12.497963,12.496574,212.17948,187.25783,87.456535,24.994374,12.498106,12.498517,12.499333,-1.668826e-05,-3.3376461e-06,-1.0012951e-05,-3.3375961e-06,-1.0012428e-05
65.165165,949.99669,487.4956,274.99239,862.43713,449.9277,2798.9922,1486.7354,2660.3948,249.88297,149.89603,99.890829,224.64738,112.33778,74.911869,87.388874,212.09779,37.47789,112.42112,37.485497,212.3507,349.69933,12.496772,12.497962,12.496572,212.17924,187.25767,87.456511,24.994372,12.498105,12.498517,12.499332,-1.6625779e-05,-3.3251509e-06,-9.9754634e-06,-3.3251039e-06,-9.9749729e-06
65.265265,949.99667,487.49559,274.99238,862.43713,449.9277,2798.9922,1486.7355,2660.395,249.883,149.89606,99.890861,224.64748,112.33784,74.911886,87.38884,212.09764,37.477886,112.42109,37.485492,212.35053,349.6989,12.496772,12.497962,12.496571,212.17901,187.25751,87.456487,24.99437,12.498105,12.498516,12.499332,-1.6506823e-05,-3.3013605e-06,-9.9040909e-06,-3.3013162e-06,-9.9036285e-06
65.365365,949.99663,487.49558,274.99238,862.43713,449.9277,2798.9923,1486.7356,2660.3952,249.88304,149.89609,99.890894,224.64758,112.3379,74.911903,87.388806,212.09748,37.477883,112.42105,37.485487,212.35037,349.69846,12.496772,12.497961,12.496569,212.17877,187.25735,87.456464,24.994369,12.498104,12.498516,12.499332,-1.6329644e-05,-3.2659256e-06,-9.7977849e-06,-3.2658835e-06,-9.7973463e-06
65.465465,949.99659,487.49555,274.99237,862.43713,449.9277,2798.9924,1486.7356,2660.3954,249.88307,149.89612,99.890926,224.64768,112.33796,74.91192,87.388773,212.09733,37.47788,112.42101,37.485482,212.3502,349.69803,12.496771,12.497961,12.496568,212.17853,187.25719,87.456441,24.994367,12.498104,12.498515,12.499331,-1.609247e-05,-3.2184912e-06,-9.6554807e-06,-3.2184509e-06,-9.6550615e-06
65.565566,949.99653,487.49553,274.99236,862.43712,449.9277,2798.9925,1486.7357,2660.3956,249.88311,149.89615,99.890959,224.64778,112.33802,74.911937,87.38874,212.09718,37.477877,112.42097,37.485477,212.35004,349.6976,12.496771,12.49796,12.496566,212.1783,187.25703,87.456418,24.994365,12.498104,12.498515,12.499331,-1.5793498e-05,-3.158697e-06,-9.4760977e-06,-3.1586581e-06,-9.4756933e-06
65.665666,949.99646,487.49549,274.99234,862.43712,449.9277,2798.9926,1486.7358,2660.3959,249.88314,149.89618,99.890993,224.64788,112.33808,74.911954,87.388707,212.09703,37.477874,112.42094,37.485472,212.34988,349.69717,12.496771,12.49796,12.496565,212.17806,187.25687,87.456396,24.994364,12.498103,12.498514,12.49933,-1.54309e-05,-3.0861775e-06,-9.2585392e-06,-3.0861397e-06,-9.258145e-06
65.765766,949.99638,487.49545,274.99233,862.43711,449.9277,2798.9927,1486.7359,2660.3961,249.88318,149.89621,99.891026,224.64799,112.33814,74.911972,87.388674,212.09688,37.477871,112.4209,37.485468,212.34971,349.69674,12.49677,12.49796,12.496564,212.17783,187.25671,87.456374,24.994362,12.498103,12.498513,12.499329,-1.5002822e-05,-3.0005619e-06,-9.0016923e-06,-3.0005245e-06,-9.0013037e-06
65.865866,949.99648,487.4955,274.99235,862.43712,449.92771,2798.9927,1486.7359,2660.3962,249.8832,149.89624,99.891054,224.64808,112.33819,74.911985,87.388637,212.09672,37.477866,112.42086,37.485461,212.34954,349.69629,12.496771,12.497959,12.496562,212.17758,187.25655,87.456347,24.99436,12.498102,12.498513,12.499329,-1.5524276e-05,-3.1048553e-06,-9.314568e-06,-3.1048246e-06,-9.3142506e-06
65.965966,949.99661,487.49557,274.99238,862.43714,449.92772,2798.9926,1486.7359,2660.3963,249.88322,149.89626,99.89108,224.64816,112.33825,74.911996,87.3886,212.09655,37.477861,112.42081,37.485455,212.34936,349.69583,12.496771,12.497958,12.49656,212.17734,187.25637,87.456319,24.994358,12.498102,12.498513,12.499329,-1.6220095e-05,-3.2440225e-06,-9.732064e-06,-3.2439995e-06,-9.7318297e-06
66.066066,949.99674,487.49563,274.9924,862.43715,449.92773,2798.9925,1486.7358,2660.3963,249.88324,149.89629,99.891106,224.64825,112.3383,74.912008,87.388563,212.09639,37.477856,112.42077,37.485448,212.34919,349.69538,12.496772,12.497957,12.496558,212.17709,187.2562,87.456291,24.994357,12.498101,12.498513,12.499329,-1.691144e-05,-3.3822946e-06,-1.0146875e-05,-3.3822793e-06,-1.0146723e-05
66.166166,949.99687,487.4957,274.99243,862.43717,449.92774,2798.9924,1486.7358,2660.3964,249.88326,149.89631,99.891131,224.64834,112.33835,74.91202,87.388526,212.09622,37.47785,112.42073,37.485441,212.34901,349.69492,12.496773,12.497956,12.496557,212.17684,187.25603,87.456263,24.994355,12.498101,12.498513,12.499328,-1.7597934e-05,-3.5195968e-06,-1.0558776e-05,-3.5195891e-06,-1.0558707e-05
66.266266,949.997,487.49576,274.99245,862.43718,449.92775,2798.9924,1486.7358,2660.3964,249.88329,149.89634,99.891157,224.64842,112.33841,74.912031,87.388488,212.09606,37.477845,112.42068,37.485434,212.34884,349.69447,12.496773,12.497955,12.496555,212.17659,187.25586,87.456235,24.994353,12.498101,12.498513,12.499328,-1.8279193e-05,-3.6558517e-06,-1.0967536e-05,-3.6558516e-06,-1.0967548e-05
66.366366,949.99713,487.49582,274.99248,862.43719,449.92776,2798.9923,1486.7358,2660.3965,249.88331,149.89636,99.891183,224.64851,112.33846,74.912043,87.388451,212.0959,37.47784,112.42064,37.485428,212.34866,349.69401,12.496774,12.497954,12.496553,212.17635,187.25569,87.456207,24.994351,12.4981,12.498513,12.499328,-1.8954817e-05,-3.7909798e-06,-1.1372914e-05,-3.7909871e-06,-1.1373007e-05
66.466466,949.99726,487.49589,274.9925,862.43721,449.92778,2798.9922,1486.7358,2660.3966,249.88333,149.89638,99.891209,224.6486,112.33851,74.912054,87.388414,212.09573,37.477834,112.42059,37.485421,212.34849,349.69355,12.496774,12.497953,12.496551,212.1761,187.25552,87.456179,24.99435,12.4981,12.498513,12.499328,-1.9624399e-05,-3.9248991e-06,-1.1774667e-05,-3.924914e-06,-1.1774841e-05
66.566567,949.99738,487.49595,274.99253,862.43722,449.92779,2798.9921,1486.7358,2660.3966,249.88335,149.89641,99.891235,224.64868,112.33857,74.912066,87.388376,212.09557,37.477829,112.42055,37.485414,212.34831,349.6931,12.496775,12.497952,12.496549,212.17585,187.25535,87.456151,24.994348,12.4981,12.498513,12.499328,-2.0287516e-05,-4.0575257e-06,-1.2172542e-05,-4.057548e-06,-1.2172795e-05
66.666667,949.99751,487.49601,274.99255,862.43723,449.9278,2798.9921,1486.7358,2660.3967,249.88337,149.89643,99.89126,224.64877,112.33862,74.912077,87.388339,212.09541,37.477824,112.42051,37.485408,212.34813,349.69264,12.496775,12.497951,12.496547,212.1756,187.25518,87.456124,24.994346,12.498099,12.498513,12.499327,-2.0943738e-05,-4.1887732e-06,-1.2566279e-05,-4.1888028e-06,-1.2566611e-05
66.766767,949.99763,487.49607,274.99258,862.43725,449.92781,2798.992,1486.7358,2660.3967,249.88339,149.89646,99.891286,224.64886,112.33867,74.912089,87.388302,212.09524,37.477818,112.42046,37.485401,212.34796,349.69219,12.496776,12.497951,12.496545,212.17536,187.25501,87.456096,24.994344,12.498099,12.498513,12.499327,-2.1592621e-05,-4.3185528e-06,-1.2955613e-05,-4.3185896e-06,-1.2956023e-05
66.866867,949.99775,487.49613,274.9926,862.43726,449.92782,2798.9919,1486.7358,2660.3968,249.88341,149.89648,99.891312,224.64894,112.33872,74.9121,87.388264,212.09508,37.477813,112.42042,37.485394,212.34778,349.69173,12.496777,12.49795,12.496544,212.17511,187.25484,87.456068,24.994343,12.498099,12.498512,12.499327,-2.223371e-05,-4.4467736e-06,-1.3340271e-05,-4.4468176e-06,-1.3340758e-05
66.966967,949.99787,487.49619,274.99262,862.43727,449.92783,2798.9919,1486.7357,2660.3969,249.88343,149.89651,99.891338,224.64903,112.33878,74.912111,87.388227,212.09492,37.477808,112.42037,37.485388,212.34761,349.69128,12.496777,12.497949,12.496542,212.17486,187.25467,87.45604,24.994341,12.498098,12.498512,12.499327,-2.286654e-05,-4.5733424e-06,-1.3719972e-05,-4.5733936e-06,-1.3720537e-05
67.067067,949.99799,487.49625,274.99265,862.43729,449.92784,2798.9918,1486.7357,2660.3969,249.88345,149.89653,99.891363,224.64912,112.33883,74.912123,87.38819,212.09475,37.477803,112.42033,37.485381,212.34743,349.69082,12.496778,12.497948,12.49654,212.17461,187.2545,87.456013,24.994339,12.498098,12.498512,12.499326,-2.3490632e-05,-4.6981638e-06,-1.4094431e-05,-4.698222e-06,-1.4095072e-05
67.167167,949.9981,487.49631,274.99267,862.4373,449.92785,2798.9917,1486.7357,2660.397,249.88347,149.89655,99.891389,224.6492,112.33888,74.912134,87.388152,212.09459,37.477798,112.42029,37.485375,212.34725,349.69037,12.496778,12.497947,12.496538,212.17437,187.25433,87.455985,24.994338,12.498098,12.498512,12.499326,-2.4105498e-05,-4.8211399e-06,-1.4463355e-05,-4.8212051e-06,-1.446407e-05
67.267267,949.99822,487.49637,274.99269,862.43731,449.92786,2798.9917,1486.7357,2660.3971,249.88349,149.89658,99.891415,224.64929,112.33894,74.912145,87.388115,212.09443,37.477792,112.42024,37.485368,212.34708,349.68991,12.496779,12.497946,12.496536,212.17412,187.25416,87.455958,24.994336,12.498097,12.498512,12.499326,-2.4710639e-05,-4.9421707e-06,-1.4826443e-05,-4.9422428e-06,-1.4827232e-05
67.367367,949.99833,487.49642,274.99272,862.43732,449.92787,2798.9916,1486.7357,2660.3971,249.88351,149.8966,99.89144,224.64937,112.33899,74.912157,87.388078,212.09426,37.477787,112.4202,37.485361,212.3469,349.68946,12.496779,12.497945,12.496534,212.17387,187.25399,87.45593,24.994334,12.498097,12.498512,12.499326,-2.5305541e-05,-5.0611539e-06,-1.5183388e-05,-5.0612328e-06,-1.5184251e-05
67.467467,949.99844,487.49648,274.99274,862.43734,449.92788,2798.9915,1486.7357,2660.3972,249.88353,149.89663,99.891466,224.64946,112.33904,74.912168,87.38804,212.0941,37.477782,112.42016,37.485355,212.34673,349.689,12.49678,12.497944,12.496533,212.17362,187.25382,87.455903,24.994332,12.498096,12.498512,12.499325,-2.5889682e-05,-5.1779849e-06,-1.5533876e-05,-5.1780705e-06,-1.5534811e-05
67.567568,949.99855,487.49653,274.99276,862.43735,449.92789,2798.9915,1486.7357,2660.3973,249.88355,149.89665,99.891492,224.64955,112.33909,74.912179,87.388003,212.09394,37.477777,112.42011,37.485348,212.34655,349.68855,12.49678,12.497943,12.496531,212.17337,187.25365,87.455875,24.994331,12.498096,12.498512,12.499325,-2.6462528e-05,-5.2925568e-06,-1.5877587e-05,-5.292649e-06,-1.5878594e-05
67.667668,949.99866,487.49658,274.99278,862.43736,449.9279,2798.9914,1486.7357,2660.3973,249.88357,149.89667,99.891518,224.64963,112.33914,74.912191,87.387965,212.09378,37.477772,112.42007,37.485342,212.34638,349.68809,12.496781,12.497943,12.496529,212.17313,187.25348,87.455848,24.994329,12.498096,12.498511,12.499325,-2.7023534e-05,-5.4047604e-06,-1.6214194e-05,-5.4048592e-06,-1.6215271e-05
67.767768,949.99876,487.49664,274.9928,862.43737,449.92791,2798.9914,1486.7357,2660.3974,249.8836,149.8967,99.891543,224.64972,112.3392,74.912202,87.387928,212.09361,37.477767,112.42003,37.485335,212.3462,349.68764,12.496781,12.497942,12.496527,212.17288,187.25331,87.455821,24.994327,12.498095,12.498511,12.499325,-2.7572141e-05,-5.5144844e-06,-1.6543362e-05,-5.5145895e-06,-1.6544508e-05
67.867868,949.99886,487.49669,274.99282,862.43738,449.92792,2798.9913,1486.7357,2660.3975,249.88362,149.89672,99.891569,224.6498,112.33925,74.912213,87.387891,212.09345,37.477762,112.41998,37.485329,212.34603,349.68718,12.496782,12.497941,12.496525,212.17263,187.25314,87.455794,24.994325,12.498095,12.498511,12.499324,-2.8107782e-05,-5.621615e-06,-1.6864749e-05,-5.6217265e-06,-1.6865963e-05
67.967968,949.99896,487.49673,274.99284,862.43739,449.92793,2798.9913,1486.7357,2660.3976,249.88364,149.89675,99.891595,224.64989,112.3393,74.912224,87.387853,212.09329,37.477757,112.41994,37.485322,212.34585,349.68673,12.496782,12.49794,12.496524,212.17238,187.25297,87.455766,24.994324,12.498095,12.498511,12.499324,-2.8629876e-05,-5.7260363e-06,-1.7178009e-05,-5.7261539e-06,-1.717929e-05
68.068068,949.99906,487.49678,274.99286,862.4374,449.92793,2798.9912,1486.7357,2660.3976,249.88366,149.89677,99.891621,224.64997,112.33935,74.912236,87.387816,212.09313,37.477752,112.4199,37.485316,212.34568,349.68627,12.496782,12.497939,12.496522,212.17214,187.2528,87.455739,24.994322,12.498094,12.498511,12.499324,-2.9137833e-05,-5.8276299e-06,-1.7482786e-05,-5.8277537e-06,-1.7484132e-05
68.168168,949.99915,487.49683,274.99288,862.43741,449.92794,2798.9912,1486.7357,2660.3977,249.88368,149.89679,99.891647,224.65006,112.33941,74.912247,87.387779,212.09297,37.477747,112.41986,37.485309,212.3455,349.68582,12.496783,12.497938,12.49652,212.17189,187.25263,87.455712,24.99432,12.498094,12.498511,12.499324,-2.9631049e-05,-5.9262754e-06,-1.7778719e-05,-5.9264051e-06,-1.7780129e-05
68.268268,949.99924,487.49687,274.9929,862.43742,449.92795,2798.9911,1486.7357,2660.3978,249.8837,149.89682,99.891672,224.65014,112.33946,74.912258,87.387742,212.0928,37.477742,112.41981,37.485303,212.34533,349.68537,12.496783,12.497938,12.496518,212.17164,187.25246,87.455685,24.994319,12.498093,12.498511,12.499323,-3.010891e-05,-6.02185e-06,-1.8065439e-05,-6.0219855e-06,-1.8066912e-05
68.368368,949.99933,487.49692,274.99291,862.43743,449.92796,2798.9911,1486.7357,2660.3979,249.88372,149.89684,99.891698,224.65023,112.33951,74.91227,87.387704,212.09264,37.477737,112.41977,37.485297,212.34515,349.68491,12.496784,12.497937,12.496516,212.17139,187.25229,87.455659,24.994317,12.498093,12.49851,12.499323,-3.0570792e-05,-6.1142285e-06,-1.8342571e-05,-6.1143698e-06,-1.8344106e-05
68.468468,949.99941,487.49696,274.99293,862.43744,449.92797,2798.9911,1486.7357,2660.398,249.88375,149.89687,99.891724,224.65032,112.33956,74.912281,87.387667,212.09248,37.477732,112.41973,37.48529,212.34498,349.68446,12.496784,12.497936,12.496515,212.17115,187.25212,87.455632,24.994315,12.498093,12.49851,12.499323,-3.1016058e-05,-6.2032836e-06,-1.8609733e-05,-6.2034305e-06,-1.8611327e-05
68.568569,949.99949,487.497,274.99295,862.43745,449.92798,2798.991,1486.7357,2660.3981,249.88377,149.89689,99.89175,224.6504,112.33961,74.912292,87.38763,212.09232,37.477727,112.41969,37.485284,212.3448,349.68401,12.496784,12.497935,12.496513,212.1709,187.25195,87.455605,24.994313,12.498092,12.49851,12.499322,-3.1444058e-05,-6.2888857e-06,-1.8866535e-05,-6.289038e-06,-1.8868189e-05
68.668669,949.99957,487.49704,274.99296,862.43746,449.92798,2798.991,1486.7357,2660.3981,249.88379,149.89692,99.891776,224.65049,112.33967,74.912304,87.387593,212.09216,37.477723,112.41964,37.485278,212.34463,349.68355,12.496785,12.497934,12.496511,212.17065,187.25178,87.455579,24.994312,12.498092,12.49851,12.499322,-3.1854134e-05,-6.3709028e-06,-1.9112584e-05,-6.3710604e-06,-1.9114294e-05
68.768769,949.99964,487.49708,274.99298,862.43747,449.92799,2798.991,1486.7357,2660.3982,249.88381,149.89694,99.891803,224.65057,112.33972,74.912315,87.387556,212.092,37.477718,112.4196,37.485271,212.34445,349.6831,12.496785,12.497934,12.496509,212.17041,187.25161,87.455552,24.99431,12.498092,12.498509,12.499322,-3.2245615e-05,-6.4492008e-06,-1.9347474e-05,-6.4493636e-06,-1.934924e-05
68.868869,949.99971,487.49711,274.99299,862.43748,449.928,2798.9909,1486.7357,2660.3983,249.88384,149.89696,99.891829,224.65066,112.33977,74.912327,87.387519,212.09184,37.477713,112.41956,37.485265,212.34428,349.68265,12.496785,12.497933,12.496508,212.17016,187.25144,87.455526,24.994308,12.498091,12.498509,12.499321,-3.2617818e-05,-6.5236432e-06,-1.9570799e-05,-6.523811e-06,-1.9572618e-05
68.968969,949.99978,487.49714,274.993,862.43749,449.928,2798.9909,1486.7357,2660.3984,249.88386,149.89699,99.891855,224.65074,112.33982,74.912338,87.387482,212.09168,37.477708,112.41952,37.485259,212.3441,349.6822,12.496786,12.497932,12.496506,212.16991,187.25127,87.4555,24.994306,12.498091,12.498509,12.499321,-3.297005e-05,-6.5940913e-06,-1.978214e-05,-6.5942638e-06,-1.9784012e-05
69.069069,949.99984,487.49718,274.99302,862.43749,449.92801,2798.9909,1486.7358,2660.3985,249.88388,149.89701,99.891882,224.65083,112.33987,74.91235,87.387445,212.09152,37.477704,112.41948,37.485253,212.34393,349.68175,12.496786,12.497931,12.496504,212.16967,187.25111,87.455473,24.994305,12.49809,12.498509,12.499321,-3.3301605e-05,-6.6604039e-06,-1.9981075e-05,-6.6605812e-06,-1.9982997e-05
69.169169,949.9999,487.4972,274.99303,862.4375,449.92802,2798.9909,1486.7358,2660.3986,249.8839,149.89704,99.891908,224.65092,112.33993,74.912361,87.387408,212.09136,37.477699,112.41943,37.485247,212.34376,349.6813,12.496786,12.497931,12.496503,212.16942,187.25094,87.455447,24.994303,12.49809,12.498508,12.49932,-3.3611768e-05,-6.7224379e-06,-2.0167175e-05,-6.7226197e-06,-2.0169145e-05
69.269269,949.99996,487.49723,274.99304,862.43751,449.92802,2798.9909,1486.7358,2660.3988,249.88393,149.89706,99.891934,224.651,112.33998,74.912373,87.387371,212.0912,37.477695,112.41939,37.485241,212.34358,349.68085,12.496786,12.49793,12.496501,212.16917,187.25077,87.455421,24.994301,12.49809,12.498508,12.49932,-3.389981e-05,-6.7800477e-06,-2.0340002e-05,-6.7802337e-06,-2.0342018e-05
69.369369,950.00001,487.49726,274.99305,862.43751,449.92803,2798.9909,1486.7358,2660.3989,249.88395,149.89709,99.891961,224.65109,112.34003,74.912385,87.387334,212.09104,37.47769,112.41935,37.485235,212.34341,349.6804,12.496786,12.497929,12.496499,212.16893,187.2506,87.455396,24.994299,12.498089,12.498508,12.49932,-3.4164991e-05,-6.8330854e-06,-2.0499112e-05,-6.8332755e-06,-2.0501173e-05
69.469469,950.00005,487.49728,274.99306,862.43752,449.92803,2798.9909,1486.7358,2660.399,249.88398,149.89711,99.891988,224.65117,112.34008,74.912397,87.387298,212.09088,37.477686,112.41931,37.485229,212.34324,349.67995,12.496787,12.497928,12.496497,212.16868,187.25044,87.45537,24.994298,12.498089,12.498508,12.499319,-3.4406562e-05,-6.8814008e-06,-2.0644057e-05,-6.8815949e-06,-2.064616e-05
69.56957,950.00009,487.4973,274.99307,862.43753,449.92804,2798.9909,1486.7358,2660.3991,249.884,149.89714,99.892015,224.65126,112.34014,74.912408,87.387261,212.09072,37.477681,112.41927,37.485223,212.34307,349.6795,12.496787,12.497928,12.496496,212.16844,187.25027,87.455344,24.994296,12.498088,12.498507,12.499319,-3.4623761e-05,-6.9248417e-06,-2.0774377e-05,-6.9250395e-06,-2.0776521e-05
69.66967,950.00013,487.49732,274.99307,862.43753,449.92804,2798.9909,1486.7359,2660.3992,249.88403,149.89716,99.892042,224.65135,112.34019,74.91242,87.387224,212.09056,37.477677,112.41923,37.485217,212.34289,349.67905,12.496787,12.497927,12.496494,212.16819,187.2501,87.455319,24.994294,12.498088,12.498507,12.499319,-3.4815814e-05,-6.9632532e-06,-2.088961e-05,-6.9634546e-06,-2.0891792e-05
69.76977,950.00016,487.49733,274.99308,862.43754,449.92805,2798.9909,1486.7359,2660.3993,249.88405,149.89719,99.892069,224.65143,112.34024,74.912432,87.387188,212.09041,37.477673,112.41919,37.485211,212.34272,349.6786,12.496787,12.497926,12.496493,212.16794,187.24993,87.455294,24.994293,12.498088,12.498507,12.499318,-3.4981935e-05,-6.9964785e-06,-2.0989284e-05,-6.9966832e-06,-2.0991502e-05
69.86987,950.00019,487.49735,274.99308,862.43754,449.92805,2798.9909,1486.7359,2660.3995,249.88408,149.89721,99.892096,224.65152,112.34029,74.912444,87.387151,212.09025,37.477669,112.41915,37.485205,212.34255,349.67815,12.496787,12.497926,12.496491,212.1677,187.24977,87.455268,24.994291,12.498087,12.498506,12.499318,-3.512133e-05,-7.0243583e-06,-2.1072922e-05,-7.0245661e-06,-2.1075174e-05
69.96997,950.00021,487.49736,274.99309,862.43754,449.92806,2798.9909,1486.736,2660.3996,249.8841,149.89724,99.892123,224.65161,112.34035,74.912456,87.387115,212.09009,37.477665,112.41911,37.485199,212.34238,349.6777,12.496787,12.497925,12.496489,212.16745,187.2496,87.455243,24.994289,12.498087,12.498506,12.499317,-3.5233191e-05,-7.0467311e-06,-2.1140039e-05,-7.0469418e-06,-2.1142322e-05
70.07007,950.00022,487.49737,274.99309,862.43755,449.92806,2798.9909,1486.736,2660.3997,249.88413,149.89726,99.89215,224.6517,112.3404,74.912468,87.387078,212.08993,37.47766,112.41907,37.485193,212.3422,349.67725,12.496787,12.497924,12.496488,212.16721,187.24944,87.455218,24.994287,12.498086,12.498506,12.499317,-3.5316698e-05,-7.0634331e-06,-2.1190144e-05,-7.0636465e-06,-2.1192456e-05
70.17017,950.00024,487.49737,274.99309,862.43755,449.92806,2798.991,1486.736,2660.3999,249.88415,149.89729,99.892178,224.65178,112.34045,74.912481,87.387042,212.08978,37.477656,112.41903,37.485188,212.34203,349.67681,12.496787,12.497924,12.496486,212.16696,187.24927,87.455194,24.994286,12.498086,12.498505,12.499317,-3.5371022e-05,-7.0742983e-06,-2.1222739e-05,-7.0745142e-06,-2.1225077e-05
70.27027,950.00024,487.49737,274.9931,862.43755,449.92807,2798.991,1486.7361,2660.4,249.88418,149.89732,99.892206,224.65187,112.3405,74.912493,87.387006,212.08962,37.477652,112.41899,37.485182,212.34186,349.67636,12.496787,12.497923,12.496484,212.16672,187.2491,87.455169,24.994284,12.498086,12.498505,12.499316,-3.5395321e-05,-7.0791584e-06,-2.1237319e-05,-7.0793764e-06,-2.1239679e-05
70.37037,950.00024,487.49737,274.9931,862.43755,449.92807,2798.991,1486.7361,2660.4002,249.88421,149.89734,99.892233,224.65196,112.34056,74.912506,87.38697,212.08946,37.477649,112.41895,37.485177,212.34169,349.67592,12.496787,12.497923,12.496483,212.16648,187.24894,87.455145,24.994282,12.498085,12.498504,12.499316,-3.5388741e-05,-7.0778426e-06,-2.1233371e-05,-7.0780626e-06,-2.1235753e-05
70.47047,950.00023,487.49737,274.99309,862.43756,449.92807,2798.9911,1486.7362,2660.4003,249.88423,149.89737,99.892261,224.65205,112.34061,74.912518,87.386934,212.08931,37.477645,112.41891,37.485171,212.34152,349.67547,12.496787,12.497922,12.496481,212.16623,187.24877,87.45512,24.99428,12.498085,12.498504,12.499315,-3.5350418e-05,-7.0701782e-06,-2.1210377e-05,-7.0703998e-06,-2.1212777e-05
70.570571,950.00022,487.49736,274.99309,862.43756,449.92807,2798.9911,1486.7362,2660.4005,249.88426,149.8974,99.89229,224.65213,112.34066,74.912531,87.386898,212.08915,37.477641,112.41887,37.485166,212.34135,349.67503,12.496787,12.497922,12.49648,212.16599,187.24861,87.455096,24.994279,12.498084,12.498503,12.499315,-3.5279477e-05,-7.0559899e-06,-2.1167813e-05,-7.056213e-06,-2.1170227e-05
70.670671,950.0002,487.49735,274.99309,862.43756,449.92807,2798.9912,1486.7363,2660.4007,249.88429,149.89742,99.892318,224.65222,112.34071,74.912544,87.386862,212.089,37.477637,112.41883,37.48516,212.34118,349.67458,12.496787,12.497921,12.496478,212.16575,187.24845,87.455072,24.994277,12.498084,12.498503,12.499314,-3.517503e-05,-7.0351004e-06,-2.1105144e-05,-7.0353246e-06,-2.1107571e-05
70.770771,950.00017,487.49734,274.99308,862.43756,449.92807,2798.9912,1486.7363,2660.4008,249.88432,149.89745,99.892346,224.65231,112.34077,74.912556,87.386826,212.08884,37.477634,112.41879,37.485155,212.34101,349.67414,12.496787,12.49792,12.496477,212.1655,187.24828,87.455049,24.994275,12.498083,12.498502,12.499314,-3.5036179e-05,-7.0073299e-06,-2.1021833e-05,-7.0075549e-06,-2.1024269e-05
70.870871,950.00014,487.49732,274.99308,862.43755,449.92807,2798.9913,1486.7364,2660.401,249.88435,149.89748,99.892375,224.6524,112.34082,74.912569,87.386791,212.08869,37.47763,112.41876,37.485149,212.34084,349.6737,12.496787,12.49792,12.496475,212.16526,187.24812,87.455025,24.994274,12.498083,12.498502,12.499314,-3.4862014e-05,-6.9724963e-06,-2.0917333e-05,-6.9727219e-06,-2.0919775e-05
70.970971,950.0001,487.4973,274.99307,862.43755,449.92807,2798.9914,1486.7364,2660.4012,249.88437,149.8975,99.892404,224.65249,112.34087,74.912583,87.386755,212.08854,37.477627,112.41872,37.485144,212.34068,349.67326,12.496786,12.497919,12.496474,212.16502,187.24796,87.455002,24.994272,12.498082,12.498501,12.499313,-3.4651612e-05,-6.9304155e-06,-2.0791091e-05,-6.9306414e-06,-2.0793537e-05
71.071071,950.00005,487.49728,274.99306,862.43755,449.92807,2798.9914,1486.7365,2660.4014,249.8844,149.89753,99.892433,224.65258,112.34093,74.912596,87.38672,212.08838,37.477623,112.41868,37.485139,212.34051,349.67282,12.496786,12.497919,12.496472,212.16477,187.24779,87.454978,24.99427,12.498082,12.498501,12.499313,-3.4404043e-05,-6.8809009e-06,-2.0642549e-05,-6.8811267e-06,-2.0644994e-05
71.171171,950,487.49725,274.99305,862.43755,449.92807,2798.9915,1486.7366,2660.4016,249.88443,149.89756,99.892462,224.65267,112.34098,74.912609,87.386684,212.08823,37.47762,112.41864,37.485134,212.34034,349.67237,12.496786,12.497919,12.496471,212.16453,187.24763,87.454955,24.994268,12.498082,12.4985,12.499312,-3.4118361e-05,-6.8237636e-06,-2.0471138e-05,-6.8239891e-06,-2.047358e-05
71.271271,949.99994,487.49722,274.99304,862.43754,449.92807,2798.9916,1486.7366,2660.4018,249.88447,149.89759,99.892492,224.65276,112.34104,74.912623,87.386649,212.08808,37.477617,112.4186,37.485129,212.34017,349.67194,12.496785,12.497918,12.49647,212.16429,187.24747,87.454933,24.994267,12.498081,12.4985,12.499311,-3.3793612e-05,-6.7588126e-06,-2.0276287e-05,-6.7590375e-06,-2.0278721e-05
71.371371,949.99987,487.49719,274.99303,862.43754,449.92807,2798.9917,1486.7367,2660.402,249.8845,149.89761,99.892521,224.65285,112.34109,74.912636,87.386614,212.08793,37.477614,112.41857,37.485124,212.34,349.6715,12.496785,12.497918,12.496468,212.16405,187.24731,87.45491,24.994265,12.498081,12.498499,12.499311,-3.3428827e-05,-6.6858545e-06,-2.0057415e-05,-6.6860784e-06,-2.0059838e-05
71.471471,949.99979,487.49715,274.99301,862.43753,449.92807,2798.9918,1486.7368,2660.4022,249.88453,149.89764,99.892551,224.65294,112.34114,74.91265,87.386579,212.08778,37.477611,112.41853,37.485119,212.33984,349.67106,12.496785,12.497917,12.496467,212.16381,187.24715,87.454888,24.994263,12.49808,12.498499,12.49931,-3.3023029e-05,-6.6046937e-06,-1.9813934e-05,-6.6049162e-06,-1.9816343e-05
71.571572,949.99971,487.49711,274.99299,862.43753,449.92806,2798.9919,1486.7368,2660.4024,249.88456,149.89767,99.892581,224.65303,112.3412,74.912664,87.386544,212.08762,37.477608,112.41849,37.485114,212.33967,349.67062,12.496784,12.497917,12.496465,212.16357,187.24699,87.454866,24.994261,12.49808,12.498498,12.49931,-3.2575229e-05,-6.5151321e-06,-1.9545252e-05,-6.5153529e-06,-1.9547643e-05
71.671672,949.99961,487.49706,274.99298,862.43752,449.92806,2798.992,1486.7369,2660.4026,249.88459,149.8977,99.892611,224.65312,112.34125,74.912678,87.38651,212.08747,37.477605,112.41846,37.48511,212.33951,349.67018,12.496784,12.497917,12.496464,212.16333,187.24683,87.454844,24.99426,12.498079,12.498497,12.499309,-3.2084425e-05,-6.4169696e-06,-1.9250767e-05,-6.4171884e-06,-1.9253137e-05
71.771772,949.99951,487.49701,274.99296,862.43752,449.92806,2798.9922,1486.737,2660.4028,249.88463,149.89773,99.892642,224.65321,112.34131,74.912693,87.386475,212.08732,37.477602,112.41842,37.485105,212.33934,349.66975,12.496783,12.497916,12.496463,212.16309,187.24667,87.454822,24.994258,12.498079,12.498497,12.499309,-3.1549605e-05,-6.3100037e-06,-1.8929872e-05,-6.3102202e-06,-1.8932216e-05
71.871872,949.9994,487.49696,274.99294,862.43751,449.92805,2798.9923,1486.7371,2660.4031,249.88466,149.89776,99.892673,224.65331,112.34136,74.912707,87.386441,212.08718,37.4776,112.41839,37.4851,212.33918,349.66931,12.496783,12.497916,12.496461,212.16285,187.24651,87.454801,24.994256,12.498078,12.498496,12.499308,-3.0969746e-05,-6.1940297e-06,-1.8581954e-05,-6.1942434e-06,-1.8584268e-05
71.971972,949.99929,487.4969,274.99291,862.4375,449.92805,2798.9924,1486.7372,2660.4033,249.88469,149.89778,99.892704,224.6534,112.34142,74.912722,87.386406,212.08703,37.477597,112.41835,37.485096,212.33901,349.66888,12.496782,12.497916,12.49646,212.16261,187.24635,87.454779,24.994254,12.498078,12.498495,12.499307,-3.0343811e-05,-6.0688405e-06,-1.820639e-05,-6.0690511e-06,-1.820867e-05
72.072072,949.99916,487.49684,274.99289,862.43749,449.92804,2798.9926,1486.7373,2660.4036,249.88473,149.89781,99.892735,224.65349,112.34147,74.912737,87.386372,212.08688,37.477595,112.41832,37.485092,212.33885,349.66845,12.496781,12.497916,12.496459,212.16237,187.24619,87.454758,24.994253,12.498077,12.498494,12.499307,-2.9670755e-05,-5.9342268e-06,-1.7802553e-05,-5.9344339e-06,-1.7804795e-05
72.172172,949.99902,487.49677,274.99286,862.43748,449.92803,2798.9927,1486.7374,2660.4038,249.88476,149.89784,99.892767,224.65359,112.34153,74.912752,87.386338,212.08673,37.477593,112.41828,37.485087,212.33868,349.66802,12.496781,12.497915,12.496458,212.16214,187.24603,87.454738,24.994251,12.498077,12.498494,12.499306,-2.8949519e-05,-5.7899771e-06,-1.7369807e-05,-5.7901802e-06,-1.7372007e-05
72.272272,949.99888,487.4967,274.99283,862.43747,449.92803,2798.9929,1486.7375,2660.4041,249.8848,149.89787,99.892798,224.65368,112.34158,74.912767,87.386304,212.08658,37.47759,112.41825,37.485083,212.33852,349.66759,12.49678,12.497915,12.496456,212.1619,187.24587,87.454717,24.994249,12.498076,12.498493,12.499306,-2.8179034e-05,-5.6358774e-06,-1.6907513e-05,-5.6360762e-06,-1.6909666e-05
72.372372,949.99872,487.49662,274.9928,862.43746,449.92802,2798.9931,1486.7376,2660.4044,249.88484,149.8979,99.892831,224.65377,112.34164,74.912782,87.386271,212.08644,37.477588,112.41822,37.485079,212.33836,349.66716,12.496779,12.497915,12.496455,212.16166,187.24572,87.454697,24.994248,12.498076,12.498492,12.499305,-2.735822e-05,-5.4717116e-06,-1.641502e-05,-5.4719056e-06,-1.6417122e-05
72.472472,949.99856,487.49654,274.99277,862.43744,449.92801,2798.9933,1486.7377,2660.4047,249.88487,149.89794,99.892863,224.65387,112.34169,74.912798,87.386237,212.08629,37.477586,112.41818,37.485075,212.3382,349.66673,12.496778,12.497915,12.496454,212.16142,187.24556,87.454677,24.994246,12.498075,12.498491,12.499304,-2.6485985e-05,-5.2972613e-06,-1.5891675e-05,-5.2974501e-06,-1.5893721e-05
72.572573,949.99846,487.49649,274.99275,862.43744,449.92801,2798.9934,1486.7378,2660.4049,249.88491,149.89796,99.892893,224.65396,112.34175,74.912812,87.386202,212.08614,37.477584,112.41815,37.48507,212.33803,349.66629,12.496778,12.497914,12.496453,212.16118,187.2454,87.454655,24.994244,12.498075,12.49849,12.499304,-2.5970824e-05,-5.1942273e-06,-1.5582575e-05,-5.1944139e-06,-1.5584597e-05
72.672673,949.99845,487.49648,274.99275,862.43744,449.92801,2798.9934,1486.7379,2660.405,249.88493,149.89799,99.89292,224.65404,112.3418,74.912823,87.386166,212.08599,37.47758,112.41811,37.485065,212.33786,349.66584,12.496778,12.497914,12.496451,212.16094,187.24524,87.454631,24.994242,12.498074,12.49849,12.499303,-2.5897547e-05,-5.1795718e-06,-1.5538609e-05,-5.1797598e-06,-1.5540646e-05
72.772773,949.99843,487.49648,274.99275,862.43744,449.92801,2798.9935,1486.7379,2660.4052,249.88496,149.89801,99.892947,224.65413,112.34185,74.912834,87.386129,212.08583,37.477576,112.41807,37.485059,212.33769,349.66539,12.496778,12.497913,12.49645,212.16069,187.24507,87.454607,24.994241,12.498074,12.498489,12.499303,-2.5817943e-05,-5.1636508e-06,-1.5490846e-05,-5.1638402e-06,-1.5492898e-05
72.872873,949.99841,487.49647,274.99274,862.43744,449.92801,2798.9935,1486.738,2660.4053,249.88499,149.89804,99.892973,224.65421,112.3419,74.912846,87.386092,212.08568,37.477572,112.41803,37.485053,212.33752,349.66495,12.496778,12.497913,12.496448,212.16045,187.2449,87.454583,24.994239,12.498074,12.498489,12.499302,-2.5732031e-05,-5.1464683e-06,-1.5439299e-05,-5.146659e-06,-1.5441365e-05
72.972973,949.9984,487.49646,274.99274,862.43744,449.92801,2798.9936,1486.738,2660.4055,249.88501,149.89806,99.893,224.6543,112.34195,74.912857,87.386055,212.08552,37.477568,112.41799,37.485048,212.33734,349.6645,12.496777,12.497912,12.496447,212.1602,187.24474,87.454559,24.994237,12.498073,12.498489,12.499302,-2.5639832e-05,-5.1280284e-06,-1.5383979e-05,-5.1282204e-06,-1.5386058e-05
73.073073,949.99838,487.49645,274.99274,862.43744,449.92801,2798.9936,1486.738,2660.4057,249.88504,149.89809,99.893027,224.65438,112.342,74.912868,87.386019,212.08536,37.477565,112.41795,37.485042,212.33717,349.66405,12.496777,12.497912,12.496445,212.15995,187.24457,87.454535,24.994235,12.498073,12.498488,12.499301,-2.5541366e-05,-5.108335e-06,-1.5324899e-05,-5.1085281e-06,-1.5326991e-05
73.173173,949.99836,487.49644,274.99273,862.43744,449.92802,2798.9937,1486.7381,2660.4058,249.88506,149.89811,99.893054,224.65446,112.34205,74.912879,87.385982,212.08521,37.477561,112.41791,37.485037,212.337,349.66361,12.496777,12.497911,12.496443,212.15971,187.24441,87.454511,24.994234,12.498072,12.498488,12.499301,-2.5436653e-05,-5.087392e-06,-1.5262071e-05,-5.0875863e-06,-1.5264175e-05
73.273273,949.99834,487.49643,274.99273,862.43744,449.92802,2798.9937,1486.7381,2660.406,249.88509,149.89814,99.893081,224.65455,112.3421,74.91289,87.385945,212.08505,37.477557,112.41787,37.485031,212.33683,349.66316,12.496777,12.497911,12.496442,212.15946,187.24424,87.454487,24.994232,12.498072,12.498487,12.4993,-2.5325711e-05,-5.0652034e-06,-1.5195505e-05,-5.0653987e-06,-1.519762e-05
73.373373,949.99832,487.49642,274.99273,862.43744,449.92802,2798.9938,1486.7382,2660.4061,249.88512,149.89816,99.893107,224.65463,112.34215,74.912901,87.385908,212.0849,37.477553,112.41783,37.485026,212.33666,349.66271,12.496777,12.49791,12.49644,212.15921,187.24408,87.454463,24.99423,12.498071,12.498487,12.4993,-2.520856e-05,-5.0417729e-06,-1.5125214e-05,-5.0419692e-06,-1.512734e-05
73.473473,949.99829,487.49641,274.99272,862.43744,449.92802,2798.9938,1486.7382,2660.4063,249.88514,149.89819,99.893134,224.65471,112.3422,74.912913,87.385872,212.08474,37.47755,112.4178,37.48502,212.33649,349.66226,12.496777,12.49791,12.496439,212.15897,187.24391,87.454439,24.994228,12.498071,12.498486,12.499299,-2.5085219e-05,-5.0171045e-06,-1.5051209e-05,-5.0173017e-06,-1.5053345e-05
73.573574,949.99827,487.4964,274.99272,862.43744,449.92802,2798.9939,1486.7383,2660.4064,249.88517,149.89821,99.893161,224.6548,112.34225,74.912924,87.385835,212.08459,37.477546,112.41776,37.485015,212.33631,349.66182,12.496777,12.497909,12.496437,212.15872,187.24374,87.454415,24.994227,12.49807,12.498486,12.499299,-2.4955708e-05,-4.9912019e-06,-1.4973502e-05,-4.9914001e-06,-1.4975648e-05
73.673674,949.99824,487.49639,274.99271,862.43743,449.92802,2798.9939,1486.7383,2660.4066,249.88519,149.89824,99.893187,224.65488,112.3423,74.912935,87.385798,212.08443,37.477542,112.41772,37.485009,212.33614,349.66137,12.496776,12.497908,12.496436,212.15848,187.24358,87.454391,24.994225,12.49807,12.498485,12.499299,-2.4820045e-05,-4.964069e-06,-1.4892104e-05,-4.964268e-06,-1.4894258e-05
73.773774,949.99822,487.49637,274.99271,862.43743,449.92802,2798.994,1486.7384,2660.4067,249.88522,149.89826,99.893214,224.65496,112.34235,74.912946,87.385761,212.08428,37.477538,112.41768,37.485004,212.33597,349.66092,12.496776,12.497908,12.496434,212.15823,187.24341,87.454367,24.994223,12.49807,12.498485,12.499298,-2.467825e-05,-4.9357095e-06,-1.4807026e-05,-4.9359092e-06,-1.4809188e-05
73.873874,949.99819,487.49636,274.9927,862.43743,449.92802,2798.9941,1486.7384,2660.4069,249.88525,149.89829,99.893241,224.65505,112.3424,74.912957,87.385724,212.08412,37.477535,112.41764,37.484998,212.3358,349.66047,12.496776,12.497907,12.496433,212.15798,187.24325,87.454343,24.994221,12.498069,12.498484,12.499298,-2.453034e-05,-4.9061272e-06,-1.4718279e-05,-4.9063275e-06,-1.4720449e-05
73.973974,949.99816,487.49634,274.9927,862.43743,449.92802,2798.9941,1486.7385,2660.4071,249.88527,149.89831,99.893267,224.65513,112.34245,74.912968,87.385688,212.08397,37.477531,112.4176,37.484993,212.33563,349.66003,12.496776,12.497907,12.496431,212.15774,187.24308,87.454319,24.99422,12.498069,12.498484,12.499297,-2.4376334e-05,-4.8753256e-06,-1.4625875e-05,-4.8755266e-06,-1.4628052e-05
74.074074,949.99813,487.49633,274.99269,862.43743,449.92802,2798.9942,1486.7385,2660.4072,249.8853,149.89834,99.893294,224.65521,112.3425,74.912978,87.385651,212.08381,37.477527,112.41756,37.484987,212.33546,349.65958,12.496776,12.497906,12.496429,212.15749,187.24292,87.454296,24.994218,12.498068,12.498483,12.499297,-2.4216252e-05,-4.8433086e-06,-1.4529825e-05,-4.8435101e-06,-1.4532008e-05
74.174174,949.9981,487.49631,274.99268,862.43743,449.92802,2798.9942,1486.7386,2660.4074,249.88533,149.89836,99.89332,224.6553,112.34255,74.912989,87.385614,212.08366,37.477524,112.41753,37.484982,212.33529,349.65913,12.496775,12.497906,12.496428,212.15724,187.24275,87.454272,24.994216,12.498068,12.498483,12.499296,-2.405011e-05,-4.8100797e-06,-1.4430139e-05,-4.8102817e-06,-1.4432327e-05
74.274274,949.99806,487.4963,274.99268,862.43743,449.92802,2798.9943,1486.7386,2660.4075,249.88535,149.89839,99.893347,224.65538,112.3426,74.913,87.385577,212.0835,37.47752,112.41749,37.484976,212.33511,349.65868,12.496775,12.497905,12.496426,212.157,187.24258,87.454248,24.994215,12.498067,12.498482,12.499296,-2.3877926e-05,-4.7756425e-06,-1.4326828e-05,-4.775845e-06,-1.4329021e-05
74.374374,949.99803,487.49628,274.99267,862.43743,449.92802,2798.9943,1486.7387,2660.4077,249.88538,149.89841,99.893374,224.65546,112.34265,74.913011,87.38554,212.08335,37.477517,112.41745,37.484971,212.33494,349.65823,12.496775,12.497905,12.496425,212.15675,187.24242,87.454224,24.994213,12.498067,12.498482,12.499295,-2.369972e-05,-4.7400007e-06,-1.4219904e-05,-4.7402036e-06,-1.42221e-05
74.474474,949.998,487.49626,274.99267,862.43743,449.92802,2798.9944,1486.7387,2660.4079,249.8854,149.89844,99.8934,224.65554,112.3427,74.913022,87.385503,212.0832,37.477513,112.41741,37.484966,212.33477,349.65779,12.496775,12.497904,12.496423,212.1565,187.24225,87.454201,24.994211,12.498066,12.498481,12.499295,-2.3515508e-05,-4.7031578e-06,-1.4109376e-05,-4.703361e-06,-1.4111576e-05
74.574575,949.99796,487.49625,274.99266,862.43742,449.92802,2798.9945,1486.7388,2660.408,249.88543,149.89846,99.893427,224.65563,112.34275,74.913033,87.385466,212.08304,37.477509,112.41737,37.48496,212.3346,349.65734,12.496775,12.497904,12.496422,212.15626,187.24209,87.454177,24.994209,12.498066,12.498481,12.499294,-2.3325309e-05,-4.6651173e-06,-1.3995255e-05,-4.6653207e-06,-1.3997457e-05
74.674675,949.99792,487.49623,274.99265,862.43742,449.92802,2798.9945,1486.7389,2660.4082,249.88546,149.89849,99.893453,224.65571,112.34279,74.913043,87.38543,212.08289,37.477506,112.41733,37.484955,212.33443,349.65689,12.496774,12.497903,12.49642,212.15601,187.24192,87.454153,24.994208,12.498066,12.49848,12.499294,-2.3129139e-05,-4.6258827e-06,-1.3877552e-05,-4.6260862e-06,-1.3879756e-05
74.774775,949.99788,487.49621,274.99264,862.43742,449.92802,2798.9946,1486.7389,2660.4083,249.88548,149.89851,99.89348,224.65579,112.34284,74.913054,87.385393,212.08273,37.477502,112.41729,37.484949,212.33426,349.65644,12.496774,12.497903,12.496419,212.15576,187.24176,87.45413,24.994206,12.498065,12.49848,12.499293,-2.2927016e-05,-4.5854575e-06,-1.3756277e-05,-4.5856611e-06,-1.3758482e-05
74.874875,949.99785,487.49619,274.99264,862.43742,449.92802,2798.9947,1486.739,2660.4085,249.88551,149.89854,99.893506,224.65587,112.34289,74.913065,87.385356,212.08258,37.477499,112.41726,37.484944,212.33408,349.656,12.496774,12.497902,12.496417,212.15552,187.24159,87.454106,24.994204,12.498065,12.498479,12.499293,-2.2718957e-05,-4.543845e-06,-1.3631441e-05,-4.5440487e-06,-1.3633646e-05
74.974975,949.99781,487.49617,274.99263,862.43742,449.92802,2798.9947,1486.739,2660.4087,249.88554,149.89856,99.893533,224.65595,112.34294,74.913075,87.385319,212.08242,37.477495,112.41722,37.484938,212.33391,349.65555,12.496774,12.497902,12.496416,212.15527,187.24143,87.454083,24.994202,12.498064,12.498479,12.499292,-2.2504979e-05,-4.5010488e-06,-1.3503054e-05,-4.5012524e-06,-1.3505258e-05
75.075075,949.99776,487.49615,274.99262,862.43742,449.92802,2798.9948,1486.7391,2660.4088,249.88556,149.89858,99.893559,224.65604,112.34299,74.913086,87.385282,212.08227,37.477491,112.41718,37.484933,212.33374,349.6551,12.496773,12.497901,12.496414,212.15502,187.24126,87.454059,24.994201,12.498064,12.498478,12.499292,-2.22851e-05,-4.4570722e-06,-1.3371125e-05,-4.4572756e-06,-1.3373328e-05
75.175175,949.99772,487.49613,274.99261,862.43741,449.92802,2798.9949,1486.7391,2660.409,249.88559,149.89861,99.893585,224.65612,112.34304,74.913096,87.385245,212.08212,37.477488,112.41714,37.484928,212.33357,349.65465,12.496773,12.497901,12.496413,212.15478,187.24109,87.454036,24.994199,12.498063,12.498477,12.499291,-2.2059335e-05,-4.4119185e-06,-1.3235665e-05,-4.4121217e-06,-1.3237865e-05
75.275275,949.99768,487.49611,274.9926,862.43741,449.92802,2798.9949,1486.7392,2660.4092,249.88562,149.89863,99.893612,224.6562,112.34309,74.913107,87.385208,212.08196,37.477484,112.4171,37.484922,212.3334,349.65421,12.496773,12.497901,12.496411,212.15453,187.24093,87.454012,24.994197,12.498063,12.498477,12.499291,-2.1827702e-05,-4.3655911e-06,-1.3096684e-05,-4.365794e-06,-1.3098881e-05
75.375375,949.99763,487.49608,274.9926,862.43741,449.92802,2798.995,1486.7392,2660.4093,249.88564,149.89866,99.893638,224.65628,112.34314,74.913117,87.385171,212.08181,37.477481,112.41707,37.484917,212.33323,349.65376,12.496773,12.4979,12.49641,212.15428,187.24076,87.453989,24.994195,12.498062,12.498476,12.49929,-2.1590217e-05,-4.3180933e-06,-1.2954192e-05,-4.3182958e-06,-1.2956385e-05
75.475475,949.99759,487.49606,274.99259,862.43741,449.92802,2798.9951,1486.7393,2660.4095,249.88567,149.89868,99.893665,224.65636,112.34319,74.913128,87.385134,212.08165,37.477477,112.41703,37.484911,212.33305,349.65331,12.496772,12.4979,12.496408,212.15403,187.2406,87.453965,24.994194,12.498062,12.498476,12.49929,-2.1346896e-05,-4.2694282e-06,-1.2808198e-05,-4.2696303e-06,-1.2810386e-05
75.575576,949.99754,487.49604,274.99258,862.4374,449.92802,2798.9952,1486.7393,2660.4097,249.8857,149.89871,99.893691,224.65644,112.34323,74.913138,87.385097,212.0815,37.477474,112.41699,37.484906,212.33288,349.65286,12.496772,12.497899,12.496407,212.15379,187.24043,87.453942,24.994192,12.498062,12.498475,12.499289,-2.1097755e-05,-4.2195992e-06,-1.2658712e-05,-4.2198008e-06,-1.2660895e-05
75.675676,949.99749,487.49601,274.99257,862.4374,449.92801,2798.9952,1486.7394,2660.4098,249.88572,149.89873,99.893717,224.65653,112.34328,74.913149,87.38506,212.08134,37.47747,112.41695,37.484901,212.33271,349.65241,12.496772,12.497899,12.496405,212.15354,187.24027,87.453919,24.99419,12.498061,12.498475,12.499289,-2.0842811e-05,-4.1686095e-06,-1.2505744e-05,-4.1688104e-06,-1.250792e-05
75.775776,949.99744,487.49599,274.99256,862.4374,449.92801,2798.9953,1486.7395,2660.41,249.88575,149.89876,99.893743,224.65661,112.34333,74.913159,87.385023,212.08119,37.477467,112.41691,37.484895,212.33254,349.65197,12.496772,12.497898,12.496404,212.15329,187.2401,87.453895,24.994188,12.498061,12.498474,12.499288,-2.0582078e-05,-4.1164621e-06,-1.2349304e-05,-4.1166624e-06,-1.2351472e-05
75.875876,949.99739,487.49596,274.99255,862.43739,449.92801,2798.9954,1486.7395,2660.4102,249.88578,149.89878,99.89377,224.65669,112.34338,74.91317,87.384986,212.08104,37.477463,112.41688,37.48489,212.33237,349.65152,12.496771,12.497898,12.496402,212.15305,187.23994,87.453872,24.994187,12.49806,12.498474,12.499288,-2.0315574e-05,-4.0631604e-06,-1.21894e-05,-4.0633598e-06,-1.219156e-05
75.975976,949.99734,487.49594,274.99254,862.43739,449.92801,2798.9955,1486.7396,2660.4104,249.8858,149.89881,99.893796,224.65677,112.34343,74.91318,87.384949,212.08088,37.47746,112.41684,37.484885,212.3322,349.65107,12.496771,12.497897,12.4964,212.1528,187.23977,87.453849,24.994185,12.49806,12.498473,12.499287,-2.0043314e-05,-4.0087073e-06,-1.2026042e-05,-4.0089059e-06,-1.2028193e-05
76.076076,949.99729,487.49591,274.99253,862.43739,449.92801,2798.9955,1486.7396,2660.4105,249.88583,149.89883,99.893822,224.65685,112.34348,74.91319,87.384911,212.08073,37.477456,112.4168,37.484879,212.33203,349.65062,12.496771,12.497897,12.496399,212.15255,187.2396,87.453826,24.994183,12.498059,12.498473,12.499287,-1.9765312e-05,-3.953106e-06,-1.185924e-05,-3.9533036e-06,-1.1861381e-05
76.176176,949.99723,487.49589,274.99252,862.43739,449.92801,2798.9956,1486.7397,2660.4107,249.88585,149.89885,99.893849,224.65693,112.34352,74.9132,87.384874,212.08058,37.477453,112.41676,37.484874,212.33185,349.65018,12.49677,12.497896,12.496397,212.1523,187.23944,87.453802,24.994182,12.498059,12.498472,12.499286,-1.9481584e-05,-3.8963595e-06,-1.1689002e-05,-3.8965561e-06,-1.1691132e-05
76.276276,949.99718,487.49586,274.99251,862.43738,449.92801,2798.9957,1486.7398,2660.4109,249.88588,149.89888,99.893875,224.65701,112.34357,74.913211,87.384837,212.08042,37.477449,112.41672,37.484869,212.33168,349.64973,12.49677,12.497896,12.496396,212.15206,187.23927,87.453779,24.99418,12.498058,12.498471,12.499286,-1.9192146e-05,-3.8384708e-06,-1.1515337e-05,-3.8386663e-06,-1.1517455e-05
76.376376,949.99712,487.49583,274.9925,862.43738,449.92801,2798.9958,1486.7398,2660.411,249.88591,149.8989,99.893901,224.65709,112.34362,74.913221,87.3848,212.08027,37.477446,112.41669,37.484863,212.33151,349.64928,12.49677,12.497895,12.496394,212.15181,187.23911,87.453756,24.994178,12.498058,12.498471,12.499285,-1.8897013e-05,-3.779443e-06,-1.1338256e-05,-3.7796373e-06,-1.134036e-05
76.476476,949.99707,487.4958,274.99249,862.43738,449.928,2798.9959,1486.7399,2660.4112,249.88593,149.89893,99.893927,224.65717,112.34367,74.913231,87.384763,212.08012,37.477443,112.41665,37.484858,212.33134,349.64883,12.49677,12.497895,12.496393,212.15156,187.23894,87.453733,24.994176,12.498057,12.49847,12.499285,-1.8596198e-05,-3.7192791e-06,-1.1157766e-05,-3.7194721e-06,-1.1159856e-05
76.576577,949.99701,487.49578,274.99248,862.43737,449.928,2798.9959,1486.7399,2660.4114,249.88596,149.89895,99.893953,224.65725,112.34372,74.913241,87.384726,212.07996,37.477439,112.41661,37.484853,212.33117,349.64838,12.496769,12.497895,12.496391,212.15131,187.23878,87.45371,24.994175,12.498057,12.49847,12.499284,-1.8289718e-05,-3.6579819e-06,-1.0973876e-05,-3.6581735e-06,-1.0975951e-05
76.676677,949.99695,487.49575,274.99247,862.43737,449.928,2798.996,1486.74,2660.4116,249.88599,149.89898,99.893979,224.65733,112.34376,74.913251,87.384689,212.07981,37.477436,112.41657,37.484847,212.331,349.64794,12.496769,12.497894,12.49639,212.15106,187.23861,87.453687,24.994173,12.498057,12.498469,12.499284,-1.7977586e-05,-3.5955543e-06,-1.0786595e-05,-3.5957444e-06,-1.0788655e-05
76.776777,949.99689,487.49572,274.99245,862.43736,449.928,2798.9961,1486.7401,2660.4117,249.88601,149.899,99.894006,224.65741,112.34381,74.913261,87.384652,212.07965,37.477432,112.41654,37.484842,212.33082,349.64749,12.496769,12.497894,12.496388,212.15082,187.23845,87.453664,24.994171,12.498056,12.498469,12.499283,-1.7659817e-05,-3.5319994e-06,-1.0595932e-05,-3.5321879e-06,-1.0597974e-05
76.876877,949.99683,487.49569,274.99244,862.43736,449.928,2798.9962,1486.7401,2660.4119,249.88604,149.89902,99.894032,224.65749,112.34386,74.913271,87.384614,212.0795,37.477429,112.4165,37.484837,212.33065,349.64704,12.496768,12.497893,12.496387,212.15057,187.23828,87.453641,24.994169,12.498056,12.498468,12.499283,-1.7336425e-05,-3.4673198e-06,-1.0401895e-05,-3.4675066e-06,-1.040392e-05
76.976977,949.99677,487.49566,274.99243,862.43736,449.92799,2798.9963,1486.7402,2660.4121,249.88607,149.89905,99.894058,224.65757,112.34391,74.913281,87.384577,212.07935,37.477426,112.41646,37.484831,212.33048,349.64659,12.496768,12.497893,12.496385,212.15032,187.23811,87.453618,24.994168,12.498055,12.498467,12.499282,-1.7007424e-05,-3.4015184e-06,-1.0204493e-05,-3.4017035e-06,-1.0206498e-05
77.077077,949.9967,487.49562,274.99242,862.43735,449.92799,2798.9964,1486.7402,2660.4123,249.88609,149.89907,99.894084,224.65765,112.34395,74.913291,87.38454,212.0792,37.477422,112.41642,37.484826,212.33031,349.64614,12.496768,12.497892,12.496384,212.15007,187.23795,87.453595,24.994166,12.498055,12.498467,12.499281,-1.6672829e-05,-3.3345981e-06,-1.0003734e-05,-3.3347813e-06,-1.0005719e-05
77.177177,949.99664,487.49559,274.99241,862.43735,449.92799,2798.9964,1486.7403,2660.4124,249.88612,149.8991,99.89411,224.65773,112.344,74.913301,87.384503,212.07904,37.477419,112.41639,37.484821,212.33014,349.64569,12.496767,12.497892,12.496382,212.14983,187.23778,87.453572,24.994164,12.498054,12.498466,12.499281,-1.6332653e-05,-3.2665616e-06,-9.7996266e-06,-3.2667428e-06,-9.8015902e-06
77.277277,949.99657,487.49556,274.99239,862.43734,449.92799,2798.9965,1486.7404,2660.4126,249.88615,149.89912,99.894136,224.65781,112.34405,74.913311,87.384465,212.07889,37.477415,112.41635,37.484816,212.32996,349.64525,12.496767,12.497892,12.496381,212.14958,187.23762,87.453549,24.994162,12.498054,12.498466,12.49928,-1.5986909e-05,-3.1974116e-06,-9.5921787e-06,-3.1975907e-06,-9.5941199e-06
77.377377,949.99651,487.49553,274.99238,862.43734,449.92799,2798.9966,1486.7404,2660.4128,249.88618,149.89915,99.894162,224.65789,112.3441,74.913321,87.384428,212.07874,37.477412,112.41631,37.48481,212.32979,349.6448,12.496766,12.497891,12.496379,212.14933,187.23745,87.453526,24.994161,12.498053,12.498465,12.49928,-1.5635612e-05,-3.1271509e-06,-9.3813986e-06,-3.1273277e-06,-9.3833161e-06
77.477477,949.99644,487.49549,274.99237,862.43733,449.92798,2798.9967,1486.7405,2660.413,249.8862,149.89917,99.894188,224.65797,112.34414,74.913331,87.384391,212.07858,37.477409,112.41627,37.484805,212.32962,349.64435,12.496766,12.497891,12.496378,212.14908,187.23729,87.453503,24.994159,12.498053,12.498464,12.499279,-1.5278775e-05,-3.055782e-06,-9.1672943e-06,-3.0559566e-06,-9.1691871e-06
77.577578,949.99637,487.49546,274.99235,862.43733,449.92798,2798.9968,1486.7406,2660.4131,249.88623,149.89919,99.894214,224.65805,112.34419,74.913341,87.384354,212.07843,37.477405,112.41624,37.4848,212.32945,349.6439,12.496766,12.49789,12.496376,212.14883,187.23712,87.45348,24.994157,12.498052,12.498464,12.499279,-1.491641e-05,-2.9833077e-06,-8.9498737e-06,-2.9834799e-06,-8.9517405e-06
77.677678,949.9963,487.49543,274.99234,862.43733,449.92798,2798.9969,1486.7406,2660.4133,249.88626,149.89922,99.89424,224.65813,112.34424,74.913351,87.384316,212.07828,37.477402,112.4162,37.484794,212.32928,349.64345,12.496765,12.49789,12.496375,212.14858,187.23696,87.453457,24.994155,12.498052,12.498463,12.499278,-1.4548532e-05,-2.9097306e-06,-8.7291447e-06,-2.9099002e-06,-8.7309844e-06
77.777778,949.99623,487.49539,274.99233,862.43732,449.92798,2798.997,1486.7407,2660.4135,249.88628,149.89924,99.894266,224.65821,112.34428,74.91336,87.384279,212.07812,37.477399,112.41616,37.484789,212.32911,349.643,12.496765,12.497889,12.496374,212.14834,187.23679,87.453434,24.994154,12.498051,12.498463,12.499278,-1.4175153e-05,-2.8350533e-06,-8.505115e-06,-2.8352203e-06,-8.5069265e-06
77.877878,949.99616,487.49535,274.99231,862.43732,449.92797,2798.9971,1486.7408,2660.4137,249.88631,149.89927,99.894292,224.65829,112.34433,74.91337,87.384242,212.07797,37.477396,112.41612,37.484784,212.32893,349.64256,12.496765,12.497889,12.496372,212.14809,187.23663,87.453412,24.994152,12.498051,12.498462,12.499277,-1.3796285e-05,-2.7592783e-06,-8.2777924e-06,-2.7594425e-06,-8.2795744e-06
77.977978,949.99609,487.49532,274.9923,862.43731,449.92797,2798.9972,1486.7408,2660.4139,249.88634,149.89929,99.894318,224.65837,112.34438,74.91338,87.384204,212.07782,37.477392,112.41609,37.484779,212.32876,349.64211,12.496764,12.497889,12.496371,212.14784,187.23646,87.453389,24.99415,12.498051,12.498461,12.499277,-1.3411942e-05,-2.6824081e-06,-8.0471845e-06,-2.6825695e-06,-8.0489357e-06
78.078078,949.99601,487.49528,274.99228,862.43731,449.92797,2798.9973,1486.7409,2660.414,249.88636,149.89931,99.894343,224.65845,112.34442,74.913389,87.384167,212.07767,37.477389,112.41605,37.484773,212.32859,349.64166,12.496764,12.497888,12.496369,212.14759,187.23629,87.453366,24.994148,12.49805,12.498461,12.499276,-1.3022136e-05,-2.6044453e-06,-7.8132986e-06,-2.6046038e-06,-7.8150179e-06
78.178178,949.99594,487.49525,274.99227,862.4373,449.92797,2798.9973,1486.741,2660.4142,249.88639,149.89934,99.894369,224.65853,112.34447,74.913399,87.38413,212.07751,37.477386,112.41601,37.484768,212.32842,349.64121,12.496763,12.497888,12.496368,212.14734,187.23613,87.453343,24.994147,12.49805,12.49846,12.499276,-1.2626879e-05,-2.5253924e-06,-7.5761424e-06,-2.5255477e-06,-7.5778284e-06
78.278278,949.99586,487.49521,274.99226,862.43729,449.92796,2798.9974,1486.741,2660.4144,249.88642,149.89936,99.894395,224.6586,112.34452,74.913409,87.384092,212.07736,37.477382,112.41598,37.484763,212.32825,349.64076,12.496763,12.497887,12.496366,212.14709,187.23596,87.453321,24.994145,12.498049,12.49846,12.499275,-1.2226183e-05,-2.4452518e-06,-7.3357231e-06,-2.4454039e-06,-7.3373745e-06
78.378378,949.99579,487.49517,274.99224,862.43729,449.92796,2798.9975,1486.7411,2660.4146,249.88644,149.89939,99.894421,224.65868,112.34456,74.913418,87.384055,212.07721,37.477379,112.41594,37.484758,212.32807,349.64031,12.496763,12.497887,12.496365,212.14685,187.2358,87.453298,24.994143,12.498049,12.498459,12.499274,-1.1820062e-05,-2.3640258e-06,-7.0920479e-06,-2.3641746e-06,-7.0936634e-06
78.478478,949.99571,487.49513,274.99223,862.43728,449.92796,2798.9976,1486.7412,2660.4148,249.88647,149.89941,99.894447,224.65876,112.34461,74.913428,87.384018,212.07706,37.477376,112.4159,37.484753,212.3279,349.63986,12.496762,12.497887,12.496363,212.1466,187.23563,87.453275,24.994141,12.498048,12.498458,12.499274,-1.1408526e-05,-2.2817169e-06,-6.845124e-06,-2.2818622e-06,-6.8467023e-06
78.578579,949.99563,487.49509,274.99221,862.43728,449.92795,2798.9977,1486.7412,2660.415,249.8865,149.89943,99.894473,224.65884,112.34466,74.913437,87.38398,212.0769,37.477373,112.41586,37.484747,212.32773,349.63942,12.496762,12.497886,12.496362,212.14635,187.23547,87.453253,24.99414,12.498048,12.498458,12.499273,-1.0991587e-05,-2.1983275e-06,-6.5949586e-06,-2.1984692e-06,-6.5964983e-06
78.678679,949.99555,487.49505,274.99219,862.43727,449.92795,2798.9978,1486.7413,2660.4151,249.88652,149.89946,99.894498,224.65892,112.3447,74.913447,87.383943,212.07675,37.477369,112.41583,37.484742,212.32756,349.63897,12.496761,12.497886,12.49636,212.1461,187.2353,87.45323,24.994138,12.498047,12.498457,12.499273,-1.0569257e-05,-2.1138599e-06,-6.3415584e-06,-2.1139979e-06,-6.3430582e-06
78.778779,949.99547,487.49501,274.99218,862.43727,449.92795,2798.9979,1486.7414,2660.4153,249.88655,149.89948,99.894524,224.659,112.34475,74.913456,87.383905,212.0766,37.477366,112.41579,37.484737,212.32739,349.63852,12.496761,12.497885,12.496359,212.14585,187.23514,87.453208,24.994136,12.498047,12.498456,12.499272,-1.0141548e-05,-2.0283163e-06,-6.0849306e-06,-2.0284504e-06,-6.086389e-06
78.878879,949.99539,487.49497,274.99216,862.43726,449.92794,2798.998,1486.7414,2660.4155,249.88658,149.89951,99.89455,224.65907,112.3448,74.913466,87.383868,212.07645,37.477363,112.41575,37.484732,212.32722,349.63807,12.49676,12.497885,12.496357,212.1456,187.23497,87.453185,24.994135,12.498046,12.498456,12.499272,-9.7084708e-06,-1.941699e-06,-5.8250818e-06,-1.9418292e-06,-5.8264975e-06
78.978979,949.99531,487.49493,274.99215,862.43725,449.92794,2798.9981,1486.7415,2660.4157,249.8866,149.89953,99.894576,224.65915,112.34484,74.913475,87.38383,212.07629,37.47736,112.41572,37.484727,212.32704,349.63762,12.49676,12.497885,12.496356,212.14535,187.2348,87.453163,24.994133,12.498046,12.498455,12.499271,-9.2700365e-06,-1.8540104e-06,-5.5620188e-06,-1.8541364e-06,-5.5633904e-06
79.079079,949.99522,487.49489,274.99213,862.43725,449.92794,2798.9982,1486.7416,2660.4159,249.88663,149.89955,99.894601,224.65923,112.34489,74.913484,87.383793,212.07614,37.477357,112.41568,37.484721,212.32687,349.63717,12.496759,12.497884,12.496354,212.1451,187.23464,87.45314,24.994131,12.498045,12.498454,12.499271,-8.8262563e-06,-1.7652525e-06,-5.2957483e-06,-1.7653743e-06,-5.2970742e-06
79.179179,949.99514,487.49485,274.99211,862.43724,449.92793,2798.9983,1486.7417,2660.4161,249.88666,149.89958,99.894627,224.65931,112.34493,74.913494,87.383755,212.07599,37.477353,112.41564,37.484716,212.3267,349.63672,12.496759,12.497884,12.496353,212.14485,187.23447,87.453118,24.994129,12.498045,12.498454,12.49927,-8.3771412e-06,-1.6754276e-06,-5.0262767e-06,-1.675545e-06,-5.0275555e-06
79.279279,949.99505,487.49481,274.9921,862.43724,449.92793,2798.9984,1486.7417,2660.4162,249.88669,149.8996,99.894653,224.65939,112.34498,74.913503,87.383718,212.07584,37.47735,112.41561,37.484711,212.32653,349.63627,12.496759,12.497884,12.496351,212.14461,187.23431,87.453095,24.994128,12.498044,12.498453,12.499269,-7.9326823e-06,-1.586534e-06,-4.7595989e-06,-1.5866471e-06,-4.7608314e-06
79.379379,949.99499,487.49477,274.99209,862.43723,449.92793,2798.9985,1486.7418,2660.4164,249.88671,149.89963,99.894678,224.65946,112.34502,74.913511,87.38368,212.07568,37.477347,112.41557,37.484706,212.32635,349.63582,12.496758,12.497883,12.49635,212.14436,187.23414,87.453072,24.994126,12.498044,12.498453,12.499269,-7.5820853e-06,-1.5164133e-06,-4.549239e-06,-1.5165242e-06,-4.5504471e-06
79.479479,949.99492,487.49474,274.99207,862.43723,449.92792,2798.9986,1486.7418,2660.4166,249.88674,149.89965,99.894702,224.65954,112.34507,74.91352,87.383642,212.07553,37.477343,112.41553,37.4847,212.32618,349.63537,12.496758,12.497883,12.496348,212.1441,187.23397,87.453049,24.994124,12.498044,12.498452,12.499268,-7.2320915e-06,-1.4464133e-06,-4.339241e-06,-1.4465219e-06,-4.3404246e-06
79.57958,949.99485,487.49471,274.99206,862.43722,449.92792,2798.9987,1486.7419,2660.4168,249.88676,149.89967,99.894727,224.65961,112.34511,74.913529,87.383604,212.07538,37.47734,112.41549,37.484695,212.32601,349.63492,12.496757,12.497882,12.496347,212.14385,187.23381,87.453026,24.994122,12.498043,12.498451,12.499268,-6.8828534e-06,-1.3765644e-06,-4.1296964e-06,-1.3766707e-06,-4.1308553e-06
79.67968,949.99479,487.49467,274.99205,862.43722,449.92792,2798.9988,1486.742,2660.4169,249.88679,149.89969,99.894752,224.65969,112.34516,74.913537,87.383566,212.07522,37.477337,112.41545,37.484689,212.32583,349.63447,12.496757,12.497882,12.496345,212.1436,187.23364,87.453003,24.994121,12.498043,12.498451,12.499267,-6.5345243e-06,-1.3068974e-06,-3.9206972e-06,-1.3070013e-06,-3.9218313e-06
79.77978,949.99472,487.49464,274.99203,862.43721,449.92792,2798.9989,1486.742,2660.4171,249.88681,149.89972,99.894777,224.65977,112.3452,74.913546,87.383528,212.07507,37.477333,112.41542,37.484684,212.32566,349.63401,12.496757,12.497881,12.496344,212.14335,187.23347,87.45298,24.994119,12.498042,12.49845,12.499267,-6.187259e-06,-1.2374431e-06,-3.7123364e-06,-1.2375447e-06,-3.7134455e-06
79.87988,949.99466,487.49461,274.99202,862.43721,449.92792,2798.999,1486.7421,2660.4173,249.88684,149.89974,99.894801,224.65984,112.34525,74.913554,87.38349,212.07492,37.47733,112.41538,37.484679,212.32549,349.63356,12.496756,12.497881,12.496342,212.1431,187.23331,87.452957,24.994117,12.498042,12.49845,12.499266,-5.8412134e-06,-1.1682327e-06,-3.5047073e-06,-1.1683321e-06,-3.5057915e-06
79.97998,949.99459,487.49458,274.99201,862.43721,449.92791,2798.999,1486.7421,2660.4174,249.88686,149.89976,99.894826,224.65992,112.34529,74.913562,87.383451,212.07476,37.477326,112.41534,37.484673,212.32531,349.63311,12.496756,12.497881,12.496341,212.14285,187.23314,87.452934,24.994115,12.498041,12.498449,12.499266,-5.4965447e-06,-1.0992978e-06,-3.2979045e-06,-1.0993948e-06,-3.2989635e-06
80.08008,949.99453,487.49455,274.992,862.4372,449.92791,2798.9991,1486.7422,2660.4176,249.88689,149.89979,99.89485,224.65999,112.34534,74.913571,87.383413,212.07461,37.477323,112.4153,37.484668,212.32514,349.63266,12.496756,12.49788,12.496339,212.1426,187.23297,87.452911,24.994114,12.498041,12.498448,12.499265,-5.1534114e-06,-1.0306699e-06,-3.0920229e-06,-1.0307645e-06,-3.0930566e-06
80.18018,949.99446,487.49451,274.99198,862.4372,449.92791,2798.9992,1486.7423,2660.4178,249.88691,149.89981,99.894875,224.66007,112.34538,74.913579,87.383375,212.07445,37.477319,112.41527,37.484662,212.32496,349.6322,12.496755,12.49788,12.496338,212.14235,187.2328,87.452888,24.994112,12.49804,12.498448,12.499265,-4.8119732e-06,-9.6238103e-07,-2.8871582e-06,-9.6247333e-07,-2.8881667e-06
80.28028,949.9944,487.49448,274.99197,862.43719,449.92791,2798.9993,1486.7423,2660.4179,249.88694,149.89983,99.894899,224.66014,112.34543,74.913587,87.383337,212.0743,37.477316,112.41523,37.484657,212.32479,349.63175,12.496755,12.497879,12.496336,212.1421,187.23264,87.452865,24.99411,12.49804,12.498447,12.499264,-4.4723908e-06,-8.9446336e-07,-2.6834072e-06,-8.9455331e-07,-2.6843903e-06
80.38038,949.99434,487.49445,274.99196,862.43719,449.9279,2798.9994,1486.7424,2660.4181,249.88696,149.89985,99.894923,224.66021,112.34547,74.913595,87.383298,212.07415,37.477312,112.41519,37.484651,212.32462,349.6313,12.496755,12.497879,12.496334,212.14184,187.23247,87.452841,24.994108,12.498039,12.498447,12.499264,-4.1348265e-06,-8.2694932e-07,-2.480867e-06,-8.270369e-07,-2.4818247e-06
80.48048,949.99427,487.49442,274.99195,862.43718,449.9279,2798.9995,1486.7424,2660.4183,249.88699,149.89988,99.894948,224.66029,112.34551,74.913603,87.38326,212.07399,37.477309,112.41515,37.484646,212.32444,349.63084,12.496754,12.497878,12.496333,212.14159,187.2323,87.452818,24.994107,12.498039,12.498446,12.499263,-3.7994437e-06,-7.5987157e-07,-2.2796357e-06,-7.5995678e-07,-2.280568e-06
80.580581,949.99421,487.49439,274.99194,862.43718,449.9279,2798.9995,1486.7425,2660.4184,249.88701,149.8999,99.894972,224.66036,112.34556,74.913611,87.383222,212.07384,37.477305,112.41512,37.484641,212.32427,349.63039,12.496754,12.497878,12.496331,212.14134,187.23213,87.452795,24.994105,12.498038,12.498445,12.499262,-3.4664069e-06,-6.9326304e-07,-2.079812e-06,-6.9334589e-07,-2.0807188e-06
80.680681,949.99415,487.49436,274.99192,862.43717,449.9279,2798.9996,1486.7426,2660.4186,249.88704,149.89992,99.894996,224.66044,112.3456,74.913619,87.383183,212.07369,37.477302,112.41508,37.484635,212.32409,349.62994,12.496754,12.497878,12.49633,212.14109,187.23196,87.452772,24.994103,12.498038,12.498445,12.499262,-3.135882e-06,-6.271569e-07,-1.8814955e-06,-6.2723738e-07,-1.8823768e-06
80.780781,949.99408,487.49433,274.99191,862.43717,449.9279,2798.9997,1486.7426,2660.4187,249.88706,149.89994,99.89502,224.66051,112.34565,74.913626,87.383145,212.07353,37.477298,112.41504,37.48463,212.32392,349.62948,12.496753,12.497877,12.496328,212.14084,187.2318,87.452749,24.994101,12.498038,12.498444,12.499261,-2.808036e-06,-5.6158657e-07,-1.6847864e-06,-5.6166468e-07,-1.6856422e-06
80.880881,949.99402,487.4943,274.9919,862.43717,449.92789,2798.9998,1486.7427,2660.4189,249.88708,149.89996,99.895044,224.66058,112.34569,74.913634,87.383106,212.07338,37.477295,112.415,37.484624,212.32374,349.62903,12.496753,12.497877,12.496327,212.14058,187.23163,87.452726,24.9941,12.498037,12.498444,12.499261,-2.4830374e-06,-4.9658571e-07,-1.4897857e-06,-4.9666145e-07,-1.490616e-06
80.980981,949.99396,487.49427,274.99189,862.43716,449.92789,2798.9999,1486.7427,2660.4191,249.88711,149.89999,99.895068,224.66066,112.34573,74.913642,87.383067,212.07322,37.477291,112.41496,37.484619,212.32357,349.62857,12.496753,12.497876,12.496325,212.14033,187.23146,87.452702,24.994098,12.498037,12.498443,12.49926,-2.1610556e-06,-4.3218824e-07,-1.2965951e-06,-4.3226161e-07,-1.2974e-06
81.081081,949.9939,487.49424,274.99188,862.43716,449.92789,2798.9999,1486.7428,2660.4192,249.88713,149.90001,99.895092,224.66073,112.34578,74.913649,87.383029,212.07307,37.477288,112.41493,37.484613,212.32339,349.62812,12.496752,12.497876,12.496324,212.14008,187.23129,87.452679,24.994096,12.498036,12.498443,12.49926,-1.8422615e-06,-3.6842831e-07,-1.1053172e-06,-3.6849932e-07,-1.1060965e-06
81.181181,949.99384,487.49421,274.99186,862.43715,449.92789,2799,1486.7429,2660.4194,249.88716,149.90003,99.895115,224.6608,112.34582,74.913657,87.38299,212.07291,37.477284,112.41489,37.484607,212.32322,349.62766,12.496752,12.497875,12.496322,212.13983,187.23112,87.452656,24.994094,12.498036,12.498442,12.499259,-1.526827e-06,-3.0534033e-07,-9.1605504e-07,-3.0540898e-07,-9.1680901e-07
81.281281,949.99378,487.49418,274.99185,862.43715,449.92788,2799.0001,1486.7429,2660.4195,249.88718,149.90005,99.895139,224.66088,112.34586,74.913664,87.382951,212.07276,37.477281,112.41485,37.484602,212.32304,349.62721,12.496752,12.497875,12.49632,212.13957,187.23095,87.452633,24.994093,12.498035,12.498441,12.499259,-1.2149255e-06,-2.4295895e-07,-7.289127e-07,-2.4302525e-07,-7.2964132e-07
81.381381,949.99373,487.49415,274.99184,862.43715,449.92788,2799.0002,1486.743,2660.4197,249.8872,149.90007,99.895163,224.66095,112.3459,74.913671,87.382913,212.07261,37.477277,112.41481,37.484596,212.32287,349.62675,12.496751,12.497874,12.496319,212.13932,187.23079,87.452609,24.994091,12.498035,12.498441,12.499258,-9.0673146e-07,-1.8131909e-07,-5.4399485e-07,-1.8138304e-07,-5.4469819e-07
81.481481,949.99367,487.49412,274.99183,862.43714,449.92788,2799.0002,1486.743,2660.4198,249.88723,149.9001,99.895186,224.66102,112.34595,74.913679,87.382874,212.07245,37.477273,112.41477,37.484591,212.32269,349.62629,12.496751,12.497874,12.496317,212.13907,187.23062,87.452586,24.994089,12.498034,12.49844,12.499258,-6.024206e-07,-1.2045588e-07,-3.6140694e-07,-1.2051749e-07,-3.6208507e-07
81.581582,949.99361,487.49409,274.99182,862.43714,449.92788,2799.0003,1486.7431,2660.42,249.88725,149.90012,99.89521,224.66109,112.34599,74.913686,87.382835,212.0723,37.47727,112.41474,37.484585,212.32252,349.62584,12.496751,12.497874,12.496316,212.13881,187.23045,87.452563,24.994087,12.498034,12.49844,12.499257,-3.0216991e-07,-6.0404715e-08,-1.8125516e-07,-6.0463993e-08,-1.8190818e-07
81.681682,949.99356,487.49406,274.99181,862.43714,449.92788,2799.0004,1486.7431,2660.4202,249.88728,149.90014,99.895233,224.66116,112.34603,74.913693,87.382796,212.07214,37.477266,112.4147,37.48458,212.32234,349.62538,12.49675,12.497873,12.496314,212.13856,187.23028,87.452539,24.994086,12.498033,12.498439,12.499257,-6.1575976e-09,-1.2012495e-09,-3.6464316e-09,-1.2582045e-09,-4.2744386e-09
81.781782,949.9935,487.49404,274.9918,862.43713,449.92788,2799.0005,1486.7432,2660.4203,249.8873,149.90016,99.895256,224.66124,112.34607,74.9137,87.382757,212.07199,37.477263,112.41466,37.484574,212.32216,349.62493,12.49675,12.497873,12.496313,212.1383,187.23011,87.452516,24.994084,12.498033,12.498438,12.499256,2.8543688e-07,5.711863e-08,1.7131157e-07,5.7063987e-08,1.7070846e-07
81.881882,949.99345,487.49401,274.99179,862.43713,449.92787,2799.0005,1486.7432,2660.4205,249.88732,149.90018,99.895279,224.66131,112.34612,74.913707,87.382718,212.07183,37.477259,112.41462,37.484568,212.32199,349.62447,12.49675,12.497872,12.496311,212.13805,187.22994,87.452492,24.994082,12.498033,12.498438,12.499256,5.7243283e-07,1.1451879e-07,3.4351043e-07,1.1446644e-07,3.4293209e-07
81.981982,949.99339,487.49398,274.99178,862.43712,449.92787,2799.0006,1486.7433,2660.4206,249.88734,149.9002,99.895302,224.66138,112.34616,74.913714,87.382679,212.07168,37.477255,112.41458,37.484563,212.32181,349.62401,12.496749,12.497872,12.496309,212.1378,187.22977,87.452469,24.99408,12.498032,12.498437,12.499255,8.5464835e-07,1.7096283e-07,5.1284099e-07,1.7091278e-07,5.1228728e-07
82.082082,949.99334,487.49396,274.99177,862.43712,449.92787,2799.0007,1486.7433,2660.4208,249.88737,149.90022,99.895325,224.66145,112.3462,74.91372,87.38264,212.07152,37.477251,112.41454,37.484557,212.32164,349.62355,12.496749,12.497871,12.496308,212.13754,187.2296,87.452445,24.994079,12.498032,12.498437,12.499255,1.1319003e-06,2.2641414e-07,6.7919336e-07,2.2636636e-07,6.7866413e-07
82.182182,949.99329,487.49393,274.99176,862.43712,449.92787,2799.0008,1486.7434,2660.4209,249.88739,149.90025,99.895348,224.66152,112.34624,74.913727,87.3826,212.07137,37.477248,112.41451,37.484551,212.32146,349.6231,12.496749,12.497871,12.496306,212.13729,187.22943,87.452422,24.994077,12.498031,12.498436,12.499254,1.4040042e-06,2.8083583e-07,8.424569e-07,2.807903e-07,8.4195198e-07
82.282282,949.99324,487.49391,274.99175,862.43711,449.92787,2799.0008,1486.7435,2660.421,249.88741,149.90027,99.895371,224.66159,112.34628,74.913734,87.382561,212.07121,37.477244,112.41447,37.484546,212.32128,349.62264,12.496748,12.49787,12.496305,212.13703,187.22926,87.452398,24.994075,12.498031,12.498436,12.499254,1.6707744e-06,3.3419076e-07,1.0025202e-06,3.3414747e-07,1.0020394e-06
82.382382,949.99319,487.49388,274.99174,862.43711,449.92787,2799.0009,1486.7435,2660.4212,249.88744,149.90029,99.895394,224.66166,112.34633,74.91374,87.382522,212.07106,37.47724,112.41443,37.48454,212.32111,349.62218,12.496748,12.49787,12.496303,212.13678,187.22909,87.452375,24.994073,12.49803,12.498435,12.499253,1.9320242e-06,3.8644157e-07,1.1592712e-06,3.8640051e-07,1.1588144e-06
82.482482,949.99314,487.49386,274.99173,862.43711,449.92786,2799.001,1486.7436,2660.4213,249.88746,149.90031,99.895417,224.66173,112.34637,74.913746,87.382482,212.0709,37.477237,112.41439,37.484534,212.32093,349.62172,12.496748,12.497869,12.496301,212.13652,187.22892,87.452351,24.994072,12.49803,12.498435,12.499253,2.1875654e-06,4.3755064e-07,1.312597e-06,4.3751178e-07,1.3121639e-06
82.582583,949.99309,487.49384,274.99172,862.43711,449.92786,2799.001,1486.7436,2660.4215,249.88748,149.90033,99.895439,224.6618,112.34641,74.913753,87.382443,212.07075,37.477233,112.41435,37.484529,212.32075,349.62126,12.496748,12.497869,12.4963,212.13627,187.22875,87.452327,24.99407,12.498029,12.498434,12.499252,2.4372086e-06,4.8748009e-07,1.462384e-06,4.8744341e-07,1.4619744e-06
82.682683,949.99305,487.49381,274.99171,862.4371,449.92786,2799.0011,1486.7437,2660.4216,249.8875,149.90035,99.895462,224.66187,112.34645,74.913759,87.382404,212.07059,37.477229,112.41431,37.484523,212.32057,349.6208,12.496747,12.497868,12.496298,212.13601,187.22858,87.452303,24.994068,12.498029,12.498433,12.499252,2.6807633e-06,5.3619181e-07,1.6085179e-06,5.3615729e-07,1.6081316e-06
82.782783,949.993,487.49379,274.9917,862.4371,449.92786,2799.0012,1486.7437,2660.4218,249.88752,149.90037,99.895484,224.66194,112.34649,74.913765,87.382364,212.07044,37.477225,112.41428,37.484517,212.3204,349.62034,12.496747,12.497868,12.496296,212.13576,187.22841,87.45228,24.994066,12.498028,12.498433,12.499251,2.9180376e-06,5.8364744e-07,1.7508834e-06,5.8361506e-07,1.7505202e-06
82.882883,949.99296,487.49377,274.99169,862.4371,449.92786,2799.0012,1486.7437,2660.4219,249.88755,149.90039,99.895506,224.66201,112.34653,74.913771,87.382324,212.07028,37.477221,112.41424,37.484511,212.32022,349.61988,12.496747,12.497867,12.496295,212.1355,187.22824,87.452256,24.994065,12.498028,12.498432,12.499251,3.1488386e-06,6.2980836e-07,1.889365e-06,6.2977809e-07,1.8890245e-06
82.982983,949.99292,487.49375,274.99169,862.4371,449.92786,2799.0013,1486.7438,2660.422,249.88757,149.90041,99.895529,224.66208,112.34657,74.913777,87.382285,212.07012,37.477218,112.4142,37.484505,212.32004,349.61942,12.496746,12.497867,12.496293,212.13524,187.22807,87.452232,24.994063,12.498028,12.498432,12.49925,3.3729718e-06,6.7463571e-07,2.0238458e-06,6.7460754e-07,2.0235279e-06
83.083083,949.99288,487.49373,274.99168,862.43709,449.92786,2799.0013,1486.7438,2660.4222,249.88759,149.90043,99.895551,224.66215,112.34661,74.913783,87.382245,212.06997,37.477214,112.41416,37.4845,212.31986,349.61896,12.496746,12.497866,12.496292,212.13499,187.2279,87.452208,24.994061,12.498027,12.498431,12.49925,3.5902418e-06,7.1809039e-07,2.1542087e-06,7.1806428e-07,2.153913e-06
83.183183,949.99284,487.49371,274.99167,862.43709,449.92786,2799.0014,1486.7439,2660.4223,249.88761,149.90045,99.895573,224.66222,112.34665,74.913789,87.382205,212.06981,37.47721,112.41412,37.484494,212.31969,349.6185,12.496746,12.497866,12.49629,212.13473,187.22773,87.452184,24.994059,12.498027,12.498431,12.499249,3.8004519e-06,7.6013305e-07,2.2803356e-06,7.6010898e-07,2.2800619e-06
83.283283,949.9928,487.49369,274.99166,862.43709,449.92786,2799.0015,1486.7439,2660.4224,249.88763,149.90047,99.895595,224.66228,112.34669,74.913794,87.382165,212.06966,37.477206,112.41408,37.484488,212.31951,349.61804,12.496746,12.497865,12.496288,212.13447,187.22756,87.45216,24.994058,12.498026,12.49843,12.499249,4.003404e-06,8.0072409e-07,2.4021076e-06,8.0070202e-07,2.4018555e-06
83.383383,949.99276,487.49367,274.99166,862.43709,449.92786,2799.0015,1486.744,2660.4226,249.88765,149.90049,99.895616,224.66235,112.34673,74.9138,87.382125,212.0695,37.477202,112.41404,37.484482,212.31933,349.61758,12.496745,12.497865,12.496287,212.13422,187.22739,87.452136,24.994056,12.498026,12.49843,12.499248,4.1988988e-06,8.3982365e-07,2.5194053e-06,8.3980355e-07,2.5191745e-06
83.483483,949.99273,487.49365,274.99165,862.43708,449.92785,2799.0016,1486.744,2660.4227,249.88767,149.90051,99.895638,224.66242,112.34677,74.913805,87.382086,212.06934,37.477198,112.414,37.484476,212.31915,349.61711,12.496745,12.497864,12.496285,212.13396,187.22721,87.452112,24.994054,12.498025,12.498429,12.499248,4.386736e-06,8.7739164e-07,2.6321083e-06,8.7737349e-07,2.6318985e-06
83.583584,949.99269,487.49364,274.99164,862.43708,449.92785,2799.0016,1486.7441,2660.4228,249.88769,149.90053,99.89566,224.66249,112.34681,74.913811,87.382045,212.06919,37.477194,112.41396,37.48447,212.31897,349.61665,12.496745,12.497864,12.496283,212.1337,187.22704,87.452088,24.994053,12.498025,12.498429,12.499247,4.5667138e-06,9.1338772e-07,2.7400956e-06,9.1337149e-07,2.7399065e-06
83.683684,949.99266,487.49362,274.99164,862.43708,449.92785,2799.0017,1486.7441,2660.423,249.88772,149.90055,99.895681,224.66255,112.34685,74.913816,87.382005,212.06903,37.47719,112.41392,37.484464,212.31879,349.61619,12.496745,12.497863,12.496282,212.13345,187.22687,87.452064,24.994051,12.498024,12.498428,12.499247,4.7386293e-06,9.4777131e-07,2.8432455e-06,9.4775695e-07,2.8430766e-06
83.783784,949.99263,487.4936,274.99163,862.43708,449.92785,2799.0017,1486.7441,2660.4231,249.88774,149.90057,99.895703,224.66262,112.34689,74.913821,87.381965,212.06888,37.477186,112.41389,37.484458,212.31861,349.61573,12.496745,12.497863,12.49628,212.13319,187.2267,87.45204,24.994049,12.498024,12.498428,12.499246,4.9022782e-06,9.8050155e-07,2.9414354e-06,9.8048904e-07,2.9412864e-06
83.883884,949.9926,487.49359,274.99163,862.43708,449.92785,2799.0018,1486.7442,2660.4232,249.88776,149.90059,99.895724,224.66269,112.34693,74.913826,87.381925,212.06872,37.477182,112.41385,37.484452,212.31843,349.61526,12.496744,12.497862,12.496278,212.13293,187.22653,87.452016,24.994047,12.498024,12.498427,12.499246,5.0574552e-06,1.0115374e-06,3.0345421e-06,1.0115267e-06,3.0344127e-06
83.983984,949.99257,487.49358,274.99162,862.43708,449.92785,2799.0018,1486.7442,2660.4233,249.88778,149.90061,99.895745,224.66275,112.34697,74.913831,87.381885,212.06856,37.477178,112.41381,37.484446,212.31826,349.6148,12.496744,12.497862,12.496277,212.13267,187.22635,87.451991,24.994046,12.498023,12.498427,12.499245,5.2039536e-06,1.0408374e-06,3.1224417e-06,1.0408285e-06,3.1223313e-06
84.084084,949.99255,487.49356,274.99162,862.43708,449.92785,2799.0019,1486.7443,2660.4234,249.8878,149.90063,99.895766,224.66282,112.34701,74.913836,87.381844,212.0684,37.477174,112.41377,37.48444,212.31808,349.61434,12.496744,12.497861,12.496275,212.13241,187.22618,87.451967,24.994044,12.498023,12.498426,12.499245,5.3415655e-06,1.0683602e-06,3.2050092e-06,1.068353e-06,3.2049175e-06
84.184184,949.99252,487.49355,274.99161,862.43707,449.92785,2799.0019,1486.7443,2660.4236,249.88782,149.90065,99.895787,224.66288,112.34705,74.913841,87.381804,212.06825,37.47717,112.41373,37.484434,212.3179,349.61387,12.496744,12.497861,12.496273,212.13215,187.22601,87.451943,24.994042,12.498022,12.498426,12.499244,5.4700818e-06,1.0940638e-06,3.2821194e-06,1.0940582e-06,3.2820459e-06
84.284284,949.9925,487.49354,274.99161,862.43707,449.92785,2799.002,1486.7443,2660.4237,249.88783,149.90067,99.895808,224.66295,112.34709,74.913846,87.381763,212.06809,37.477166,112.41369,37.484428,212.31772,349.61341,12.496744,12.49786,12.496271,212.1319,187.22584,87.451918,24.99404,12.498022,12.498425,12.499244,5.5892921e-06,1.1179061e-06,3.3536459e-06,1.1179022e-06,3.3535902e-06
84.384384,949.99248,487.49353,274.9916,862.43707,449.92785,2799.002,1486.7444,2660.4238,249.88785,149.90069,99.895829,224.66302,112.34713,74.91385,87.381723,212.06793,37.477162,112.41365,37.484422,212.31754,349.61294,12.496744,12.49786,12.49627,212.13164,187.22566,87.451894,24.994039,12.498021,12.498425,12.499243,5.6989848e-06,1.1398449e-06,3.4194618e-06,1.1398426e-06,3.4194235e-06
84.484484,949.99246,487.49352,274.9916,862.43707,449.92785,2799.002,1486.7444,2660.4239,249.88787,149.90071,99.895849,224.66308,112.34717,74.913855,87.381682,212.06777,37.477157,112.41361,37.484416,212.31735,349.61248,12.496743,12.497859,12.496268,212.13138,187.22549,87.451869,24.994037,12.498021,12.498424,12.499243,5.7989472e-06,1.1598376e-06,3.4794394e-06,1.1598369e-06,3.4794179e-06
84.584585,949.99244,487.49351,274.9916,862.43707,449.92785,2799.0021,1486.7444,2660.424,249.88789,149.90072,99.89587,224.66315,112.3472,74.913859,87.381641,212.06762,37.477153,112.41357,37.48441,212.31717,349.61201,12.496743,12.497858,12.496266,212.13112,187.22532,87.451844,24.994035,12.49802,12.498424,12.499243,5.888965e-06,1.1778413e-06,3.5334502e-06,1.1778421e-06,3.5334451e-06
84.684685,949.99243,487.49351,274.99159,862.43707,449.92785,2799.0021,1486.7445,2660.4241,249.88791,149.90074,99.89589,224.66321,112.34724,74.913863,87.381601,212.06746,37.477149,112.41353,37.484404,212.31699,349.61154,12.496743,12.497858,12.496265,212.13086,187.22514,87.45182,24.994033,12.49802,12.498423,12.499242,5.968823e-06,1.193813e-06,3.5813651e-06,1.1938153e-06,3.5813759e-06
84.784785,949.99241,487.4935,274.99159,862.43707,449.92786,2799.0021,1486.7445,2660.4242,249.88793,149.90076,99.89591,224.66327,112.34728,74.913868,87.38156,212.0673,37.477145,112.41349,37.484397,212.31681,349.61108,12.496743,12.497857,12.496263,212.1306,187.22497,87.451795,24.994032,12.49802,12.498423,12.499242,6.0383047e-06,1.2077095e-06,3.6230542e-06,1.2077131e-06,3.6230803e-06
84.884885,949.9924,487.49349,274.99159,862.43707,449.92786,2799.0022,1486.7445,2660.4243,249.88795,149.90078,99.89593,224.66334,112.34732,74.913872,87.381519,212.06714,37.47714,112.41345,37.484391,212.31663,349.61061,12.496743,12.497857,12.496261,212.13034,187.22479,87.45177,24.99403,12.498019,12.498422,12.499241,6.0971922e-06,1.219487e-06,3.6583867e-06,1.2194921e-06,3.6584276e-06
84.984985,949.99239,487.49349,274.99159,862.43707,449.92786,2799.0022,1486.7446,2660.4244,249.88797,149.9008,99.89595,224.6634,112.34736,74.913876,87.381478,212.06698,37.477136,112.41341,37.484385,212.31645,349.61014,12.496743,12.497856,12.496259,212.13008,187.22462,87.451745,24.994028,12.498019,12.498422,12.499241,6.1452666e-06,1.2291019e-06,3.6872312e-06,1.2291083e-06,3.6872865e-06
85.085085,949.99239,487.49349,274.99159,862.43707,449.92786,2799.0022,1486.7446,2660.4245,249.88798,149.90082,99.89597,224.66346,112.34739,74.913879,87.381437,212.06683,37.477132,112.41337,37.484379,212.31627,349.60967,12.496743,12.497855,12.496257,212.12982,187.22445,87.45172,24.994026,12.498018,12.498422,12.49924,6.1823075e-06,1.23651e-06,3.7094556e-06,1.2365177e-06,3.7095246e-06
85.185185,949.99238,487.49348,274.99158,862.43707,449.92786,2799.0023,1486.7446,2660.4246,249.888,149.90083,99.89599,224.66353,112.34743,74.913883,87.381396,212.06667,37.477127,112.41333,37.484372,212.31609,349.6092,12.496743,12.497855,12.496256,212.12956,187.22427,87.451695,24.994025,12.498018,12.498421,12.49924,6.2080935e-06,1.2416672e-06,3.7249271e-06,1.241676e-06,3.7250092e-06
85.285285,949.99238,487.49348,274.99158,862.43708,449.92786,2799.0023,1486.7446,2660.4247,249.88802,149.90085,99.89601,224.66359,112.34747,74.913887,87.381354,212.06651,37.477123,112.41329,37.484366,212.3159,349.60873,12.496743,12.497854,12.496254,212.12929,187.2241,87.45167,24.994023,12.498017,12.498421,12.499239,6.2224019e-06,1.2445287e-06,3.7335118e-06,1.2445387e-06,3.7336065e-06
85.385385,949.99238,487.49348,274.99158,862.43708,449.92786,2799.0023,1486.7447,2660.4248,249.88804,149.90087,99.896029,224.66365,112.3475,74.91389,87.381313,212.06635,37.477119,112.41325,37.48436,212.31572,349.60827,12.496742,12.497854,12.496252,212.12903,187.22392,87.451645,24.994021,12.498017,12.49842,12.499239,6.2250087e-06,1.2450499e-06,3.7350756e-06,1.245061e-06,3.7351822e-06
85.485485,949.99238,487.49348,274.99158,862.43708,449.92786,2799.0023,1486.7447,2660.4249,249.88805,149.90089,99.896049,224.66371,112.34754,74.913893,87.381272,212.06619,37.477114,112.41321,37.484353,212.31554,349.6078,12.496742,12.497853,12.49625,212.12877,187.22375,87.45162,24.994019,12.498017,12.49842,12.499239,6.2156887e-06,1.2431857e-06,3.7294832e-06,1.2431978e-06,3.7296011e-06
85.585586,949.99239,487.49349,274.99159,862.43708,449.92787,2799.0023,1486.7447,2660.425,249.88807,149.9009,99.896068,224.66378,112.34758,74.913897,87.38123,212.06603,37.47711,112.41317,37.484347,212.31536,349.60732,12.496742,12.497852,12.496249,212.12851,187.22357,87.451595,24.994018,12.498016,12.498419,12.499238,6.1942154e-06,1.2388907e-06,3.7165988e-06,1.2389039e-06,3.7167273e-06
85.685686,949.99239,487.49349,274.99159,862.43708,449.92787,2799.0024,1486.7447,2660.4251,249.88809,149.90092,99.896087,224.66384,112.34761,74.9139,87.381189,212.06587,37.477105,112.41313,37.48434,212.31517,349.60685,12.496742,12.497852,12.496247,212.12825,187.2234,87.451569,24.994016,12.498016,12.498419,12.499238,6.1603612e-06,1.2321196e-06,3.6962857e-06,1.2321336e-06,3.6964243e-06
85.785786,949.9924,487.49349,274.99159,862.43708,449.92787,2799.0024,1486.7448,2660.4252,249.8881,149.90094,99.896106,224.6639,112.34765,74.913903,87.381147,212.06571,37.477101,112.41308,37.484334,212.31499,349.60638,12.496742,12.497851,12.496245,212.12798,187.22322,87.451544,24.994014,12.498015,12.498419,12.499237,6.1138971e-06,1.2228264e-06,3.6684067e-06,1.2228413e-06,3.6685546e-06
85.885886,949.99241,487.4935,274.99159,862.43708,449.92787,2799.0024,1486.7448,2660.4253,249.88812,149.90096,99.896125,224.66396,112.34769,74.913906,87.381105,212.06555,37.477096,112.41304,37.484327,212.31481,349.60591,12.496742,12.497851,12.496243,212.12772,187.22304,87.451519,24.994012,12.498015,12.498418,12.499237,6.0545931e-06,1.2109652e-06,3.6328236e-06,1.2109809e-06,3.6329802e-06
85.985986,949.99243,487.49351,274.99159,862.43709,449.92787,2799.0024,1486.7448,2660.4253,249.88813,149.90097,99.896144,224.66402,112.34772,74.913908,87.381063,212.06539,37.477091,112.413,37.484321,212.31462,349.60544,12.496742,12.49785,12.496241,212.12746,187.22287,87.451493,24.994011,12.498014,12.498418,12.499236,5.9822176e-06,1.1964896e-06,3.5893976e-06,1.1965061e-06,3.5895622e-06
86.086086,949.99242,487.4935,274.99159,862.43709,449.92788,2799.0024,1486.7448,2660.4254,249.88815,149.90099,99.896163,224.66408,112.34776,74.913912,87.381022,212.06523,37.477087,112.41296,37.484315,212.31444,349.60497,12.496742,12.497849,12.496239,212.1272,187.22269,87.451468,24.994009,12.498014,12.498417,12.499236,6.0232036e-06,1.2046868e-06,3.613989e-06,1.2047045e-06,3.614167e-06
86.186186,949.9924,487.49349,274.99159,862.43709,449.92788,2799.0024,1486.7449,2660.4255,249.88817,149.90101,99.896183,224.66414,112.3478,74.913915,87.380981,212.06508,37.477083,112.41292,37.484308,212.31426,349.6045,12.496742,12.497849,12.496238,212.12693,187.22252,87.451443,24.994007,12.498014,12.498417,12.499236,6.1087361e-06,1.2217934e-06,3.6653086e-06,1.2218125e-06,3.6655019e-06
86.286286,949.99239,487.49349,274.99159,862.43709,449.92788,2799.0025,1486.7449,2660.4256,249.88819,149.90103,99.896202,224.66421,112.34783,74.913919,87.380939,212.06492,37.477078,112.41288,37.484302,212.31408,349.60403,12.496742,12.497848,12.496236,212.12667,187.22234,87.451419,24.994005,12.498013,12.498417,12.499235,6.1903123e-06,1.2381087e-06,3.7142543e-06,1.2381292e-06,3.7144628e-06
86.386386,949.99237,487.49348,274.99158,862.43709,449.92788,2799.0025,1486.7449,2660.4257,249.88821,149.90104,99.896222,224.66427,112.34787,74.913922,87.380898,212.06476,37.477074,112.41284,37.484296,212.31389,349.60356,12.496742,12.497848,12.496234,212.12641,187.22217,87.451394,24.994004,12.498013,12.498416,12.499235,6.2679297e-06,1.2536323e-06,3.7608248e-06,1.2536541e-06,3.7610481e-06
86.486486,949.99236,487.49347,274.99158,862.43709,449.92788,2799.0026,1486.745,2660.4258,249.88822,149.90106,99.896241,224.66433,112.34791,74.913925,87.380857,212.0646,37.47707,112.4128,37.484289,212.31371,349.60309,12.496742,12.497847,12.496232,212.12615,187.22199,87.451369,24.994002,12.498012,12.498416,12.499234,6.3415868e-06,1.2683637e-06,3.805019e-06,1.2683869e-06,3.8052569e-06
86.586587,949.99235,487.49347,274.99158,862.43709,449.92788,2799.0026,1486.745,2660.4259,249.88824,149.90108,99.896261,224.66439,112.34794,74.913928,87.380815,212.06444,37.477065,112.41276,37.484283,212.31353,349.60262,12.496742,12.497846,12.496231,212.12589,187.22182,87.451344,24.994,12.498012,12.498415,12.499234,6.411283e-06,1.282303e-06,3.8468368e-06,1.2823275e-06,3.8470889e-06
86.686687,949.99233,487.49346,274.99158,862.43709,449.92788,2799.0026,1486.745,2660.426,249.88826,149.9011,99.89628,224.66445,112.34798,74.913931,87.380774,212.06428,37.477061,112.41272,37.484277,212.31335,349.60215,12.496741,12.497846,12.496229,212.12562,187.22164,87.451319,24.993998,12.498011,12.498415,12.499233,6.477019e-06,1.2954502e-06,3.8862783e-06,1.295476e-06,3.8865444e-06
86.786787,949.99232,487.49345,274.99157,862.43709,449.92788,2799.0026,1486.745,2660.4261,249.88828,149.90112,99.896299,224.66451,112.34801,74.913934,87.380732,212.06413,37.477057,112.41268,37.484271,212.31316,349.60168,12.496741,12.497845,12.496227,212.12536,187.22147,87.451295,24.993997,12.498011,12.498414,12.499233,6.5387964e-06,1.3078057e-06,3.9233446e-06,1.3078328e-06,3.9236244e-06
86.886887,949.99231,487.49345,274.99157,862.43709,449.92788,2799.0027,1486.7451,2660.4262,249.88829,149.90113,99.896318,224.66457,112.34805,74.913937,87.380691,212.06397,37.477052,112.41264,37.484264,212.31298,349.60121,12.496741,12.497845,12.496225,212.1251,187.22129,87.45127,24.993995,12.498011,12.498414,12.499232,6.5966177e-06,1.3193699e-06,3.9580373e-06,1.3193982e-06,3.9583305e-06
86.986987,949.9923,487.49344,274.99157,862.43709,449.92788,2799.0027,1486.7451,2660.4263,249.88831,149.90115,99.896338,224.66463,112.34809,74.91394,87.380649,212.06381,37.477048,112.4126,37.484258,212.3128,349.60074,12.496741,12.497844,12.496224,212.12484,187.22112,87.451245,24.993993,12.49801,12.498413,12.499232,6.6504866e-06,1.3301437e-06,3.9903585e-06,1.3301732e-06,3.9906648e-06
87.087087,949.99229,487.49344,274.99157,862.43709,449.92788,2799.0027,1486.7451,2660.4264,249.88833,149.90117,99.896357,224.6647,112.34812,74.913943,87.380607,212.06365,37.477044,112.41256,37.484251,212.31262,349.60027,12.496741,12.497844,12.496222,212.12457,187.22094,87.45122,24.993991,12.49801,12.498413,12.499232,6.7004077e-06,1.3401279e-06,4.0203111e-06,1.3401586e-06,4.0206301e-06
87.187187,949.99228,487.49343,274.99157,862.43709,449.92788,2799.0028,1486.7452,2660.4265,249.88834,149.90118,99.896376,224.66476,112.34816,74.913946,87.380566,212.06349,37.477039,112.41252,37.484245,212.31243,349.5998,12.496741,12.497843,12.49622,212.12431,187.22077,87.451195,24.99399,12.498009,12.498412,12.499231,6.7463868e-06,1.3493236e-06,4.0478983e-06,1.3493554e-06,4.0482298e-06
87.287287,949.99227,487.49343,274.99157,862.43709,449.92788,2799.0028,1486.7452,2660.4266,249.88836,149.9012,99.896394,224.66482,112.34819,74.913948,87.380524,212.06333,37.477035,112.41248,37.484239,212.31225,349.59932,12.496741,12.497842,12.496218,212.12405,187.22059,87.45117,24.993988,12.498009,12.498412,12.499231,6.7884305e-06,1.3577323e-06,4.0731244e-06,1.3577652e-06,4.073468e-06
87.387387,949.99227,487.49343,274.99157,862.43709,449.92789,2799.0028,1486.7452,2660.4267,249.88838,149.90122,99.896413,224.66488,112.34823,74.913951,87.380482,212.06317,37.47703,112.41244,37.484232,212.31206,349.59885,12.496741,12.497842,12.496216,212.12378,187.22041,87.451145,24.993986,12.498008,12.498412,12.49923,6.8265466e-06,1.3653554e-06,4.0959938e-06,1.3653894e-06,4.0963493e-06
87.487487,949.99226,487.49342,274.99156,862.43709,449.92789,2799.0028,1486.7452,2660.4268,249.8884,149.90124,99.896432,224.66494,112.34826,74.913953,87.38044,212.06301,37.477026,112.4124,37.484226,212.31188,349.59838,12.496741,12.497841,12.496215,212.12352,187.22024,87.45112,24.993984,12.498008,12.498411,12.49923,6.8607439e-06,1.3721947e-06,4.116512e-06,1.3722298e-06,4.1168789e-06
87.587588,949.99226,487.49342,274.99156,862.43709,449.92789,2799.0029,1486.7453,2660.4269,249.88841,149.90125,99.896451,224.66499,112.3483,74.913956,87.380398,212.06286,37.477022,112.41236,37.484219,212.3117,349.59791,12.49674,12.497841,12.496213,212.12326,187.22006,87.451095,24.993982,12.498007,12.498411,12.499229,6.8910322e-06,1.3782522e-06,4.1346847e-06,1.3782884e-06,4.1350628e-06
87.687688,949.99225,487.49342,274.99156,862.43709,449.92789,2799.0029,1486.7453,2660.427,249.88843,149.90127,99.896469,224.66505,112.34833,74.913958,87.380356,212.0627,37.477017,112.41232,37.484213,212.31151,349.59743,12.49674,12.49784,12.496211,212.12299,187.21989,87.45107,24.993981,12.498007,12.49841,12.499229,6.9174222e-06,1.3835301e-06,4.1505184e-06,1.3835672e-06,4.1509074e-06
87.787788,949.99225,487.49342,274.99156,862.43709,449.92789,2799.0029,1486.7453,2660.4271,249.88844,149.90129,99.896488,224.66511,112.34837,74.91396,87.380314,212.06254,37.477013,112.41228,37.484207,212.31133,349.59696,12.49674,12.497839,12.496209,212.12273,187.21971,87.451044,24.993979,12.498007,12.49841,12.499228,6.9399259e-06,1.3880307e-06,4.1640203e-06,1.3880688e-06,4.1644198e-06
87.887888,949.99224,487.49342,274.99156,862.43709,449.92789,2799.0029,1486.7453,2660.4272,249.88846,149.9013,99.896506,224.66517,112.3484,74.913962,87.380272,212.06238,37.477008,112.41224,37.4842,212.31115,349.59649,12.49674,12.497839,12.496207,212.12246,187.21953,87.451019,24.993977,12.498006,12.498409,12.499228,6.9585561e-06,1.3917565e-06,4.1751981e-06,1.3917956e-06,4.1756078e-06
87.987988,949.99224,487.49341,274.99156,862.43709,449.92789,2799.003,1486.7454,2660.4273,249.88848,149.90132,99.896525,224.66523,112.34844,74.913965,87.38023,212.06222,37.477004,112.4122,37.484194,212.31096,349.59601,12.49674,12.497838,12.496206,212.1222,187.21936,87.450994,24.993975,12.498006,12.498409,12.499228,6.9733268e-06,1.3947105e-06,4.1840602e-06,1.3947504e-06,4.1844797e-06
88.088088,949.99224,487.49341,274.99156,862.43709,449.92789,2799.003,1486.7454,2660.4273,249.88849,149.90134,99.896543,224.66529,112.34847,74.913967,87.380188,212.06206,37.476999,112.41216,37.484187,212.31078,349.59554,12.49674,12.497837,12.496204,212.12193,187.21918,87.450969,24.993974,12.498005,12.498408,12.499227,6.9842528e-06,1.3968955e-06,4.1906154e-06,1.3969363e-06,4.1910444e-06
88.188188,949.99224,487.49341,274.99156,862.43709,449.92789,2799.003,1486.7454,2660.4274,249.88851,149.90135,99.896561,224.66535,112.3485,74.913969,87.380145,212.0619,37.476995,112.41212,37.484181,212.31059,349.59506,12.49674,12.497837,12.496202,212.12167,187.219,87.450944,24.993972,12.498005,12.498408,12.499227,6.9913502e-06,1.3983147e-06,4.1948734e-06,1.3983564e-06,4.1953116e-06
88.288288,949.99224,487.49341,274.99156,862.4371,449.9279,2799.003,1486.7454,2660.4275,249.88853,149.90137,99.896579,224.66541,112.34854,74.913971,87.380103,212.06174,37.47699,112.41207,37.484174,212.31041,349.59459,12.49674,12.497836,12.4962,212.1214,187.21882,87.450918,24.99397,12.498004,12.498408,12.499226,6.9946359e-06,1.3989716e-06,4.1968444e-06,1.399014e-06,4.1972913e-06
88.388388,949.99224,487.49341,274.99156,862.4371,449.9279,2799.003,1486.7455,2660.4276,249.88854,149.90139,99.896598,224.66546,112.34857,74.913972,87.380061,212.06158,37.476986,112.41203,37.484168,212.31022,349.59412,12.49674,12.497836,12.496198,212.12114,187.21865,87.450893,24.993968,12.498004,12.498407,12.499226,6.9941279e-06,1.3988697e-06,4.1965392e-06,1.398913e-06,4.1969945e-06
88.488488,949.99224,487.49341,274.99156,862.4371,449.9279,2799.0031,1486.7455,2660.4277,249.88856,149.9014,99.896616,224.66552,112.34861,74.913974,87.380019,212.06142,37.476981,112.41199,37.484161,212.31004,349.59364,12.49674,12.497835,12.496196,212.12087,187.21847,87.450868,24.993967,12.498004,12.498407,12.499225,6.9898453e-06,1.3980129e-06,4.1939692e-06,1.3980569e-06,4.1944326e-06
88.588589,949.99224,487.49341,274.99156,862.4371,449.9279,2799.0031,1486.7455,2660.4278,249.88857,149.90142,99.896633,224.66558,112.34864,74.913976,87.379976,212.06126,37.476976,112.41195,37.484154,212.30985,349.59316,12.49674,12.497834,12.496195,212.12061,187.21829,87.450842,24.993965,12.498003,12.498406,12.499225,6.9818081e-06,1.3964052e-06,4.1891464e-06,1.3964499e-06,4.1896175e-06
88.688689,949.99224,487.49342,274.99156,862.4371,449.9279,2799.0031,1486.7455,2660.4279,249.88859,149.90143,99.896651,224.66564,112.34867,74.913977,87.379934,212.0611,37.476972,112.41191,37.484148,212.30967,349.59269,12.49674,12.497834,12.496193,212.12034,187.21812,87.450817,24.993963,12.498003,12.498406,12.499225,6.9700375e-06,1.3940508e-06,4.1820836e-06,1.3940961e-06,4.182562e-06
88.788789,949.99224,487.49342,274.99156,862.4371,449.9279,2799.0031,1486.7455,2660.4279,249.8886,149.90145,99.896669,224.66569,112.34871,74.913979,87.379891,212.06094,37.476967,112.41187,37.484141,212.30948,349.59221,12.49674,12.497833,12.496191,212.12008,187.21794,87.450792,24.993961,12.498002,12.498406,12.499224,6.9545556e-06,1.3909541e-06,4.1727939e-06,1.391e-06,4.1732793e-06
88.888889,949.99225,487.49342,274.99156,862.4371,449.92791,2799.0031,1486.7456,2660.428,249.88862,149.90147,99.896687,224.66575,112.34874,74.91398,87.379849,212.06078,37.476963,112.41183,37.484135,212.3093,349.59174,12.49674,12.497833,12.496189,212.11981,187.21776,87.450766,24.99396,12.498002,12.498405,12.499224,6.9353855e-06,1.3871197e-06,4.1612913e-06,1.3871663e-06,4.1617833e-06
88.988989,949.99225,487.49342,274.99156,862.4371,449.92791,2799.0031,1486.7456,2660.4281,249.88863,149.90148,99.896705,224.66581,112.34878,74.913982,87.379806,212.06062,37.476958,112.41179,37.484128,212.30911,349.59126,12.49674,12.497832,12.496187,212.11954,187.21758,87.450741,24.993958,12.498001,12.498405,12.499223,6.9125514e-06,1.3825525e-06,4.1475903e-06,1.3825997e-06,4.1480885e-06
89.089089,949.99226,487.49342,274.99157,862.43711,449.92791,2799.0032,1486.7456,2660.4282,249.88865,149.9015,99.896722,224.66586,112.34881,74.913983,87.379763,212.06046,37.476953,112.41175,37.484121,212.30892,349.59078,12.496739,12.497831,12.496185,212.11928,187.2174,87.450715,24.993956,12.498001,12.498404,12.499223,6.8860785e-06,1.3772576e-06,4.131706e-06,1.3773053e-06,4.13221e-06
89.189189,949.99226,487.49343,274.99157,862.43711,449.92791,2799.0032,1486.7456,2660.4283,249.88866,149.90151,99.89674,224.66592,112.34884,74.913984,87.379721,212.0603,37.476949,112.41171,37.484115,212.30874,349.59031,12.496739,12.497831,12.496183,212.11901,187.21723,87.45069,24.993954,12.498001,12.498404,12.499222,6.8559931e-06,1.3712401e-06,4.1136541e-06,1.3712883e-06,4.1141636e-06
89.289289,949.99227,487.49343,274.99157,862.43711,449.92791,2799.0032,1486.7456,2660.4283,249.88868,149.90153,99.896757,224.66598,112.34887,74.913986,87.379678,212.06014,37.476944,112.41167,37.484108,212.30855,349.58983,12.496739,12.49783,12.496182,212.11874,187.21705,87.450664,24.993953,12.498,12.498403,12.499222,6.8223223e-06,1.3645056e-06,4.0934511e-06,1.3645542e-06,4.0939656e-06
89.389389,949.99228,487.49343,274.99157,862.43711,449.92791,2799.0032,1486.7457,2660.4284,249.88869,149.90155,99.896775,224.66603,112.34891,74.913987,87.379635,212.05998,37.476939,112.41162,37.484102,212.30837,349.58935,12.496739,12.497829,12.49618,212.11848,187.21687,87.450639,24.993951,12.498,12.498403,12.499222,6.7850946e-06,1.3570596e-06,4.0711138e-06,1.3571087e-06,4.071633e-06
89.489489,949.99228,487.49344,274.99157,862.43711,449.92792,2799.0032,1486.7457,2660.4285,249.88871,149.90156,99.896792,224.66609,112.34894,74.913988,87.379592,212.05982,37.476935,112.41158,37.484095,212.30818,349.58887,12.496739,12.497829,12.496178,212.11821,187.21669,87.450613,24.993949,12.497999,12.498403,12.499221,6.7443391e-06,1.3489081e-06,4.0466599e-06,1.3489575e-06,4.0471834e-06
89.58959,949.99229,487.49344,274.99157,862.43711,449.92792,2799.0032,1486.7457,2660.4286,249.88872,149.90158,99.896809,224.66614,112.34897,74.913989,87.379549,212.05966,37.47693,112.41154,37.484088,212.30799,349.5884,12.496739,12.497828,12.496176,212.11794,187.21651,87.450588,24.993947,12.497999,12.498402,12.499221,6.7000864e-06,1.3400571e-06,4.0201075e-06,1.3401069e-06,4.0206349e-06
89.68969,949.9923,487.49345,274.99157,862.43712,449.92792,2799.0032,1486.7457,2660.4286,249.88874,149.90159,99.896826,224.6662,112.34901,74.91399,87.379507,212.0595,37.476925,112.4115,37.484082,212.30781,349.58792,12.496739,12.497827,12.496174,212.11768,187.21633,87.450562,24.993946,12.497999,12.498402,12.49922,6.6523676e-06,1.3305129e-06,3.9914756e-06,1.330563e-06,3.9920064e-06
89.78979,949.99231,487.49345,274.99158,862.43712,449.92792,2799.0032,1486.7457,2660.4287,249.88875,149.90161,99.896844,224.66626,112.34904,74.91399,87.379464,212.05934,37.476921,112.41146,37.484075,212.30762,349.58744,12.496739,12.497827,12.496172,212.11741,187.21616,87.450537,24.993944,12.497998,12.498401,12.49922,6.6012152e-06,1.320282e-06,3.9607835e-06,1.3203323e-06,3.9613174e-06
89.88989,949.99232,487.49346,274.99158,862.43712,449.92792,2799.0033,1486.7458,2660.4288,249.88877,149.90162,99.896861,224.66631,112.34907,74.913991,87.379421,212.05918,37.476916,112.41142,37.484068,212.30743,349.58696,12.496739,12.497826,12.49617,212.11714,187.21598,87.450511,24.993942,12.497998,12.498401,12.49922,6.5466627e-06,1.309371e-06,3.9280512e-06,1.3094216e-06,3.9285878e-06
89.98999,949.99233,487.49346,274.99158,862.43712,449.92793,2799.0033,1486.7458,2660.4288,249.88878,149.90164,99.896878,224.66637,112.3491,74.913992,87.379377,212.05902,37.476911,112.41138,37.484061,212.30725,349.58648,12.496739,12.497825,12.496168,212.11687,187.2158,87.450485,24.99394,12.497997,12.498401,12.499219,6.4887445e-06,1.2977869e-06,3.8932996e-06,1.2978376e-06,3.8938384e-06
90.09009,949.99234,487.49347,274.99158,862.43712,449.92793,2799.0033,1486.7458,2660.4289,249.88879,149.90165,99.896895,224.66642,112.34913,74.913992,87.379334,212.05886,37.476906,112.41134,37.484055,212.30706,349.586,12.496739,12.497825,12.496166,212.11661,187.21562,87.45046,24.993939,12.497997,12.4984,12.499219,6.427496e-06,1.2855367e-06,3.8565497e-06,1.2855876e-06,3.8570904e-06
90.19019,949.99236,487.49347,274.99159,862.43713,449.92793,2799.0033,1486.7458,2660.429,249.88881,149.90167,99.896911,224.66647,112.34917,74.913993,87.379291,212.0587,37.476902,112.41129,37.484048,212.30687,349.58552,12.496739,12.497824,12.496165,212.11634,187.21544,87.450434,24.993937,12.497996,12.4984,12.499218,6.3629539e-06,1.2726277e-06,3.8178237e-06,1.2726788e-06,3.8183658e-06
90.29029,949.99237,487.49348,274.99159,862.43713,449.92793,2799.0033,1486.7458,2660.4291,249.88882,149.90168,99.896928,224.66653,112.3492,74.913993,87.379248,212.05854,37.476897,112.41125,37.484041,212.30668,349.58504,12.496739,12.497824,12.496163,212.11607,187.21526,87.450408,24.993935,12.497996,12.4984,12.499218,6.2951555e-06,1.2590675e-06,3.7771439e-06,1.2591186e-06,3.777687e-06
90.39039,949.99238,487.49349,274.99159,862.43713,449.92793,2799.0033,1486.7458,2660.4291,249.88884,149.9017,99.896945,224.66658,112.34923,74.913994,87.379205,212.05838,37.476892,112.41121,37.484034,212.3065,349.58456,12.496739,12.497823,12.496161,212.1158,187.21508,87.450382,24.993933,12.497996,12.498399,12.499217,6.2241395e-06,1.2448638e-06,3.7345334e-06,1.2449149e-06,3.7350772e-06
90.49049,949.9924,487.49349,274.99159,862.43713,449.92794,2799.0033,1486.7458,2660.4292,249.88885,149.90171,99.896962,224.66664,112.34926,74.913994,87.379161,212.05821,37.476887,112.41117,37.484028,212.30631,349.58408,12.496739,12.497822,12.496159,212.11553,187.2149,87.450357,24.993932,12.497995,12.498399,12.499217,6.1499454e-06,1.2300244e-06,3.6900162e-06,1.2300756e-06,3.6905601e-06
90.590591,949.99241,487.4935,274.9916,862.43713,449.92794,2799.0033,1486.7459,2660.4293,249.88886,149.90173,99.896978,224.66669,112.34929,74.913994,87.379118,212.05805,37.476882,112.41113,37.484021,212.30612,349.5836,12.496739,12.497822,12.496157,212.11526,187.21472,87.450331,24.99393,12.497995,12.498398,12.499217,6.0726139e-06,1.2145575e-06,3.6436165e-06,1.2146087e-06,3.6441601e-06
90.690691,949.99243,487.49351,274.9916,862.43714,449.92794,2799.0033,1486.7459,2660.4293,249.88888,149.90174,99.896995,224.66674,112.34933,74.913995,87.379075,212.05789,37.476878,112.41109,37.484014,212.30593,349.58312,12.496739,12.497821,12.496155,212.11499,187.21454,87.450305,24.993928,12.497994,12.498398,12.499216,5.9921866e-06,1.1984715e-06,3.5953592e-06,1.1985226e-06,3.5959022e-06
90.790791,949.99244,487.49352,274.9916,862.43714,449.92794,2799.0033,1486.7459,2660.4294,249.88889,149.90176,99.897011,224.6668,112.34936,74.913995,87.379031,212.05773,37.476873,112.41105,37.484007,212.30575,349.58264,12.496739,12.49782,12.496153,212.11473,187.21436,87.450279,24.993926,12.497994,12.498398,12.499216,5.9087062e-06,1.1817748e-06,3.5452701e-06,1.1818258e-06,3.545812e-06
90.890891,949.99246,487.49352,274.99161,862.43714,449.92795,2799.0033,1486.7459,2660.4295,249.88891,149.90177,99.897028,224.66685,112.34939,74.913995,87.378988,212.05757,37.476868,112.411,37.484,212.30556,349.58216,12.496739,12.49782,12.496151,212.11446,187.21418,87.450253,24.993925,12.497993,12.498397,12.499215,5.8222164e-06,1.1644763e-06,3.4933754e-06,1.1645271e-06,3.4939157e-06
90.990991,949.99248,487.49353,274.99161,862.43714,449.92795,2799.0033,1486.7459,2660.4295,249.88892,149.90179,99.897044,224.6669,112.34942,74.913995,87.378944,212.05741,37.476863,112.41096,37.483993,212.30537,349.58168,12.496739,12.497819,12.496149,212.11419,187.214,87.450228,24.993923,12.497993,12.498397,12.499215,5.7327618e-06,1.1465848e-06,3.4397017e-06,1.1466353e-06,3.4402401e-06
91.091091,949.99249,487.49354,274.99161,862.43715,449.92795,2799.0033,1486.7459,2660.4296,249.88893,149.9018,99.89706,224.66696,112.34945,74.913995,87.378901,212.05725,37.476858,112.41092,37.483987,212.30518,349.5812,12.496739,12.497818,12.496147,212.11392,187.21382,87.450202,24.993921,12.497993,12.498396,12.499215,5.6403883e-06,1.1281094e-06,3.3842767e-06,1.1281598e-06,3.3848126e-06
91.191191,949.99251,487.49355,274.99162,862.43715,449.92795,2799.0033,1486.7459,2660.4296,249.88895,149.90182,99.897076,224.66701,112.34948,74.913995,87.378857,212.05709,37.476853,112.41088,37.48398,212.30499,349.58071,12.496739,12.497818,12.496145,212.11365,187.21364,87.450176,24.993919,12.497992,12.498396,12.499214,5.5451426e-06,1.1090597e-06,3.3271284e-06,1.1091097e-06,3.3276614e-06
91.291291,949.99253,487.49356,274.99162,862.43715,449.92795,2799.0033,1486.746,2660.4297,249.88896,149.90183,99.897093,224.66706,112.34951,74.913994,87.378814,212.05693,37.476848,112.41084,37.483973,212.3048,349.58023,12.496739,12.497817,12.496144,212.11338,187.21346,87.45015,24.993918,12.497992,12.498396,12.499214,5.4470726e-06,1.089445e-06,3.2682855e-06,1.0894947e-06,3.2688152e-06
91.391391,949.99255,487.49357,274.99163,862.43716,449.92796,2799.0033,1486.746,2660.4298,249.88897,149.90185,99.897109,224.66712,112.34954,74.913994,87.37877,212.05676,37.476844,112.4108,37.483966,212.30462,349.57975,12.496739,12.497816,12.496142,212.11311,187.21328,87.450124,24.993916,12.497991,12.498395,12.499213,5.346227e-06,1.0692752e-06,3.2077772e-06,1.0693246e-06,3.2083031e-06
91.491491,949.99257,487.49358,274.99163,862.43716,449.92796,2799.0033,1486.746,2660.4298,249.88898,149.90186,99.897125,224.66717,112.34957,74.913994,87.378726,212.0566,37.476839,112.41075,37.483959,212.30443,349.57927,12.496739,12.497816,12.49614,212.11284,187.2131,87.450098,24.993914,12.497991,12.498395,12.499213,5.2426557e-06,1.0485603e-06,3.1456334e-06,1.0486093e-06,3.1461552e-06
91.591592,949.99259,487.49359,274.99163,862.43716,449.92796,2799.0033,1486.746,2660.4299,249.889,149.90188,99.897141,224.66722,112.3496,74.913993,87.378683,212.05644,37.476834,112.41071,37.483952,212.30424,349.57878,12.496739,12.497815,12.496138,212.11257,187.21292,87.450072,24.993912,12.49799,12.498395,12.499213,5.1364096e-06,1.0273104e-06,3.0818848e-06,1.0273589e-06,3.0824019e-06
91.691692,949.99261,487.4936,274.99164,862.43716,449.92796,2799.0033,1486.746,2660.4299,249.88901,149.90189,99.897157,224.66727,112.34963,74.913993,87.378639,212.05628,37.476829,112.41067,37.483945,212.30405,349.5783,12.496739,12.497814,12.496136,212.1123,187.21274,87.450046,24.993911,12.49799,12.498394,12.499212,5.0275406e-06,1.005536e-06,3.0165624e-06,1.005584e-06,3.0170744e-06
91.791792,949.99263,487.49361,274.99164,862.43717,449.92797,2799.0033,1486.746,2660.43,249.88902,149.9019,99.897172,224.66732,112.34966,74.913992,87.378595,212.05612,37.476824,112.41063,37.483938,212.30386,349.57782,12.496739,12.497814,12.496134,212.11203,187.21256,87.45002,24.993909,12.49799,12.498394,12.499212,4.9161016e-06,9.8324749e-07,2.9496981e-06,9.8329498e-07,2.9502045e-06
91.891892,949.99265,487.49362,274.99165,862.43717,449.92797,2799.0033,1486.746,2660.4301,249.88904,149.90192,99.897188,224.66738,112.34969,74.913992,87.378551,212.05596,37.476819,112.41059,37.483931,212.30367,349.57733,12.496739,12.497813,12.496132,212.11175,187.21238,87.449994,24.993907,12.497989,12.498393,12.499211,4.8021467e-06,9.6045581e-07,2.8813242e-06,9.6050272e-07,2.8818246e-06
91.991992,949.99268,487.49363,274.99165,862.43717,449.92797,2799.0033,1486.746,2660.4301,249.88905,149.90193,99.897204,224.66743,112.34972,74.913991,87.378507,212.05579,37.476814,112.41055,37.483924,212.30348,349.57685,12.496739,12.497812,12.49613,212.11148,187.2122,87.449968,24.993905,12.497989,12.498393,12.499211,4.6857308e-06,9.3717193e-07,2.8114736e-06,9.3721822e-07,2.8119675e-06
92.092092,949.9927,487.49364,274.99166,862.43717,449.92798,2799.0033,1486.746,2660.4302,249.88906,149.90195,99.89722,224.66748,112.34975,74.91399,87.378463,212.05563,37.476809,112.4105,37.483917,212.30329,349.57636,12.496739,12.497811,12.496128,212.11121,187.21202,87.449942,24.993903,12.497988,12.498393,12.499211,4.5669099e-06,9.1340704e-07,2.7401801e-06,9.1345267e-07,2.740667e-06
92.192192,949.99272,487.49366,274.99166,862.43718,449.92798,2799.0033,1486.7461,2660.4302,249.88907,149.90196,99.897235,224.66753,112.34978,74.91399,87.378419,212.05547,37.476804,112.41046,37.48391,212.3031,349.57588,12.49674,12.497811,12.496126,212.11094,187.21183,87.449916,24.993902,12.497988,12.498392,12.49921,4.4457411e-06,8.8917257e-07,2.6674778e-06,8.8921749e-07,2.6679573e-06
92.292292,949.99274,487.49367,274.99166,862.43718,449.92798,2799.0033,1486.7461,2660.4303,249.88909,149.90197,99.897251,224.66758,112.34981,74.913989,87.378375,212.05531,37.476799,112.41042,37.483903,212.30291,349.57539,12.49674,12.49781,12.496124,212.11067,187.21165,87.449889,24.9939,12.497988,12.498392,12.49921,4.3222824e-06,8.6448012e-07,2.5934016e-06,8.6452429e-07,2.5938733e-06
92.392392,949.99277,487.49368,274.99167,862.43718,449.92798,2799.0033,1486.7461,2660.4303,249.8891,149.90199,99.897266,224.66763,112.34984,74.913988,87.378331,212.05515,37.476794,112.41038,37.483896,212.30272,349.57491,12.49674,12.497809,12.496122,212.1104,187.21147,87.449863,24.993898,12.497987,12.498392,12.499209,4.1965931e-06,8.3934151e-07,2.5179869e-06,8.3938489e-07,2.5184502e-06
92.492492,949.99279,487.49369,274.99167,862.43719,449.92799,2799.0033,1486.7461,2660.4304,249.88911,149.902,99.897282,224.66768,112.34987,74.913987,87.378287,212.05498,37.476789,112.41034,37.483889,212.30253,349.57442,12.49674,12.497809,12.49612,212.11013,187.21129,87.449837,24.993896,12.497987,12.498391,12.499209,4.0687331e-06,8.1376877e-07,2.4412699e-06,8.1381132e-07,2.4417244e-06
92.592593,949.99282,487.4937,274.99168,862.43719,449.92799,2799.0033,1486.7461,2660.4304,249.88912,149.90202,99.897297,224.66773,112.3499,74.913986,87.378243,212.05482,37.476784,112.41029,37.483882,212.30234,349.57394,12.49674,12.497808,12.496118,212.10985,187.21111,87.449811,24.993895,12.497986,12.498391,12.499209,3.9387636e-06,7.8777414e-07,2.3632872e-06,7.8781581e-07,2.3637324e-06
92.692693,949.99284,487.49372,274.99168,862.43719,449.92799,2799.0033,1486.7461,2660.4305,249.88913,149.90203,99.897312,224.66778,112.34993,74.913985,87.378198,212.05466,37.476779,112.41025,37.483875,212.30215,349.57345,12.49674,12.497807,12.496116,212.10958,187.21093,87.449785,24.993893,12.497986,12.498391,12.499208,3.8067469e-06,7.6137005e-07,2.2840761e-06,7.6141079e-07,2.2845116e-06
92.792793,949.99287,487.49373,274.99169,862.4372,449.92799,2799.0033,1486.7461,2660.4305,249.88915,149.90204,99.897328,224.66783,112.34996,74.913984,87.378154,212.0545,37.476774,112.41021,37.483868,212.30196,349.57297,12.49674,12.497807,12.496114,212.10931,187.21075,87.449759,24.993891,12.497985,12.49839,12.499208,3.6765135e-06,7.3532263e-07,2.205935e-06,7.3536257e-07,2.2063621e-06
92.892893,949.99289,487.49374,274.99169,862.4372,449.928,2799.0033,1486.7461,2660.4306,249.88916,149.90206,99.897343,224.66788,112.34999,74.913983,87.37811,212.05434,37.476769,112.41017,37.483861,212.30177,349.57248,12.49674,12.497806,12.496112,212.10904,187.21056,87.449732,24.993889,12.497985,12.49839,12.499208,3.5520135e-06,7.1042189e-07,2.131234e-06,7.1046135e-07,2.131656e-06
92.992993,949.99291,487.49375,274.9917,862.4372,449.928,2799.0033,1486.7461,2660.4307,249.88917,149.90207,99.897358,224.66793,112.35002,74.913981,87.378066,212.05417,37.476764,112.41013,37.483854,212.30158,349.57199,12.49674,12.497805,12.49611,212.10877,187.21038,87.449706,24.993888,12.497985,12.498389,12.499207,3.4262309e-06,6.8526462e-07,2.0557633e-06,6.8530359e-07,2.0561802e-06
93.093093,949.99294,487.49376,274.9917,862.43721,449.928,2799.0033,1486.7461,2660.4307,249.88918,149.90208,99.897373,224.66798,112.35005,74.91398,87.378021,212.05401,37.476759,112.41008,37.483847,212.30139,349.57151,12.49674,12.497805,12.496108,212.10849,187.2102,87.44968,24.993886,12.497984,12.498389,12.499207,3.2992446e-06,6.5986663e-07,1.9795705e-06,6.5990508e-07,1.979982e-06
93.193193,949.99296,487.49378,274.99171,862.43721,449.92801,2799.0033,1486.7461,2660.4308,249.88919,149.9021,99.897389,224.66803,112.35008,74.913979,87.377977,212.05385,37.476754,112.41004,37.48384,212.3012,349.57102,12.49674,12.497804,12.496106,212.10822,187.21002,87.449654,24.993884,12.497984,12.498389,12.499206,3.171135e-06,6.3424395e-07,1.9027037e-06,6.3428187e-07,1.9031095e-06
93.293293,949.99299,487.49379,274.99171,862.43721,449.92801,2799.0033,1486.7461,2660.4308,249.88921,149.90211,99.897404,224.66808,112.35011,74.913977,87.377933,212.05369,37.476749,112.41,37.483833,212.30101,349.57053,12.49674,12.497803,12.496104,212.10795,187.20984,87.449628,24.993882,12.497983,12.498388,12.499206,3.0419833e-06,6.0841287e-07,1.8252116e-06,6.0845023e-07,1.8256117e-06
93.393393,949.99301,487.4938,274.99172,862.43722,449.92801,2799.0032,1486.7462,2660.4309,249.88922,149.90212,99.897419,224.66813,112.35013,74.913976,87.377888,212.05353,37.476744,112.40996,37.483826,212.30082,349.57005,12.49674,12.497803,12.496102,212.10768,187.20965,87.449602,24.993881,12.497983,12.498388,12.499206,2.9118721e-06,5.8238987e-07,1.7471438e-06,5.8242667e-07,1.7475379e-06
93.493493,949.99304,487.49381,274.99172,862.43722,449.92801,2799.0032,1486.7462,2660.4309,249.88923,149.90214,99.897434,224.66818,112.35016,74.913974,87.377844,212.05336,37.476739,112.40992,37.483819,212.30063,349.56956,12.49674,12.497802,12.4961,212.1074,187.20947,87.449575,24.993879,12.497983,12.498388,12.499205,2.7808849e-06,5.5619168e-07,1.6685504e-06,5.562279e-07,1.6689384e-06
93.593594,949.99306,487.49382,274.99173,862.43722,449.92802,2799.0032,1486.7462,2660.431,249.88924,149.90215,99.897449,224.66823,112.35019,74.913973,87.377799,212.0532,37.476734,112.40987,37.483812,212.30044,349.56907,12.49674,12.497801,12.496098,212.10713,187.20929,87.449549,24.993877,12.497982,12.498387,12.499205,2.6491066e-06,5.2983525e-07,1.5894823e-06,5.2987088e-07,1.5898641e-06
93.693694,949.99309,487.49384,274.99173,862.43722,449.92802,2799.0032,1486.7462,2660.431,249.88925,149.90216,99.897464,224.66828,112.35022,74.913971,87.377755,212.05304,37.476729,112.40983,37.483805,212.30025,349.56859,12.49674,12.4978,12.496096,212.10686,187.20911,87.449523,24.993875,12.497982,12.498387,12.499204,2.516623e-06,5.0333778e-07,1.5099911e-06,5.0337279e-07,1.5103664e-06
93.793794,949.99311,487.49385,274.99174,862.43723,449.92802,2799.0032,1486.7462,2660.4311,249.88926,149.90218,99.897479,224.66833,112.35025,74.91397,87.37771,212.05288,37.476724,112.40979,37.483798,212.30005,349.5681,12.49674,12.4978,12.496095,212.10658,187.20892,87.449497,24.993874,12.497981,12.498387,12.499204,2.3835213e-06,4.7671668e-07,1.430129e-06,4.7675106e-07,1.4304977e-06
93.893894,949.99314,487.49386,274.99174,862.43723,449.92803,2799.0032,1486.7462,2660.4311,249.88928,149.90219,99.897493,224.66838,112.35028,74.913968,87.377666,212.05271,37.476719,112.40975,37.483791,212.29986,349.56761,12.49674,12.497799,12.496093,212.10631,187.20874,87.44947,24.993872,12.497981,12.498386,12.499204,2.2498895e-06,4.4998957e-07,1.3499488e-06,4.5002331e-07,1.3503108e-06
93.993994,949.99316,487.49388,274.99175,862.43723,449.92803,2799.0032,1486.7462,2660.4312,249.88929,149.9022,99.897508,224.66842,112.35031,74.913966,87.377621,212.05255,37.476714,112.4097,37.483784,212.29967,349.56712,12.49674,12.497798,12.496091,212.10604,187.20856,87.449444,24.99387,12.49798,12.498386,12.499203,2.1158172e-06,4.2317434e-07,1.2695043e-06,4.2320743e-07,1.2698595e-06
94.094094,949.99319,487.49389,274.99175,862.43724,449.92803,2799.0032,1486.7462,2660.4312,249.8893,149.90222,99.897523,224.66847,112.35033,74.913964,87.377576,212.05239,37.476709,112.40966,37.483776,212.29948,349.56663,12.49674,12.497798,12.496089,212.10576,187.20838,87.449418,24.993868,12.49798,12.498386,12.499203,1.9813947e-06,3.9628908e-07,1.1888498e-06,3.963215e-07,1.1891979e-06
94.194194,949.99321,487.4939,274.99176,862.43724,449.92803,2799.0032,1486.7462,2660.4313,249.88931,149.90223,99.897538,224.66852,112.35036,74.913962,87.377532,212.05223,37.476704,112.40962,37.483769,212.29929,349.56614,12.49674,12.497797,12.496087,212.10549,187.20819,87.449392,24.993867,12.49798,12.498385,12.499202,1.8467136e-06,3.6935212e-07,1.1080401e-06,3.6938386e-07,1.108381e-06
94.294294,949.99324,487.49391,274.99176,862.43724,449.92804,2799.0032,1486.7462,2660.4313,249.88932,149.90224,99.897552,224.66857,112.35039,74.913961,87.377487,212.05206,37.476699,112.40958,37.483762,212.2991,349.56566,12.49674,12.497796,12.496085,212.10521,187.20801,87.449365,24.993865,12.497979,12.498385,12.499202,1.7118668e-06,3.4238201e-07,1.0271309e-06,3.4241306e-07,1.0274646e-06
94.394394,949.99326,487.49393,274.99177,862.43725,449.92804,2799.0032,1486.7462,2660.4314,249.88933,149.90226,99.897567,224.66862,112.35042,74.913959,87.377442,212.0519,37.476694,112.40954,37.483755,212.29891,349.56517,12.49674,12.497796,12.496083,212.10494,187.20783,87.449339,24.993863,12.497979,12.498384,12.499202,1.5769482e-06,3.1539753e-07,9.4617868e-07,3.1542789e-07,9.4650494e-07
94.494494,949.99329,487.49394,274.99177,862.43725,449.92804,2799.0032,1486.7462,2660.4314,249.88934,149.90227,99.897581,224.66867,112.35044,74.913957,87.377397,212.05174,37.476688,112.40949,37.483748,212.29871,349.56468,12.496741,12.497795,12.496081,212.10466,187.20764,87.449313,24.993861,12.497978,12.498384,12.499201,1.4420529e-06,2.8841771e-07,8.6524039e-07,2.8844735e-07,8.6555912e-07
94.594595,949.99332,487.49395,274.99178,862.43725,449.92804,2799.0032,1486.7462,2660.4315,249.88936,149.90228,99.897596,224.66871,112.35047,74.913954,87.377352,212.05158,37.476683,112.40945,37.483741,212.29852,349.56419,12.496741,12.497794,12.496079,212.10439,187.20746,87.449286,24.99386,12.497978,12.498384,12.499201,1.3072769e-06,2.6146177e-07,7.8437376e-07,2.6149069e-07,7.8468487e-07
94.694695,949.99334,487.49396,274.99178,862.43726,449.92805,2799.0032,1486.7462,2660.4315,249.88937,149.9023,99.89761,224.66876,112.3505,74.913952,87.377308,212.05141,37.476678,112.40941,37.483734,212.29833,349.5637,12.496741,12.497793,12.496077,212.10412,187.20728,87.44926,24.993858,12.497978,12.498383,12.499201,1.1727177e-06,2.3454919e-07,7.0363721e-07,2.3457738e-07,7.0394058e-07
94.794795,949.99337,487.49398,274.99179,862.43726,449.92805,2799.0032,1486.7463,2660.4315,249.88938,149.90231,99.897625,224.66881,112.35053,74.91395,87.377263,212.05125,37.476673,112.40937,37.483726,212.29814,349.56321,12.496741,12.497793,12.496075,212.10384,187.20709,87.449234,24.993856,12.497977,12.498383,12.4992,1.0384738e-06,2.0769967e-07,6.2308981e-07,2.0772712e-07,6.2338535e-07
94.894895,949.99339,487.49399,274.99179,862.43726,449.92805,2799.0032,1486.7463,2660.4316,249.88939,149.90232,99.897639,224.66886,112.35055,74.913948,87.377218,212.05109,37.476668,112.40932,37.483719,212.29794,349.56272,12.496741,12.497792,12.496073,212.10357,187.20691,87.449208,24.993854,12.497977,12.498383,12.4992,9.0464479e-07,1.8093313e-07,5.4279136e-07,1.8095983e-07,5.4307898e-07
94.994995,949.99342,487.494,274.9918,862.43727,449.92806,2799.0031,1486.7463,2660.4316,249.8894,149.90233,99.897654,224.6689,112.35058,74.913946,87.377173,212.05093,37.476663,112.40928,37.483712,212.29775,349.56223,12.496741,12.497791,12.496071,212.10329,187.20673,87.449181,24.993852,12.497976,12.498382,12.499199,7.7133143e-07,1.5426973e-07,4.6280232e-07,1.5429567e-07,4.6308194e-07
95.095095,949.99344,487.49401,274.9918,862.43727,449.92806,2799.0031,1486.7463,2660.4317,249.88941,149.90235,99.897668,224.66895,112.35061,74.913943,87.377128,212.05076,37.476658,112.40924,37.483705,212.29756,349.56174,12.496741,12.497791,12.496069,212.10302,187.20654,87.449155,24.993851,12.497976,12.498382,12.499199,6.3863566e-07,1.2772985e-07,3.8318383e-07,1.2775503e-07,3.8345537e-07
95.195195,949.99347,487.49403,274.99181,862.43727,449.92806,2799.0031,1486.7463,2660.4317,249.88942,149.90236,99.897682,224.669,112.35064,74.913941,87.377083,212.0506,37.476653,112.4092,37.483698,212.29737,349.56125,12.496741,12.49779,12.496067,212.10274,187.20636,87.449129,24.993849,12.497975,12.498382,12.499199,5.0666053e-07,1.013341e-07,3.0399774e-07,1.0135852e-07,3.0426112e-07
95.295295,949.99349,487.49404,274.99181,862.43727,449.92806,2799.0031,1486.7463,2660.4318,249.88943,149.90237,99.897696,224.66904,112.35066,74.913939,87.377038,212.05044,37.476648,112.40916,37.483691,212.29718,349.56076,12.496741,12.497789,12.496065,212.10247,187.20618,87.449102,24.993847,12.497975,12.498381,12.499198,3.7551024e-07,7.5103334e-08,2.2530656e-07,7.512697e-08,2.2556173e-07
95.395395,949.99352,487.49405,274.99182,862.43728,449.92807,2799.0031,1486.7463,2660.4318,249.88945,149.90238,99.897711,224.66909,112.35069,74.913936,87.376993,212.05028,37.476643,112.40911,37.483683,212.29698,349.56027,12.496741,12.497789,12.496063,212.10219,187.20599,87.449076,24.993845,12.497975,12.498381,12.499198,2.4529013e-07,4.9058607e-08,1.471735e-07,4.9081463e-08,1.474204e-07
95.495495,949.99354,487.49406,274.99182,862.43728,449.92807,2799.0031,1486.7463,2660.4319,249.88946,149.9024,99.897725,224.66914,112.35072,74.913934,87.376948,212.05011,37.476637,112.40907,37.483676,212.29679,349.55978,12.496741,12.497788,12.49606,212.10191,187.20581,87.44905,24.993844,12.497974,12.49838,12.499197,1.161067e-07,2.3221223e-08,6.9662464e-08,2.3243294e-08,6.9901037e-08
95.595596,949.99357,487.49408,274.99183,862.43728,449.92807,2799.0031,1486.7463,2660.4319,249.88947,149.90241,99.897739,224.66918,112.35074,74.913931,87.376903,212.04995,37.476632,112.40903,37.483669,212.2966,349.55928,12.496741,12.497787,12.496058,212.10164,187.20563,87.449023,24.993842,12.497974,12.49838,12.499197,-1.1932426e-08,-2.3872925e-09,-7.161982e-09,-2.3660104e-09,-6.9317757e-09
95.695696,949.99359,487.49409,274.99183,862.43729,449.92807,2799.0031,1486.7463,2660.432,249.88948,149.90242,99.897753,224.66923,112.35077,74.913929,87.376857,212.04979,37.476627,112.40899,37.483662,212.2964,349.55879,12.496741,12.497787,12.496056,212.10136,187.20544,87.448997,24.99384,12.497973,12.49838,12.499197,-1.3871848e-07,-2.7745184e-08,-8.3234569e-08,-2.7724694e-08,-8.3012766e-08
95.795796,949.99361,487.4941,274.99184,862.43729,449.92808,2799.0031,1486.7463,2660.432,249.88949,149.90243,99.897767,224.66928,112.3508,74.913926,87.376812,212.04963,37.476622,112.40894,37.483655,212.29621,349.5583,12.496741,12.497786,12.496054,212.10109,187.20526,87.448971,24.993838,12.497973,12.498379,12.499196,-2.6414153e-07,-5.2830469e-08,-1.5848935e-07,-5.2810773e-08,-1.5827598e-07
95.895896,949.99364,487.49411,274.99184,862.43729,449.92808,2799.0031,1486.7463,2660.4321,249.8895,149.90245,99.897781,224.66932,112.35082,74.913923,87.376767,212.04946,37.476617,112.4089,37.483647,212.29602,349.55781,12.496741,12.497785,12.496052,212.10081,187.20507,87.448944,24.993837,12.497973,12.498379,12.499196,-3.8809054e-07,-7.7620934e-08,-2.3285968e-07,-7.7602034e-08,-2.3265476e-07
95.995996,949.99366,487.49412,274.99185,862.4373,449.92808,2799.0031,1486.7463,2660.4321,249.88951,149.90246,99.897795,224.66937,112.35085,74.913921,87.376722,212.0493,37.476612,112.40886,37.48364,212.29583,349.55732,12.496741,12.497784,12.49605,212.10053,187.20489,87.448918,24.993835,12.497972,12.498379,12.499195,-5.1045329e-07,-1.0209414e-07,-3.0627825e-07,-1.0207604e-07,-3.060818e-07
96.096096,949.99368,487.49413,274.99185,862.4373,449.92808,2799.0031,1486.7463,2660.4322,249.88952,149.90247,99.897809,224.66941,112.35088,74.913918,87.376677,212.04914,37.476607,112.40882,37.483633,212.29563,349.55683,12.496741,12.497784,12.496048,212.10026,187.20471,87.448892,24.993833,12.497972,12.498378,12.499195,-6.3111644e-07,-1.2622741e-07,-3.7867704e-07,-1.2621011e-07,-3.7848907e-07
96.196196,949.99371,487.49415,274.99186,862.4373,449.92809,2799.0031,1486.7464,2660.4322,249.88953,149.90248,99.897823,224.66946,112.3509,74.913915,87.376631,212.04898,37.476602,112.40878,37.483626,212.29544,349.55633,12.496741,12.497783,12.496046,212.09998,187.20452,87.448866,24.993831,12.497971,12.498378,12.499195,-7.4996551e-07,-1.4999786e-07,-4.4998737e-07,-1.4998135e-07,-4.4980787e-07
96.296296,949.99373,487.49416,274.99186,862.4373,449.92809,2799.0031,1486.7464,2660.4323,249.88954,149.9025,99.897837,224.66951,112.35093,74.913912,87.376586,212.04881,37.476597,112.40873,37.483619,212.29525,349.55584,12.496741,12.497782,12.496044,212.09971,187.20434,87.448839,24.99383,12.497971,12.498378,12.499194,-8.6688487e-07,-1.7338235e-07,-5.2013985e-07,-1.7336664e-07,-5.1996881e-07
96.396396,949.99375,487.49417,274.99187,862.43731,449.92809,2799.0031,1486.7464,2660.4323,249.88955,149.90251,99.897851,224.66955,112.35096,74.91391,87.376541,212.04865,37.476592,112.40869,37.483611,212.29505,349.55535,12.496741,12.497782,12.496042,212.09943,187.20415,87.448813,24.993828,12.49797,12.498377,12.499194,-9.8175774e-07,-1.9635753e-07,-5.8906442e-07,-1.9634262e-07,-5.8890183e-07
96.496496,949.99377,487.49418,274.99187,862.43731,449.92809,2799.0031,1486.7464,2660.4324,249.88957,149.90252,99.897865,224.6696,112.35098,74.913907,87.376495,212.04849,37.476586,112.40865,37.483604,212.29486,349.55486,12.496741,12.497781,12.49604,212.09915,187.20397,87.448787,24.993826,12.49797,12.498377,12.499193,-1.0944662e-06,-2.1889982e-07,-6.5669033e-07,-2.188857e-07,-6.5653616e-07
96.596597,949.99379,487.49419,274.99187,862.43731,449.9281,2799.0031,1486.7464,2660.4324,249.88958,149.90253,99.897879,224.66964,112.35101,74.913904,87.37645,212.04833,37.476581,112.40861,37.483597,212.29467,349.55436,12.496741,12.49778,12.496038,212.09888,187.20379,87.448761,24.993824,12.49797,12.498376,12.499193,-1.2048912e-06,-2.409854e-07,-7.2294614e-07,-2.4097207e-07,-7.2280037e-07
96.696697,949.99381,487.4942,274.99188,862.43731,449.9281,2799.0031,1486.7464,2660.4324,249.88959,149.90255,99.897893,224.66969,112.35103,74.913901,87.376405,212.04816,37.476576,112.40856,37.48359,212.29447,349.55387,12.496741,12.49778,12.496036,212.0986,187.2036,87.448734,24.993822,12.497969,12.498376,12.499193,-1.3129125e-06,-2.6259024e-07,-7.8775973e-07,-2.6257769e-07,-7.8762231e-07
96.796797,949.99383,487.49421,274.99188,862.43732,449.9281,2799.003,1486.7464,2660.4325,249.8896,149.90256,99.897907,224.66973,112.35106,74.913898,87.376359,212.048,37.476571,112.40852,37.483582,212.29428,349.55338,12.496741,12.497779,12.496034,212.09832,187.20342,87.448708,24.993821,12.497969,12.498376,12.499192,-1.4184089e-06,-2.8369006e-07,-8.510583e-07,-2.8367829e-07,-8.5092919e-07
96.896897,949.99385,487.49422,274.99189,862.43732,449.9281,2799.003,1486.7464,2660.4325,249.88961,149.90257,99.897921,224.66978,112.35109,74.913895,87.376314,212.04784,37.476566,112.40848,37.483575,212.29408,349.55289,12.496741,12.497778,12.496032,212.09805,187.20323,87.448682,24.993819,12.497968,12.498375,12.499192,-1.5212577e-06,-3.0426037e-07,-9.1276835e-07,-3.0424937e-07,-9.1264748e-07
96.996997,949.99387,487.49423,274.99189,862.43732,449.92811,2799.003,1486.7464,2660.4326,249.88962,149.90258,99.897934,224.66982,112.35111,74.913892,87.376268,212.04768,37.476561,112.40844,37.483568,212.29389,349.55239,12.496741,12.497778,12.49603,212.09777,187.20305,87.448656,24.993817,12.497968,12.498375,12.499191,-1.6213354e-06,-3.2427644e-07,-9.7281571e-07,-3.2426621e-07,-9.7270302e-07
97.097097,949.99389,487.49424,274.99189,862.43733,449.92811,2799.003,1486.7464,2660.4326,249.88963,149.9026,99.897948,224.66987,112.35114,74.913889,87.376223,212.04751,37.476556,112.4084,37.483561,212.2937,349.5519,12.496741,12.497777,12.496028,212.09749,187.20286,87.448629,24.993815,12.497968,12.498375,12.499191,-1.7185172e-06,-3.4371331e-07,-1.0311255e-06,-3.4370384e-07,-1.0310209e-06
97.197197,949.99391,487.49425,274.9919,862.43733,449.92811,2799.003,1486.7464,2660.4327,249.88964,149.90261,99.897962,224.66991,112.35116,74.913885,87.376178,212.04735,37.476551,112.40835,37.483554,212.2935,349.55141,12.496741,12.497776,12.496026,212.09721,187.20268,87.448603,24.993814,12.497967,12.498374,12.499191,-1.8126772e-06,-3.625458e-07,-1.0876222e-06,-3.6253709e-07,-1.0875256e-06
97.297297,949.99392,487.49426,274.9919,862.43733,449.92811,2799.003,1486.7464,2660.4327,249.88965,149.90262,99.897976,224.66996,112.35119,74.913882,87.376132,212.04719,37.476546,112.40831,37.483546,212.29331,349.55091,12.496741,12.497776,12.496024,212.09694,187.2025,87.448577,24.993812,12.497967,12.498374,12.49919,-1.9036884e-06,-3.807485e-07,-1.1422295e-06,-3.8074053e-07,-1.1421409e-06
97.397397,949.99394,487.49426,274.9919,862.43733,449.92811,2799.003,1486.7465,2660.4328,249.88966,149.90263,99.89799,224.67,112.35121,74.913879,87.376087,212.04703,37.476541,112.40827,37.483539,212.29311,349.55042,12.496741,12.497775,12.496022,212.09666,187.20231,87.448551,24.99381,12.497966,12.498373,12.49919,-1.9914224e-06,-3.9829576e-07,-1.1948706e-06,-3.9828853e-07,-1.1947898e-06
97.497497,949.99396,487.49427,274.99191,862.43733,449.92812,2799.003,1486.7465,2660.4328,249.88967,149.90264,99.898003,224.67005,112.35124,74.913876,87.376041,212.04686,37.476535,112.40823,37.483532,212.29292,349.54992,12.496741,12.497774,12.49602,212.09638,187.20213,87.448525,24.993808,12.497966,12.498373,12.499189,-2.07575e-06,-4.1516173e-07,-1.2454677e-06,-4.1515522e-07,-1.2453947e-06
97.597598,949.99397,487.49428,274.99191,862.43734,449.92812,2799.003,1486.7465,2660.4329,249.88969,149.90266,99.898017,224.67009,112.35126,74.913873,87.375995,212.0467,37.47653,112.40819,37.483525,212.29273,349.54943,12.496741,12.497773,12.496018,212.0961,187.20194,87.448498,24.993807,12.497965,12.498373,12.499189,-2.1565408e-06,-4.3132029e-07,-1.2939428e-06,-4.313145e-07,-1.2938773e-06
97.697698,949.99399,487.49429,274.99191,862.43734,449.92812,2799.003,1486.7465,2660.4329,249.8897,149.90267,99.898031,224.67014,112.35129,74.913869,87.37595,212.04654,37.476525,112.40814,37.483517,212.29253,349.54894,12.496741,12.497773,12.496016,212.09583,187.20176,87.448472,24.993805,12.497965,12.498372,12.499189,-2.233663e-06,-4.4674513e-07,-1.3402166e-06,-4.4674004e-07,-1.3401587e-06
97.797798,949.994,487.49429,274.99192,862.43734,449.92812,2799.003,1486.7465,2660.433,249.88971,149.90268,99.898044,224.67018,112.35132,74.913866,87.375904,212.04638,37.47652,112.4081,37.48351,212.29234,349.54844,12.496741,12.497772,12.496014,212.09555,187.20157,87.448446,24.993803,12.497965,12.498372,12.499188,-2.3069839e-06,-4.6140969e-07,-1.3842097e-06,-4.6140528e-07,-1.384159e-06
97.897898,949.99401,487.4943,274.99192,862.43734,449.92812,2799.003,1486.7465,2660.4331,249.88972,149.90269,99.898058,224.67023,112.35134,74.913863,87.375859,212.04621,37.476515,112.40806,37.483503,212.29214,349.54795,12.496741,12.497771,12.496012,212.09527,187.20139,87.44842,24.993801,12.497964,12.498372,12.499188,-2.3763695e-06,-4.7528718e-07,-1.4258416e-06,-4.7528345e-07,-1.4257981e-06
97.997998,949.99403,487.49431,274.99192,862.43734,449.92813,2799.0031,1486.7465,2660.4331,249.88973,149.90271,99.898072,224.67027,112.35137,74.913859,87.375813,212.04605,37.47651,112.40802,37.483496,212.29195,349.54745,12.496741,12.497771,12.49601,212.09499,187.2012,87.448394,24.9938,12.497964,12.498371,12.499187,-2.4416849e-06,-4.8835059e-07,-1.4650312e-06,-4.8834752e-07,-1.4649949e-06
98.098098,949.99404,487.49431,274.99192,862.43735,449.92813,2799.0031,1486.7465,2660.4332,249.88974,149.90272,99.898085,224.67032,112.35139,74.913856,87.375767,212.04589,37.476505,112.40797,37.483489,212.29176,349.54696,12.496741,12.49777,12.496008,212.09471,187.20102,87.448368,24.993798,12.497963,12.498371,12.499187,-2.5027938e-06,-5.0057269e-07,-1.501697e-06,-5.0057026e-07,-1.5016675e-06
98.198198,949.99405,487.49432,274.99193,862.43735,449.92813,2799.0031,1486.7465,2660.4332,249.88975,149.90273,99.898099,224.67036,112.35142,74.913852,87.375722,212.04573,37.4765,112.40793,37.483481,212.29156,349.54646,12.496741,12.497769,12.496006,212.09443,187.20083,87.448342,24.993796,12.497963,12.49837,12.499187,-2.5595589e-06,-5.1192599e-07,-1.5357564e-06,-5.1192419e-07,-1.5357337e-06
98.298298,949.99406,487.49432,274.99193,862.43735,449.92813,2799.0031,1486.7466,2660.4333,249.88976,149.90274,99.898113,224.6704,112.35144,74.913849,87.375676,212.04556,37.476495,112.40789,37.483474,212.29137,349.54597,12.496741,12.497769,12.496004,212.09416,187.20065,87.448316,24.993794,12.497962,12.49837,12.499186,-2.6118416e-06,-5.2238281e-07,-1.5671264e-06,-5.2238162e-07,-1.5671102e-06
98.398398,949.99407,487.49433,274.99193,862.43735,449.92813,2799.0031,1486.7466,2660.4333,249.88977,149.90275,99.898126,224.67045,112.35147,74.913845,87.375631,212.0454,37.47649,112.40785,37.483467,212.29117,349.54548,12.496741,12.497768,12.496002,212.09388,187.20046,87.44829,24.993792,12.497962,12.49837,12.499186,-2.6595024e-06,-5.3191522e-07,-1.5957233e-06,-5.3191462e-07,-1.5957133e-06
98.498498,949.99408,487.49433,274.99193,862.43735,449.92813,2799.0031,1486.7466,2660.4334,249.88979,149.90277,99.89814,224.67049,112.35149,74.913842,87.375585,212.04524,37.476485,112.40781,37.48346,212.29098,349.54498,12.496741,12.497767,12.496,212.0936,187.20028,87.448264,24.993791,12.497962,12.498369,12.499185,-2.7024005e-06,-5.4049505e-07,-1.6214624e-06,-5.4049503e-07,-1.6214586e-06
98.598599,949.99408,487.49433,274.99193,862.43735,449.92814,2799.0031,1486.7466,2660.4334,249.8898,149.90278,99.898153,224.67054,112.35152,74.913838,87.375539,212.04508,37.47648,112.40777,37.483453,212.29078,349.54449,12.496741,12.497767,12.495998,212.09332,187.20009,87.448238,24.993789,12.497961,12.498369,12.499185,-2.740394e-06,-5.4809394e-07,-1.6442587e-06,-5.4809447e-07,-1.6442609e-06
98.698699,949.99409,487.49434,274.99193,862.43736,449.92814,2799.0031,1486.7466,2660.4335,249.88981,149.90279,99.898167,224.67058,112.35154,74.913835,87.375493,212.04492,37.476475,112.40772,37.483445,212.29059,349.54399,12.496741,12.497766,12.495996,212.09304,187.19991,87.448212,24.993787,12.497961,12.498368,12.499184,-2.7733398e-06,-5.5468326e-07,-1.6640264e-06,-5.5468432e-07,-1.6640342e-06
98.798799,949.99409,487.49434,274.99194,862.43736,449.92814,2799.0031,1486.7466,2660.4335,249.88982,149.9028,99.898181,224.67062,112.35157,74.913831,87.375448,212.04475,37.47647,112.40768,37.483438,212.29039,349.5435,12.496741,12.497766,12.495994,212.09276,187.19972,87.448186,24.993785,12.49796,12.498368,12.499184,-2.8010937e-06,-5.6023418e-07,-1.6806789e-06,-5.6023575e-07,-1.6806922e-06
98.898899,949.9941,487.49434,274.99194,862.43736,449.92814,2799.0031,1486.7466,2660.4336,249.88983,149.90282,99.898194,224.67067,112.35159,74.913828,87.375402,212.04459,37.476465,112.40764,37.483431,212.2902,349.543,12.496741,12.497765,12.495992,212.09249,187.19954,87.44816,24.993784,12.49796,12.498367,12.499184,-2.8235103e-06,-5.6471762e-07,-1.694129e-06,-5.6471968e-07,-1.6941476e-06
98.998999,949.9941,487.49434,274.99194,862.43736,449.92814,2799.0031,1486.7466,2660.4337,249.88984,149.90283,99.898208,224.67071,112.35161,74.913824,87.375356,212.04443,37.47646,112.4076,37.483424,212.29,349.54251,12.496741,12.497764,12.49599,212.09221,187.19935,87.448134,24.993782,12.497959,12.498367,12.499183,-2.8404432e-06,-5.6810429e-07,-1.7042889e-06,-5.6810681e-07,-1.7043124e-06
99.099099,949.9941,487.49435,274.99194,862.43736,449.92814,2799.0031,1486.7467,2660.4337,249.88985,149.90284,99.898221,224.67075,112.35164,74.913821,87.375311,212.04427,37.476455,112.40756,37.483417,212.28981,349.54201,12.496741,12.497764,12.495988,212.09193,187.19917,87.448108,24.99378,12.497959,12.498367,12.499183,-2.8517448e-06,-5.7036465e-07,-1.7110699e-06,-5.7036762e-07,-1.7110981e-06
99.199199,949.9941,487.49435,274.99194,862.43736,449.92814,2799.0032,1486.7467,2660.4338,249.88986,149.90285,99.898235,224.6708,112.35166,74.913817,87.375265,212.04411,37.47645,112.40751,37.483409,212.28962,349.54151,12.496741,12.497763,12.495986,212.09165,187.19898,87.448082,24.993778,12.497959,12.498366,12.499182,-2.8572662e-06,-5.7146897e-07,-1.7143827e-06,-5.7147234e-07,-1.7144154e-06
99.299299,949.9941,487.49435,274.99194,862.43736,449.92814,2799.0032,1486.7467,2660.4338,249.88988,149.90286,99.898249,224.67084,112.35169,74.913813,87.375219,212.04394,37.476445,112.40747,37.483402,212.28942,349.54102,12.496741,12.497762,12.495984,212.09137,187.1988,87.448057,24.993777,12.497958,12.498366,12.499182,-2.8568576e-06,-5.7138724e-07,-1.7141376e-06,-5.71391e-07,-1.7141744e-06
99.399399,949.9941,487.49435,274.99194,862.43736,449.92815,2799.0032,1486.7467,2660.4339,249.88989,149.90288,99.898262,224.67088,112.35171,74.91381,87.375173,212.04378,37.47644,112.40743,37.483395,212.28923,349.54052,12.49674,12.497762,12.495982,212.09109,187.19861,87.448031,24.993775,12.497958,12.498365,12.499181,-2.8503679e-06,-5.7008927e-07,-1.7102437e-06,-5.7009338e-07,-1.7102843e-06
99.499499,949.9941,487.49434,274.99194,862.43736,449.92815,2799.0032,1486.7467,2660.434,249.8899,149.90289,99.898276,224.67093,112.35174,74.913806,87.375127,212.04362,37.476435,112.40739,37.483388,212.28903,349.54003,12.49674,12.497761,12.49598,212.09081,187.19843,87.448005,24.993773,12.497957,12.498365,12.499181,-2.8376449e-06,-5.675446e-07,-1.7026097e-06,-5.6754905e-07,-1.7026539e-06
99.5996,949.9941,487.49434,274.99194,862.43736,449.92815,2799.0032,1486.7467,2660.434,249.88991,149.9029,99.898289,224.67097,112.35176,74.913802,87.375082,212.04346,37.47643,112.40735,37.483381,212.28884,349.53953,12.49674,12.49776,12.495978,212.09053,187.19824,87.447979,24.993771,12.497957,12.498364,12.499181,-2.8185353e-06,-5.6372257e-07,-1.6911438e-06,-5.6372732e-07,-1.6911912e-06
99.6997,949.99409,487.49434,274.99194,862.43736,449.92815,2799.0032,1486.7468,2660.4341,249.88992,149.90291,99.898303,224.67101,112.35179,74.913799,87.375036,212.0433,37.476426,112.40731,37.483374,212.28864,349.53904,12.49674,12.49776,12.495976,212.09025,187.19806,87.447954,24.99377,12.497956,12.498364,12.49918,-2.7928845e-06,-5.5859228e-07,-1.6757531e-06,-5.5859729e-07,-1.6758034e-06
99.7998,949.99409,487.49434,274.99193,862.43736,449.92815,2799.0033,1486.7468,2660.4342,249.88993,149.90292,99.898317,224.67106,112.35181,74.913795,87.37499,212.04314,37.476421,112.40727,37.483366,212.28845,349.53854,12.49674,12.497759,12.495974,212.08997,187.19787,87.447928,24.993768,12.497956,12.498364,12.49918,-2.7605369e-06,-5.5212261e-07,-1.6563443e-06,-5.5212786e-07,-1.6563972e-06
99.8999,949.99408,487.49433,274.99193,862.43736,449.92815,2799.0033,1486.7468,2660.4342,249.88995,149.90294,99.89833,224.6711,112.35183,74.913791,87.374944,212.04298,37.476416,112.40722,37.483359,212.28825,349.53804,12.49674,12.497759,12.495972,212.08969,187.19769,87.447902,24.993766,12.497956,12.498363,12.499179,-2.7213359e-06,-5.4428219e-07,-1.6328234e-06,-5.4428764e-07,-1.6328785e-06
100,949.99407,487.49433,274.99193,862.43736,449.92815,2799.0033,1486.7468,2660.4343,249.88996,149.90295,99.898344,224.67114,112.35186,74.913787,87.374899,212.04281,37.476411,112.40718,37.483352,212.28806,349.53755,12.49674,12.497758,12.49597,212.08942,187.1975,87.447877,24.993764,12.497955,12.498363,12.499179,-2.6751233e-06,-5.3503945e-07,-1.6050955e-06,-5.3504507e-07,-1.6051525e-06
