Time (yrs)/mid Altitude (km),225,275,325,375,425,475,525,575,625,675,725,775,825,875,925,975,1025,1075,1125,1175,1225,1275,1325,1375,1425,1475,1525,1575,1625,1675,1725,1775,1825,1875,1925,1975
0,5,18,90,778,390,3649,1931,3483,321,184,134,289,144,101,107,275,49,148,47,272,465,8,15,15,270,247,114,25,12,10,11,5,1,3,1,3
0.1001001,4.9008943,17.643213,88.215966,762.57582,382.26523,3576.6301,1892.7004,3413.9136,314.63207,180.34928,131.34017,283.25988,141.14016,98.995094,104.87681,269.54136,48.02825,145.06506,46.068122,266.60728,455.78201,7.8413914,14.702646,14.702622,264.64354,242.10027,111.73967,24.504386,11.762118,9.8017709,10.781962,4.9008923,0.98017852,2.9405355,0.98017867,2.9405371
0.2002002,4.8037532,17.293498,86.4673,747.45769,374.68461,3505.6985,1855.161,3346.1976,308.39049,176.77099,128.73314,277.63377,138.33713,97.029988,102.79574,264.19107,47.075772,142.18833,45.154721,261.32148,446.74674,7.6859274,14.411186,14.411139,259.39334,237.29772,109.52415,24.018597,11.528951,9.6074713,10.568247,4.8037491,0.96074993,2.8822496,0.96075023,2.8822529
0.3003003,4.7085376,16.950716,84.753305,732.63954,367.25485,3436.1759,1818.3664,3279.8249,302.27275,173.26371,126.17786,272.11942,135.58976,95.103893,100.75597,258.94698,46.142183,139.36864,44.25943,256.14046,437.89057,7.5335456,14.125505,14.125435,254.24729,232.59044,107.35256,23.542439,11.300406,9.4170233,10.358767,4.7085314,0.94170644,2.825119,0.94170689,2.8251239
0.4004004,4.6152093,16.614728,83.073294,718.11539,359.97279,3368.0335,1782.3021,3214.7687,296.27639,169.82603,123.67331,266.7146,132.89696,93.216033,98.75668,253.80698,45.227108,136.60487,43.38189,251.06217,429.20994,7.384185,13.845486,13.845395,249.20333,227.97654,105.22403,23.07572,11.076392,9.2303505,10.153439,4.615201,0.92304042,2.7691209,0.92304101,2.7691273
0.5005005,4.5237309,16.285401,81.426594,703.87939,352.8354,3301.2438,1746.9534,3151.003,290.39901,166.45655,121.21846,261.41714,130.25764,91.36565,96.797057,248.769,44.33018,133.8959,42.521749,246.08455,420.70139,7.2377856,13.571018,13.570907,244.25943,223.45416,103.13769,22.618254,10.856819,9.0473781,9.9521819,4.5237206,0.90474439,2.7142327,0.90474511,2.7142405
0.6006006,4.4340658,15.962602,79.812543,689.92579,345.83974,3235.7794,1712.306,3088.5022,284.63824,163.15394,118.81235,256.22491,127.67075,89.551999,94.876319,243.83102,43.45104,131.24065,41.678662,241.20562,412.3615,7.0942887,13.301992,13.30186,239.4136,219.02148,101.09273,22.169856,10.641598,8.8680327,9.7549137,4.4340535,0.88681101,2.6604325,0.88681186,2.6604417
0.7007007,4.3461779,15.646202,78.230494,676.24896,338.98295,3171.6139,1678.3462,3027.2411,278.99177,159.91685,116.454,251.13581,125.13523,87.774353,92.993693,238.99105,42.589335,128.63806,40.852291,236.42341,404.18693,6.9536368,13.038298,13.038148,234.66391,214.67674,99.088312,21.730348,10.430644,8.6922425,9.5615556,4.3461637,0.8692331,2.6076987,0.86923408,2.6077092
0.8008008,4.2600322,15.336074,76.67981,662.84339,332.26223,3108.7214,1645.0601,2967.1952,273.45733,156.744,114.14247,246.14779,122.65007,86.031994,91.148425,234.24715,41.744719,126.08708,40.042305,231.73602,396.1744,6.8157735,12.779832,12.779663,230.00844,210.41818,97.123636,21.299553,10.223872,8.5199369,9.3720302,4.2600161,0.85200362,2.5560102,0.8520047,2.5560219
0.9009009,4.1755939,15.032093,75.15987,649.70367,325.67486,3047.0766,1612.4345,2908.3403,268.0327,153.63411,111.87681,241.25886,120.21426,84.324224,89.339771,229.59741,40.916853,123.58668,39.248378,227.14155,388.3207,6.6806435,12.526489,12.526303,225.44533,206.24409,95.197913,20.877299,10.021199,8.3510469,9.1862614,4.175576,0.83511564,2.5053462,0.83511684,2.5053592
1.001001,4.0928293,14.734138,73.670062,636.82451,319.21816,2986.6546,1580.4561,2850.6529,262.7157,150.58592,109.65614,236.46704,117.82684,82.650356,87.567007,225.03996,40.105405,121.13587,38.470193,222.63818,380.62268,6.5481926,12.278169,12.277966,220.97274,202.1528,93.310373,20.463415,9.822543,8.1855049,9.0041749,4.0928096,0.81856241,2.4556864,0.81856372,2.4557006
1.1011011,4.0117052,14.442089,72.209789,624.20073,312.88955,2927.4312,1549.1122,2794.1097,257.50419,147.59821,107.47954,231.7704,115.48683,81.009716,85.829419,220.57298,39.310049,118.73366,37.707437,218.22408,373.07725,6.4183676,12.034771,12.034553,216.58888,198.14266,91.460258,20.057737,9.6278254,8.0232443,8.8256977,4.0116839,0.80233729,2.407011,0.8023387,2.4070262
1.2012012,3.9321891,14.15583,70.778465,611.82725,306.68645,2869.3824,1518.3901,2738.688,252.39607,144.66979,105.34615,227.16704,113.1933,79.401645,84.126311,216.19466,38.530466,116.37908,36.959804,213.8975,365.6814,6.2911166,11.796199,11.795965,212.29198,194.21208,89.646825,19.6601,9.4369679,7.8642002,8.6507581,3.9321661,0.78643377,2.3593004,0.78643528,2.3593167
1.3013013,3.8542491,13.875244,69.375514,599.69911,300.60637,2812.4851,1488.2775,2684.3657,247.3893,141.79948,103.2551,222.65513,110.94532,77.825496,82.456996,211.90324,37.766344,114.0712,36.226994,209.6567,358.43215,6.1663885,11.562355,11.562107,208.08033,190.35946,87.869347,19.270347,9.2498937,7.7083089,8.4792861,3.8542245,0.77084549,2.3125355,0.77084709,2.3125528
1.4014014,3.777854,13.60022,68.000374,587.81141,294.64687,2756.7163,1458.7623,2631.1208,242.48187,138.98611,101.20557,218.23284,108.74199,76.280636,80.820806,207.69701,37.017375,111.80909,35.508714,205.49997,351.32661,6.0441333,11.333147,11.332885,203.95223,186.58327,86.127113,18.888321,9.0665281,7.5555077,8.311213,3.7778278,0.75556619,2.2666975,0.75556788,2.2667158
1.5015015,3.7029731,13.330647,66.652494,576.1594,288.80555,2702.0536,1429.8325,2578.9321,237.6718,136.22858,99.196713,213.89839,106.58241,74.766443,79.217083,203.57427,36.28326,109.59183,34.804675,201.42565,344.36191,5.9243018,11.108483,11.108208,199.90602,182.88198,84.419422,18.513868,8.8867974,7.4057355,8.1464713,3.7029454,0.74058974,2.2217681,0.74059152,2.2217873
1.6016016,3.6295764,13.066418,65.331332,564.7384,283.08005,2648.475,1401.4767,2527.7786,232.95717,133.52575,97.227737,209.65003,104.46573,73.282309,77.645182,199.53336,35.563703,107.41854,34.114596,197.43211,337.53528,5.8068462,10.888273,10.887985,195.94008,179.25411,82.74559,18.146838,8.7106296,7.2589323,7.9849951,3.6295474,0.72591016,2.1777293,0.72591201,2.1777494
1.7017017,3.5576345,12.807426,64.03636,553.54381,277.46809,2595.9591,1373.6833,2477.6397,228.33607,130.87656,95.297844,205.48607,102.39109,71.827637,76.104472,195.57266,34.858416,105.28835,33.438199,193.51774,330.84397,5.6917193,10.672428,10.672128,192.05282,175.69821,81.104945,17.787084,8.537954,7.1150391,7.8267196,3.5576041,0.71152154,2.1345634,0.71152347,2.1345843
1.8018018,3.4871186,12.553568,62.767056,542.57115,271.9674,2544.4848,1346.4413,2428.4954,223.80665,128.27993,93.40626,201.40481,100.35765,70.401842,74.594334,191.69057,34.167116,103.2004,32.775212,189.68098,324.2853,5.5788749,10.460862,10.460551,188.24268,172.21284,79.496831,17.434463,8.3687015,6.9739983,7.6715814,3.4870869,0.69741813,2.0922531,0.69742013,2.0922748
1.9019019,3.4180004,12.304742,61.522914,531.81601,266.57578,2494.0314,1319.7396,2380.3258,219.36709,125.73482,91.552225,197.40461,98.364596,69.00435,73.114162,187.88554,33.489526,101.15386,32.125371,185.92029,317.85665,5.4682677,10.25349,10.253168,184.50812,168.79661,77.920601,17.088832,8.2028042,6.8357533,7.5195182,3.4179675,0.68359427,2.0507815,0.68359634,2.0508039
2.002002,3.3502522,12.060847,60.303433,521.27409,261.29106,2444.5786,1293.5676,2333.1118,215.01561,123.24021,89.734992,193.48388,96.411128,67.634601,71.663361,184.15604,32.825374,99.147897,31.488415,182.23416,311.55543,5.3598535,10.050228,10.049896,180.84765,165.44815,76.375623,16.750053,8.0401955,6.7002487,7.3704692,3.3502181,0.67004441,2.0101319,0.67004655,2.010155
2.1021021,3.2838468,11.821787,59.108125,510.94115,256.11112,2396.1066,1267.9147,2286.8342,210.75047,120.79511,87.953831,189.64102,94.496456,66.292042,70.241348,180.50057,32.174393,97.181717,30.864087,178.6211,305.37912,5.2535887,9.8509963,9.8506543,177.25979,162.16611,74.861278,16.41799,7.8808103,6.5674302,7.2243746,3.2838116,0.65676314,1.970288,0.65676534,1.9703119
2.2022022,3.2187577,11.587466,57.93651,500.81305,251.03389,2348.596,1242.7707,2241.4746,206.56994,118.39851,86.208026,185.87449,92.619812,64.976135,68.847551,176.91766,31.536321,95.254528,30.252138,175.07968,299.32524,5.1494307,9.6557138,9.6553625,173.74312,158.94918,73.376959,16.09251,7.7245847,6.4372446,7.0811758,3.2187214,0.64374512,1.9312339,0.64374738,1.9312584
2.3023023,3.1549587,11.357789,56.788119,490.88572,246.05731,2302.0276,1218.1253,2197.0147,202.47235,116.04947,84.496876,182.18278,90.78044,63.68635,67.481412,173.40586,30.910904,93.365555,29.652322,171.60847,293.39138,5.0473377,9.4643025,9.4639425,170.29621,155.79605,71.92207,15.773482,7.5714561,6.3096396,6.9408155,3.1549213,0.63098513,1.8929539,0.63098745,1.892979
2.4024024,3.0924242,11.132665,55.662492,481.15518,241.17941,2256.3827,1193.9689,2153.4367,198.45605,113.74704,82.819692,178.56439,88.977599,62.422169,66.142381,169.96377,30.29789,91.514042,29.064399,168.20608,287.57514,4.9472689,9.2766857,9.2763174,166.91768,152.70548,70.496028,15.46078,7.421363,6.1845641,6.8032373,3.0923859,0.61847807,1.8554327,0.61848044,1.8554584
2.5025025,3.0311293,10.912002,54.559176,471.61754,236.39822,2211.6431,1170.2915,2110.7231,194.51944,111.49029,81.1758,175.01788,87.210563,61.183083,64.829921,166.59001,29.697033,89.699245,28.488133,164.87115,281.87419,4.849184,9.0927881,9.092412,163.60617,149.67621,69.09826,15.154276,7.2742452,6.061968,6.6683861,3.0310901,0.60621892,1.8186552,0.60622134,1.8186814
2.6026026,2.9710493,10.695714,53.477731,462.26897,231.71182,2167.7907,1147.0838,2068.8567,190.66092,109.27832,79.564539,171.54181,85.478622,59.968595,63.543503,163.28321,29.108091,87.920436,27.923292,161.60234,276.28626,4.7530437,8.912536,8.9121526,160.36036,146.70704,67.728206,14.853849,7.1300438,5.9418021,6.5362079,2.9710092,0.59420276,1.7826067,0.59420522,1.7826334
2.7027027,2.9121601,10.483713,52.417721,453.10571,227.11833,2124.808,1124.3364,2027.8208,186.87895,107.11024,77.985262,168.13479,83.781079,58.778215,62.282612,160.04205,28.53083,86.176902,27.369651,158.39833,270.8091,4.6588096,8.7358571,8.7354668,157.17894,143.79676,66.385317,14.559377,6.988701,5.8240182,6.4066496,2.9121191,0.58242477,1.7472727,0.58242728,1.7472999
2.8028028,2.8544381,10.275914,51.378723,444.1241,222.61592,2082.6777,1102.0401,1987.5989,183.17201,104.98518,76.437333,164.79544,82.11725,57.611465,61.04674,156.86522,27.965016,84.467944,26.826986,155.25784,265.44052,4.5664437,8.5626806,8.5622838,154.06064,140.94421,65.069054,14.270743,6.8501602,5.7085691,6.2796594,2.8543964,0.57088025,1.7126391,0.5708828,1.7126667
2.9029029,2.7978603,10.072233,50.36032,435.32054,218.20277,2041.383,1080.1861,1948.1748,179.53861,102.90228,74.92013,161.52242,80.486465,56.467876,59.835392,153.75145,27.410424,82.792875,26.295082,152.17962,260.17836,4.4759091,8.3929371,8.3925343,151.0042,138.14825,63.778889,13.987831,6.7143656,5.5954086,6.1551864,2.7978179,0.55956455,1.678692,0.55956714,1.67872
3.003003,2.7424039,9.8725901,49.362103,426.69149,213.87711,2000.9071,1058.7655,1909.5327,175.9773,100.86071,73.433044,158.31441,78.888069,55.346989,58.64808,150.69949,26.86683,81.151024,25.773723,149.16243,255.02051,4.3871694,8.2265586,8.22615,148.00839,135.40775,62.514304,13.710528,6.5812631,5.4844912,6.0331806,2.7423608,0.54847315,1.6454178,0.54847577,1.6454462
3.1031031,2.6880467,9.6769041,48.383673,418.23349,209.63721,1961.234,1037.7697,1871.6572,172.48663,98.859642,71.975476,155.17012,77.321419,54.248353,57.484329,147.70811,26.334016,79.541731,25.262701,146.20505,249.96491,4.3001891,8.0634783,8.0630644,145.07202,132.72161,61.274793,13.438722,6.450799,5.3757726,5.9135931,2.6880029,0.53760159,1.6128031,0.53760425,1.6128319
3.2032032,2.6347669,9.485097,47.424638,409.94316,205.48137,1922.3476,1017.1904,1834.5329,169.06522,96.898283,70.546842,152.08829,75.785882,53.171526,56.343669,144.77611,25.811769,77.964352,24.761812,143.30631,245.00953,4.2149333,7.9036308,7.903212,142.1939,130.08876,60.059859,13.172305,6.3229213,5.2692091,5.7963761,2.6347226,0.52694553,1.5808349,0.52694822,1.580864
3.3033033,2.5825432,9.2970916,46.484612,401.81717,201.40792,1884.2323,997.01925,1798.1451,165.71168,94.97584,69.146565,149.06767,74.280843,52.116074,55.225644,141.90231,25.299879,76.418254,24.270854,140.46504,240.15238,4.1313677,7.7469521,7.7465286,139.37288,127.50814,58.869014,12.911169,6.1975785,5.1647579,5.6814825,2.5824983,0.51650068,1.5495003,0.5165034,1.5495298
3.4034034,2.5313546,9.1128128,45.563219,393.85225,197.41524,1846.873,977.24814,1762.479,162.42467,93.091541,67.774084,146.10704,72.805695,51.081575,54.129804,139.08555,24.79814,74.902816,23.78963,137.68011,235.39152,4.049459,7.5933793,7.5929516,136.60782,124.97871,57.70178,12.655211,6.0747205,5.0623773,5.5688663,2.5313091,0.50626287,1.5187869,0.50626562,1.5188166
3.5035035,2.4811806,8.9321866,44.660089,386.04523,193.5017,1810.2544,957.86915,1727.5204,159.20287,91.244629,66.428846,143.20523,71.359843,50.067611,53.055708,136.3247,24.306352,73.417429,23.317947,134.95038,230.72504,3.9691741,7.4428509,7.4424193,133.89762,122.49945,56.557689,12.404326,5.9542979,4.9620262,5.4584823,2.4811347,0.49622799,1.4886822,0.49623076,1.4887122
3.6036036,2.4320012,8.7551406,43.774861,378.39296,189.66576,1774.3621,938.8745,1693.2553,156.04498,89.434363,65.110311,140.36105,69.942707,49.073775,52.002926,133.61865,23.824317,71.961499,22.855617,132.27478,226.15106,3.8904811,7.2953065,7.2948713,131.24119,120.06938,55.436283,12.158415,5.8362626,4.8636643,5.3502863,2.4319547,0.48639201,1.4591742,0.48639481,1.4592045
3.7037037,2.3837964,8.5816037,42.907179,370.89238,185.90586,1739.1814,920.25655,1659.6698,152.94974,87.660012,63.817947,137.57336,68.553715,48.099667,50.971033,130.96632,23.351841,70.53444,22.402453,129.65222,221.66775,3.8133481,7.1506868,7.1502483,128.63745,117.6875,54.33711,11.917379,5.720567,4.7672522,5.2442348,2.3837496,0.47675099,1.4302512,0.4767538,1.4302816
3.8038038,2.3365471,8.4115065,42.056696,363.54048,182.2205,1704.6984,902.00784,1626.7505,149.9159,85.920866,62.551237,134.84104,67.192308,47.144896,49.959616,128.36663,22.888735,69.13568,21.958274,127.08165,217.27332,3.7377443,7.008934,7.0084925,126.08537,115.35288,53.259732,11.681122,5.6071649,4.6727512,5.1402855,2.3364999,0.46730106,1.4019014,0.4673039,1.401932
3.9039039,2.2902344,8.244781,41.223072,356.33432,178.60821,1670.8993,884.12106,1594.4843,146.94225,84.216228,61.309671,132.163,65.857941,46.209078,48.968269,125.81855,22.434813,67.764659,21.522902,124.56206,212.966,3.6636395,6.8699914,6.8695471,123.58392,113.06457,52.203715,11.449548,5.4960109,4.5801235,5.0383966,2.2901868,0.45803845,1.3741135,0.45804131,1.3741444
4.004004,2.2448396,8.0813599,40.40597,349.27099,175.06752,1637.7703,866.58899,1562.858,144.02758,82.54541,60.092749,129.53814,64.550072,45.291836,47.996592,123.32104,21.989893,66.420824,21.096161,122.09241,208.74407,3.5910039,6.7338028,6.7333562,121.13209,110.82165,51.168635,11.222565,5.3870602,4.4893319,4.9385272,2.2447917,0.44895943,1.3468765,0.4489623,1.3469075
4.1041041,2.2003446,7.921178,39.605065,342.34768,171.59703,1605.2983,849.40463,1531.8592,141.17074,80.907743,58.899982,126.96542,63.268179,44.392802,47.044196,120.87311,21.553796,65.10364,20.677882,119.67173,204.60583,3.5198083,6.6003141,6.5998653,118.7289,108.62322,50.154079,11.000081,5.2802693,4.40034,4.8406374,2.2002964,0.44006037,1.3201793,0.44006325,1.3202104
4.2042042,2.1567315,7.7641714,38.820035,335.56162,168.19535,1573.4702,832.5611,1501.4752,138.37057,79.302571,57.730893,124.4438,62.011746,43.511616,46.1107,118.47377,21.126348,63.812577,20.267896,117.29904,200.54963,3.4500243,6.4694717,6.469021,116.37339,106.46841,49.15964,10.782009,5.1755956,4.3131124,4.744688,2.1566831,0.43133772,1.2940113,0.43134061,1.2940426
4.3043043,2.1139829,7.6102765,38.050566,328.91007,164.8611,1542.2732,816.05158,1471.6939,135.62595,77.729245,56.585008,121.97227,60.780264,42.64792,45.195725,116.12205,20.707377,62.547115,19.866039,114.97339,196.57383,3.3816238,6.341223,6.3407706,114.06461,104.35634,48.184917,10.568259,5.0729966,4.2276137,4.6506403,2.1139342,0.42278794,1.268362,0.42279085,1.2683934
4.4044044,2.0720815,7.4594322,37.296349,322.39037,161.59295,1511.6949,799.8695,1442.5034,132.93578,76.187136,55.461869,119.54983,59.57324,41.80137,44.298907,113.81702,20.296715,61.306749,19.47215,112.69385,192.67686,3.3145794,6.2155166,6.2150628,111.80164,102.28617,47.22952,10.358748,4.9724316,4.1438099,4.5584569,2.0720326,0.41440764,1.243221,0.41441055,1.2432525
4.5045045,2.0310108,7.3115779,36.557082,315.99992,158.3896,1481.7229,784.00835,1413.892,130.29898,74.675625,54.361026,117.1755,58.39019,40.971626,43.419886,111.55774,19.894197,60.090982,19.08607,110.45951,188.85713,3.2488644,6.0923024,6.0918474,109.58356,100.25706,46.293068,10.153389,4.8738603,4.0616674,4.4681009,2.0309617,0.40619346,1.2185785,0.40619638,1.2186101
4.6046046,1.9907541,7.1666541,35.832468,309.73613,155.24975,1452.3452,768.46175,1385.8481,127.71448,73.194103,53.282032,114.84834,57.230634,40.158351,42.558305,109.34331,19.499661,58.899322,18.707646,108.26947,185.11313,3.1844521,5.9715305,5.9710746,107.40948,98.268206,45.375182,9.952102,4.7772429,3.9811531,4.3795357,1.9907048,0.39814209,1.1944244,0.39814501,1.194456
4.7047047,1.9512953,7.0246029,35.122218,303.59652,152.17215,1423.5501,753.22347,1358.3605,125.18125,71.741976,52.224457,112.5674,56.094107,39.361221,41.713822,107.17283,19.112951,57.731295,18.336724,106.12284,181.44335,3.1213169,5.8531529,5.8526962,105.27854,96.318805,44.475497,9.7548052,4.6825408,3.9022349,4.292726,1.9512459,0.39025031,1.170749,0.39025324,1.1707807
4.8048048,1.9126187,6.8853675,34.426046,297.57861,149.15556,1395.326,738.28741,1331.4182,122.69828,70.318662,51.187876,110.33176,54.980153,38.579915,40.886097,105.04544,18.733909,56.586432,17.973157,104.01878,177.84632,3.0594335,5.737122,5.7366648,103.18987,94.408075,43.59365,9.56142,4.5897162,3.8248812,4.2076372,1.9125692,0.38251496,1.147543,0.3825179,1.1475747
4.9049049,1.8747086,6.7488917,33.743673,291.67999,146.19878,1367.6616,723.64754,1305.0102,120.26456,68.923586,50.171868,108.14053,53.888321,37.814118,40.074795,102.96027,18.362384,55.46427,17.616799,101.95643,174.3206,2.9987769,5.6233911,5.6229336,101.14264,92.535247,42.729287,9.3718682,4.4987315,3.7490607,4.1242348,1.874659,0.37493294,1.1247969,0.37493587,1.1248286
5.005005,1.83755,6.6151211,33.074826,285.89829,143.30061,1340.5457,709.29801,1279.1262,117.87912,67.55619,49.176029,105.99282,52.818174,37.063523,39.279592,100.9165,17.998227,54.364363,17.267506,99.934975,170.86477,2.9393229,5.5119149,5.5114572,99.13602,90.699572,41.882064,9.1860744,4.4095506,3.6747433,4.0424857,1.8375004,0.3675012,1.1025017,0.36750414,1.1025334
5.1051051,1.8011279,6.484002,32.419237,280.23121,140.4599,1313.9675,695.23307,1253.7556,115.541,66.215925,48.199958,103.88777,51.76928,36.327828,38.500169,98.913296,17.641292,53.286269,16.925139,97.953596,167.47745,2.8810477,5.4026486,5.4021909,97.169214,88.900312,41.051639,9.003964,4.3221376,3.6018991,3.962357,1.8010782,0.36021678,1.0806484,0.36021971,1.0806802
5.2052052,1.7654277,6.3554818,31.776642,274.67645,137.6755,1287.9162,681.44703,1228.8883,113.24926,64.90225,47.243259,101.82453,50.741217,35.606736,37.736211,96.949852,17.291436,52.229552,16.589559,96.011498,164.15728,2.8239278,5.2955482,5.2950907,95.241424,87.136743,40.237678,8.8254636,4.2364573,3.5304988,3.8838165,1.765378,0.35307673,1.0592283,0.35307966,1.05926
5.3053053,1.7304351,6.229509,31.146785,269.23181,134.9463,1262.3816,667.93441,1204.5142,111.00298,63.61464,46.305552,99.802266,49.733571,34.899959,36.987413,95.025385,16.948518,51.193792,16.260634,94.107907,160.90293,2.7679404,5.190571,5.1901139,93.351882,85.408159,39.439857,8.6505021,4.1524755,3.4605139,3.8068328,1.7303854,0.34607822,1.0382328,0.34608115,1.0382644
5.4054054,1.6961361,6.1060329,30.529411,263.89508,132.2712,1237.3532,654.68973,1180.6236,108.80126,62.352574,45.386455,97.820167,48.745934,34.20721,36.253471,93.139112,16.612399,50.178569,15.938229,92.242052,157.71308,2.7130629,5.0876746,5.087218,91.499821,83.71386,38.657852,8.4790085,4.0701584,3.3919161,3.7313749,1.6960864,0.33921841,1.0176533,0.33922133,1.017685
5.5055055,1.6625167,5.9850035,29.924271,258.66411,129.64912,1212.821,641.70764,1157.2068,106.6432,61.115541,44.485597,95.877427,47.777907,33.528208,35.534089,91.290273,16.282945,49.183474,15.622215,90.413181,154.58646,2.6592731,4.9868174,4.9863615,89.684494,82.053163,37.891349,8.310914,3.9894726,3.3246778,3.6574123,1.662467,0.33249453,0.9974817,0.33249745,0.99751329
5.6056056,1.6295636,5.8663731,29.331125,253.53683,127.07902,1188.7752,628.983,1134.2544,104.52795,59.903051,43.60262,93.973272,46.829104,32.862685,34.828982,89.478131,15.960024,48.208111,15.312466,88.620568,151.52181,2.6065497,4.8879595,4.8875044,87.90518,80.425409,37.140043,8.1461517,3.9103863,3.2587723,3.5849157,1.629514,0.32590393,0.97770989,0.32590685,0.97774142
5.7057057,1.5972638,5.7500942,28.749738,248.51119,124.55987,1165.2062,616.51072,1111.7574,102.45466,58.71462,42.737171,92.106941,45.899146,32.210374,34.137867,87.701963,15.643508,47.252092,15.00886,86.863499,148.51792,2.5548717,4.7910615,4.7906074,86.161168,78.829947,36.403635,7.984656,3.8328679,3.1941733,3.5138562,1.5972142,0.31944397,0.95833003,0.31944688,0.95836148
5.8058058,1.5656043,5.6361206,28.179877,243.5852,122.09068,1142.1046,604.28585,1089.7068,100.42251,57.549773,41.888906,90.277688,44.987662,31.571015,33.460469,85.961061,15.33327,46.315037,14.711274,85.141276,145.5736,2.5042185,4.6960848,4.6956319,84.451765,77.266144,35.681832,7.8263628,3.7568865,3.1308552,3.4442057,1.5655549,0.3131121,0.9393344,0.313115,0.93936578
5.9059059,1.5345721,5.5244052,27.621307,238.75681,119.67041,1119.461,592.3033,1068.0934,98.430655,56.408028,41.05747,88.484751,44.094271,30.944341,32.796507,84.2547,15.029183,45.396556,14.419587,83.453183,142.68762,2.4545691,4.6029901,4.6025384,82.77626,75.733347,34.974334,7.6712062,3.6824107,3.0687917,3.375935,1.5345227,0.30690567,0.92071513,0.30690856,0.92074641
6.006006,1.5041548,5.4149035,27.073806,234.0241,117.29812,1097.2662,580.55832,1046.9086,96.478301,55.288929,40.242534,86.727417,43.218618,30.330105,32.145717,82.582202,14.731124,44.496285,14.133681,81.798551,139.85884,2.4059038,4.5117404,4.5112901,81.133987,74.23095,34.280861,7.5191248,3.6094109,3.0079582,3.3090173,1.5041056,0.30082224,0.90246483,0.30082512,0.90249601
6.1061061,1.4743405,5.3075725,26.537158,229.38522,114.97285,1075.5115,569.04628,1026.1441,94.564677,54.192036,39.443775,85.004989,42.360358,29.728062,31.507841,80.942905,14.438977,43.613868,13.853444,80.176727,137.08614,2.3582035,4.4222998,4.4218509,79.524298,72.758359,33.601138,7.3700586,3.5378584,2.9483307,3.2434261,1.4742914,0.29485939,0.8845763,0.29486227,0.88460737
6.2062062,1.4451173,5.2023694,26.01115,224.83832,112.6937,1054.1883,557.76259,1005.7916,92.689024,53.116911,38.660875,83.316782,41.519146,29.137973,30.882626,79.336158,14.152625,42.748955,13.578765,78.587067,134.36843,2.3114491,4.3346327,4.3341854,77.946552,71.314988,32.934897,7.2239484,3.4677246,2.8898855,3.1791354,1.4450683,0.28901477,0.86704245,0.28901764,0.86707341
6.3063063,1.4164736,5.0992527,25.495574,220.38159,110.45975,1033.2881,546.70279,985.843,90.850596,52.063128,37.893523,81.662122,40.69465,28.559604,30.269824,77.761321,13.871954,41.901203,13.309536,77.02894,131.70462,2.2656222,4.2487043,4.2482588,76.400124,69.900264,32.281872,7.0807362,3.3989819,2.8325994,3.1161196,1.4164248,0.28328606,0.84985633,0.28328892,0.84988716
6.4064064,1.3883971,4.9981781,24.990208,216.01313,108.27005,1012.8019,535.86213,966.28978,89.048604,51.030234,37.14139,80.040298,39.886513,27.992705,29.669171,76.217717,13.596846,41.070247,13.045639,75.501679,129.09357,2.220703,4.1644779,4.1640342,74.884348,68.51358,31.641784,6.9403607,3.3316007,2.7764479,3.0543519,1.3883485,0.27767081,0.83301056,0.27767365,0.83304126
6.5065065,1.3608772,4.899107,24.494859,211.73126,106.12375,992.72197,525.23645,947.12444,87.282358,50.017834,36.404186,78.450687,39.094426,27.43706,29.080437,74.704754,13.327193,40.255771,12.786975,74.004699,126.53428,2.1766744,4.0819212,4.0814794,73.398645,67.154405,31.014388,6.8027681,3.2655553,2.7214095,2.9938085,1.3608288,0.27216685,0.81649871,0.27216968,0.81652928
6.6066066,1.3339029,4.8019998,24.009331,207.53428,104.02002,973.04023,514.82152,928.33933,85.551154,49.025523,35.681617,76.892654,38.318073,26.892446,28.503387,73.221828,13.062888,39.457449,12.533441,72.537403,124.02574,2.1335189,4.0010013,4.0005616,71.942422,65.822197,30.399434,6.6679037,3.2008193,2.6674624,2.9344654,1.3338546,0.26677202,0.80031421,0.26677483,0.80034463
6.7067067,1.3074634,4.7068183,23.533431,203.42053,101.958,953.74889,504.61321,909.927,83.854303,48.052908,34.973397,75.365578,37.557143,26.358648,27.937792,71.76835,12.803828,38.674965,12.284935,71.099211,121.56694,2.0912193,3.9216862,3.9212486,70.515101,64.516426,29.796677,6.535714,3.1373672,2.614585,2.8762991,1.3074153,0.26148416,0.78445063,0.26148695,0.7844809
6.8068068,1.2815481,4.6135239,23.066967,199.38835,99.936876,934.84018,494.60741,891.88001,82.191123,47.099595,34.279239,73.868842,36.81133,25.835449,27.383424,70.343734,12.549906,37.908003,12.041358,69.689542,119.15691,2.0497587,3.8439439,3.8435085,69.116106,63.236567,29.205876,6.4061458,3.0751733,2.5627562,2.819286,1.2815003,0.25630114,0.7689016,0.25630393,0.76893171
6.9069069,1.2561462,4.5220774,22.609741,195.43604,97.955789,916.30611,484.79988,874.19076,80.56091,46.165183,33.59885,72.401812,36.080318,25.322628,26.840048,68.947375,12.301017,37.15624,11.802607,68.307802,116.79462,2.0091194,3.7677417,3.7673085,67.744845,61.982079,28.62678,6.2791443,3.0142114,2.511954,2.7634022,1.2560985,0.25122079,0.75366055,0.25122356,0.75369049
7.007007,1.2312477,4.4324436,22.16158,191.56208,96.013977,898.13955,475.18686,856.85241,78.963036,45.249311,32.931966,70.963921,35.363825,24.819987,26.307455,67.578736,12.057064,36.419386,11.568591,66.953458,114.47916,1.9692859,3.6930501,3.6926193,66.400791,60.752478,28.059167,6.1546607,2.9544581,2.462159,2.7086263,1.2312003,0.24624114,0.73872161,0.24624389,0.73875139
7.1071071,1.2068429,4.3445867,21.722303,187.76492,94.110667,880.33325,465.76451,839.85806,77.396864,44.351613,32.278322,69.554595,34.661563,24.327326,25.785433,66.237269,11.81795,35.697147,11.339214,65.625972,112.20962,1.9302423,3.6198395,3.6194111,65.083408,59.547274,27.502811,6.0326455,2.8958895,2.4133512,2.6549362,1.2067957,0.24136022,0.72407885,0.24136295,0.72410846
7.2072072,1.182922,4.258472,21.291737,184.04307,92.245103,862.88016,456.52908,823.20095,75.861771,43.471733,31.637658,68.173271,33.973254,23.844448,25.273773,64.922442,11.58358,34.989236,11.114388,64.324816,109.98508,1.8919731,3.5480808,3.5476549,63.79217,58.365988,26.957491,5.9130502,2.8384825,2.3655113,2.6023109,1.1828751,0.23657608,0.70972645,0.2365788,0.70975588
7.3073073,1.1594752,4.1740642,20.869706,180.39498,90.416523,845.77311,447.4768,806.87425,74.357128,42.60931,31.009711,66.819383,33.298614,23.371155,24.772266,63.633714,11.353857,34.295364,10.89402,63.049458,107.80465,1.8544626,3.4777446,3.4773213,62.526551,57.208136,26.422983,5.7958258,2.7822134,2.3186198,2.5507286,1.1594286,0.23188677,0.69565854,0.23188948,0.69568778
7.4074074,1.1364929,4.0913286,20.456035,176.81918,88.624173,829.00508,438.60394,790.87124,72.882316,41.763989,30.394221,65.492371,32.637365,22.907253,24.280705,62.370555,11.128688,33.615245,10.678018,61.799373,105.66742,1.8176955,3.408802,3.4083813,61.286027,56.07324,25.899067,5.6809241,2.7270592,2.2726573,2.5001683,1.1364466,0.22729036,0.68186933,0.22729305,0.68189838
7.5075075,1.1139662,4.010233,20.050565,173.31426,86.867356,812.56953,429.90704,775.18568,71.43676,40.935439,29.790949,64.191716,31.989249,22.45256,23.798899,61.13247,10.907985,32.948614,10.4663,60.574074,103.57256,1.7816573,3.3412262,3.3408082,60.070115,54.96086,25.38554,5.5683004,2.6729985,2.227606,2.4506102,1.1139201,0.22278507,0.66835345,0.22278774,0.66838232
7.6076076,1.0918861,3.9307452,19.653133,169.87883,85.145374,796.45992,421.38264,759.81133,70.019883,40.123332,29.199654,62.9169,31.354007,22.006894,23.326656,59.918967,10.69166,32.295206,10.25878,59.373074,101.51924,1.7463338,3.2749902,3.274575,58.878332,53.87055,24.882198,5.4579099,2.6200096,2.1834479,2.4020346,1.0918403,0.2183691,0.65510554,0.21837175,0.65513422
7.7077077,1.0702438,3.8528335,19.263582,166.51152,83.457542,780.66985,413.02735,744.74207,68.631123,39.327343,28.620101,61.667413,30.731386,21.570078,22.863787,58.729562,10.479627,31.654761,10.055376,58.195895,99.506639,1.7117108,3.2100679,3.2096555,57.710202,52.801879,24.388839,5.3497088,2.5680717,2.1401655,2.3544223,1.0701983,0.21404069,0.64212034,0.21404332,0.64214881
7.8078078,1.0490304,3.7764656,18.88175,163.21094,81.803157,765.19274,404.8377,729.97162,67.2699,38.547141,28.052047,60.442735,30.121125,21.14193,22.410099,57.563759,10.271797,31.027012,9.8560041,57.042048,97.533926,1.6777741,3.1464321,3.1460225,56.56524,51.7544,23.90526,5.243652,2.5171629,2.0977408,2.3077534,1.0489851,0.20979805,0.62939243,0.20980067,0.6294207
7.9079079,1.0282372,3.7016109,18.507484,159.97576,80.181559,750.0224,396.8104,715.49406,65.93567,37.782413,27.495265,59.242372,29.52298,20.722278,21.965412,56.42109,10.068087,30.411708,9.6605838,55.911071,95.600309,1.64451,3.0840573,3.0836507,55.442986,50.727694,23.431266,5.1396971,2.467263,2.0561568,2.2620093,1.0281923,0.20563948,0.61691673,0.20564208,0.61694479
8.008008,1.0078563,3.6282401,18.140637,156.80472,78.592109,735.15287,388.94229,701.3037,64.627907,37.032859,26.949535,58.065852,28.936714,20.310957,21.529549,55.301104,9.8684182,29.808607,9.4690384,54.802519,93.705027,1.6119055,3.0229192,3.0225156,54.342998,49.721357,22.96667,5.0378032,2.4183524,2.0153972,2.217172,1.0078117,0.20156334,0.60468833,0.20156592,0.60471619
8.1081081,0.98787942,3.5563239,17.781063,153.69654,77.034175,720.57823,381.23025,687.39488,63.34609,36.298179,26.41464,56.912704,28.362094,19.907803,21.102337,54.203356,9.6727096,29.217469,9.2812918,53.715951,91.847328,1.5799475,2.9629934,2.9625927,53.264838,48.734988,22.511289,4.9379298,2.3704117,1.9754458,2.1732236,0.98783509,0.19756802,0.59270238,0.19757058,0.59273003
8.2082082,0.9682987,3.4858338,17.42862,150.65001,75.50714,706.2927,373.67121,673.76209,62.089711,35.578082,25.890368,55.782471,27.798891,19.512655,20.683606,53.127409,9.4808842,28.63806,9.0972695,52.650936,90.026475,1.5486235,2.9042561,2.9038584,52.208079,47.768195,22.064941,4.8400373,2.3234217,1.9362867,2.1301468,0.96825468,0.19365194,0.58095413,0.19365447,0.58098156
8.3083083,0.94910542,3.4167385,17.083151,147.66377,74.010325,692.28991,366.26181,660.39924,60.85821,34.872247,25.376483,54.674646,27.246853,19.125338,20.27317,52.072783,9.2928564,28.07012,8.9168896,51.607001,88.241656,1.5179194,2.8466811,2.8462866,51.172249,46.820548,21.627428,4.7440821,2.2773617,1.8979025,2.0879224,0.94906172,0.18981334,0.56943834,0.18981585,0.56946556
8.4084084,0.93029242,3.3490123,16.744527,144.73669,72.54317,678.56465,358.99929,647.30136,59.651127,34.18041,24.872795,53.588815,26.705774,18.745705,19.870874,51.039083,9.1085561,27.51344,8.7400847,50.583756,86.492208,1.4878238,2.7902471,2.7898556,50.156962,45.891693,21.198587,4.6500285,2.2322143,1.8602789,2.0465346,0.93024904,0.18605079,0.55815073,0.18605329,0.55817773
8.5085085,0.91185227,3.2826283,16.412614,141.86763,71.105097,665.11149,351.88076,634.46324,58.467984,33.502297,24.379104,52.524547,26.175439,18.373608,19.476561,50.0259,8.9279104,26.967797,8.566785,49.580796,84.777437,1.4583248,2.7349317,2.7345433,49.161815,44.981262,20.778248,4.5578393,2.1879619,1.823401,2.0059671,0.91180922,0.18236282,0.54708683,0.1823653,0.54711361
8.6086086,0.89377767,3.2175603,16.087281,139.05544,69.695534,651.92509,344.90341,621.87981,57.308312,32.837639,23.895213,51.48142,25.655638,18.008897,19.090073,49.032831,8.7508476,26.432977,8.3969218,48.597724,83.096666,1.4294108,2.680713,2.6803278,48.186413,44.088894,20.366244,4.4674779,2.1445868,1.7872543,1.9662038,0.89373496,0.17874796,0.53624226,0.17875042,0.53626881
8.7087087,0.87606149,3.1537826,15.7684,136.29903,68.313928,639.00025,338.06449,609.54609,56.171653,32.186174,23.420931,50.459019,25.146164,17.651429,18.711258,48.059484,8.5772979,25.908767,8.2304281,47.634152,81.44923,1.4010702,2.6275696,2.6271875,47.230372,43.214237,19.962412,4.3789087,2.1020719,1.7518244,1.9272291,0.87601912,0.17520478,0.52561274,0.17520722,0.52563907
8.8088088,0.85869679,3.0912702,15.455845,133.5973,66.959735,626.33191,331.3613,597.45724,55.057561,31.547646,22.956072,49.456943,24.646817,17.301064,18.339967,47.105476,8.4071932,25.394963,8.0672385,46.689702,79.834484,1.3732921,2.5754806,2.5751018,46.293316,42.356946,19.566596,4.292097,2.0604006,1.7170975,1.8890276,0.85865475,0.1717319,0.51519411,0.17173432,0.51522022
8.9089089,0.84167622,3.0299967,15.149484,130.94912,65.632382,613.91469,324.79102,585.60813,53.965564,30.921784,22.500438,48.474766,24.157385,16.957652,17.976041,46.170402,8.2404614,24.891346,7.9072841,45.763974,78.251745,1.3460646,2.5244241,2.5240485,45.374848,41.51666,19.178626,4.207006,2.0195553,1.6830589,1.8515832,0.84163453,0.16832785,0.50498197,0.16833025,0.50500785
9.009009,0.82499225,2.9699349,14.849182,128.35331,64.331282,601.74311,318.35073,573.99352,52.895177,30.30831,22.053827,47.512051,23.67765,16.621041,17.619321,45.253847,8.0770287,24.397694,7.7504938,44.856559,76.700312,1.3193757,2.4743774,2.4740051,44.474559,40.693005,18.798331,4.1235981,1.9795178,1.6496935,1.8148793,0.8249509,0.16499112,0.49497178,0.16499349,0.49499743
9.1091091,0.80863895,2.9110635,14.554832,125.80896,63.055973,589.81283,312.03814,562.60927,51.846019,29.707007,21.61608,46.568455,23.207442,16.291112,17.269679,44.355485,7.9168368,23.91383,7.5968121,43.967134,75.179633,1.2932159,2.4253227,2.4249537,43.592131,39.885688,18.425576,4.0418436,1.940274,1.6169895,1.7789029,0.80859794,0.16172052,0.48516,0.16172287,0.48518542
9.2092092,0.79260985,2.8533593,14.266318,123.31504,61.80595,578.11913,305.85075,551.45088,50.817676,29.117635,21.187024,45.643603,22.746573,15.967732,16.926976,43.474959,7.7598225,23.439564,7.4461781,43.095346,73.689107,1.2675748,2.3772407,2.3768749,42.727213,39.094389,18.060214,3.9617102,1.9018082,1.5849338,1.7436398,0.79256919,0.15851476,0.47554274,0.15851709,0.47556793
9.3093093,0.77689866,2.7967995,13.983526,120.87059,60.580721,566.65741,299.78613,540.51394,49.809742,28.539963,20.766489,44.737131,22.294863,15.650776,16.591077,42.611922,7.6059239,22.974709,7.2985325,42.240854,72.228147,1.2424424,2.3301124,2.3297499,41.879465,38.318797,17.7021,3.8831663,1.8641055,1.553514,1.709076,0.77685835,0.15537258,0.46611622,0.15537489,0.46614118
9.4094094,0.76149921,2.741362,13.706345,118.47465,59.379807,555.42318,293.8419,529.79417,48.821823,27.973765,20.354311,43.848681,21.852132,15.340118,16.261851,41.766035,7.4550807,22.519082,7.1538175,41.403322,70.796183,1.2178089,2.2839194,2.2835602,41.048555,37.558608,17.351094,3.8061813,1.827151,1.5227177,1.6751981,0.76145926,0.15229276,0.45687676,0.15229505,0.45690149
9.5095095,0.74640554,2.6870253,13.434668,116.12628,58.202741,544.41208,288.01575,519.2874,47.853533,27.418819,19.950328,42.977908,21.418209,15.035637,15.939169,40.936969,7.3072343,22.072507,7.0119769,40.582424,69.392656,1.1936645,2.2386437,2.2382878,40.234158,36.813526,17.007061,3.7307251,1.7909303,1.4925329,1.6419929,0.74636594,0.14927409,0.44782075,0.14927635,0.44784525
9.6096096,0.73161027,2.6337628,13.168362,113.82435,57.048949,533.61873,282.30484,508.9885,46.9044,26.874855,19.554343,42.124384,20.992881,14.737185,15.622874,40.124318,7.1623124,21.634765,6.8729414,39.777761,68.016883,1.1699977,2.1942633,2.1939107,39.435877,36.083187,16.669831,3.656761,1.7554258,1.462945,1.6094442,0.73157103,0.1463151,0.4389438,0.14631734,0.43896806
9.7097097,0.71710801,2.5815552,12.907331,111.568,55.91801,523.03918,276.70707,498.8937,45.974077,26.341673,19.166211,41.287797,20.575993,14.444652,15.31285,39.327784,7.020262,21.205696,6.7366602,38.989038,66.66836,1.1467996,2.1507619,2.1504126,38.65342,35.367323,16.339282,3.5842619,1.7206245,1.4339431,1.5775402,0.71706912,0.14341471,0.43024264,0.14341693,0.43026667
9.8098098,0.70289324,2.5303825,12.651474,109.35639,54.809493,512.66943,271.22032,488.99916,45.062209,25.819071,18.785784,40.467828,20.167384,14.157926,15.008978,38.547064,6.8810293,20.785138,6.6030816,38.215955,65.346577,1.1240616,2.108123,2.107777,37.886489,34.665663,16.015288,3.5132004,1.6865133,1.4055162,1.5462686,0.70285472,0.14057182,0.42171399,0.14057402,0.42173779
9.9099099,0.68896037,2.4802246,12.400691,107.18863,53.722961,502.50537,265.84242,479.30097,44.168437,25.306842,18.412912,39.664152,19.766894,13.876895,14.71114,37.781849,6.7445591,20.372924,6.4721528,37.458208,64.05101,1.1017746,2.0663297,2.0659871,37.134782,33.977929,15.697722,3.4435483,1.6530785,1.377653,1.5156171,0.6889222,0.13778531,0.41335447,0.13778749,0.41337804
10.01001,0.67530391,2.4310619,12.154883,105.06389,52.657988,492.543,260.57126,469.79532,43.292409,24.804785,18.047448,38.876451,19.374365,13.601447,14.419216,37.031838,6.6107978,19.968892,6.3438223,36.715497,62.78115,1.0799298,2.0253657,2.0250265,36.398001,33.30385,15.386457,3.3752783,1.6203072,1.3503427,1.4855738,0.67526611,0.13505408,0.4051608,0.13505624,0.40518413
10.11011,0.66191853,2.3828749,11.913955,102.98132,51.614156,482.77843,255.40477,460.47847,42.433781,24.312702,17.689248,38.104418,18.989642,13.331474,14.133094,36.296736,6.479693,19.572883,6.2180399,35.987534,61.536501,1.0585188,1.985215,1.9848791,35.675859,32.643163,15.081374,3.3083637,1.5881865,1.3235746,1.4561269,0.66188108,0.13237707,0.39712977,0.1323792,0.39715287
10.21021,0.64879866,2.3356439,11.677806,100.94006,50.591032,473.2076,250.34081,451.34656,41.592198,23.830389,17.338164,37.347729,18.612565,13.066865,13.852653,35.576238,6.3511903,19.184734,6.0947533,35.274015,60.316546,1.0375326,1.9458607,1.9455282,34.968055,31.995593,14.782344,3.2427767,1.556703,1.2973375,1.4272641,0.64876157,0.12975316,0.38925806,0.12975527,0.38928092
10.31031,0.63593807,2.2893463,11.446324,98.93915,49.58813,463.82597,245.37697,442.39525,40.767257,23.357617,16.994027,36.606024,18.242954,12.807492,13.577761,34.869999,6.2252286,18.80426,5.973904,34.574601,59.120706,1.0169613,1.9072844,1.9069552,34.274252,31.360831,14.489226,3.178486,1.5258417,1.2716189,1.3989717,0.63590135,0.1271811,0.38154191,0.1271832,0.38156455
10.41041,0.62333242,2.2439664,11.219431,96.977902,48.605111,454.63035,240.51157,433.62149,39.95868,22.894225,16.656721,35.87905,17.880683,12.553268,13.308324,34.17778,6.101765,18.431332,5.855451,33.889056,57.948574,0.99679778,1.8694728,1.8691469,33.594215,30.738662,14.20192,3.11547,1.4955923,1.2464102,1.3712402,0.62329606,0.12466004,0.37397873,0.12466211,0.37400112
10.510511,0.61097669,2.1994862,10.997036,95.05554,47.641583,445.61709,235.74267,425.0218,39.166145,22.440029,16.326113,35.166518,17.525608,12.304092,13.044235,33.499306,5.9807506,18.065801,5.7393472,33.217106,56.799686,0.97703418,1.832411,1.8320884,32.927673,30.128839,13.920312,3.0537037,1.4659428,1.2217014,1.3440585,0.61094069,0.12218895,0.3665655,0.12219101,0.36658766
10.610611,0.598866,2.1558882,10.779052,93.171305,46.697167,436.78263,231.06838,416.59277,38.389339,21.994849,16.00207,34.468145,17.177589,12.059865,12.785389,32.834308,5.8621375,17.707523,5.6255468,32.558486,55.673588,0.95766264,1.7960843,1.7957651,32.274363,29.53112,13.644291,2.9931625,1.4368813,1.1974826,1.3174159,0.59883036,0.11976688,0.35929929,0.11976891,0.35932122
10.710711,0.5869956,2.1131552,10.565392,91.324455,45.77149,428.12349,226.48688,408.33109,37.627955,21.558509,15.684465,33.783656,16.836488,11.82049,12.531685,32.182523,5.745879,17.356357,5.514005,31.912938,54.569835,0.93867554,1.7604784,1.7601625,31.634027,28.94527,13.373749,2.9338227,1.4083965,1.1737444,1.2913019,0.58696032,0.11739286,0.35217725,0.11739487,0.35219895
10.810811,0.57536083,2.0712704,10.355975,89.514269,44.864191,419.63628,221.99635,400.23352,36.881696,21.130839,15.373174,33.112781,16.502171,11.585874,12.283022,31.543695,5.6319296,17.012166,5.404678,31.280208,53.487998,0.92006545,1.7255795,1.7252669,31.006414,28.37106,13.108578,2.8756611,1.3804772,1.1504775,1.2657063,0.57532591,0.11506598,0.3451966,0.11506796,0.34521807
10.910911,0.56395632,2.0302146,10.150702,87.739909,43.974849,411.31708,217.59473,392.29631,36.150215,20.711641,15.068052,32.455209,16.174482,11.355907,12.039286,30.917529,5.5202365,16.67479,5.2975154,30.660004,52.427575,0.90182375,1.6913713,1.691062,30.391233,27.808223,12.848658,2.8186507,1.3531105,1.127671,1.2406173,0.56392177,0.11278514,0.3383541,0.1127871,0.33837534
11.011011,0.55277757,1.9899716,9.9494918,86.000674,43.103114,403.16259,213.28028,384.51632,35.433224,20.300748,14.768978,31.81068,15.853293,11.1305,11.80038,30.303777,5.4107556,16.344095,5.1924748,30.05208,51.388147,0.88394325,1.6578404,1.6575344,29.788242,27.256537,12.593884,2.7627691,1.3262856,1.1053161,1.2160249,0.55274337,0.11054945,0.33164705,0.11055139,0.33166806
11.111111,0.54182041,1.9505262,9.7522707,84.295917,42.248661,395.16979,209.05139,376.89064,34.730455,19.898007,14.47584,31.178952,15.538482,10.909567,11.566215,29.702208,5.3034461,16.019959,5.089517,29.456211,50.369327,0.86641727,1.6249742,1.6246715,29.197215,26.715797,12.344162,2.7079954,1.2999925,1.0834044,1.1919201,0.54178657,0.10835808,0.32507296,0.10836,0.32509374
11.211211,0.5310805,1.9118629,9.5589599,82.624961,41.411151,387.3355,204.90637,369.41626,34.041628,19.503259,14.188523,30.559774,15.229924,10.69302,11.336698,29.112584,5.1982653,15.702253,4.9886011,28.872159,49.370711,0.84923887,1.5927597,1.5924603,28.617917,26.185786,12.099394,2.6543079,1.2742208,1.0619271,1.1682931,0.53104701,0.10621016,0.31862921,0.10621206,0.31864977
11.311311,0.5205536,1.8739665,9.3694833,80.987149,40.590254,379.65662,200.8436,362.09022,33.366473,19.116347,13.906912,29.9529,14.927498,10.480775,11.111739,28.534672,5.0951718,15.390851,4.8896875,28.299695,48.391905,0.83240127,1.5611843,1.5608881,28.050119,25.666297,11.859481,2.6016854,1.2489604,1.0408759,1.1451349,0.52052047,0.10410485,0.31231328,0.10410673,0.3123336
11.411411,0.51023558,1.836822,9.1837664,79.381836,39.785647,372.13015,196.86147,354.90964,32.704724,18.737119,13.630897,29.358092,14.631084,10.272747,10.891248,27.968244,4.994125,15.085632,4.7927372,27.738593,47.432525,0.81589785,1.5302355,1.5299426,27.493599,25.157124,11.624331,2.5501072,1.2242012,1.0202424,1.1224361,0.5102028,0.1020413,0.30612267,0.10204316,0.30614276
11.511512,0.50012229,1.8004146,9.0017346,77.808377,38.997007,364.75306,192.95839,347.87162,32.056114,18.365423,13.360366,28.77511,14.340563,10.068853,10.675137,27.413072,4.8950843,14.786472,4.6977112,27.188628,46.492185,0.79972198,1.4999008,1.4996112,26.948132,24.658063,11.393848,2.4995527,1.1999333,1.0000183,1.1001877,0.50008987,0.10001871,0.3000549,0.10002055,0.30007477
11.611612,0.49020885,1.7647266,8.8232999,76.266012,38.223952,357.52177,189.13247,340.97277,31.420329,18.001079,13.095188,28.20367,14.055793,9.8689938,10.463301,26.868887,4.7980018,14.493226,4.6045635,26.649534,45.57043,0.78386585,1.4701657,1.4698793,26.413453,24.168872,11.167921,2.4499974,1.1761451,0.98019397,1.0783791,0.49017678,0.098036084,0.29410703,0.098037902,0.29412668
11.711712,0.48049189,1.729746,8.6484019,74.754218,37.466221,350.43384,185.3824,334.21074,30.797154,17.643962,12.835274,27.643578,13.776678,9.6731013,10.255668,26.335503,4.7028444,14.205795,4.5132627,26.121128,44.666947,0.76832405,1.44102,1.4407368,25.889382,23.689384,10.946474,2.4014244,1.1528284,0.96076257,1.0570026,0.48046017,0.096092754,0.28827706,0.096094552,0.28829648
11.811812,0.47096755,1.6954588,8.476971,73.272394,36.723512,343.48645,181.7067,327.58284,30.18634,17.29393,12.580518,27.09461,13.503107,9.4810976,10.052156,25.812709,4.6095745,13.924066,4.4237723,25.603199,43.781379,0.75309043,1.4124522,1.4121721,25.37571,23.21941,10.729418,2.3538145,1.129974,0.94171641,1.03605,0.47093619,0.09418795,0.28256266,0.094189727,0.28258186
11.911912,0.46163208,1.6618515,8.3089396,71.819956,35.995532,336.67685,178.10392,321.08644,29.587646,16.950846,12.330822,26.55655,13.23497,9.2929067,9.8526839,25.300297,4.518155,13.647925,4.336057,25.095545,42.913374,0.73815897,1.3844509,1.384174,24.872233,22.758764,10.516667,2.3071488,1.1075729,0.92304796,1.0155128,0.46160107,0.092320918,0.27696157,0.092322674,0.27698055
12.012012,0.45248181,1.6289108,8.1442416,70.396332,35.281995,330.00237,174.57263,314.719,29.000837,16.614574,12.086085,26.029185,12.972163,9.1084544,9.6571733,24.798064,4.4285501,13.377265,4.2500824,24.597963,42.062592,0.72352378,1.3570052,1.3567315,24.378753,22.307263,10.308139,2.2614091,1.0856162,0.90474989,0.99538308,0.45245114,0.090490924,0.27147161,0.09049266,0.27149037
12.112112,0.44351315,1.596624,7.9828126,69.000965,34.582622,323.46039,171.11146,308.47802,28.425682,16.284983,11.846213,25.512307,12.714581,8.9276684,9.4655475,24.305815,4.3407246,13.111981,4.1658147,24.110261,41.2287,0.70917916,1.3301043,1.3298337,23.895078,21.864731,10.103751,2.2165774,1.0640953,0.88681503,0.97565289,0.44348283,0.088697253,0.26609061,0.088698969,0.26610915
12.212212,0.43472157,1.5649747,7.8245709,67.63315,33.897059,317.0476,167.71865,302.36034,27.861891,15.961904,11.611083,25.005654,12.462095,8.7504568,9.2777094,23.823299,4.2546341,12.851936,4.0832114,23.632191,40.411275,0.69511782,1.3037346,1.3034671,23.420961,21.430944,9.9033993,2.172631,1.0429994,0.86923432,0.95631227,0.43469159,0.086938998,0.26081586,0.086940694,0.26083418
12.312312,0.42610339,1.5339496,7.6694503,66.292313,33.225018,310.76132,164.39279,296.36339,27.309226,15.645203,11.380598,24.509013,12.214597,8.5767453,9.0935801,23.350314,4.1702425,12.597023,4.0022377,23.163553,39.609976,0.68133389,1.277885,1.2776207,22.956204,21.00572,9.7070009,2.1295515,1.0223197,0.8520004,0.93735313,0.42607375,0.085215422,0.25564514,0.085217098,0.25566325
12.412412,0.41765585,1.5035389,7.5174013,64.978028,32.566286,304.59954,161.1328,290.48525,26.767512,15.334779,11.154682,24.022225,11.97201,8.4064783,8.9131008,22.886708,4.0875228,12.34716,3.922868,22.704197,38.824546,0.66782297,1.2525474,1.2522862,22.500658,20.588923,9.5144927,2.0873252,1.0020495,0.83510775,0.91876941,0.41762656,0.083525976,0.25057682,0.083527632,0.25059471
12.512513,0.40937564,1.4737305,7.368364,63.689775,31.920603,298.55984,157.93741,284.72361,26.236534,15.030509,10.933247,23.545097,11.734236,8.2395886,8.7362002,22.432299,4.0064425,12.102249,3.8450708,22.253942,38.054677,0.65457973,1.2277118,1.2274536,22.054144,20.180389,9.3257989,2.0459354,0.9821808,0.81854974,0.9005538,0.40934669,0.081869994,0.24560888,0.081871631,0.24562656
12.612613,0.40125952,1.4445128,7.2222802,62.427053,31.287716,292.63984,154.80536,279.07622,25.716085,14.732274,10.716206,23.077443,11.501183,8.0760108,8.562809,21.986908,3.9269697,11.862194,3.7688158,21.812612,37.300066,0.64159899,1.2033683,1.2031132,21.616487,19.779957,9.1408456,2.005366,0.96270591,0.80231988,0.88269916,0.4012309,0.080246829,0.2407394,0.080248446,0.24075687
12.712713,0.39330432,1.4158744,7.079093,61.189369,30.667379,286.83726,151.73543,273.54087,25.205962,14.439957,10.503474,22.61908,11.272759,7.915681,8.3928597,21.550361,3.8490736,11.6269,3.6940733,21.380036,36.560422,0.62887571,1.1795076,1.1792555,21.187516,19.387471,8.9595608,1.9656012,0.94361722,0.78641186,0.86519857,0.39327603,0.078655849,0.23596647,0.078657446,0.23598373
12.812813,0.38550699,1.3878044,6.9387472,59.976246,30.059353,281.14984,148.72645,268.11542,24.705969,14.153447,10.29497,22.169829,11.048877,7.7585372,8.2262866,21.122489,3.7727241,11.396279,3.6208144,20.956046,35.835457,0.61640496,1.1561205,1.1558714,20.767065,19.002781,8.7818746,1.9266256,0.92490738,0.77081955,0.84804526,0.38547903,0.07709644,0.23128826,0.077098018,0.23130531
12.912913,0.37786452,1.3602918,6.801189,58.78722,29.463406,275.57541,145.77726,262.7978,24.215913,13.872632,10.090612,21.72952,10.82945,7.6045192,8.0630257,20.703129,3.6978919,11.17024,3.5490111,20.54048,35.124895,0.60418198,1.1331979,1.1329518,20.354973,18.625738,8.607719,1.8884242,0.90656921,0.75553697,0.83123267,0.3778369,0.075568007,0.22670297,0.075569566,0.22671981
13.013013,0.37037404,1.3333264,6.6663664,57.621839,28.87931,270.11185,142.88673,257.58599,23.735608,13.597406,9.8903245,21.297983,10.614395,7.4535683,7.903015,20.292121,3.6245486,10.948698,3.4786361,20.133181,34.428466,0.59220213,1.1107312,1.1104881,19.951085,18.256199,8.4370278,1.8509827,0.88859576,0.74055833,0.81475443,0.37034674,0.074069968,0.22220887,0.074071508,0.2222255
13.113113,0.36303272,1.306898,6.5342287,56.479667,28.306847,264.75712,140.05378,252.47803,23.264875,13.327666,9.6940306,20.875057,10.40363,7.3056278,7.7461944,19.889309,3.5526667,10.731571,3.409663,19.733995,33.745908,0.5804609,1.088712,1.0884718,19.555246,17.894026,8.2697369,1.814287,0.87098027,0.725878,0.79860434,0.36300575,0.072601762,0.21780426,0.072603283,0.21782069
13.213213,0.35583545,1.2809882,6.4046837,55.359906,27.745617,259.50747,137.27644,247.47034,22.803383,13.063223,9.5015933,20.460444,10.197008,7.160594,7.592454,19.494413,3.4821959,10.518706,3.3420437,19.342643,33.076745,0.56895011,1.0671249,1.0668877,19.167182,17.538965,8.1057296,1.7783114,0.85371047,0.71148575,0.78277115,0.3558088,0.071162365,0.21348608,0.071163867,0.21350231
13.313313,0.34877982,1.2555882,6.2776881,54.262183,27.195433,254.36116,134.55378,242.56126,22.350978,12.803989,9.3129481,20.054006,9.9944595,7.0184183,7.4417425,19.107299,3.4131127,10.310032,3.2757555,18.958996,32.420754,0.5576659,1.0459627,1.0457283,18.786762,17.190897,7.944951,1.7430439,0.83678058,0.69737676,0.76724956,0.34875349,0.069751295,0.20925289,0.069752779,0.20926891
13.413413,0.34186395,1.2306914,6.1532083,53.186205,26.656149,249.3168,131.88506,237.74948,21.907541,12.549894,9.1280448,19.655635,9.7959309,6.879063,7.2940198,18.727865,3.3453987,10.105494,3.2107808,18.582951,31.77776,0.54660529,1.0252198,1.0249883,18.413885,16.84973,7.7873583,1.7084751,0.8201861,0.68354729,0.75203546,0.34183794,0.068368179,0.20510355,0.068369644,0.20511938
13.513514,0.33508517,1.2062881,6.0311959,52.131556,26.127555,244.37246,129.26927,233.03313,21.4729,12.300841,8.9468116,19.265176,9.6013447,6.7424738,7.1492284,18.355963,3.2790276,9.905012,3.1470945,18.214361,31.147514,0.53576397,1.004888,1.0046594,18.048406,16.515331,7.6328905,1.6745917,0.80392059,0.66999196,0.73712293,0.33505948,0.067012478,0.20103646,0.067013925,0.20105209
13.613614,0.32844086,1.1823689,5.9116038,51.097828,25.609448,239.52621,126.70537,228.41039,21.046885,12.056732,8.7691783,18.882476,9.4106255,6.6085979,7.0073123,17.99145,3.2139738,9.7085091,3.0846718,17.853086,30.529772,0.52513775,0.98495966,0.98473384,17.690184,16.187571,7.4814878,1.6413805,0.78797778,0.65670555,0.72250623,0.32841548,0.065683671,0.19705005,0.0656851,0.19706548
13.713714,0.32192847,1.1589246,5.7943863,50.084626,25.101628,234.7762,124.19241,223.87948,20.629334,11.817474,8.5950767,18.50739,9.2237002,6.4773839,6.8682172,17.634184,3.1502124,9.5159098,3.023489,17.498986,29.924298,0.51472258,0.96542703,0.96520402,17.339081,15.866325,7.3330923,1.6088289,0.77235156,0.64368298,0.70817975,0.3219034,0.064381249,0.19314279,0.064382659,0.19315803
13.813814,0.31554554,1.1359463,5.679499,49.091566,24.603905,230.12064,121.72941,219.4387,20.220089,11.582976,8.4244408,18.139774,9.0404976,6.3487819,6.7318902,17.284032,3.0877192,9.327141,2.9635228,17.151927,29.330863,0.5045145,0.94628274,0.94606251,16.994964,15.55147,7.1876478,1.5769245,0.75703601,0.6309193,0.69413808,0.31552078,0.063104717,0.18931321,0.06310611,0.18932826
13.913914,0.30928967,1.1134255,5.5668987,48.118275,24.11609,225.55777,119.31546,215.08636,19.818995,11.353151,8.2572063,17.779491,8.8609487,6.2227436,6.59828,16.94086,3.0264706,9.142132,2.9047508,16.811778,28.749243,0.49450969,0.92751959,0.92730213,16.657704,15.242888,7.0450995,1.5456553,0.74202537,0.61840973,0.68037593,0.30926522,0.061853598,0.18555986,0.061854973,0.18557472
14.014014,0.30315854,1.0913537,5.4565436,47.164391,23.638002,221.0859,116.94966,210.82086,19.425905,11.127912,8.093311,17.426405,8.6849866,6.099222,6.467337,16.604541,2.966444,8.9608137,2.8471509,16.478414,28.179223,0.48470441,0.90913062,0.9089159,16.327176,14.940464,6.9053946,1.5150097,0.72731408,0.60614962,0.66688821,0.30313439,0.060627425,0.18188136,0.060628783,0.18189603
14.114114,0.29714989,1.0697229,5.3483932,46.229565,23.169467,216.70338,114.63114,206.64062,19.040672,10.907177,7.9326944,17.080388,8.5125466,5.9781717,6.3390129,16.274951,2.9076173,8.7831198,2.7907022,16.151713,27.620593,0.47509507,0.89110908,0.89089707,16.003257,14.644087,6.7684817,1.4849765,0.71289674,0.59413446,0.65366995,0.29712605,0.05942575,0.17827635,0.059427091,0.17829082
14.214214,0.29125835,1.0485136,5.2423505,45.312957,22.710063,212.40629,112.35782,202.54188,18.662951,10.690747,7.775212,16.741125,8.3434728,5.8594836,6.2131922,15.951793,2.8499376,8.6088904,2.7353539,15.831379,27.072851,0.46567305,0.87343879,0.87322947,15.685656,14.353491,6.6342378,1.4555287,0.69876039,0.58235348,0.6407093,0.2912348,0.058247494,0.17474159,0.058248817,0.17475588
14.314314,0.28548294,1.0277224,5.1383983,44.414419,22.259717,208.19392,110.12932,198.52398,18.29268,10.478588,7.6208381,16.408563,8.1777381,5.7431384,6.0898545,15.635015,2.7933955,8.4380974,2.681097,15.517363,26.53591,0.45643682,0.85611688,0.85591023,15.374322,14.068628,6.5026412,1.4266615,0.68490276,0.57080477,0.62800416,0.28545969,0.057092466,0.17127652,0.057093772,0.17129062
14.414414,0.27982204,1.0073434,5.036507,43.533696,21.818299,204.06507,107.94502,194.58579,17.929755,10.270638,7.4695288,16.082607,8.0152951,5.629103,5.9689647,15.324526,2.737975,8.270692,2.6279161,15.209573,26.009615,0.44738374,0.83913844,0.83893443,15.069167,13.789418,6.3736544,1.3983667,0.67131989,0.55948503,0.6155509,0.27979908,0.055960337,0.16788014,0.055961626,0.16789406
14.514515,0.27427343,0.98736871,4.9366369,42.670444,21.385639,200.01815,105.80407,190.72575,17.574034,10.066817,7.3212252,15.763129,7.8560804,5.5173329,5.8504758,15.020206,2.6836545,8.1066093,2.5757906,14.907892,25.493763,0.4385103,0.82249684,0.82229546,14.77007,13.515751,6.2472273,1.3706332,0.6580065,0.54838987,0.6033447,0.27425077,0.054850668,0.16455114,0.05485194,0.16456488
14.614615,0.26883498,0.96779054,4.8387496,41.824331,20.961568,196.05158,103.70563,186.94239,17.225378,9.8670456,7.1758697,15.450005,7.7000324,5.4077848,5.7343417,14.721936,2.6304129,7.9457856,2.5247001,14.612201,24.988154,0.42981306,0.80618567,0.80598688,14.476917,13.247522,6.1233109,1.3434505,0.64495746,0.537515,0.59138082,0.2688126,0.053763028,0.16128823,0.053764284,0.1613018
14.714715,0.26350459,0.94860141,4.7428073,40.995031,20.545925,192.16385,101.6489,183.23425,16.883655,9.6712474,7.0334064,15.143116,7.5470909,5.3004166,5.6205179,14.429603,2.5782299,7.7881593,2.4746252,14.322387,24.492594,0.42128868,0.79019866,0.79000244,14.189595,12.984627,6.0018578,1.316808,0.63216774,0.52685624,0.57965469,0.2634825,0.052697002,0.15809017,0.052698241,0.15810355
14.814815,0.25828025,0.92979403,4.6487738,40.18223,20.138551,188.35347,99.6331,179.59992,16.548735,9.4793477,6.8937811,14.842343,7.3971976,5.1951874,5.508961,14.143093,2.5270856,7.6336704,2.4255469,14.038341,24.006895,0.41293394,0.77452974,0.77433606,13.907994,12.726967,5.8828216,1.2906957,0.61963249,0.51640955,0.56816184,0.25825844,0.051652183,0.15495572,0.051653406,0.15496893
14.914915,0.25315998,0.9113613,4.5566135,39.385621,19.739294,184.619,97.657469,176.03802,16.22049,9.2912742,6.7569411,14.547573,7.2502958,5.0920574,5.3996289,13.862299,2.4769607,7.4822605,2.3774465,13.759955,23.530873,0.40474567,0.75917299,0.75898184,13.632009,12.474443,5.7661575,1.2651036,0.60734699,0.50617098,0.55689795,0.25313845,0.050628178,0.15188372,0.050629385,0.15189675
15.015015,0.24814187,0.89329635,4.4662921,38.604906,19.348003,180.95907,95.721271,172.54723,15.898799,9.1069565,6.6228351,14.258697,7.1063306,4.990988,5.2924807,13.587117,2.4278364,7.3338733,2.3303061,13.487125,23.06435,0.39672082,0.7441227,0.74393405,13.361535,12.226963,5.651822,1.2400222,0.59530665,0.49613672,0.5458588,0.24812062,0.049624606,0.14887301,0.049625796,0.14888587
15.115115,0.24322407,0.87559253,4.3777762,37.839799,18.964534,177.37231,93.823789,169.12625,15.583542,8.9263265,6.4914135,13.975606,6.9652486,4.891942,5.1874768,13.317444,2.3796947,7.1884538,2.2841084,13.219751,22.607156,0.38885642,0.7293733,0.72918712,13.096474,11.984435,5.5397729,1.2154423,0.58350703,0.48630307,0.53504034,0.2432031,0.048641095,0.14592249,0.04864227,0.14593518
15.215215,0.23840174,0.85823238,4.2909786,37.089545,18.58851,173.85518,91.963153,165.77172,15.274408,8.7492058,6.3625464,13.69802,6.82691,4.7948211,5.0845135,13.053013,2.332488,7.0458587,2.2388078,12.957568,22.158838,0.38114474,0.71491027,0.71472654,12.836562,11.746618,5.4298996,1.1913396,0.5719365,0.47666033,0.5244319,0.23838104,0.047676678,0.14302925,0.047677837,0.14304177
15.315315,0.23367482,0.84121571,4.2058984,36.354135,18.219927,170.40766,90.13934,162.48359,14.971395,8.5755924,6.2362322,13.425937,6.6913134,4.6996244,4.9835895,12.793821,2.2862158,6.9060863,2.1944037,12.700575,21.719392,0.37358567,0.70073343,0.70055212,12.581798,11.51351,5.322201,1.167714,0.56059492,0.46720839,0.51403336,0.23365439,0.046731342,0.14019325,0.046732486,0.1402056
15.415415,0.22904163,0.82453647,4.1225053,35.633309,17.858653,167.02851,88.351703,159.26069,14.674393,8.4054247,6.1124262,13.159259,6.5584105,4.6063181,4.884669,12.539777,2.2408616,6.7690868,2.1508804,12.448679,21.288662,0.36617653,0.68683774,0.68665883,12.332091,11.285029,5.2166386,1.1445568,0.54947827,0.4579439,0.50384102,0.22902147,0.045804752,0.13741349,0.045805881,0.13742568
15.515516,0.22450036,0.80818813,4.0407667,34.926783,17.504546,163.71641,86.599541,156.10177,14.383287,8.2386357,5.9910796,12.897881,6.4281491,4.5148654,4.7877131,12.29078,2.1964077,6.6348067,2.1082209,12.201782,20.866479,0.35891441,0.67321777,0.67304124,12.087342,11.061085,5.1131713,1.1218592,0.53858219,0.44886323,0.49385089,0.22448047,0.044896545,0.13468888,0.044897658,0.13470091
15.615616,0.22004924,0.79216432,3.9606506,34.234283,17.15747,160.47007,84.882172,153.00558,14.097964,8.0751604,5.872145,12.641702,6.3004781,4.4252306,4.6926841,12.046734,2.1528367,6.5031935,2.0664084,11.959787,20.452679,0.35179649,0.6598682,0.65969402,11.847457,10.841589,5.0117586,1.0996122,0.52790243,0.43996283,0.48405908,0.22002961,0.044006367,0.13201836,0.044007466,0.13203022
15.715716,0.21568655,0.77645885,3.8821262,33.555541,16.817289,157.28823,83.198931,149.97093,13.818312,7.9149356,5.7555764,12.390622,6.1753482,4.3373791,4.599545,11.807543,2.1101318,6.3741963,2.0254269,11.722602,20.047101,0.34482002,0.64678388,0.64661203,11.612341,10.626459,4.9123613,1.0778073,0.51743488,0.43123927,0.47446181,0.21566718,0.043133875,0.12940089,0.043134959,0.12941259
15.815816,0.21141061,0.7610657,3.8051634,32.890296,16.483873,154.16967,81.549172,146.99666,13.544224,7.7578997,5.641329,12.144545,6.0527111,4.251277,4.5082602,11.573115,2.0682766,6.2477656,1.9852606,11.490134,19.649589,0.33798231,0.63395978,0.63379024,11.381906,10.415609,4.8149412,1.0564361,0.5071755,0.4226892,0.46505539,0.2113915,0.042278733,0.12683547,0.042279802,0.12684702
15.915916,0.2072198,0.745979,3.7297327,32.238296,16.157096,151.11321,79.932267,144.08163,13.275596,7.6039928,5.5293591,11.903375,5.93252,4.1668915,4.4187947,11.343362,2.0272551,6.1238533,1.9458942,11.262296,19.259993,0.33128077,0.62139103,0.62122376,11.156063,10.208962,4.7194614,1.0354904,0.4971204,0.41430936,0.45583625,0.20720094,0.041440616,0.12432113,0.041441671,0.12433252
16.016016,0.20311254,0.73119307,3.6558059,31.599295,15.836833,148.1177,78.347606,141.22475,13.012327,7.4531569,5.4196245,11.667023,5.8147295,4.0841906,4.3311148,11.118196,1.9870519,6.0024125,1.9073129,11.039002,18.878166,0.32471287,0.60907289,0.60890787,10.934726,10.006437,4.6258856,1.0149624,0.48726579,0.40609661,0.44680091,0.20309393,0.040619209,0.12185692,0.040620248,0.12186815
16.116116,0.19908719,0.716702,3.5833533,30.973037,15.522958,145.18193,76.794556,138.42486,12.754311,7.3053315,5.3120811,11.435393,5.6992922,4.0031413,4.2451854,10.897527,1.9476508,5.8833948,1.8695012,10.820161,18.503955,0.31827597,0.59700042,0.59683764,10.717808,9.807955,4.5341767,0.9948438,0.47760773,0.39804765,0.43794575,0.19906883,0.039814182,0.11944185,0.039815208,0.11945293
16.216216,0.19514005,0.70249252,3.5123086,30.358948,15.215182,142.30321,75.271691,135.67941,12.501312,7.1603808,5.2066301,11.208272,5.5861019,3.9236689,4.1609274,10.681151,1.9090157,5.7666909,1.8324244,10.605575,18.137016,0.31196419,0.58516258,0.585002,10.505109,9.6133327,4.4442503,0.97511622,0.46813735,0.39015511,0.42926267,0.19512194,0.039024799,0.11707371,0.03902581,0.11708463
16.316316,0.19127114,0.68856463,3.4426718,29.757029,14.913506,139.48155,73.779014,132.98839,12.253329,7.018305,5.1032715,10.98566,5.4751587,3.8457736,4.078341,10.46907,1.8711467,5.6523009,1.7960827,10.395242,17.777351,0.30577752,0.57355936,0.57340097,10.296628,9.4225706,4.3561067,0.95577966,0.45885468,0.38241899,0.42075167,0.19125327,0.038251059,0.1147525,0.038252057,0.11476327
16.416416,0.18747892,0.67491283,3.3744155,29.167043,14.617811,136.71583,72.315934,130.35073,12.010264,6.879048,5.0019646,10.767469,5.3664187,3.7694246,3.9973936,10.2612,1.8340288,5.5401796,1.7604615,10.18908,17.424817,0.29971352,0.56218618,0.56202995,10.092285,9.2355932,4.2697109,0.93682648,0.44975605,0.37483624,0.41240939,0.18746129,0.037492658,0.11247731,0.037493642,0.11248793
16.516517,0.1837619,0.66153178,3.3075128,28.588757,14.32798,134.00497,70.881878,127.76541,11.772023,6.742555,4.9026694,10.553613,5.2598391,3.6945918,3.9180533,10.057458,1.7976474,5.4302829,1.7255471,9.9870076,17.079276,0.29376981,0.55103859,0.55088449,9.8919975,9.0523271,4.1850291,0.91824924,0.44083788,0.36740389,0.40423256,0.18374452,0.036749297,0.11024723,0.036750268,0.11025771
16.616617,0.18011865,0.64841625,3.2419378,28.021947,14.043901,131.34791,69.476286,125.23142,11.538512,6.6087728,4.8053471,10.344009,5.1553782,3.621246,3.8402891,9.8577649,1.7619883,5.3225682,1.6913257,9.7889463,16.740593,0.28794407,0.54011223,0.53996024,9.6956886,8.8727008,4.1020283,0.90004071,0.4320967,0.36011903,0.396218,0.1801015,0.036020688,0.10806141,0.036021645,0.10807175
16.716717,0.17654774,0.63556118,3.1776649,27.466393,13.765463,128.74363,68.098615,122.74777,11.309641,6.4776495,4.7099601,10.138575,5.0529955,3.5493587,3.7640709,9.6620433,1.7270377,5.2169935,1.657784,9.5948194,16.408637,0.28223405,0.52940288,0.52925298,9.5032817,8.6966446,4.0206763,0.88219384,0.42352913,0.35297885,0.38836259,0.17653083,0.035306548,0.105919,0.035307492,0.10592919
16.816817,0.17304781,0.62296162,3.1146696,26.921882,13.49256,126.19111,66.748334,120.31351,11.085322,6.3491346,4.6164715,9.937232,4.9526514,3.4789022,3.6893693,9.4702177,1.6927822,5.1135184,1.6249093,9.4045521,16.08328,0.27663756,0.51890642,0.51875859,9.3147029,8.5240909,3.9409419,0.86470177,0.41513188,0.34598061,0.38066332,0.17303113,0.034606604,0.10381918,0.034607534,0.10382922
16.916917,0.16961753,0.61061278,3.0529278,26.388206,13.225088,123.6894,65.42493,117.92771,10.865468,6.2231792,4.5248458,9.739903,4.8543078,3.4098498,3.6161558,9.2822151,1.6592087,5.0121034,1.592689,9.2180722,15.764399,0.27115246,0.50861886,0.50847307,9.1298804,8.3549738,3.8627946,0.84755784,0.40690174,0.33912164,0.37311727,0.16960107,0.033920587,0.10176114,0.033921505,0.10177104
17.017017,0.1662556,0.59851001,2.9924164,25.865165,12.962946,121.23754,64.127904,115.58948,10.649999,6.0997358,4.4350482,9.5465134,4.7579273,3.3421752,3.5444029,9.0979642,1.6263046,4.9127102,1.5611109,9.0353092,15.451873,0.26577668,0.49853633,0.49839255,8.9487442,8.1892294,3.7862051,0.83075558,0.39883563,0.33239936,0.36572159,0.16623937,0.033248241,0.099744109,0.033249146,0.099753876
17.117117,0.16296048,0.58664777,2.9331075,25.352519,12.706014,118.83442,62.856662,113.29773,10.438814,5.9787478,4.3470376,9.3569745,4.6634658,3.2758474,3.4740776,8.9173807,1.5940548,4.8152934,1.5301606,8.8561797,15.14556,0.26050778,0.4886542,0.48851242,8.7712115,8.026782,3.7111383,0.81428732,0.39092984,0.3258107,0.3584729,0.16294448,0.032589258,0.097767168,0.03259015,0.097776797
17.217217,0.15972956,0.57501662,2.8749541,24.84986,12.454088,116.47812,61.61019,111.05065,10.231745,5.8601185,4.2607437,9.1711342,4.5708475,3.2108134,3.4051236,8.7403199,1.5624335,4.7197752,1.4998134,8.6805406,14.845216,0.25534154,0.47896461,0.4788248,8.5971403,7.8675017,3.6375343,0.79813993,0.38317808,0.31935039,0.35136542,0.15971377,0.031943112,0.095828739,0.031943992,0.095838233
17.317317,0.15656264,0.5636159,2.8179527,24.357159,12.207153,114.1685,60.38842,108.84811,10.028781,5.7438413,4.1761616,8.9889825,4.4800675,3.1470696,3.3375373,8.5667722,1.531439,4.6261504,1.4700676,8.5083823,14.550822,0.25027767,0.46946701,0.46932915,8.4265211,7.7113797,3.565389,0.78231251,0.37557992,0.31301809,0.34439876,0.15654708,0.031309768,0.093928715,0.031310635,0.093938075
17.417417,0.15345849,0.55244113,2.7620811,23.874224,11.965113,111.90467,59.19087,106.68923,9.8298414,5.6298706,4.093258,8.8104475,4.3910898,3.0845908,3.271292,8.3966692,1.5010592,4.5343821,1.4409116,8.3396371,14.262265,0.2453142,0.46015767,0.46002174,8.2592867,7.5583546,3.494674,0.76679882,0.36813236,0.3068113,0.33757017,0.15344315,0.030688977,0.092066349,0.030689831,0.092075576
17.517518,0.1504159,0.54148796,2.7073175,23.400866,11.727872,109.68573,58.017073,104.57319,9.6348491,5.5181618,4.0120005,8.6354593,4.3038796,3.0233527,3.2063617,8.2299441,1.4712821,4.4444344,1.4123339,8.1742389,13.979431,0.24044917,0.45103295,0.45089893,8.0953716,7.4083665,3.4253618,0.75159283,0.36083251,0.3007276,0.330877,0.15040076,0.030080496,0.090240914,0.030081338,0.09025001
17.617618,0.14743367,0.53075212,2.6536405,22.9369,11.495339,107.51083,56.866574,102.49915,9.4437282,5.4086714,3.9323575,8.4639497,4.218403,2.9633313,3.1427212,8.0665323,1.4420961,4.3562724,1.3843234,8.0121238,13.70221,0.2356807,0.44208932,0.44195718,7.9347123,7.2613572,3.3574254,0.73668862,0.35367752,0.29476463,0.32431664,0.14741875,0.029484089,0.088451701,0.029484919,0.088460668
17.717718,0.14451068,0.5202295,2.6010295,22.482149,11.267424,105.37913,55.738929,100.46632,9.256405,5.3013572,3.8542983,8.2958526,4.134627,2.9045037,3.080346,7.9063707,1.4134901,4.2698622,1.3568694,7.8532291,13.430496,0.23100696,0.43332334,0.43319306,7.7772466,7.1172699,3.2908387,0.72208046,0.34666465,0.2889201,0.31788658,0.14449597,0.028899527,0.086698023,0.028900345,0.086706862
17.817818,0.1416458,0.50991608,2.5494645,22.036439,11.044041,103.28982,54.633708,98.473928,9.072808,5.1961783,3.777793,8.1311036,4.0525196,2.8468471,3.0192123,7.7493979,1.3854532,4.1851708,1.3299613,7.6974944,13.164184,0.22642616,0.42473165,0.42460321,7.6229146,6.9760497,3.2255762,0.70776277,0.33979122,0.28319177,0.31158435,0.14163129,0.028326587,0.084979211,0.028327394,0.084987923
17.917918,0.13883794,0.49980796,2.4989259,21.599602,10.825105,101.2421,53.550493,96.521209,8.8928678,5.0930948,3.7028126,7.9696401,3.9720495,2.7903399,2.9592968,7.5955545,1.3579746,4.1021661,1.3035891,7.5448607,12.903175,0.22193657,0.41631101,0.41618439,7.4716577,6.8376431,3.1616133,0.69373015,0.33305463,0.27757748,0.30540758,0.13882364,0.027765052,0.083294614,0.027765847,0.083303202
18.018018,0.13608606,0.48990135,2.4493949,21.171473,10.610534,99.235207,52.48888,94.607438,8.716517,4.9920682,3.629329,7.8114017,3.8931866,2.7349608,2.9005772,7.4447829,1.3310442,4.0208171,1.2777428,7.3952709,12.647371,0.2175365,0.40805828,0.40793344,7.3234193,6.7019982,3.0989261,0.67997734,0.32645236,0.27207514,0.29935396,0.13607196,0.027214712,0.081643603,0.027215496,0.081652068
18.118118,0.13338872,0.48019107,2.4008455,20.751829,10.400215,97.268093,51.44831,92.731608,8.5436629,4.8930453,3.5573036,7.6563048,3.8158893,2.6806806,2.8430225,7.2970035,1.3046477,3.941081,1.2524089,7.2486464,12.396637,0.21322366,0.39996911,0.39984605,7.1781213,6.5690438,3.0374815,0.66649712,0.31998095,0.26668184,0.29342031,0.13337482,0.026675279,0.080025311,0.026676052,0.080033654
18.218218,0.13074398,0.47067015,2.3532429,20.340369,10.193998,95.339344,50.428036,90.892372,8.3741813,4.7959549,3.4866844,7.5042376,3.7401019,2.6274602,2.7865914,7.1521099,1.2787662,3.8629006,1.2275691,7.104882,12.150794,0.20899494,0.39203771,0.3919164,7.0356594,6.4386841,2.9772356,0.65327982,0.31363575,0.26139373,0.28760237,0.13073028,0.026146366,0.078438578,0.026147127,0.078446801
18.318318,0.12815164,0.46133787,2.3065834,19.937061,9.9918668,93.448814,49.427982,89.089593,8.2080595,4.7007897,3.4174662,7.3551889,3.6658187,2.5752958,2.7312796,7.0100914,1.2533979,3.7862699,1.2032217,6.9639669,11.909822,0.20485003,0.38426347,0.38414389,6.8960228,6.3109096,2.9181837,0.64032445,0.30741629,0.2562104,0.28189971,0.12813813,0.025627932,0.076883285,0.025628683,0.076891389
18.418418,0.12561068,0.45219057,2.2608488,19.541748,9.7937426,91.595763,48.447756,87.322563,8.0452323,4.6075124,3.3496219,7.2090999,3.5930106,2.5241668,2.6770653,6.8708922,1.2285326,3.711159,1.179357,6.8258459,11.673629,0.20078729,0.37664336,0.37652549,6.7591568,6.1856699,2.8603028,0.62762593,0.30132012,0.25112982,0.27631009,0.12559737,0.025119775,0.075358821,0.025120515,0.075366808
18.518519,0.12312013,0.4432247,2.2160213,19.154276,9.5995482,89.77947,47.486976,85.590595,7.8856365,4.5160867,3.2831249,7.0659138,3.5216491,2.4740532,2.6239275,6.734458,1.2041608,3.6375386,1.1559658,6.6904652,11.44212,0.19680516,0.3691744,0.36905822,6.625008,6.0629164,2.8035703,0.61517932,0.29534488,0.24615003,0.27083134,0.123107,0.024621697,0.073864595,0.024622426,0.073872466
18.618619,0.120679,0.4344368,2.1720836,18.774495,9.4092086,87.999234,46.545272,83.89302,7.7292102,4.4264772,3.2179495,6.925575,3.4517066,2.4249358,2.5718457,6.6007358,1.180273,3.5653803,1.1330391,6.5577725,11.215208,0.19290209,0.36185372,0.36173921,6.4935245,5.9426016,2.7479643,0.60297981,0.28948827,0.24126909,0.26546134,0.12066606,0.024133506,0.072400028,0.024134225,0.072407785
18.718719,0.11828638,0.4258235,2.1290189,18.40226,9.222651,86.254373,45.622283,82.229187,7.5758936,4.3386495,3.1540708,6.7880296,3.3831562,2.3767955,2.5207998,6.4696745,1.15686,3.4946563,1.110568,6.427717,10.992805,0.18907659,0.35467851,0.35456564,6.364656,5.8246793,2.6934634,0.59102273,0.28374803,0.23648514,0.26019804,0.11827363,0.023655015,0.070964561,0.023655723,0.070972205
18.818819,0.11594136,0.41738154,2.0868109,18.037429,9.0398046,84.544224,44.717657,80.598463,7.4256283,4.2525704,3.0914644,6.6532252,3.3159718,2.3296141,2.4707703,6.3412241,1.1339131,3.4253399,1.0885441,6.3002493,10.774827,0.18532721,0.34764605,0.3475348,6.2383533,5.7091048,2.640047,0.57930353,0.27812198,0.23179635,0.25503943,0.11592878,0.023186042,0.069557649,0.023186739,0.069565181
18.918919,0.11364304,0.40910773,2.0454435,17.679865,8.8606005,82.868145,43.831056,79.000236,7.2783579,4.1682072,3.0301066,6.521111,3.2501281,2.2833738,2.4217386,6.2153362,1.1114235,3.3574049,1.066959,6.1753214,10.561192,0.18165252,0.34075368,0.34064404,6.114569,5.5958343,2.5876951,0.56781782,0.27260802,0.22720097,0.24998359,0.11363065,0.02272641,0.068178762,0.022727098,0.068186184
19.019019,0.11139058,0.400999,2.0049016,17.329436,8.6849721,81.225511,42.962148,77.433911,7.1340275,4.0855287,2.9699747,6.3916376,3.1856005,2.2380575,2.3736862,6.0919638,1.0893828,3.2908261,1.0458047,6.0528869,10.351821,0.17805118,0.33399886,0.3338908,5.9932568,5.4848259,2.536388,0.55656132,0.26720409,0.22269729,0.24502863,0.11137837,0.02227595,0.066827387,0.022276627,0.066834701
19.119119,0.10918274,0.39305091,1.9651629,16.98595,8.5128233,79.615423,42.110459,75.898628,6.9925579,4.0044894,2.9110356,6.2647339,3.1223535,2.19364,2.3265868,5.9710391,1.067779,3.2255669,1.0250696,5.9328786,10.146598,0.1745212,0.32737787,0.32727138,5.8743503,5.3760186,2.4860977,0.54552786,0.26190723,0.21828284,0.24017183,0.10917071,0.021834414,0.065502786,0.021835081,0.065509992
19.219219,0.10701826,0.3852589,1.9262044,16.649208,8.344055,78.036955,41.275496,74.393503,6.8538676,3.9250427,2.8532553,6.1403264,3.0603505,2.1500959,2.2804133,5.8524923,1.0465997,3.1615898,1.0047418,5.8152275,9.9454054,0.17106055,0.32088691,0.32078196,5.7577809,5.2693495,2.4367953,0.5347111,0.25671439,0.21395508,0.2354104,0.1070064,0.021401548,0.064204195,0.021402206,0.064211295
19.319319,0.10489672,0.37762148,1.888019,16.319148,8.1786353,76.489808,40.457104,72.918253,6.7179306,3.8471735,2.7966229,6.0183916,2.9995798,2.1074169,2.2351569,5.7363011,1.0258408,3.0988826,0.98481741,5.6999114,9.7482057,0.16766858,0.31452475,0.31442133,5.6435265,5.1647987,2.3884714,0.52410898,0.25162459,0.2097132,0.23074345,0.10488503,0.020977271,0.062931369,0.020977919,0.062938365
19.419419,0.10281728,0.37013561,1.8505912,15.995637,8.0164981,74.973364,39.654954,71.472287,6.5846923,3.7708507,2.7411156,5.8988808,2.9400171,2.0655859,2.1907995,5.6224188,1.005494,3.0374204,0.96528853,5.5868841,9.5549197,0.16434393,0.30828885,0.30818693,5.5315414,5.0623243,2.3411067,0.51371728,0.24663581,0.20555549,0.2261691,0.10280576,0.020561412,0.061683801,0.020562051,0.061690693
19.51952,0.1007791,0.36279828,1.8139061,15.678545,7.8575785,73.487014,38.868726,70.055025,6.4540992,3.6960436,2.6867111,5.7817456,2.8816384,2.0245861,2.1473232,5.5107996,0.98555117,2.9771784,0.94614729,5.4761004,9.3654699,0.16108527,0.3021767,0.30207628,5.4217805,4.961885,2.2946822,0.50353182,0.24174603,0.2014803,0.22168552,0.10076775,0.020153806,0.060460989,0.020154435,0.06046778
19.61962,0.098781363,0.35560656,1.777949,15.367746,7.7018125,72.030164,38.098102,68.665898,6.3260991,3.6227222,2.6333877,5.6669391,2.8244202,1.984401,2.1047106,5.4013987,0.96600431,2.9181324,0.927386,5.3675156,9.1797803,0.15789129,0.29618586,0.29608691,5.3141999,4.8634405,2.2491792,0.49354852,0.23695329,0.19748598,0.21729092,0.098770177,0.019754289,0.059262443,0.019754908,0.059269133
19.71972,0.096823271,0.34855754,1.7427055,15.063115,7.5491378,70.602225,37.342774,67.304347,6.2006403,3.5508568,2.5811238,5.554415,2.7683395,1.9450143,2.0629446,5.2941719,0.94684554,2.8602588,0.90899713,5.2610863,8.9977762,0.15476071,0.29031392,0.29021642,5.2087562,4.7669513,2.2045795,0.48376336,0.23225567,0.19357093,0.21298353,0.096812249,0.019362699,0.058087681,0.01936331,0.058094272
19.81982,0.094904034,0.3416484,1.7081613,14.764528,7.3994927,69.202625,36.602437,65.969824,6.0776723,3.4804187,2.5298982,5.4441276,2.7133734,1.9064103,2.0220082,5.189076,0.92806714,2.8035341,0.89097326,5.1567695,8.8193844,0.15169226,0.28455852,0.28446244,5.1054068,4.6723783,2.1608651,0.4741724,0.22765128,0.18973357,0.20876162,0.094893173,0.01897888,0.056936231,0.018979482,0.056942724
19.91992,0.093022877,0.33487635,1.6743025,14.471866,7.2528168,67.830797,35.876793,64.66179,5.9571454,3.4113793,2.4796904,5.3360324,2.6594999,1.8685733,1.981885,5.0860684,0.90966153,2.7479354,0.87330713,5.054523,8.6445329,0.14868471,0.27891732,0.27882265,5.00411,4.5796834,2.1180184,0.46477177,0.22313826,0.18597236,0.20462347,0.093012175,0.018602677,0.055807627,0.01860327,0.055814024
20.02002,0.09117904,0.32823864,1.6411154,14.18501,7.109051,66.486188,35.165548,63.379715,5.8390108,3.3437105,2.4304798,5.2300855,2.606697,1.8314879,1.9425586,4.9851074,0.89162125,2.6934403,0.85599157,4.9543056,8.4731508,0.14573685,0.27338805,0.27329478,4.9048247,4.4888291,2.0760219,0.45555768,0.21871478,0.18228578,0.20056742,0.091168495,0.018233938,0.054701414,0.018234522,0.054707716
20.12012,0.089371774,0.32173259,1.6085865,13.903844,6.9681368,65.168251,34.468413,62.123079,5.7232207,3.2773851,2.3822466,5.1262437,2.5549433,1.795139,1.9040131,4.8861518,0.87393899,2.6400267,0.83901957,4.8560766,8.3051688,0.14284746,0.26796846,0.26787657,4.8075106,4.3997783,2.0348588,0.44652637,0.21437906,0.17867232,0.19659183,0.089361384,0.017872512,0.053617143,0.017873087,0.053623351
20.22022,0.087600448,0.31535592,1.5767046,13.628269,6.830025,63.876526,33.785144,60.891443,5.6097343,3.2123796,2.3349738,5.0244708,2.5042206,1.759514,1.866235,4.789167,0.85660855,2.5876757,0.82238519,4.7598016,8.140528,0.14001555,0.26265667,0.26256613,4.7121336,4.3125,1.9945145,0.4376747,0.21012956,0.17513073,0.19269529,0.087590211,0.017518274,0.052554435,0.017518841,0.052560549
20.32032,0.085864281,0.30910582,1.5454554,13.358165,6.6946548,62.610444,33.115441,59.684263,5.4985018,3.1486656,2.2886405,4.9247216,2.4545064,1.724597,1.8292075,4.6941102,0.83962229,2.5363645,0.80608109,4.6654381,7.9791559,0.13723987,0.25745033,0.25736113,4.6186517,4.2269556,1.9549712,0.42899876,0.20596443,0.17165944,0.18887611,0.085854196,0.017171068,0.051512821,0.017171626,0.051518844
20.42042,0.084162568,0.30297976,1.5148265,13.09342,6.5619711,61.369489,32.45903,58.501047,5.3894778,3.0862168,2.2432279,4.8269553,2.4057806,1.6903739,1.7929157,4.6009425,0.8229733,2.486072,0.79010064,4.5729478,7.8209867,0.13451928,0.25234731,0.25225943,4.5270266,4.1431102,1.916213,0.42049502,0.20188196,0.16825705,0.18513271,0.084152632,0.016830751,0.050491878,0.016831301,0.050497811
20.520521,0.082494615,0.29697523,1.4848051,12.833928,6.4319199,60.153157,31.815645,57.341315,5.2826179,3.0250081,2.1987173,4.7311322,2.3580231,1.6568307,1.7573447,4.509626,0.80665479,2.4367777,0.77443733,4.482293,7.6659562,0.13185268,0.24734556,0.24725898,4.4372211,4.0609298,1.878224,0.41216002,0.19788049,0.16492216,0.18146359,0.082484827,0.016497187,0.049491191,0.016497728,0.049497034
20.620621,0.080859745,0.29108979,1.4553792,12.579583,6.3044481,58.960952,31.185024,56.204593,5.1778785,2.9650142,2.1550907,4.637213,2.3112144,1.6239537,1.7224799,4.4201233,0.79066011,2.3884617,0.75908479,4.3934367,7.5140012,0.12923898,0.24244301,0.24235773,4.3491985,3.9803807,1.8409887,0.40399037,0.1939584,0.16165343,0.17786724,0.080850102,0.016170239,0.048510351,0.016170772,0.048516107
20.720721,0.079257287,0.28532104,1.4265367,12.330281,6.1795038,57.792385,30.566907,55.090415,5.0752168,2.9062108,2.1123301,4.5451592,2.2653354,1.5917293,1.6883071,4.3323977,0.7749827,2.341104,0.74403671,4.3063427,7.3650595,0.12667711,0.23763768,0.23755366,4.2629227,3.9014299,1.8044919,0.39598271,0.19011408,0.1584495,0.17434219,0.079247787,0.015849772,0.047548958,0.015850298,0.047554627
20.820821,0.077686583,0.2796666,1.3982658,12.085918,6.0570354,56.646978,29.961042,53.998324,4.9745904,2.8485735,2.070418,4.4549327,2.2203671,1.5601443,1.6548123,4.246413,0.75961613,2.2946853,0.72928693,4.220975,7.2190698,0.12416603,0.23292759,0.23284482,4.1783582,3.8240449,1.7687185,0.38813377,0.18634595,0.15530907,0.170887,0.077677225,0.015535657,0.046606617,0.015536174,0.0466122
20.920921,0.076146986,0.27412414,1.3705547,11.846396,5.9369925,55.524256,29.367177,52.927869,4.8759578,2.7920785,2.0293369,4.3664961,2.1762909,1.5291857,1.6219814,4.1621336,0.74455403,2.2491863,0.71482933,4.1372984,7.0759718,0.12170468,0.22831078,0.22822925,4.09547,3.7481938,1.7336538,0.38044029,0.18265245,0.15223084,0.16750023,0.076137767,0.015227762,0.045682938,0.015228272,0.045688436
21.021021,0.074637855,0.26869137,1.3433921,11.611613,5.8193252,54.423754,28.785067,51.878604,4.7792781,2.7367024,1.9890697,4.2798128,2.1330884,1.4988405,1.589801,4.0795245,0.72979016,2.2045881,0.70065793,4.0552782,6.9357062,0.11929205,0.22378535,0.22370504,4.0142237,3.673845,1.6992833,0.37289909,0.17903205,0.14921353,0.16418049,0.074628774,0.01492596,0.044777538,0.014926462,0.044782954
21.121121,0.073158563,0.263366,1.3167664,11.381472,5.7039846,53.345013,28.214469,50.850092,4.6845108,2.682422,1.9495997,4.1948462,2.0907415,1.4690961,1.5582576,3.9985511,0.71531835,2.1608721,0.68676681,3.9748801,6.7982145,0.11692714,0.21934941,0.2192703,3.9345853,3.6009675,1.6655926,0.36550701,0.17548324,0.14625589,0.16092639,0.073149618,0.014630126,0.04389004,0.01463062,0.043895374
21.221221,0.071708669,0.25814647,1.2906699,11.155905,5.5909362,52.287712,27.655212,49.842028,4.5916279,2.6292212,1.9109151,4.1115713,2.0492376,1.4399435,1.5273416,3.9191893,0.70113429,2.1180254,0.67315184,3.8960803,6.6634557,0.11460924,0.21500163,0.21492371,3.8565311,3.5295395,1.6325716,0.35826187,0.17200497,0.14335703,0.15773696,0.071699858,0.014340171,0.04302018,0.014340658,0.043025432
21.321321,0.070287668,0.25303095,1.2650935,10.934833,5.4801407,51.251483,27.107102,48.854059,4.5005968,2.5770815,1.8730024,4.0299588,2.0085624,1.4113727,1.4970425,3.8414113,0.68723304,2.0760329,0.65980827,3.8188513,6.5313829,0.11233754,0.21074051,0.21066376,3.780034,3.4595362,1.6002089,0.35116114,0.16859602,0.14051594,0.15461109,0.070278989,0.014055994,0.042167655,0.014056474,0.042172827
21.421421,0.068894839,0.24801686,1.2400241,10.718144,5.3715419,50.2358,26.569862,47.885684,4.4113715,2.5259762,1.8358423,3.9499673,1.9686949,1.3833691,1.4673447,3.7651777,0.67360755,2.0348734,0.64672933,3.7431539,6.4019291,0.11011089,0.20656388,0.20648829,3.7050549,3.390922,1.5684881,0.3442012,0.16525466,0.13773118,0.15154719,0.068886291,0.013777452,0.041332032,0.013777924,0.041337126
21.521522,0.067529617,0.24310214,1.2154516,10.505751,5.2650957,49.240251,26.043272,46.93651,4.3239155,2.4758847,1.7994197,3.871564,1.929619,1.3559213,1.4382362,3.6904573,0.66025226,1.9945301,0.63390971,3.6689573,6.2750418,0.10792839,0.20247005,0.20239559,3.6315634,3.3236689,1.5373962,0.33737925,0.16197954,0.13500163,0.14854403,0.067521198,0.01350443,0.040512972,0.013504895,0.040517989
21.621622,0.066191448,0.23828481,1.1913661,10.297565,5.1607589,48.264431,25.527118,46.006151,4.2381934,2.4267865,1.7637197,3.794717,1.8913187,1.3290181,1.4097052,3.6172197,0.64716176,1.9549866,0.62134419,3.5962313,6.1506692,0.10578914,0.19845735,0.19838401,3.5595295,3.2577496,1.5069206,0.3306925,0.15876933,0.13232616,0.14560037,0.066183156,0.013236819,0.039710143,0.013237277,0.039715083
21.721722,0.064879785,0.23356291,1.1677576,10.093504,5.0584889,47.307942,25.02119,45.094227,4.1541702,2.3786616,1.7287277,3.7193949,1.8537783,1.3026485,1.3817399,3.5454349,0.63433069,1.9162268,0.60902766,3.5249464,6.0287608,0.10369228,0.19452414,0.19445191,3.4889239,3.1931372,1.4770488,0.32413822,0.15562271,0.1297037,0.14271503,0.064871618,0.012974508,0.038923217,0.012974959,0.038928081
21.821822,0.063594094,0.2289345,1.1446166,9.8934834,4.9582439,46.370393,24.525282,44.200365,4.0718114,2.3314904,1.6944294,3.6455667,1.8169826,1.2768017,1.3543289,3.4750736,0.62175381,1.8782348,0.59695506,3.4550733,5.9092667,0.10163694,0.19066882,0.19059769,3.4197177,3.1298052,1.4477688,0.31771375,0.15253841,0.12713317,0.13988682,0.06358605,0.012717392,0.038151872,0.012717836,0.038156662
21.921922,0.062333846,0.22439769,1.1219336,9.6974212,4.8599829,45.4514,24.03919,43.324199,3.9910834,2.2852534,1.6608108,3.5732022,1.7809162,1.2514671,1.3274609,3.4061068,0.60942597,1.8409951,0.58512146,3.3865835,5.7921379,0.099622297,0.18688981,0.18681975,3.3518824,3.0677277,1.4190684,0.31141644,0.14951515,0.12461352,0.13711458,0.062325925,0.012465364,0.037395793,0.012465801,0.03740051
22.022022,0.061098526,0.21995061,1.0996992,9.505237,4.7636655,44.550586,23.562714,42.465369,3.9119529,2.2399316,1.6278579,3.5022715,1.7455645,1.2266343,1.301125,3.3385061,0.59734209,1.8044924,0.573522,3.3194487,5.6773262,0.097647507,0.18318556,0.18311656,3.2853901,3.006879,1.3909358,0.30524371,0.1465517,0.12214371,0.13439718,0.061090724,0.012218321,0.036654669,0.012218752,0.036659313
22.122122,0.059887623,0.21559143,1.0779043,9.3168516,4.669252,43.66758,23.095658,41.62352,3.8343872,2.1955064,1.5955571,3.4327452,1.7109127,1.2022929,1.2753102,3.2722435,0.58549719,1.7687115,0.56215188,3.2536413,5.5647845,0.095711762,0.17955453,0.17948658,3.2202133,2.9472341,1.3633596,0.29919301,0.14364683,0.11972272,0.13173349,0.05987994,0.011976162,0.035928195,0.011976586,0.035932768
22.222222,0.058700646,0.21131839,1.0565401,9.1321887,4.5767042,42.802022,22.637833,40.798311,3.758355,2.1519596,1.5638954,3.3645951,1.6769467,1.1784331,1.2500061,3.2072921,0.57388646,1.7336379,0.5510065,3.1891347,5.4544669,0.093814275,0.17599526,0.17592835,3.1563257,2.8887688,1.3363284,0.29326189,0.14079937,0.11734957,0.12912243,0.058693081,0.011738787,0.035216076,0.011739205,0.035220578
22.322322,0.05753735,0.2071306,1.0356021,8.9512098,4.4860027,41.953734,22.189142,39.98957,3.6838404,2.1092823,1.5328662,3.297807,1.6436596,1.15505,1.2252073,3.1436385,0.56250749,1.6992645,0.54008354,3.1259153,5.3463507,0.091954652,0.17250701,0.17244112,3.0937139,2.8314709,1.3098366,0.28744912,0.13800872,0.11502377,0.12656347,0.057529899,0.011506148,0.034518164,0.011506559,0.034522596
22.422422,0.056397097,0.20302576,1.0150788,8.7738159,4.397098,41.122251,21.749342,39.196855,3.6108025,2.067451,1.5024524,3.2323442,1.6110329,1.1321307,1.2009002,3.0812476,0.55135403,1.6655722,0.52937701,3.0639486,5.2403765,0.090131875,0.16908787,0.16902297,3.0323435,2.775309,1.2838698,0.28175152,0.13527336,0.11274405,0.1240552,0.05638976,0.011278118,0.033834077,0.011278522,0.033838441
22.522523,0.055279429,0.19900222,0.99496205,8.5999358,4.3099543,40.30724,21.318254,38.419846,3.539212,2.0264489,1.4726417,3.1681803,1.5790536,1.1096659,1.1770752,3.0200944,0.54042162,1.6325477,0.51888263,3.0032096,5.1365018,0.088345212,0.16573645,0.16567255,2.9721899,2.7202604,1.2584176,0.27616679,0.13259219,0.11050949,0.12159661,0.055272204,0.011054604,0.03316354,0.011055003,0.033167837
22.622623,0.054183898,0.19505838,0.97524374,8.4294996,4.2245367,39.508371,20.895706,37.658233,3.4690402,1.9862595,1.4434222,3.1052894,1.5477088,1.0876466,1.1537226,2.9601541,0.52970585,1.6001776,0.50859616,2.943674,5.0346849,0.086593945,0.16245143,0.16238851,2.9132289,2.6663031,1.2334696,0.27069269,0.12996412,0.10831919,0.11918672,0.054176784,0.010835518,0.032506284,0.01083591,0.032510515
22.722723,0.053110064,0.19119264,0.95591595,8.2624389,4.1408108,38.725326,20.481528,36.911707,3.4002588,1.9468667,1.4147821,3.0436463,1.5169858,1.066064,1.1308329,2.9014027,0.51920242,1.5684488,0.49851347,2.8853179,4.9348849,0.084877369,0.15923147,0.15916951,2.8554367,2.6134153,1.2090158,0.26532702,0.12738811,0.10617227,0.11682456,0.053103059,0.01062077,0.031862046,0.010621156,0.031866211
22.822823,0.052057495,0.18740346,0.9369709,8.0986866,4.058743,37.957788,20.075553,36.17997,3.3328401,1.9082546,1.3867098,2.9832259,1.4868722,1.0449094,1.108397,2.8438164,0.50890709,1.5373488,0.48863051,2.8281177,4.8370616,0.083194796,0.15607529,0.15601428,2.7987901,2.5615758,1.1850465,0.26006763,0.12486312,0.10406787,0.11450917,0.052050597,0.010410275,0.031230566,0.010410655,0.031234666
22.922923,0.051025767,0.18368931,0.918401,7.9381768,3.9783003,37.205451,19.677619,35.462727,3.266757,1.8704076,1.3591941,2.924004,1.4573559,1.0241742,1.0864059,2.7873721,0.49881574,1.5068648,0.47894331,2.7720505,4.7411757,0.081545547,0.15298161,0.15292154,2.7432662,2.5107636,1.161552,0.2549124,0.12238814,0.10200514,0.11223964,0.051018976,0.010203949,0.03061159,0.010204323,0.030615626
23.023023,0.050014467,0.18004869,0.90019876,7.780845,3.8994503,36.468009,19.287565,34.759689,3.201983,1.8333105,1.3322239,2.8659567,1.428425,1.0038501,1.0648506,2.7320469,0.48892428,1.4769847,0.46944797,2.7170937,4.6471887,0.07992896,0.14994919,0.14989004,2.6888428,2.4609583,1.1385228,0.24985926,0.11996216,0.099983263,0.11001504,0.05000778,0.010001707,0.030004869,0.010002076,0.030008843
23.123123,0.049023188,0.17648015,0.88235686,7.6266278,3.8221613,35.745168,18.905233,34.070572,3.1384919,1.7969483,1.3057882,2.8090604,1.4000678,0.98392879,1.0437225,2.6778186,0.47922875,1.4476964,0.46014066,2.6632251,4.5550627,0.078344384,0.14697681,0.14691857,2.6354977,2.4121399,1.1159496,0.24490617,0.11758422,0.098001412,0.10783448,0.049016603,0.0098034695,0.02941016,0.0098038321,0.029414072
23.223223,0.048051528,0.17298224,0.86486811,7.4754632,3.7464023,35.036636,18.530471,33.3951,3.076258,1.7613065,1.2798764,2.7532923,1.3722728,0.96440234,1.0230131,2.6246653,0.46972522,1.4189881,0.45101762,2.6104231,4.4647605,0.076791179,0.14406327,0.14400593,2.5832096,2.3642885,1.0938234,0.24005114,0.11525334,0.096058792,0.10569709,0.048045045,0.0096091557,0.028827222,0.0096095126,0.028831073
23.323323,0.047099134,0.16955368,0.84772612,7.3272957,3.6721453,34.342153,18.16314,32.733025,3.0152587,1.7263718,1.254479,2.6986318,1.3450298,0.94526355,1.0027147,2.5725673,0.46041022,1.3908493,0.44207553,2.5586684,4.3762491,0.075268778,0.14120751,0.14115105,2.5319591,2.3173867,1.0721361,0.23529238,0.11296869,0.094154692,0.10360207,0.047092752,0.0094186946,0.028255843,0.009419046,0.028259634
23.423423,0.04616563,0.16619312,0.83092411,7.182067,3.5993612,33.661445,17.803096,32.084086,2.9554699,1.6921306,1.229586,2.6450572,1.3183281,0.92650485,0.98281939,2.5215042,0.45128007,1.3632689,0.43331085,2.5079404,4.2894936,0.07377658,0.1384084,0.1383528,2.4817262,2.271416,1.050879,0.23062803,0.11072936,0.092288362,0.10154861,0.046159346,0.0092320112,0.027695796,0.0092323571,0.027699528
23.523524,0.045250621,0.16289915,0.81445502,7.0397158,3.5280193,32.994226,17.450187,31.448008,2.8968662,1.6585683,1.2051868,2.592546,1.2921564,0.9081183,0.96331867,2.4714543,0.44233092,1.3362352,0.42471988,2.4582178,4.2044574,0.072313954,0.13566475,0.13561002,2.4324895,2.2263569,1.0300432,0.22605611,0.1085344,0.090459013,0.099535836,0.045244434,0.0090490267,0.027146846,0.0090493672,0.02715052
23.623624,0.044353743,0.15967044,0.79831225,6.9001853,3.458091,32.340228,17.104272,30.824538,2.8394243,1.6256715,1.1812716,2.5410771,1.266504,0.89009655,0.94420477,2.4223976,0.43355918,1.3097374,0.41629919,2.4094808,4.1211064,0.070880316,0.13297547,0.13292159,2.3842294,2.1821914,1.0096205,0.2215748,0.10638294,0.088665916,0.097562944,0.044347652,0.0088696681,0.026608774,0.0088700032,0.02661239
23.723724,0.043474637,0.15650572,0.78248936,6.7634197,3.3895484,31.699191,16.765213,30.213426,2.7831212,1.5934271,1.1578309,2.4906298,1.2413609,0.87243237,0.92547003,2.3743144,0.42496135,1.283765,0.40804542,2.3617097,4.0394075,0.069475094,0.13033949,0.13028644,2.3369265,2.1389018,0.98960256,0.2171823,0.10427412,0.086908353,0.095629148,0.04346864,0.0086938636,0.026081364,0.0086941935,0.026084924
23.823824,0.042612951,0.15340371,0.76698003,6.6293643,3.3223642,31.070858,16.432874,29.614428,2.7279343,1.5618222,1.1348553,2.4411839,1.2167168,0.85511869,0.90710695,2.3271854,0.41653399,1.2583075,0.39995525,2.3148857,3.9593279,0.068097726,0.12775575,0.12770353,2.2905619,2.0964708,0.96998145,0.21287686,0.10220709,0.085185623,0.093733674,0.042607048,0.008521543,0.025564406,0.0085218678,0.02556791
23.923924,0.041768342,0.15036317,0.75177804,6.4979656,3.2565114,30.454977,16.107122,29.027303,2.6738416,1.530844,1.1123355,2.3927195,1.192562,0.83814856,0.88910816,2.2809918,0.40827372,1.2333548,0.39202546,2.2689898,3.8808355,0.066747659,0.12522322,0.12517181,2.2451169,2.0548813,0.9507493,0.20865676,0.10018103,0.083497034,0.091875763,0.04176253,0.0083526374,0.025057693,0.008352957,0.025061141
24.024024,0.04094047,0.14738288,0.73687731,6.3691707,3.1919636,29.851303,15.787826,28.451817,2.6208213,1.5004802,1.0902626,2.3452172,1.1688866,0.82151515,0.87146644,2.2357149,0.40017723,1.2088967,0.38425286,2.2240036,3.8038989,0.065424353,0.12274089,0.12269027,2.2005735,2.0141168,0.93189841,0.2045203,0.098195129,0.081841912,0.090054671,0.040934748,0.008187079,0.024561021,0.0081873937,0.024564415
24.124124,0.040129003,0.14446165,0.72227186,6.2429282,3.128695,29.259592,15.474859,27.887739,2.5688523,1.4707185,1.0686276,2.2986579,1.1456811,0.80521179,0.8541747,2.1913365,0.39224127,1.1849236,0.37663433,2.1799093,3.7284873,0.064127277,0.12030775,0.12025792,2.1569136,1.9741607,0.9134212,0.20046583,0.096248583,0.080219591,0.088269669,0.040123371,0.0080248015,0.024074192,0.0080251112,0.024077533
24.224224,0.039333616,0.14159831,0.70795583,6.1191873,3.0666801,28.679607,15.168094,27.334842,2.5179135,1.441547,1.0474218,2.2530227,1.1229363,0.78923191,0.83722598,2.1478389,0.38446265,1.1614258,0.36916682,2.1366889,3.6545703,0.06285591,0.11792284,0.11787378,2.1141196,1.9349971,0.89531026,0.19649171,0.094340614,0.078629421,0.086520038,0.039328072,0.0078657397,0.02359701,0.0078660445,0.023600298
24.324324,0.038553993,0.13879172,0.69392353,5.9978988,3.0058944,28.111118,14.86741,26.792906,2.4679847,1.4129542,1.0266369,2.2082935,1.100643,0.77356914,0.82061353,2.1052046,0.37683828,1.1383939,0.36184735,2.0943254,3.5821185,0.061609746,0.11558519,0.1155369,2.0721747,1.8966104,0.87755838,0.19259638,0.092470464,0.07707077,0.084805084,0.038548536,0.0077098305,0.023129285,0.0077101305,0.023132522
24.424424,0.037789851,0.13604086,0.68016988,5.8790189,2.9463157,27.553919,14.572698,26.261734,2.4190479,1.3849295,1.0062652,2.164454,1.0787932,0.75821781,0.80433133,2.0634181,0.36936539,1.1158196,0.35467328,2.0528033,3.5111058,0.060388335,0.11329398,0.11324644,2.0310635,1.8589866,0.86015913,0.18877841,0.090637456,0.075543073,0.083124187,0.037784479,0.0075570173,0.022670849,0.0075573126,0.022674034
24.524525,0.037040862,0.13334454,0.66668896,5.7624963,2.8879185,27.007769,14.283831,25.741099,2.371082,1.357461,0.98629788,2.1214854,1.0573773,0.74317127,0.78837233,2.0224615,0.36204076,1.0936932,0.3476415,2.0121049,3.4415015,0.059191149,0.1110482,0.1110014,1.9907683,1.8221095,0.84310502,0.18503615,0.088840799,0.074045671,0.081476621,0.037035574,0.0074072343,0.022221503,0.0074075249,0.022224638
24.624625,0.036306724,0.13070169,0.65347534,5.6482842,2.8306793,26.472449,14.000692,25.23079,2.3240675,1.3305375,0.96672701,2.0793702,1.0363868,0.72842347,0.77273013,1.9823182,0.35486144,1.0720057,0.3407492,1.9722137,3.3732776,0.058017707,0.10884696,0.10880089,1.9512728,1.7859643,0.82638917,0.18136812,0.087079772,0.072577964,0.079861726,0.036301519,0.0072604214,0.021781068,0.0072607074,0.021784153
24.724725,0.035587142,0.12811125,0.64052372,5.5363367,2.774575,25.947745,13.723169,24.730602,2.2779858,1.3041482,0.94754466,2.0380914,1.0158131,0.71396846,0.75739842,1.942972,0.34782454,1.0507484,0.3339936,1.9331137,3.3064068,0.056867538,0.10668937,0.10664402,1.9125613,1.7505363,0.81000488,0.17777283,0.085353666,0.071139361,0.07827885,0.035582019,0.0071165195,0.021349365,0.007116801,0.021352401
24.824825,0.034881826,0.12557216,0.62782887,5.4266086,2.7195831,25.433444,13.451148,24.240334,2.232818,1.2782826,0.92874308,1.9976325,0.99564809,0.69980041,0.742371,1.904407,0.34092724,1.0299128,0.32737197,1.8947891,3.2408619,0.055740177,0.10457456,0.10452993,1.8746179,1.7158113,0.79394553,0.17424883,0.083661787,0.069729282,0.076727358,0.034876783,0.0069754706,0.020926222,0.0069757477,0.02092921
24.924925,0.034190492,0.1230834,0.61538567,5.3190557,2.6656813,24.929338,13.18452,23.759787,2.188546,1.25293,0.91031464,1.9579768,0.97588343,0.68591356,0.72764178,1.8666076,0.33416672,1.0094904,0.32088165,1.8572244,3.1766166,0.054635169,0.10250167,0.10245774,1.8374275,1.6817753,0.77820463,0.1707947,0.082003448,0.068347157,0.075206621,0.034185528,0.0068372178,0.020511466,0.0068374904,0.020514407
25.025025,0.033512858,0.12064396,0.60318906,5.2136342,2.6128477,24.435224,12.923178,23.288766,2.1451518,1.2280802,0.89225186,1.9191084,0.95651111,0.67230227,0.71320478,1.8295583,0.32754026,0.98947296,0.31451999,1.8204043,3.1136448,0.053552065,0.10046988,0.10042664,1.8009748,1.6484144,0.76277578,0.16740903,0.080377979,0.066992425,0.073716022,0.033507972,0.0067017049,0.02010493,0.0067019732,0.020107824
25.125125,0.032848649,0.11825285,0.5912341,5.1103014,2.5610609,23.9509,12.667013,22.82708,2.1026177,1.2037232,0.87454737,1.8810114,0.93752323,0.658961,0.69905412,1.7932442,0.32104515,0.96985228,0.3082844,1.784314,3.0519208,0.052490425,0.09847834,0.098435779,1.765245,1.615715,0.74765271,0.16409045,0.078784718,0.065664536,0.072254957,0.032843841,0.0065688768,0.019706449,0.0065691408,0.019709297
25.225225,0.032197595,0.1159091,0.57951589,5.009015,2.5102998,23.476167,12.415923,22.374539,2.0609263,1.1798488,0.85719392,1.8436701,0.91891201,0.64588427,0.68518399,1.7576503,0.31467873,0.95062036,0.30217235,1.7489386,2.9914195,0.051449815,0.096526249,0.096484357,1.7302234,1.5836637,0.73282925,0.16083761,0.077223013,0.064362947,0.070822827,0.032192862,0.0064386793,0.019315859,0.0064389392,0.019318662
25.325325,0.031559427,0.11361174,0.56802964,4.9097335,2.4605434,23.010833,12.169803,21.930959,2.0200606,1.1564474,0.84018438,1.8070692,0.90066979,0.63306672,0.67158872,1.722762,0.3084384,0.93176931,0.29618131,1.7142637,2.932116,0.050429808,0.094612802,0.09457157,1.6958958,1.5522474,0.7182993,0.15764916,0.075692225,0.063087124,0.069419045,0.031554769,0.006311059,0.018933001,0.0063113147,0.018935759
25.425425,0.030933951,0.11136006,0.55677183,4.8124266,2.4117766,22.554754,11.92858,21.496203,1.980008,1.1335117,0.82351355,1.7711975,0.882791,0.62050441,0.65826412,1.6885686,0.30232225,0.91329337,0.29030946,1.6802786,2.8739921,0.049430093,0.092737416,0.092696834,1.6622516,1.5214565,0.70405843,0.15452414,0.074191886,0.061836678,0.068043184,0.030929367,0.006185977,0.018557758,0.0061862286,0.018560472
25.525526,0.030320907,0.10915315,0.54573776,4.7170536,2.3639791,22.10774,11.692151,21.070091,1.9407518,1.1110323,0.80717446,1.7360399,0.86526814,0.60819211,0.64520465,1.6550558,0.29632771,0.89518482,0.28455435,1.6469691,2.8170238,0.048450251,0.090899308,0.090859366,1.6292767,1.4912781,0.69010069,0.15146124,0.07272137,0.060611086,0.066694668,0.030316395,0.006063381,0.018189973,0.0060636286,0.018192643
25.625626,0.02972002,0.10698999,0.53492252,4.6235721,2.3171296,21.669592,11.460411,20.652432,1.9022745,1.0889989,0.79115978,1.7015807,0.84809336,0.59612429,0.63240444,1.6222086,0.29045212,0.87743557,0.27891341,1.6143204,2.7611854,0.047489846,0.089097657,0.089058346,1.5969564,1.4616987,0.67641984,0.14845909,0.07128002,0.059409802,0.065372897,0.02971558,0.0059432163,0.017829481,0.0059434599,0.017832109
25.725726,0.029131048,0.10486973,0.52432172,4.5319441,2.2712089,21.240132,11.233268,20.243056,1.8645605,1.0674028,0.77546303,1.667806,0.83125969,0.58429606,0.61985831,1.5900136,0.2846931,0.86003843,0.27338436,1.5823193,2.7064544,0.046548489,0.087331734,0.087293044,1.5652775,1.4327063,0.66301036,0.14551648,0.069867253,0.05823234,0.064077334,0.029126678,0.0058254343,0.017476138,0.005825674,0.017478724
25.825826,0.02855375,0.1027915,0.51393107,4.4421325,2.2261986,20.819186,11.010627,19.841797,1.8275944,1.0462351,0.76007781,1.6347019,0.81476026,0.57270261,0.60756116,1.5584578,0.27904829,0.84298633,0.26796494,1.5509527,2.6528086,0.045625797,0.085600822,0.085562745,1.5342273,1.4042891,0.64986679,0.14263222,0.068482495,0.057078221,0.062807454,0.02854945,0.0057099871,0.017129799,0.005710223,0.017132344
25.925926,0.027987894,0.10075445,0.50374633,4.3541008,2.1820804,20.406582,10.7924,19.448493,1.7913612,1.0254871,0.74499785,1.6022549,0.79858835,0.56133919,0.59550797,1.5275282,0.27351541,0.82627232,0.26265295,1.5202079,2.6002261,0.044721395,0.083904217,0.083866742,1.503793,1.3764355,0.63698377,0.13980512,0.067125183,0.055946975,0.061562741,0.027983661,0.0055968279,0.016790324,0.00559706,0.016792828
26.026026,0.027433246,0.098757757,0.49376334,4.2678129,2.1388361,20.002153,10.578496,19.062982,1.7558461,1.0051505,0.73021698,1.5704517,0.78273733,0.55020117,0.5836938,1.4972123,0.2680922,0.80988957,0.25744622,1.4900723,2.5486854,0.043834913,0.082241225,0.082204344,1.4739621,1.3491342,0.62435604,0.13703403,0.065794761,0.054838141,0.060342685,0.027429081,0.0054859103,0.016457574,0.0054861387,0.016460037
26.126126,0.02688958,0.096800597,0.48397802,4.1832335,2.096448,19.605731,10.368828,18.685106,1.7210345,0.98521684,0.7157291,1.5392793,0.76720066,0.53928395,0.5721138,1.4674974,0.26277641,0.79383135,0.25234262,1.4605336,2.4981655,0.042965987,0.080611164,0.080574868,1.4447225,1.322374,0.61197843,0.13431782,0.064490685,0.053751264,0.059146787,0.026885482,0.0053771889,0.016131412,0.0053774137,0.016133836
26.226226,0.026356673,0.094882164,0.47438632,4.1003277,2.0548987,19.217155,10.163309,18.31471,1.6869121,0.9656779,0.70152826,1.5087248,0.75197193,0.52858304,0.56076319,1.4383714,0.25756587,0.77809105,0.24734003,1.4315795,2.4486454,0.042114259,0.079013362,0.078977643,1.416062,1.2961437,0.59984583,0.13165537,0.063212417,0.052685896,0.057974553,0.026352639,0.0052706189,0.015811705,0.0052708401,0.01581409
26.326326,0.025834302,0.093001665,0.46498429,4.0190614,2.0141711,18.836262,9.9618547,17.951639,1.6534647,0.94652559,0.68760854,1.4787754,0.73704482,0.51809398,0.54963726,1.4098222,0.25245841,0.76266215,0.2424364,1.4031982,2.4001048,0.041279378,0.077447159,0.077412008,1.3879688,1.2704325,0.58795321,0.12904557,0.061959428,0.051641595,0.0568255,0.025830333,0.0051661563,0.015498319,0.0051663739,0.015500666
26.426426,0.025322278,0.091158414,0.45576848,3.9394046,1.9742501,18.462914,9.7643912,17.595762,1.6206801,0.92775291,0.67396486,1.4494202,0.72241385,0.50781295,0.53873194,1.3818393,0.24745217,0.74753899,0.23762992,1.3753791,2.3525257,0.040461037,0.075911982,0.07587739,1.3604326,1.245231,0.57629622,0.12648748,0.06073126,0.050617981,0.055699207,0.025318373,0.0050637627,0.015191141,0.0050639768,0.01519345
26.526527,0.024820481,0.089351976,0.44673673,3.8613388,1.9351265,18.097024,9.5708721,17.246994,1.5885505,0.90935543,0.66059401,1.4206523,0.70807559,0.49773752,0.52804467,1.3544161,0.24254597,0.73271803,0.23291947,1.3481158,2.3058971,0.039659044,0.074407469,0.074373428,1.3334469,1.2205333,0.56487214,0.12398048,0.059527624,0.049614813,0.054595408,0.024816637,0.0049634143,0.014890098,0.0049636249,0.01489237
26.626627,0.024328631,0.08758135,0.43788404,3.7848207,1.8967785,17.738387,9.38119,16.905143,1.5570583,0.89132296,0.64748856,1.3924557,0.69402206,0.48786209,0.5175695,1.3275373,0.23773708,0.71819104,0.22830243,1.3213932,2.2601932,0.038872954,0.072932788,0.07289929,1.3069967,1.1963256,0.55367461,0.1215232,0.058347854,0.048631535,0.053513493,0.024324849,0.0048650552,0.014595023,0.0048652625,0.014597258
26.726727,0.023846531,0.085845822,0.42920682,3.7098193,1.8591907,17.386861,9.1952684,16.57007,1.5261905,0.87364819,0.63464319,1.3648189,0.68024755,0.47818266,0.5073022,1.3011922,0.23302357,0.70395216,0.22377694,1.2952004,2.2153953,0.038102451,0.071487342,0.071454378,1.2810713,1.1725982,0.54269912,0.11911463,0.057191472,0.047667749,0.052453025,0.02384281,0.004768646,0.014305798,0.0047688499,0.014307997
26.826827,0.023373985,0.084144689,0.42070158,3.6363043,1.8223478,17.042301,9.0130319,16.241639,1.4959348,0.85632395,0.6220527,1.3377307,0.66674648,0.4686953,0.49723859,1.2753699,0.22840352,0.6899956,0.21934116,1.2695269,2.1714855,0.037347221,0.070070546,0.070038108,1.2556602,1.1493415,0.53194122,0.11675381,0.05605801,0.046723065,0.051413574,0.023370323,0.0046741474,0.014022304,0.004674348,0.014024468
26.926927,0.022910802,0.08247726,0.41236484,3.5642459,1.7862349,16.704568,8.8344066,15.919717,1.4662788,0.83934321,0.60971195,1.3111802,0.65351334,0.45939615,0.48737459,1.2500599,0.22387505,0.6763157,0.2149933,1.2443622,2.1284458,0.036606958,0.068681824,0.068649905,1.2307531,1.1265459,0.52139653,0.11443977,0.054947009,0.0457971,0.050394718,0.022907199,0.0045815211,0.013744427,0.0045817185,0.013746556
27.027027,0.022456793,0.080842857,0.40419323,3.4936148,1.7508373,16.373525,8.6593198,15.604172,1.4372104,0.82269904,0.59761593,1.2851563,0.64054273,0.45028142,0.47770618,1.225252,0.21943633,0.66290689,0.21073158,1.2196961,2.0862588,0.035881361,0.067320612,0.067289203,1.2063398,1.1042023,0.51106077,0.11217157,0.053858015,0.044889477,0.049396043,0.022453247,0.0044907295,0.013472055,0.0044909237,0.013474149
27.127127,0.022011772,0.079240814,0.39618341,3.4243821,1.7161406,16.049037,8.4876999,15.294877,1.4087178,0.80638464,0.58575968,1.2596486,0.62782935,0.44134738,0.46822939,1.200936,0.21508553,0.64976369,0.20655426,1.1955185,2.0449072,0.035170133,0.065986354,0.065955448,1.1824103,1.0823014,0.50092972,0.10994828,0.052790585,0.043999826,0.048417141,0.022008284,0.0044017356,0.013205075,0.0044019266,0.013207135
27.227227,0.021575559,0.077670475,0.3883321,3.3565194,1.6821305,15.730971,8.3194768,14.991705,1.3807894,0.79039334,0.57413834,1.2346465,0.61536796,0.43259037,0.45894035,1.177102,0.21082088,0.63688072,0.20245964,1.1718195,2.0043741,0.034472984,0.064678505,0.064648093,1.1589548,1.0608343,0.49099923,0.10776901,0.051744282,0.043127783,0.047457612,0.021572127,0.0043145028,0.012943379,0.0043146908,0.012945406
27.327327,0.021147973,0.076131195,0.38063608,3.2899991,1.6487931,15.419196,8.1545815,14.69453,1.3534135,0.77471854,0.56274712,1.2101397,0.60315344,0.42400677,0.44983523,1.15374,0.20664062,0.62425268,0.19844603,1.1485894,1.9646429,0.033789627,0.063396526,0.063366602,1.1359638,1.0397921,0.48126522,0.10563284,0.050718676,0.042272989,0.046517062,0.021144596,0.0042289954,0.012686859,0.0042291803,0.012688853
27.427427,0.020728838,0.074622339,0.37309218,3.2247935,1.6161146,15.113584,7.9929458,14.403231,1.326579,0.75935379,0.55158131,1.1861181,0.59118074,0.41559304,0.44091027,1.1308404,0.20254303,0.61187436,0.19451177,1.1258185,1.9256971,0.03311978,0.062139889,0.062110446,1.1134275,1.0191662,0.47172367,0.1035389,0.049713345,0.041435092,0.045595103,0.020725516,0.0041451782,0.012435409,0.0041453601,0.012437371
27.527528,0.020318001,0.073143353,0.36569762,3.1608788,1.5840831,14.814022,7.8345103,14.117699,1.300276,0.74429342,0.54063681,1.1625728,0.57944544,0.40734609,0.43216218,1.1083948,0.1985266,0.59974121,0.19065543,1.1034986,1.8875225,0.032463197,0.060908133,0.060879162,1.0913379,0.99894898,0.46237106,0.10148642,0.048727917,0.040613784,0.044691395,0.020314732,0.0040630203,0.012188938,0.0040631992,0.012190867
27.627628,0.01991536,0.071693871,0.35845057,3.0982391,1.5526906,14.520437,7.6792358,13.837865,1.2744979,0.72953371,0.5299109,1.1394979,0.56794463,0.39926386,0.4235888,1.0863976,0.19459034,0.58785023,0.18687603,1.081624,1.8501095,0.031819715,0.059700952,0.059672447,1.0696893,0.97913542,0.4532051,0.099474899,0.047762151,0.039808861,0.043805716,0.019912144,0.0039825013,0.011947383,0.0039826774,0.011949281
27.727728,0.019520697,0.07027311,0.35134712,3.0368406,1.5219201,14.232669,7.5270385,13.563578,1.2492308,0.71506667,0.51939778,1.1168811,0.55667208,0.39134198,0.41518548,1.064837,0.19073211,0.57619498,0.18317155,1.0601831,1.8134381,0.031188986,0.058517694,0.058489647,1.0484701,0.95971481,0.44422082,0.097503239,0.046815523,0.03901989,0.042937588,0.019517532,0.0039035779,0.011710614,0.0039037511,0.011712482
27.827828,0.019133853,0.068880499,0.34438441,2.9766587,1.4917594,13.950603,7.3778571,13.294726,1.2244645,0.70088647,0.50909319,1.0947131,0.54562323,0.38357725,0.40694884,1.0437042,0.18695037,0.56477077,0.17954048,1.039167,1.7774934,0.030570758,0.057357883,0.057330288,1.0276718,0.94067931,0.43541461,0.095570651,0.045887653,0.038246552,0.04208666,0.01913074,0.0038262182,0.011478537,0.0038263886,0.011480374
27.927928,0.018754673,0.067515477,0.33755964,2.917669,1.4621961,13.674126,7.2316315,13.031203,1.2001891,0.6869874,0.498993,1.072985,0.53479363,0.37596655,0.39887555,1.0229906,0.18324358,0.553573,0.17598138,1.0185675,1.7422609,0.02996478,0.056221053,0.056193902,1.0072859,0.92202126,0.42678292,0.093676356,0.044978168,0.037488536,0.04125259,0.01875161,0.0037503911,0.011251058,0.0037505587,0.011252865
28.028028,0.018383004,0.066177494,0.33087006,2.8598478,1.4332185,13.403125,7.0883029,12.7729,1.1763948,0.67336384,0.48909311,1.051688,0.5241789,0.36850679,0.39096236,1.002688,0.17961026,0.54259715,0.1724928,0.99837606,1.7077265,0.029370809,0.055106744,0.055080031,0.98730423,0.90373312,0.41832227,0.091819592,0.0440867,0.036745536,0.040435043,0.018379991,0.0036760661,0.011028085,0.003676231,0.011029862
28.128128,0.018018696,0.06486601,0.32431296,2.8031718,1.4048148,13.137492,6.9478132,12.519714,1.153072,0.66001029,0.47938951,1.0308135,0.51377473,0.36119496,0.38320605,0.982788,0.17604894,0.53183879,0.16907333,0.97858468,1.6738762,0.028788604,0.054014508,0.053988226,0.96771867,0.88580749,0.41002924,0.089999607,0.043212891,0.036017254,0.039633688,0.018015731,0.0036032132,0.010809528,0.0036033753,0.010811276
28.228228,0.017661601,0.063580494,0.31788571,2.747618,1.3769735,12.87712,6.8101058,12.271543,1.1302111,0.64692135,0.46987828,1.010353,0.5035769,0.35402809,0.37560349,0.96328264,0.17255817,0.52129356,0.16572159,0.9591853,1.6406962,0.028217931,0.052943902,0.052918044,0.94852131,0.86823711,0.40190048,0.088215667,0.042356386,0.035303393,0.0388482,0.017658685,0.0035318028,0.010595299,0.0035319623,0.010597019
28.328328,0.017311576,0.062320427,0.31158569,2.693164,1.3496834,12.621902,6.6751248,12.028286,1.107803,0.6340917,0.46055556,0.99029818,0.49358128,0.34700328,0.3681516,0.94416398,0.16913654,0.51095719,0.16243622,0.94017007,1.6081733,0.027658557,0.051894492,0.051869053,0.92970435,0.85101486,0.39393269,0.086467048,0.041516838,0.034603666,0.038078264,0.017308707,0.0034618061,0.01038531,0.0034619631,0.010387002
28.428428,0.016968478,0.061085296,0.30541035,2.6397877,1.3229334,12.371735,6.5428155,11.789845,1.0858386,0.62151613,0.45141755,0.9706409,0.48378379,0.34011766,0.36084734,0.92542424,0.16578266,0.50082547,0.15921589,0.92153126,1.5762941,0.027110256,0.050865853,0.050840825,0.91126015,0.83413374,0.38612264,0.084753041,0.040693908,0.033917787,0.037323564,0.016965655,0.0033931947,0.010179478,0.0033933491,0.010181142
28.528529,0.016632167,0.0598746,0.29935717,2.5874673,1.2967126,12.126517,6.4131239,11.556121,1.0643089,0.60918951,0.44246053,0.95137313,0.47418044,0.33336843,0.35368773,0.90705575,0.16249517,0.49089429,0.15605929,0.90326129,1.5450458,0.026572805,0.049857567,0.049832943,0.89318117,0.81758686,0.37846714,0.083072948,0.039887259,0.033245479,0.036583795,0.01662939,0.0033259407,0.0099777175,0.0033260925,0.0099793544
28.628629,0.016302516,0.058687879,0.29342386,2.536183,1.271011,11.886155,6.2860009,11.327027,1.0432057,0.59710716,0.43368108,0.93248752,0.46476755,0.32675301,0.34667005,0.88905154,0.15927281,0.48115987,0.15296521,0.88535321,1.5144163,0.026045999,0.048869249,0.048845024,0.87546056,0.80136793,0.37096329,0.08142613,0.039096586,0.032586485,0.035858676,0.016299784,0.0032600185,0.0097799525,0.0032601678,0.0097815626
28.728729,0.015979424,0.057524772,0.28760862,2.4859192,1.2458209,11.650577,6.1614078,11.102493,1.0225226,0.58526542,0.42507655,0.91397834,0.45554229,0.3202694,0.33979217,0.87140613,0.1561146,0.47161926,0.14993272,0.8678016,1.4843965,0.025529679,0.047900601,0.047876769,0.85809293,0.78547203,0.36360882,0.07981209,0.038321649,0.031940606,0.035147987,0.015976737,0.0031954081,0.009586123,0.003195555,0.0095877067
28.828829,0.015662735,0.056384714,0.28190862,2.4366514,1.2211299,11.419668,6.0392841,10.88241,1.0022495,0.5736585,0.41664272,0.89583655,0.44650013,0.31391444,0.33305073,0.85411089,0.15301902,0.46226779,0.14696035,0.8505979,1.4549716,0.025023593,0.046951151,0.046927705,0.8410698,0.76989141,0.35640014,0.078230039,0.03756207,0.031307527,0.034451381,0.015660092,0.0031320781,0.0093961346,0.0031322226,0.0093976923
28.928929,0.015352322,0.055267247,0.27632157,2.38836,1.1969283,11.193334,5.9195806,10.666689,0.9823784,0.56228175,0.40837621,0.87805483,0.43763743,0.30768556,0.32644303,0.83715888,0.1499848,0.45310173,0.14404689,0.83373521,1.42613,0.024527538,0.046020517,0.045997452,0.82438433,0.75461979,0.34933435,0.076679343,0.036817545,0.030686994,0.03376858,0.015349722,0.003070003,0.0092099111,0.0030701451,0.0092114433
29.029029,0.015048059,0.054171923,0.27084522,2.3410254,1.1732062,10.971485,5.8022495,10.455243,0.96290118,0.55113059,0.4002737,0.86062604,0.42895064,0.30158026,0.3199664,0.82054328,0.14701075,0.44411739,0.14119119,0.81720676,1.39786,0.024041315,0.045108326,0.045085636,0.80802981,0.73965106,0.34240862,0.075159381,0.036087775,0.030078758,0.033099309,0.015045502,0.0030091581,0.0090273778,0.0030092978,0.0090288848
29.129129,0.014749826,0.053098302,0.26547739,2.2946288,1.1499542,10.754033,5.6872434,10.247988,0.94381006,0.54020054,0.39233192,0.84354314,0.42043624,0.29559609,0.31361823,0.80425738,0.14409565,0.43531115,0.13839208,0.80100591,1.3701503,0.023564728,0.044214213,0.044191891,0.79199967,0.72497918,0.33562016,0.073669542,0.035372467,0.029482576,0.032443299,0.01474731,0.0029495187,0.0088484613,0.0029496562,0.0088499435
29.229229,0.014457501,0.052045952,0.26021591,2.2491514,1.1271629,10.540889,5.5745162,10.04484,0.92509733,0.5294872,0.38454767,0.82679925,0.41209081,0.28973063,0.30739598,0.78829461,0.14123834,0.42667948,0.13564845,0.78512613,1.3429897,0.023097586,0.043337816,0.043315858,0.77628743,0.71059823,0.32896625,0.072209225,0.034671332,0.028898206,0.031800287,0.014455026,0.002891061,0.0086730898,0.0028911962,0.0086745475
29.329329,0.014170966,0.051014449,0.25505865,2.204575,1.1048231,10.331968,5.4640225,9.8457181,0.90675547,0.51898623,0.37691781,0.81038758,0.40391096,0.2839815,0.30129712,0.77264853,0.13843766,0.41821888,0.13295919,0.76956101,1.3163672,0.022639701,0.042478783,0.042457182,0.76088676,0.69650243,0.32244419,0.070777842,0.033984089,0.028325414,0.031170014,0.014168532,0.0028337614,0.0085011924,0.0028338944,0.0085026261
29.429429,0.013890108,0.050003377,0.25000355,2.1608814,1.0829258,10.127185,5.3557174,9.6505406,0.88877705,0.5086934,0.36943924,0.7943015,0.39589339,0.27834639,0.29531919,0.7573128,0.13569248,0.40992594,0.1303232,0.75430429,1.2902722,0.022190886,0.041636767,0.041615518,0.74579142,0.68268605,0.31605136,0.069374815,0.033310459,0.027763968,0.030552224,0.013887713,0.0027775966,0.0083326997,0.0027777275,0.0083341099
29.52953,0.01361481,0.049012326,0.24504855,2.1180531,1.0614621,9.9264571,5.2495574,9.459229,0.8711548,0.49860453,0.36210894,0.77853448,0.38803484,0.272823,0.28945976,0.74228119,0.13300169,0.4017973,0.12773944,0.73934977,1.264694,0.021750962,0.040811427,0.040790524,0.7309953,0.66914351,0.30978517,0.067999576,0.032650171,0.027213641,0.029946669,0.013612455,0.0027225442,0.0081675437,0.0027226728,0.0081689306
29.62963,0.013344963,0.048040894,0.24019164,2.0760726,1.0404233,9.7297034,5.1454991,9.2717056,0.85388155,0.48871553,0.35492391,0.76308008,0.3803321,0.26740909,0.28371646,0.72754759,0.1303642,0.39382966,0.12520683,0.72469138,1.2396222,0.021319748,0.040002428,0.039981866,0.71649238,0.65586929,0.30364306,0.066651567,0.032002955,0.026674209,0.029353102,0.013342646,0.0026685815,0.0080056573,0.0026687081,0.0080070213
29.72973,0.013080462,0.047088709,0.23543096,2.0349239,1.0198013,9.5368483,5.0435029,9.0878986,0.83695069,0.4790226,0.34788141,0.74793238,0.37278223,0.26210258,0.27808707,0.71310633,0.12777899,0.38601996,0.12272443,0.71032351,1.2150473,0.020897081,0.03920946,0.039189233,0.70227709,0.64285831,0.29762269,0.065330271,0.031368565,0.026145467,0.028771295,0.013078183,0.0026156881,0.0078469785,0.0026158125,0.00784832
29.82983,0.012821224,0.04615547,0.230765,1.994594,0.99958972,9.3478306,4.9435364,8.9077496,0.82035685,0.46952266,0.3409792,0.73308657,0.36538282,0.25690179,0.27256981,0.69895284,0.12524524,0.37836573,0.12029143,0.6962416,1.1909615,0.020482825,0.038432271,0.038412375,0.68834493,0.63010644,0.29172215,0.06403527,0.030746798,0.025627245,0.028201065,0.012818983,0.0025638471,0.0076914569,0.0025639695,0.0076927763
29.92993,0.012567125,0.045240733,0.22619155,1.9550636,0.97977883,9.1625604,4.8455519,8.731173,0.80409212,0.4602112,0.33421399,0.71853556,0.35813034,0.25180424,0.26716205,0.68508036,0.12276176,0.37086332,0.11790668,0.68243895,1.1673533,0.020076784,0.037670493,0.037650922,0.67468925,0.61760759,0.28593863,0.062765947,0.03013736,0.025119299,0.027642141,0.012564921,0.0025130339,0.0075390187,0.0025131543,0.0075403163
30.03003,0.012318064,0.04434413,0.22170876,1.9163169,0.96036068,8.9809634,4.7495102,8.5580978,0.78814997,0.45108446,0.32758305,0.70427347,0.35102187,0.24680786,0.26186161,0.6714833,0.12032753,0.36350972,0.11556922,0.66891001,1.1442132,0.019678795,0.036923819,0.036904568,0.66130455,0.60535675,0.28026981,0.061521793,0.029540005,0.024621424,0.027094297,0.012315896,0.0024632281,0.0073896026,0.0024633465,0.0073908787
30.13013,0.01207394,0.0434653,0.21731484,1.8783383,0.94132747,8.8029663,4.6553726,8.3884543,0.77252398,0.44213876,0.3210837,0.69029456,0.34405453,0.24191065,0.25666635,0.65815617,0.11794159,0.35630196,0.11327811,0.65564934,1.121532,0.019288697,0.036191948,0.036173012,0.64818544,0.59334897,0.2747134,0.060302306,0.028954494,0.024133418,0.026557313,0.012071807,0.0024144096,0.0072431485,0.002414526,0.0072444034
30.23023,0.011834655,0.042603889,0.213008,1.8411124,0.92267151,8.6284975,4.563101,8.222174,0.75720783,0.4333705,0.31471333,0.67659316,0.33722551,0.23711063,0.25157418,0.64509357,0.11560296,0.34923713,0.11103243,0.64265158,1.0993003,0.018906332,0.035474585,0.035455959,0.63532661,0.5815794,0.26926715,0.059106994,0.028380588,0.023655087,0.026030973,0.011832557,0.0023665587,0.0070995972,0.0023666732,0.0071008313
30.33033,0.011600111,0.041759549,0.20878652,1.8046242,0.90438527,8.4574863,4.4726582,8.0591896,0.74219533,0.42477612,0.30846934,0.66316372,0.33053204,0.23240585,0.24658303,0.63229021,0.1133107,0.34231238,0.10883126,0.62991147,1.0775093,0.018531547,0.03477144,0.034753119,0.62272286,0.57004327,0.26392887,0.057935374,0.027818058,0.023186235,0.025515064,0.011598048,0.0023196562,0.0069588908,0.0023197687,0.0069601044
30.43043,0.011370214,0.040931937,0.20464867,1.768859,0.88646133,8.2898634,4.3840075,7.8994351,0.72748039,0.41635214,0.30234921,0.65000077,0.32397138,0.2277944,0.24169088,0.61974089,0.11106387,0.33552489,0.10667372,0.61742385,1.0561502,0.018164189,0.034082228,0.034064207,0.61036907,0.55873589,0.25869639,0.05678697,0.027266673,0.022726673,0.025009377,0.011368185,0.0022736828,0.0068209721,0.0022737936,0.0068221656
30.530531,0.011144871,0.040120716,0.20059278,1.7338021,0.8688924,8.1255606,4.2971129,7.7428455,0.71305701,0.40809511,0.29635042,0.63709894,0.31754088,0.22327439,0.23689572,0.60744048,0.10886157,0.3288719,0.10455892,0.60518363,1.0352142,0.017804109,0.033406668,0.033388943,0.59826019,0.54765267,0.25356758,0.055661316,0.026726211,0.022276214,0.024513705,0.011142875,0.0022286201,0.0066857851,0.002228729,0.0066869588
30.630631,0.010923989,0.039325557,0.19661718,1.6994393,0.85167131,7.9645109,4.2119387,7.5893567,0.69891931,0.40000167,0.29047054,0.62445295,0.31123789,0.21884398,0.2321956,0.59538396,0.1067029,0.32235069,0.102486,0.59318582,1.0146927,0.017451159,0.032744484,0.032727051,0.58639129,0.53678906,0.24854035,0.054557952,0.026196451,0.021834674,0.024027848,0.010922026,0.0021844495,0.0065532747,0.0021845566,0.0065544289
30.730731,0.010707478,0.038546132,0.19272026,1.6657565,0.83479101,7.8066483,4.1284503,7.438906,0.68506149,0.3920685,0.28470715,0.6120576,0.30505982,0.21450135,0.22758858,0.58356636,0.10458696,0.31595859,0.10045412,0.58142549,0.99457743,0.017105196,0.032095406,0.032078259,0.57475748,0.52614061,0.24361263,0.053476426,0.025677175,0.021401873,0.023551604,0.010705548,0.002141153,0.0064233865,0.0021412584,0.0064245215
30.830831,0.010495256,0.037782149,0.18890054,1.6327411,0.81824514,7.6519135,4.0466161,7.2914366,0.67147833,0.38429261,0.27905807,0.59990822,0.29900434,0.21024486,0.22307294,0.57198323,0.10251297,0.3096932,0.098462505,0.56989823,0.97486076,0.016766088,0.03145919,0.031442324,0.5633544,0.51570332,0.23878258,0.052416331,0.025168188,0.020977647,0.023084797,0.010493358,0.0020987144,0.0062960717,0.0020988179,0.0062971878
30.930931,0.010287266,0.037033399,0.18515699,1.6003839,0.80202919,7.500264,3.9664138,7.1469084,0.65816612,0.37667187,0.27352175,0.58800148,0.2930698,0.20607335,0.21864743,0.5606314,0.10048035,0.30355279,0.096510612,0.55860088,0.9555373,0.016433744,0.03083566,0.030819072,0.5521789,0.50547432,0.23404886,0.051377377,0.024669351,0.02056188,0.022627297,0.010285399,0.0020571219,0.0061712954,0.0020572237,0.006172393
31.031031,0.0100834,0.036299495,0.18148766,1.5686683,0.78613479,7.3516217,3.887802,7.0052466,0.64511799,0.36920234,0.26809535,0.57633121,0.28725312,0.20198465,0.21430977,0.54950499,0.098488059,0.2975342,0.094597435,0.5475276,0.93659708,0.016107991,0.030224496,0.030208181,0.54122522,0.49544832,0.22940903,0.050359027,0.024180406,0.020154358,0.022178869,0.010081564,0.0020163542,0.0060489934,0.0020164543,0.0060500727
31.131131,0.0098835756,0.035580142,0.17789108,1.5375815,0.77055551,7.2059266,3.8107489,6.866394,0.63232866,0.36188101,0.26277665,0.56489268,0.28155195,0.19797712,0.21005821,0.53859951,0.096535286,0.29163499,0.092722201,0.53667393,0.91803244,0.015788698,0.02962545,0.029609404,0.53048892,0.48562127,0.22486123,0.049360871,0.023701157,0.019754917,0.021739333,0.0098817701,0.0019763947,0.0059291162,0.0019764932,0.0059301775
31.231231,0.0096877126,0.034875049,0.1743658,1.507111,0.75528508,7.0631197,3.7352234,6.7302946,0.61979295,0.35470492,0.2575635,0.55368126,0.27596397,0.19404913,0.20589101,0.52791051,0.094621244,0.28585278,0.090884151,0.52603548,0.8998359,0.015475736,0.029038281,0.0290225,0.51996566,0.4759892,0.22040361,0.048382506,0.023231409,0.019363395,0.021308509,0.0096859369,0.0019372274,0.0058116154,0.0019373243,0.0058126591
31.331331,0.0094957313,0.03418393,0.17091038,1.4772443,0.74031729,6.9231433,3.661195,6.5968932,0.6075058,0.34767114,0.25245379,0.5426924,0.27048691,0.19019908,0.20180649,0.51743367,0.092745156,0.28018522,0.089082541,0.51560793,0.88200006,0.015168978,0.028462751,0.028447229,0.50965117,0.46654819,0.21603437,0.047423534,0.022770972,0.018979632,0.020886224,0.0094939851,0.0018988364,0.0056964434,0.0018989316,0.0056974696
31.431431,0.0093075537,0.033506504,0.16752343,1.4479694,0.72564606,6.7859404,3.5886334,6.4661354,0.59546218,0.34077681,0.24744544,0.5319216,0.26511854,0.18642541,0.19780299,0.50716472,0.090906258,0.27463002,0.087316637,0.50538705,0.86451768,0.014868299,0.027898625,0.02788336,0.49954124,0.4572944,0.21175172,0.046483565,0.022319659,0.018603474,0.020472306,0.0093058365,0.001861206,0.0055835534,0.0018612996,0.0055845625
31.531532,0.0091231031,0.032842495,0.16420356,1.4192743,0.71126542,6.651455,3.5175092,6.337968,0.5836572,0.33401913,0.24253639,0.52136446,0.25985666,0.18272656,0.19387886,0.49709944,0.0891038,0.26918489,0.085585719,0.49536866,0.84738162,0.014573577,0.027345674,0.02733066,0.48963175,0.44822405,0.20755393,0.045562217,0.021877286,0.018234767,0.020066586,0.0091214144,0.001824321,0.0054728993,0.001824413,0.0054738915
31.631632,0.0089423041,0.032191632,0.16094941,1.3911473,0.69716948,6.5196321,3.4477931,6.2123384,0.57208602,0.32739532,0.23772463,0.51101664,0.25469912,0.17910104,0.1900325,0.48723371,0.087337044,0.26384761,0.083889078,0.48554866,0.83058488,0.014284691,0.026803671,0.026788905,0.47991862,0.43933342,0.20343926,0.044659112,0.021443671,0.01787336,0.019668899,0.0089406434,0.0017881661,0.0053644359,0.0017882567,0.0053654115
31.731732,0.0087650823,0.031553646,0.15775965,1.3635769,0.68335244,6.3904177,3.3794566,6.0891952,0.56074388,0.32090266,0.23300819,0.50087389,0.24964377,0.17554733,0.18626233,0.47756347,0.085605263,0.25861599,0.082226018,0.47592301,0.81412054,0.014001522,0.026272393,0.026257871,0.47039787,0.43061885,0.19940604,0.043773879,0.021018637,0.017519104,0.01927908,0.0087634493,0.0017527267,0.0052581185,0.0017528157,0.0052590779
31.831832,0.0085913647,0.030928275,0.15463295,1.3365515,0.66980861,6.2637583,3.3124714,5.9684873,0.54962609,0.31453846,0.22838511,0.490932,0.24468855,0.17206398,0.18256678,0.46808472,0.083907742,0.25348786,0.08059585,0.46648775,0.79798182,0.013723954,0.025751621,0.02573734,0.46106555,0.42207675,0.19545259,0.042906152,0.020602009,0.017171854,0.01889697,0.0085897588,0.001717988,0.0051539035,0.0017180755,0.0051548468
31.931932,0.008421087,0.030315287,0.15156818,1.3100614,0.65653297,6.139607,3.2468128,5.8501702,0.53872855,0.30830037,0.22385368,0.48118728,0.23983159,0.16864969,0.17894449,0.45879393,0.082243852,0.24846133,0.078997973,0.45723937,0.78216273,0.013451883,0.025241163,0.025227118,0.45191821,0.41370393,0.19157745,0.042055611,0.020193631,0.01683148,0.018522426,0.0084195078,0.0016839372,0.005051752,0.0016840232,0.0050526795
32.032032,0.0082542084,0.029714536,0.14856458,1.2841,0.64352236,6.0179343,3.1824651,5.7342155,0.52804863,0.3021869,0.21941281,0.47163742,0.23507175,0.16530364,0.17539459,0.44968889,0.080613195,0.24353519,0.077432003,0.44817567,0.7666595,0.013185245,0.024740897,0.024727084,0.44295366,0.40549841,0.1877797,0.041222052,0.019793406,0.016497902,0.018155359,0.0082526555,0.0016505661,0.0049516399,0.0016506507,0.0049525518
32.132132,0.0080906378,0.029125694,0.14562052,1.2586533,0.63076965,5.8986736,3.1193931,5.6205599,0.51758051,0.29619469,0.21506007,0.46227715,0.23040641,0.162024,0.17191513,0.44076459,0.079014878,0.23870674,0.075897085,0.43929169,0.75146365,0.012923894,0.024250548,0.024236964,0.43416699,0.39745569,0.18405725,0.04040502,0.019401116,0.016170937,0.017795569,0.0080891108,0.0016178566,0.0048535123,0.0016179398,0.0048544089
32.232232,0.0079303091,0.028548522,0.14273481,1.2337109,0.61826971,5.7817767,3.0575712,5.5091575,0.50731995,0.29032133,0.21079371,0.45310269,0.22583369,0.15880944,0.16850471,0.43201744,0.077448258,0.23397405,0.074392598,0.43058385,0.73656905,0.012667724,0.023769919,0.023756561,0.42555464,0.38957252,0.18040861,0.039604183,0.019016602,0.015850452,0.017442909,0.0079288076,0.0015857954,0.0047573296,0.0015858772,0.0047582112
32.332332,0.0077731576,0.027982788,0.13990629,1.2092628,0.60601748,5.6671965,2.9969747,5.3999631,0.4972628,0.28456444,0.20661198,0.44411033,0.22135172,0.15565866,0.16516194,0.42344388,0.075912698,0.22933519,0.072917934,0.42204861,0.72196967,0.012416631,0.023298816,0.02328568,0.41711313,0.3818457,0.1768323,0.03881922,0.018639709,0.01553632,0.017097239,0.0077716811,0.0015543695,0.004663053,0.0015544499,0.0046639198
32.432432,0.0076191197,0.027428262,0.13713381,1.185299,0.59400801,5.5548865,2.9375788,5.2929327,0.487405,0.27892169,0.20251319,0.43529641,0.21695869,0.15257038,0.16188548,0.41504043,0.074407578,0.22478828,0.071472497,0.41368253,0.7076596,0.012170515,0.022837049,0.02282413,0.40883904,0.3742721,0.17332687,0.038049812,0.018270285,0.015228412,0.016758418,0.0076176679,0.0015235663,0.0045706443,0.0015236454,0.0045714966
32.532533,0.0074681329,0.026884721,0.13441624,1.16181,0.58223641,5.4448011,2.8793595,5.1880227,0.47774253,0.27339078,0.19849569,0.42665734,0.21265281,0.14954335,0.15867398,0.40680367,0.072932286,0.22033148,0.070055698,0.40548221,0.69363304,0.011929274,0.022384428,0.022371724,0.40072899,0.36684865,0.16989089,0.037295646,0.017908178,0.014926603,0.016426307,0.0074667053,0.0014933732,0.004480066,0.001493451,0.004480904
32.632633,0.0073201357,0.026351941,0.13175249,1.138786,0.57069791,5.3368957,2.8222932,5.0851905,0.46827145,0.26796946,0.19455782,0.41818959,0.20843232,0.14657632,0.15552615,0.39873025,0.071486221,0.21596297,0.068666961,0.39744431,0.67988427,0.011692812,0.021940771,0.021928278,0.39277969,0.35957231,0.16652297,0.036556416,0.017553242,0.01463077,0.016100773,0.007318732,0.001463778,0.0043912813,0.0014638545,0.0043921052
32.732733,0.0071750677,0.025829707,0.12914145,1.1162178,0.55938778,5.2311261,2.7663564,4.984394,0.45898792,0.26265551,0.19069798,0.40988971,0.20429549,0.1436681,0.15244068,0.39081685,0.070068792,0.21168096,0.06730572,0.38956555,0.66640768,0.011461031,0.021505897,0.021493611,0.38498788,0.35244012,0.16322174,0.035831821,0.017205333,0.014340794,0.015781683,0.0071736875,0.0014347686,0.0043042539,0.0014348438,0.0043050639
32.832833,0.0070328697,0.025317804,0.12658207,1.094096,0.54830141,5.1274491,2.7115264,4.885592,0.44988811,0.25744676,0.18691459,0.40175427,0.20024063,0.14081747,0.14941632,0.38306022,0.068679419,0.20748371,0.065971417,0.3818427,0.65319775,0.011233836,0.021079627,0.021067546,0.37735037,0.34544914,0.15998583,0.035121562,0.016864306,0.014056555,0.015468905,0.0070315125,0.0014063331,0.0042189482,0.001406407,0.0042197446
32.932933,0.0068934831,0.024816023,0.1240733,1.0724116,0.53743425,5.025822,2.6577806,4.788744,0.44096829,0.25234107,0.18320608,0.39377994,0.19626607,0.13802328,0.14645181,0.37545718,0.06731753,0.20336949,0.064663503,0.37427258,0.64024906,0.011011135,0.020661786,0.020649906,0.36986402,0.33859651,0.15681393,0.034425349,0.016530024,0.013777936,0.015162312,0.0068921487,0.0013784598,0.0041353292,0.0013785325,0.0041361122
33.033033,0.0067568559,0.024324175,0.12161419,1.0511565,0.52678222,4.9262069,2.6050989,4.6938135,0.43222512,0.24733652,0.17957107,0.38596371,0.1923703,0.13528447,0.14354606,0.36800488,0.065982617,0.19933675,0.06338149,0.36685238,0.62755677,0.010792843,0.020252218,0.020240535,0.36252601,0.33187966,0.15370484,0.033742921,0.01620236,0.013504834,0.014861788,0.0067555438,0.0013511383,0.0040533656,0.0013512098,0.0040541354
33.133133,0.0066229531,0.023842134,0.11920411,1.0303252,0.51634259,4.8285782,2.5534677,4.6007765,0.42365637,0.24243183,0.17600862,0.37830359,0.18855235,0.13260034,0.14069831,0.36070139,0.064674335,0.19538447,0.062125048,0.35958018,0.61511761,0.010578905,0.019850818,0.01983933,0.35533448,0.32529687,0.15065777,0.033074103,0.01588123,0.013237177,0.014567257,0.006621663,0.0013243617,0.0039730365,0.0013244319,0.0039737933
33.233233,0.0064917038,0.023369646,0.1168418,1.0099068,0.50610985,4.7328843,2.5028599,4.5095836,0.41525749,0.2376244,0.17251686,0.37079551,0.18481017,0.12996946,0.13790706,0.35354285,0.063391994,0.19151055,0.060893512,0.35245213,0.60292502,0.010369208,0.019457373,0.019446077,0.3482856,0.31884463,0.1476711,0.032418542,0.015566465,0.012974826,0.014278563,0.0064904353,0.0012981156,0.0038942992,0.0012981847,0.0038950433
33.333333,0.0063630552,0.022906521,0.11452629,0.9898929,0.49607989,4.6390867,2.453255,4.420198,0.4070251,0.23291229,0.16909436,0.36343643,0.18114226,0.12739078,0.13517117,0.34652637,0.062135076,0.18771343,0.059686388,0.34546538,0.59097407,0.010163667,0.019071726,0.019060618,0.34137653,0.31252037,0.14474364,0.031775973,0.015257938,0.012717673,0.013995589,0.006361808,0.0012723897,0.0038171222,0.0012724576,0.0038178537
33.433433,0.0062369556,0.022452571,0.11225666,0.97027559,0.48624865,4.5471477,2.404633,4.3325839,0.39895589,0.22829361,0.16573975,0.35622339,0.17754714,0.12486325,0.13248956,0.33964911,0.060903074,0.18399159,0.058503188,0.33861709,0.57925997,0.0099621998,0.018693721,0.018682798,0.3346045,0.30632152,0.1418742,0.031146138,0.014955525,0.012465616,0.013718223,0.0062357294,0.0012471735,0.0037414744,0.0012472403,0.0037421936
33.533534,0.0061133542,0.022007615,0.110032,0.95104692,0.47661219,4.4570302,2.3569744,4.2467059,0.39104661,0.2237665,0.16245167,0.34915346,0.17402335,0.12238586,0.12986112,0.33290829,0.059695493,0.18034351,0.057343436,0.33190452,0.56777798,0.0097647246,0.018323205,0.018312465,0.32796676,0.30024558,0.13906162,0.030528783,0.014659104,0.012218553,0.013446352,0.0061121486,0.0012224569,0.0036673253,0.0012225225,0.0036680323
33.633634,0.005992201,0.021571472,0.1078514,0.93219912,0.4671666,4.3686978,2.3102599,4.1625293,0.38329405,0.21932911,0.15922879,0.34222379,0.17056946,0.1199576,0.1272848,0.32630119,0.058511843,0.17676773,0.056206663,0.32532494,0.55652347,0.0095711618,0.01796003,0.017949469,0.32146062,0.2942901,0.13630478,0.029923659,0.014368555,0.011976385,0.013179865,0.0059910156,0.0011982298,0.0035946449,0.0011982943,0.00359534
33.733734,0.0058734471,0.021143967,0.10571399,0.91372458,0.45790807,4.2821147,2.2644706,4.08002,0.37569507,0.21497966,0.1560698,0.33543156,0.16718408,0.11757748,0.12475956,0.31982512,0.057351646,0.17326279,0.055092409,0.3188757,0.54549188,0.0093814332,0.017604047,0.017593663,0.31508346,0.28845266,0.13360254,0.02933052,0.01408376,0.011739012,0.012918657,0.0058722816,0.0011744826,0.0035234039,0.001174546,0.0035240872
33.833834,0.0057570442,0.020724925,0.10361889,0.89561581,0.44883285,4.1972459,2.2195879,3.9991446,0.36824661,0.21071638,0.15297343,0.32877402,0.16386583,0.11524454,0.12228437,0.31347745,0.056214431,0.16982728,0.054000221,0.31255419,0.53467875,0.0091954618,0.017255114,0.017244903,0.30883268,0.28273089,0.13095383,0.028749126,0.013804605,0.01150634,0.01266262,0.0057558984,0.0011512055,0.0034535734,0.0011512678,0.0034542451
33.933934,0.0056429452,0.020314177,0.10156526,0.87786544,0.43993725,4.1140569,2.1755937,3.9198702,0.36094562,0.20653753,0.14993841,0.32224844,0.16061335,0.11295783,0.11985821,0.3072556,0.055099735,0.1664598,0.052929657,0.30635782,0.52407967,0.009013172,0.016913087,0.016903047,0.30270574,0.27712247,0.12835755,0.028179242,0.013530975,0.011278273,0.01241165,0.0056418187,0.0011283891,0.003385125,0.0011284504,0.0033857854
34.034034,0.0055311035,0.019911555,0.099552258,0.86046624,0.43121764,4.0325138,2.1324699,3.8421645,0.35378912,0.20244141,0.1469635,0.31585215,0.15742531,0.11071641,0.11748011,0.30115701,0.054007103,0.16315898,0.051880279,0.30028408,0.51369033,0.0088344895,0.016577828,0.016567956,0.29670013,0.27162509,0.12581266,0.027620634,0.01326276,0.011054718,0.012165646,0.0055299959,0.0011060241,0.0033180308,0.0011060844,0.00331868
34.134134,0.0054214766,0.019516906,0.097579118,0.8434116,0.42267071,3.9525855,2.0902001,3.7659979,0.34677441,0.19842646,0.14404757,0.30958273,0.15430051,0.10851944,0.11514915,0.29517937,0.05293612,0.15992355,0.050851689,0.29433065,0.50350676,0.0086593462,0.016249209,0.016239502,0.29081357,0.26623668,0.12331818,0.02707309,0.012999856,0.010835591,0.011924514,0.0054203877,0.0010841021,0.0032522652,0.0010841613,0.0032529034
34.234234,0.0053140322,0.019130114,0.095645263,0.82669651,0.41429394,3.8742487,2.0487721,3.691348,0.3398994,0.1944915,0.14118975,0.30343833,0.15123801,0.10636626,0.11286465,0.28932092,0.05188647,0.15675257,0.049843583,0.28849579,0.49352599,0.0084876908,0.015927133,0.015917589,0.28504432,0.26095564,0.12087338,0.026536449,0.012742188,0.010620827,0.011688182,0.0053129617,0.0010626165,0.0031878091,0.0010626747,0.0031884365
34.334334,0.0052087173,0.018750988,0.093749734,0.8103127,0.4060832,3.7974645,2.0081651,3.618178,0.33316071,0.19063457,0.13838864,0.29741588,0.14823631,0.1042558,0.11062547,0.28357875,0.050857635,0.15364447,0.048855463,0.2827766,0.48374307,0.0083194383,0.015611442,0.015602058,0.27938953,0.25577936,0.11847706,0.026010446,0.012489627,0.01041032,0.011456535,0.0052076649,0.0010415567,0.0031246305,0.0010416139,0.0031252472
34.434434,0.0051054896,0.018379376,0.091891772,0.79425359,0.39803518,3.722202,1.9683631,3.5464583,0.32655562,0.18685414,0.13564311,0.29151298,0.14529418,0.10218722,0.10843072,0.27795054,0.0498492,0.15059799,0.047886932,0.27717079,0.47415407,0.008154521,0.015302007,0.015292781,0.27384692,0.25070576,0.11612824,0.025494869,0.012242072,0.010203985,0.011229479,0.0051044549,0.0010209143,0.0030627039,0.0010209706,0.0030633102
34.534535,0.0050043075,0.018015128,0.090070629,0.77851272,0.39014665,3.6484312,1.9293498,3.4761603,0.32008147,0.18314867,0.13295204,0.28572723,0.14241045,0.10015968,0.10627951,0.27243403,0.048860759,0.14761192,0.046937601,0.2716761,0.46475514,0.0079928728,0.014998706,0.014989634,0.26841426,0.24573278,0.11382598,0.024989511,0.011999423,0.010001739,0.011006922,0.0050032903,0.001000681,0.0030020047,0.0010007363,0.0030026007
34.634635,0.0049051304,0.017658097,0.088285572,0.76308377,0.38241444,3.5761221,1.8911097,3.4072554,0.31373566,0.17951668,0.13031435,0.2800563,0.13958395,0.098172365,0.10417097,0.26702699,0.047891915,0.14468504,0.046007086,0.26629032,0.45554249,0.0078344284,0.014701415,0.014692496,0.26308935,0.24085844,0.11156935,0.024494169,0.011761583,0.0098035014,0.010788775,0.0049041303,0.00098084859,0.0029425082,0.00098090298,0.0029430941
34.734735,0.0048079182,0.01730814,0.086535883,0.7479605,0.37483543,3.5052458,1.8536273,3.3397161,0.30751563,0.17595669,0.12772899,0.2744979,0.13681353,0.096224472,0.10210425,0.26172723,0.046942276,0.14181619,0.045095013,0.26101128,0.4465124,0.007679124,0.014410016,0.014401246,0.25787005,0.23608075,0.10935746,0.024008643,0.011528456,0.0096091917,0.010574951,0.0048069351,0.00096140916,0.0028841905,0.00096146262,0.0028847664
34.834835,0.0047126317,0.016965116,0.084820853,0.73313682,0.36740656,3.4357736,1.8168875,3.2735149,0.30141886,0.17246727,0.12519489,0.26904978,0.13409808,0.094315212,0.10007852,0.25653261,0.046011459,0.13900419,0.044201013,0.25583685,0.43766123,0.0075268968,0.014124389,0.014115767,0.25275424,0.23139779,0.10718939,0.023532736,0.011299947,0.0094187316,0.010365362,0.0047116652,0.00094235481,0.0028270281,0.00094240736,0.0028275942
34.934935,0.0046192323,0.016628885,0.083139788,0.71860671,0.36012481,3.3676773,1.7808754,3.2086251,0.29544287,0.169047,0.12271103,0.26370972,0.13143649,0.092443808,0.098092943,0.25144102,0.045099086,0.13624791,0.043324724,0.25076492,0.42898539,0.0073776851,0.01384442,0.013835942,0.24773985,0.22680765,0.10506428,0.023066256,0.011075965,0.0092320437,0.010159925,0.0046182821,0.00092367783,0.0027709978,0.00092372949,0.0027715543
35.035035,0.0045276821,0.016299311,0.081492006,0.70436428,0.35298723,3.3009292,1.7455763,3.1450202,0.28958525,0.16569449,0.12027641,0.25847554,0.12882767,0.0906095,0.096146723,0.24645037,0.044204785,0.13354622,0.042465789,0.24579344,0.42048135,0.0072314283,0.013569995,0.01356166,0.24282483,0.22230847,0.10298125,0.022609013,0.010856418,0.0090490523,0.0099585547,0.004526748,0.00090537064,0.0027160768,0.00090542142,0.0027166238
35.135135,0.0044379437,0.015976259,0.079876836,0.69040373,0.34599092,3.2355022,1.7109759,3.0826745,0.28384361,0.16240838,0.11789002,0.25334512,0.12627056,0.088811538,0.094239062,0.24155865,0.043328193,0.13089803,0.041623859,0.24092038,0.41214565,0.0070880668,0.013301001,0.013292807,0.23800719,0.21789842,0.10093946,0.022160822,0.010641216,0.008869683,0.00976117,0.0044370255,0.00088742577,0.0026622428,0.00088747569,0.0026627805
35.235235,0.0043499832,0.015659608,0.078293664,0.67671976,0.33913322,3.1713715,1.6770611,3.0215641,0.27821576,0.15918741,0.11555096,0.24831649,0.12376419,0.08704924,0.092369236,0.23676397,0.042468977,0.12830234,0.040798614,0.23614389,0.40397514,0.0069475462,0.013037338,0.013029281,0.23328508,0.2135758,0.09893814,0.021721511,0.010430278,0.0086938675,0.009567696,0.0043490805,0.00086983644,0.0026094754,0.0008698855,0.0026100039
35.335335,0.0042637754,0.015349266,0.076742038,0.66330845,0.33241216,3.1085187,1.6438221,2.9616717,0.27270009,0.15603066,0.11325857,0.24338821,0.12130784,0.085322098,0.090536707,0.23206497,0.04162689,0.12575839,0.039989817,0.2314626,0.39596745,0.0068098262,0.012778928,0.012771007,0.22865717,0.2093394,0.096976709,0.021290956,0.010223544,0.0085215556,0.0093780772,0.004262888,0.00085259758,0.0025577594,0.00085264581,0.0025582789
35.435435,0.0041792768,0.015045077,0.075221176,0.65016305,0.32582437,3.0469122,1.6112422,2.9029669,0.26729382,0.15293655,0.11101167,0.23855779,0.11890027,0.083629242,0.088740551,0.22745928,0.040801508,0.1232649,0.039197062,0.22687416,0.38811857,0.0066748375,0.012525643,0.012517856,0.2241211,0.20518707,0.095054182,0.020868938,0.01002091,0.0083526605,0.009192218,0.0041784044,0.00083570053,0.0025070688,0.00083574794,0.0025075795
35.535536,0.0040964534,0.01474692,0.073730468,0.63727827,0.31936719,2.9865271,1.5793083,2.8454264,0.26199478,0.14990382,0.10880937,0.23382329,0.1165405,0.08196999,0.086980045,0.22294504,0.039992499,0.12082087,0.038420029,0.22237672,0.38042534,0.0065425257,0.012277381,0.012269725,0.21967505,0.20111713,0.093169783,0.02045529,0.0098222932,0.0081871142,0.0090100439,0.0040955959,0.00081913849,0.0024573832,0.0008191851,0.0024578852
35.635636,0.004015272,0.014454672,0.072269311,0.62464893,0.31303801,2.9273392,1.5480075,2.7890267,0.25680083,0.14693125,0.10665078,0.2291828,0.11422758,0.08034367,0.085254476,0.21852041,0.039199536,0.11842532,0.037658404,0.21796846,0.37288465,0.0064128376,0.01203404,0.012026513,0.21531723,0.19712795,0.091322754,0.020049842,0.0096276145,0.0080248501,0.0088314813,0.0040144291,0.00080290479,0.0024086827,0.0008029506,0.0024091761
35.735736,0.0039356997,0.014168218,0.070837116,0.61226991,0.3068343,2.8693244,1.5173272,2.7337452,0.25170987,0.14401763,0.10453502,0.22463442,0.11196058,0.078749623,0.083563147,0.21418362,0.038422298,0.11607728,0.036911881,0.2136476,0.36549346,0.0062857207,0.011795524,0.011788124,0.21104588,0.19321791,0.089512348,0.019652433,0.0094367951,0.0078658025,0.0086564582,0.0039348711,0.00078699287,0.0023609475,0.0007870379,0.0023614325
35.835836,0.0038577043,0.01388744,0.069433303,0.60013621,0.30075352,2.8124595,1.487255,2.6795594,0.24671983,0.1411618,0.10246123,0.22017631,0.10973858,0.077187204,0.081905371,0.20993289,0.037660471,0.11377579,0.036180156,0.2094124,0.35824877,0.0061611234,0.011561735,0.01155446,0.20685926,0.18938542,0.087737832,0.019262901,0.0092497577,0.0077099071,0.0084849036,0.0038568897,0.00077139628,0.0023141582,0.00077144054,0.002314635
35.935936,0.0037812541,0.013612225,0.068057302,0.5882429,0.29479322,2.7567211,1.4577786,2.6264473,0.2418287,0.13836258,0.10042857,0.21580666,0.10756066,0.075655776,0.080280474,0.2057665,0.036913746,0.11151991,0.035462932,0.20526112,0.35114764,0.0060389953,0.011332578,0.011325426,0.20275566,0.18562893,0.085998483,0.018881087,0.0090664262,0.0075571006,0.0083167479,0.0037804533,0.0007561087,0.002268296,0.0007561522,0.0022687646
36.036036,0.0037063179,0.01334246,0.066708552,0.57658514,0.28895096,2.7020867,1.428886,2.5743873,0.23703447,0.13561884,0.098436216,0.21152367,0.10542593,0.074154713,0.078687791,0.20168274,0.036181816,0.10930874,0.034759917,0.20119209,0.34418717,0.0059192864,0.01110796,0.011100929,0.19873341,0.18194689,0.084293593,0.018506837,0.008886726,0.0074073206,0.0081519225,0.0037055308,0.00074112388,0.0022233421,0.00074116664,0.0022238026
36.136136,0.0036328651,0.013078036,0.065386501,0.56515814,0.28322435,2.6485338,1.4005654,2.5233581,0.23233518,0.13292944,0.096483342,0.2073256,0.10333353,0.072683399,0.077126669,0.19767994,0.035464383,0.10714136,0.034070822,0.19720362,0.33736452,0.0058019478,0.01088779,0.010880877,0.19479087,0.17833781,0.082622463,0.018139996,0.0087105835,0.0072605058,0.0079903601,0.0036320914,0.0007264357,0.002179278,0.00072647773,0.0021797307
36.236236,0.0035608656,0.012818843,0.064090607,0.55395723,0.27761105,2.5960406,1.3728052,2.4733387,0.22772889,0.13029329,0.094569146,0.20321071,0.10128259,0.07124123,0.075596467,0.19375645,0.034761151,0.10501688,0.033395365,0.19329409,0.33067688,0.0056869312,0.010671975,0.01066518,0.1909264,0.1748002,0.080984408,0.017780414,0.0085379264,0.0071165961,0.0078319942,0.0035601051,0.00071203814,0.0021360858,0.00071207945,0.0021365308
36.336336,0.0034902896,0.012564775,0.062820334,0.54297778,0.27210873,2.5445852,1.345594,2.4243084,0.22321372,0.12770929,0.092692839,0.1991773,0.099272262,0.069827608,0.074096552,0.18991064,0.03407183,0.10293443,0.032733268,0.18946188,0.32412149,0.0055741893,0.010460429,0.010453748,0.18713842,0.17133259,0.079378751,0.017427944,0.0083686835,0.0069755319,0.0076767596,0.0034895421,0.00069792524,0.0020937476,0.00069796584,0.002094185
36.436436,0.0034211189,0.012315765,0.061575354,0.53221694,0.26671597,2.4941544,1.3189245,2.3762546,0.21878848,0.12517677,0.090853931,0.19522433,0.097302021,0.068442166,0.072626534,0.18614152,0.033396242,0.10089346,0.032084357,0.185706,0.31769665,0.0054636927,0.010253095,0.010246527,0.18342594,0.16793409,0.077805075,0.017082492,0.0082028107,0.0068372767,0.0075246159,0.003420384,0.00068409335,0.0020522524,0.00068413326,0.0020526823
36.536537,0.0033533246,0.012071711,0.060355149,0.52167024,0.26143052,2.4447272,1.2927858,2.3291572,0.21445134,0.12269469,0.089051658,0.19135013,0.095371049,0.067084328,0.071185801,0.18244752,0.032734105,0.098893126,0.031448364,0.18202488,0.3113997,0.0053553956,0.010049887,0.010043431,0.17978741,0.16460328,0.076262726,0.016743916,0.0080402392,0.006701773,0.0073755,0.0033526023,0.00067053672,0.002011583,0.00067057594,0.0020120055
36.636637,0.0032868745,0.011832495,0.059159137,0.51133266,0.25624988,2.3962801,1.2671655,2.2829938,0.21020023,0.12026185,0.08728516,0.18755287,0.093478421,0.065753445,0.069773665,0.17882687,0.032085104,0.096932475,0.030824985,0.17841677,0.30522763,0.0052492462,0.0098507096,0.0098443625,0.17622109,0.16133857,0.074750969,0.016412055,0.0078808916,0.0065689564,0.0072293408,0.0032861645,0.00065724889,0.00197172,0.00065728744,0.0019721352
36.736737,0.0032217418,0.011598022,0.057986837,0.50120003,0.25117194,2.3487935,1.2420531,2.2377458,0.20603342,0.11787728,0.08555372,0.18383101,0.091623372,0.064448978,0.068389555,0.1752781,0.031448975,0.095010712,0.030213968,0.17488021,0.29917794,0.0051452018,0.009655481,0.0096492415,0.17272555,0.15813863,0.073269192,0.016086774,0.0077247034,0.0064387731,0.0070860793,0.003221044,0.0006442245,0.0019326473,0.00064426239,0.0019330554
36.836837,0.0031579001,0.011368197,0.056837773,0.49126823,0.24619466,2.3022482,1.2174386,2.1933949,0.20194924,0.11553999,0.083856637,0.18018302,0.089805146,0.063170397,0.067032908,0.17179977,0.030825462,0.093127059,0.029615066,0.17141377,0.29324819,0.0050432201,0.0094641226,0.0094579889,0.16929937,0.15500218,0.071816796,0.015767941,0.0075716114,0.0063111703,0.0069456574,0.0031572142,0.00063145827,0.001894349,0.00063149552,0.0018947502
36.936937,0.0030953235,0.011142926,0.055711478,0.48153324,0.241316,2.2566252,1.1933118,2.1499229,0.19794602,0.11324906,0.082193218,0.17660743,0.088023004,0.061917182,0.065703173,0.16839047,0.030214311,0.091280751,0.029028035,0.16801605,0.28743597,0.0049432598,0.0092765567,0.0092705269,0.16594114,0.15192794,0.07039319,0.015455428,0.0074215535,0.0061860964,0.0068080182,0.0030946492,0.00061894502,0.0018568097,0.00061898163,0.001857204
37.037037,0.0030339864,0.010922117,0.054607494,0.47199109,0.23653399,2.211906,1.169663,2.1073123,0.19402213,0.11100353,0.080562786,0.17310278,0.086276218,0.060688821,0.064399807,0.1650488,0.029615272,0.089471034,0.028452636,0.16468564,0.2817389,0.00484528,0.0090927067,0.0090867793,0.16264951,0.14891465,0.068997794,0.015149106,0.0072744684,0.0060635003,0.0066731056,0.0030333237,0.00060667965,0.0018200141,0.00060671563,0.0018204015
37.137137,0.0029738638,0.01070568,0.053525369,0.46263788,0.23184666,2.1680723,1.1464825,2.0655456,0.19017596,0.1088025,0.078964672,0.16966762,0.08456407,0.059484812,0.063122276,0.1617734,0.029028101,0.087697169,0.027888634,0.1614212,0.27615466,0.0047492408,0.0089124975,0.0089066707,0.15942311,0.14596107,0.067630037,0.014848851,0.0071302961,0.0059433319,0.0065408644,0.0029732124,0.00059465715,0.001783947,0.00059469251,0.0017843278
37.237237,0.0029149311,0.010493527,0.05246466,0.45346977,0.22725211,2.1251062,1.1237608,2.0246055,0.18640594,0.10664505,0.077398219,0.16630055,0.082885857,0.058304658,0.061870055,0.15856291,0.028452556,0.085958426,0.027335797,0.15822139,0.27068096,0.0046551027,0.0087358552,0.0087301274,0.15626063,0.143066,0.066289357,0.014554539,0.0069889773,0.0058255419,0.0064112404,0.0029142909,0.00058287258,0.0017485937,0.00058290734,0.001748968
37.337337,0.002857164,0.010285569,0.05142493,0.444483,0.22274842,2.0829898,1.1014885,1.9844754,0.18271051,0.1045303,0.075862781,0.16300016,0.081240885,0.057147872,0.060642626,0.15541601,0.0278884,0.084254088,0.026793898,0.15508487,0.26531555,0.0045628269,0.008562707,0.0085570765,0.15316076,0.14022824,0.064975203,0.014266049,0.0068504539,0.0057100818,0.0062841802,0.0028565347,0.0005713211,0.0017139396,0.00057135525,0.0017143075
37.437437,0.0028005385,0.010081722,0.050405748,0.43567383,0.21833374,2.0417059,1.0796565,1.9451385,0.17908814,0.10245737,0.07435772,0.1597651,0.079628471,0.056013974,0.059439481,0.15233139,0.027335399,0.08258345,0.026262711,0.15201037,0.26005619,0.0044723752,0.0083929812,0.0083874464,0.15012222,0.13744661,0.063687029,0.013983261,0.0067146685,0.0055969037,0.0061596311,0.00279992,0.00055999791,0.0016799705,0.00056003148,0.001680332
37.537538,0.0027450325,0.0098819044,0.049406716,0.42703882,0.21400634,2.0012381,1.0582561,1.9065794,0.17553741,0.10042545,0.072882446,0.1565941,0.078047981,0.05490252,0.058260147,0.14930784,0.026793337,0.080945857,0.025742029,0.14899666,0.25490083,0.0043837122,0.0082266114,0.0082211708,0.1471438,0.13472002,0.062424331,0.013706065,0.006581568,0.0054859635,0.0060375446,0.0027444246,0.00054889859,0.0016466729,0.00054893158,0.0016470282
37.637638,0.0026906375,0.0096860866,0.048427681,0.41857665,0.20976557,1.9615805,1.0372841,1.8687923,0.17205778,0.098434227,0.071436735,0.15348666,0.076499177,0.053813341,0.057104446,0.14634491,0.026262131,0.07934106,0.025231773,0.1460433,0.24984869,0.0042968244,0.0080635722,0.0080582241,0.14422507,0.13204806,0.061186917,0.013434419,0.006451132,0.0053772441,0.0059179018,0.00269004,0.00053802145,0.0016140419,0.00053805387,0.0016143911
37.737738,0.0026373208,0.0094941503,0.047468052,0.41028223,0.20560885,1.9227089,1.0167278,1.8317544,0.16864715,0.0964825,0.070019712,0.15044091,0.07498112,0.052745778,0.055971678,0.14344079,0.02574146,0.07776809,0.024731635,0.1431485,0.24489671,0.0042116592,0.0079037653,0.0078985082,0.14136425,0.1294291,0.05997404,0.013168158,0.0063232819,0.0052706799,0.0058006307,0.0026367335,0.00052735992,0.0015820577,0.00052739178,0.0015824009
37.837838,0.0025850608,0.0093060182,0.046527443,0.4021522,0.20153453,1.8846078,0.99657906,1.7954507,0.16530415,0.094569481,0.068630805,0.14745562,0.073493195,0.051699398,0.054861385,0.14059431,0.025231114,0.07622631,0.024241412,0.14031108,0.2400429,0.0041281825,0.0077471261,0.0077419584,0.13856019,0.12686211,0.05878521,0.012907175,0.0061979661,0.005166228,0.0056856839,0.0025844836,0.0005169097,0.0015507074,0.00051694102,0.0015510447
37.937938,0.0025338363,0.0091216142,0.045605474,0.39418327,0.19754094,1.8472618,0.97682959,1.7598666,0.16202741,0.092694395,0.06726945,0.14452957,0.072034799,0.050673778,0.053773118,0.13780433,0.024730886,0.074715099,0.023760906,0.13752992,0.2352853,0.0040463604,0.0075935913,0.0075885117,0.13581175,0.12434602,0.057619946,0.012651366,0.0060751339,0.0050638462,0.0055730151,0.0025332691,0.00050666658,0.0015199784,0.00050669735,0.0015203099
38.038038,0.0024836268,0.0089408636,0.044701771,0.38637223,0.19362647,1.8106557,0.95747144,1.7249876,0.15881562,0.090856483,0.065935095,0.14166158,0.070605341,0.049668501,0.052706434,0.1350697,0.024240575,0.073233842,0.023289924,0.13480387,0.23062198,0.0039661597,0.0074430989,0.0074381058,0.13311781,0.12187983,0.056477777,0.012400625,0.0059547356,0.004963493,0.0054625786,0.0024830693,0.00049662639,0.0014898582,0.00049665664,0.001490184
38.138138,0.0024344117,0.0087636931,0.043815967,0.37871591,0.18978955,1.7747747,0.93849675,1.6907996,0.15566747,0.089054997,0.064627199,0.13885048,0.069204238,0.04868316,0.051660901,0.13238931,0.02375998,0.071781939,0.022828273,0.13213183,0.22605104,0.003887548,0.0072955876,0.0072906796,0.13047729,0.11946253,0.055358239,0.012154851,0.0058367223,0.0048651277,0.0053543295,0.0024338638,0.00048678508,0.0014603347,0.00048681481,0.0014606548
38.238238,0.0023861712,0.0085900307,0.042947703,0.37121118,0.18602859,1.7396042,0.9198978,1.6572886,0.15258167,0.087289204,0.063345226,0.13609512,0.067830918,0.047717351,0.050636092,0.12976207,0.023288905,0.070358799,0.022375765,0.12951271,0.22157062,0.0038104931,0.0071509975,0.0071461732,0.12788911,0.11709313,0.054260875,0.011913945,0.0057210461,0.0047687103,0.0052482239,0.0023856326,0.00047713864,0.0014313957,0.00047716785,0.0014317103
38.338338,0.0023388854,0.0084198054,0.042096624,0.36385499,0.18234207,1.7051298,0.90166699,1.624441,0.14955697,0.085558382,0.062088654,0.13339438,0.066484819,0.046770679,0.049631588,0.12718691,0.022827159,0.068963839,0.021932217,0.12694545,0.2171789,0.0037349637,0.0070092695,0.0070045275,0.1253522,0.11477068,0.053185238,0.011677808,0.0056076596,0.0046742013,0.0051442184,0.0023383561,0.00046768312,0.0014030295,0.00046771183,0.0014033387
38.438438,0.002292535,0.0082529476,0.041262381,0.35664432,0.17872849,1.6713374,0.88379687,1.5922434,0.14659214,0.083861821,0.060856966,0.13074714,0.065165388,0.045842758,0.048646976,0.12466276,0.022374553,0.067596489,0.021497445,0.12442898,0.21287408,0.0036609289,0.0068703456,0.0068656846,0.12286553,0.1124942,0.052130887,0.011446343,0.0054965164,0.0045815621,0.0050422704,0.0022920148,0.00045841467,0.0013752245,0.00045844288,0.0013755283
38.538539,0.002247101,0.0080893887,0.040444631,0.34957622,0.17518634,1.6382132,0.86628009,1.5606824,0.14368593,0.082198824,0.059649655,0.12815232,0.063872082,0.044933203,0.047681852,0.12218859,0.021930899,0.066256185,0.021071272,0.12196229,0.20865439,0.0035883581,0.0067341688,0.0067295873,0.12042807,0.11026278,0.051097388,0.011219455,0.005387571,0.0044907547,0.0049423381,0.0022465898,0.00044932946,0.0013479692,0.00044935719,0.0013482678
38.638639,0.0022025647,0.0079290612,0.039643038,0.34264776,0.17171418,1.6057434,0.84910942,1.5297451,0.14083717,0.080568703,0.058466222,0.12560883,0.062604365,0.044041639,0.046735815,0.11976337,0.021496015,0.064942375,0.020653522,0.11954434,0.20451808,0.0035172215,0.0066006828,0.0065961795,0.11803882,0.10807547,0.050084315,0.010997051,0.0052807782,0.0044017415,0.0048443803,0.0022020622,0.00044042375,0.0013212524,0.000440451,0.0013215458
38.738739,0.0021589135,0.0077719203,0.038857377,0.335857,0.16831104,1.573919,0.83228005,1.4994228,0.13804505,0.078971002,0.057306335,0.12311598,0.061361882,0.043167815,0.045808602,0.11738643,0.021069779,0.06365469,0.020244077,0.11717447,0.200464,0.003447499,0.0064698501,0.0064654238,0.1156971,0.10593168,0.049091384,0.010779067,0.0051761083,0.0043144977,0.0047483694,0.0021584197,0.00043169505,0.0012950666,0.00043172183,0.001295355
38.838839,0.0021161315,0.0076179082,0.03808736,0.32920146,0.16497565,1.5427283,0.81578581,1.4697044,0.13530854,0.077405133,0.056169568,0.12067283,0.060144176,0.042311412,0.04489987,0.11505688,0.020652034,0.062392657,0.019842787,0.1148518,0.19649066,0.0033791652,0.0063416229,0.0063372722,0.11340206,0.10383062,0.048118231,0.010565425,0.0050735227,0.0042289911,0.0046542703,0.0021156462,0.00042314016,0.0012694022,0.00042316647,0.0012696856
38.938939,0.0020741973,0.0074669481,0.037332601,0.32267781,0.16170636,1.5121557,0.79961845,1.440575,0.13262628,0.075870314,0.055055352,0.11827817,0.058950636,0.041471999,0.044009166,0.11277356,0.020242572,0.061155646,0.019449452,0.11257516,0.19259608,0.0033121858,0.006215937,0.0062116608,0.11115254,0.10177122,0.047164368,0.010356017,0.0049729703,0.0041451792,0.004562036,0.0020737203,0.00041475479,0.0012442465,0.00041478065,0.0012445249
39.039039,0.0020330939,0.0073189792,0.036592797,0.31628342,0.15850185,1.4821889,0.78377147,1.4120229,0.12999719,0.074365926,0.053963237,0.11593103,0.05778078,0.040649238,0.04313613,0.11053555,0.019841228,0.059943157,0.019063913,0.11034365,0.18877868,0.0032465339,0.0060927419,0.0060885388,0.10894764,0.099752672,0.046229413,0.010150759,0.0048744105,0.0040630281,0.0044716293,0.0020326252,0.00040653558,0.0012195891,0.000406561,0.0012198628
39.139139,0.0019928049,0.0071739419,0.035867651,0.31001572,0.15536083,1.4528158,0.76823849,1.3840366,0.12742021,0.072891362,0.052892783,0.11363046,0.056634137,0.039842797,0.042280408,0.10834195,0.019447839,0.058754703,0.018686014,0.10815637,0.18503693,0.003182183,0.005971988,0.0059678567,0.10678646,0.097774149,0.045312988,0.009949569,0.0047778037,0.0039825048,0.0043830138,0.0019923443,0.00039847922,0.0011954204,0.0003985042,0.0011956893
39.239239,0.0019533141,0.0070317778,0.03515687,0.30387218,0.15228204,1.4240246,0.75301323,1.3566047,0.12489429,0.071446027,0.051843556,0.11137553,0.055510241,0.03905235,0.041441657,0.10619186,0.019062247,0.057589803,0.018315604,0.10601243,0.18136931,0.0031191072,0.0058536263,0.0058495658,0.10466815,0.095834853,0.044414722,0.0097523649,0.0046831109,0.0039035768,0.0042961538,0.0019528614,0.00039058245,0.0011717304,0.000390607,0.0011719946
39.339339,0.0019146053,0.0068924292,0.034460166,0.29785032,0.14926422,1.3958037,0.73808954,1.3297163,0.12241842,0.070029335,0.050815131,0.10916532,0.054408636,0.038277576,0.040619534,0.10408441,0.018684296,0.056447985,0.017952533,0.10391096,0.17777435,0.003057281,0.0057376092,0.0057336182,0.10259182,0.093933999,0.043534253,0.0095590671,0.0045902937,0.0038262121,0.0042110142,0.0019141604,0.00038284209,0.0011485096,0.00038286621,0.0011487692
39.439439,0.001876663,0.0067558398,0.033777257,0.29194769,0.14630615,1.3681416,0.72346138,1.3033604,0.11999159,0.068640712,0.04980709,0.10699894,0.053328876,0.03751816,0.039813708,0.10201876,0.018313832,0.055328787,0.017596652,0.10185111,0.17425058,0.0029966792,0.0056238896,0.005619967,0.10055665,0.092070817,0.042671224,0.0093695973,0.0044993146,0.0037503794,0.0041275604,0.0018762258,0.00037525499,0.0011257486,0.00037527869,0.0011260037
39.53954,0.0018394717,0.006621954,0.033107865,0.2861619,0.14340664,1.341027,0.70912279,1.2775262,0.11761281,0.067279592,0.048819024,0.1048755,0.05227052,0.036773794,0.039023848,0.099994051,0.017950704,0.054231753,0.017247818,0.099832052,0.17079658,0.0029372773,0.0055124213,0.0055085659,0.098561811,0.090244546,0.041825283,0.0091838787,0.0044101365,0.0036760478,0.0040457585,0.0018390421,0.00036781808,0.0011034381,0.00036784137,0.0011036888
39.63964,0.0018030163,0.0064907173,0.032451718,0.28049059,0.1405645,1.314449,0.69506793,1.2522034,0.11528112,0.065945421,0.047850529,0.10279414,0.051233136,0.036044173,0.038249634,0.098009463,0.017594766,0.053156437,0.016905888,0.097852953,0.16741094,0.002879051,0.0054031588,0.0053993695,0.096606477,0.088454443,0.040996087,0.0090018354,0.0043227232,0.0036031872,0.0039655753,0.0018025941,0.00036052831,0.0010815691,0.0003605512,0.0010818155
39.73974,0.0017672819,0.0063620762,0.031808548,0.27493144,0.13777858,1.2883966,0.68129106,1.2273814,0.11299555,0.064637653,0.046901208,0.100754,0.050216298,0.035328998,0.037490748,0.09606418,0.017245871,0.052102397,0.016570723,0.095913005,0.16409227,0.0028219765,0.0052960575,0.0052923332,0.094689853,0.086699775,0.040183295,0.008823393,0.0042370389,0.0035317677,0.0038869779,0.001766867,0.00035338273,0.0010601326,0.00035340522,0.0010603747
39.83984,0.0017322538,0.0062359777,0.031178091,0.26948218,0.13504772,1.2628592,0.66778654,1.2030501,0.11075518,0.063355749,0.045970671,0.09875425,0.049219588,0.034627976,0.036746878,0.094157404,0.016903875,0.051069202,0.016242184,0.094011414,0.16083921,0.0027660305,0.0051910735,0.005187413,0.092811151,0.084979819,0.039386574,0.0086484784,0.0041530485,0.00346176,0.0038099342,0.0017318461,0.00034637838,0.0010391198,0.00034640048,0.0010393578
39.93994,0.001697925,0.0061123966,0.03056022,0.2641417,0.13237137,1.2378317,0.65455163,1.1792047,0.10855956,0.062099454,0.04505873,0.096794477,0.048242806,0.033940966,0.036017874,0.092288749,0.016568711,0.050056643,0.015920207,0.092147797,0.1576511,0.0027112015,0.0050881856,0.0050845879,0.090969993,0.083294231,0.038605764,0.0084770563,0.004070735,0.0033931501,0.0037344285,0.0016975243,0.00033951387,0.0010185266,0.00033953559,0.0010187604
40.04004,0.0016642766,0.0059912651,0.029954596,0.25890708,0.12974808,1.2133002,0.64157908,1.155832,0.10640746,0.060868075,0.044164885,0.094873606,0.047285414,0.033267589,0.035303336,0.090457188,0.016240193,0.049064165,0.015604613,0.09032113,0.15452621,0.0026574597,0.0049873373,0.0049838014,0.089165366,0.081642083,0.037840435,0.0083090327,0.0039900532,0.0033259002,0.0036604195,0.0016638829,0.00033278543,0.0009983415,0.00033280677,0.00099857124
40.14014,0.0016312952,0.0058725342,0.029360975,0.25377621,0.12717678,1.1892549,0.62886366,1.1329226,0.10429804,0.059661116,0.043288773,0.092990861,0.046347024,0.032607572,0.034602974,0.088661979,0.01591819,0.048091366,0.015295276,0.088530676,0.15146325,0.0026047832,0.0048884881,0.0048850129,0.087396542,0.080022708,0.037090281,0.0081443397,0.0039109708,0.0032599832,0.0035878773,0.0016309082,0.00032619034,0.00097855649,0.00032621131,0.00097878224
40.24024,0.0015989673,0.0057561563,0.028779119,0.24874701,0.12465644,1.1656862,0.61640025,1.1104673,0.10223044,0.058478092,0.042430042,0.091145481,0.045427257,0.031960651,0.033916506,0.086902399,0.015602571,0.047137855,0.014992072,0.086775716,0.14846101,0.0025531509,0.0047915981,0.0047881826,0.085662807,0.078435454,0.036354998,0.0079829112,0.0038334557,0.0031953728,0.0035167728,0.001598587,0.00031972596,0.00095916359,0.00031974656,0.00095938541
40.34034,0.00156728,0.0056420846,0.028208792,0.24381748,0.12218604,1.1425845,0.60418383,1.0884571,0.10020382,0.057318524,0.041588346,0.089336721,0.044525744,0.031326564,0.033243656,0.085177736,0.01529321,0.046203248,0.014694877,0.085055542,0.14551828,0.0025025419,0.0046966282,0.0046932714,0.083963461,0.07687968,0.035634289,0.0078246821,0.0037574769,0.0031320427,0.0034470774,0.0015669063,0.00031338967,0.00094015498,0.00031340992,0.00094037294
40.44044,0.0015362205,0.0055302728,0.027649764,0.23898561,0.11976458,1.1199406,0.59220948,1.066883,0.098217365,0.056181945,0.040763343,0.08756385,0.043642117,0.030705055,0.032584151,0.083487293,0.014989981,0.045287167,0.014403572,0.083369458,0.14263386,0.0024529359,0.0046035402,0.0046002411,0.082297818,0.075354758,0.034927865,0.0076695884,0.0036830036,0.0030699675,0.0033787628,0.0015358533,0.00030717892,0.00092152298,0.00030719882,0.00092173716
40.540541,0.0015057763,0.0054206759,0.027101811,0.23424945,0.1173911,1.0977452,0.58047233,1.0457364,0.096270275,0.055067893,0.039954699,0.085826147,0.04277602,0.030095871,0.031937724,0.081830384,0.014692762,0.044389241,0.01411804,0.081716783,0.13980659,0.0024043128,0.0045122964,0.0045090541,0.080665202,0.073860068,0.034235439,0.0075175675,0.0036100057,0.003009122,0.0033118014,0.0015054155,0.00030109121,0.00090326007,0.00030111076,0.00090347052
40.640641,0.001475935,0.0053132494,0.026564708,0.22960709,0.11506461,1.0759894,0.56896764,1.0250085,0.094361758,0.053975917,0.039162085,0.084122905,0.041927098,0.029498764,0.031304111,0.080206333,0.014401431,0.043509106,0.013838163,0.080096846,0.13703532,0.0023566528,0.0044228598,0.0044196732,0.079064949,0.072395005,0.03355673,0.0073685576,0.0035384536,0.0029494816,0.0032461662,0.0014755804,0.00029512405,0.00088535883,0.00029514326,0.00088556562
40.740741,0.0014466844,0.0052079495,0.026038238,0.22505663,0.11278418,1.0546643,0.55769072,1.0046911,0.092491035,0.052905572,0.038385179,0.08245343,0.041095007,0.028913492,0.030683055,0.07861448,0.014115871,0.042646403,0.013563829,0.078508988,0.13431892,0.0023099365,0.0043351939,0.0043320621,0.077496408,0.07095897,0.032891461,0.0072224981,0.0034683181,0.002891022,0.0031818303,0.0014463359,0.00028927502,0.00086781198,0.0002892939,0.00086801517
40.840841,0.0014180126,0.0051047333,0.025522186,0.22059621,0.11054888,1.0337611,0.54663697,0.98477585,0.090657344,0.051856419,0.037623662,0.080817038,0.040279405,0.028339814,0.030074302,0.077054172,0.013835965,0.041800779,0.013294925,0.076952559,0.13165628,0.0022641448,0.004249263,0.0042461851,0.075958936,0.069551376,0.032239361,0.0070793294,0.0033995706,0.0028337192,0.0031187676,0.0014176702,0.00028354174,0.00085061236,0.00028356028,0.00085081201
40.940941,0.0013899079,0.0050035584,0.02501634,0.21622401,0.10835779,1.0132714,0.53580186,0.96525451,0.088859932,0.05082803,0.036877222,0.079213057,0.039479958,0.027777495,0.029477601,0.075524768,0.013561597,0.040971888,0.013031341,0.075426922,0.12904632,0.0022192591,0.0041650319,0.004162007,0.074451902,0.068171646,0.031600163,0.0069389927,0.003332183,0.0027775499,0.0030569522,0.0013895714,0.00027792185,0.00083375291,0.00027794007,0.00083394909
41.041041,0.0013623611,0.004904392,0.024520536,0.2119386,0.10621019,0.99318849,0.52518185,0.94612077,0.087098213,0.049820067,0.036145615,0.077640962,0.038696403,0.027226352,0.028892758,0.074025768,0.013292679,0.04015946,0.012772991,0.07393158,0.12648818,0.0021752645,0.004082473,0.0040795002,0.072974816,0.066819329,0.030973657,0.0068014424,0.0032661333,0.0027224958,0.0029963638,0.0013620304,0.00027241352,0.00081722816,0.00027243143,0.00081742091
41.141141,0.0013353629,0.0048072007,0.024034607,0.20773855,0.10410537,0.97350557,0.51477339,0.92736818,0.085371596,0.048832193,0.035428596,0.076100226,0.037928478,0.026686199,0.028319576,0.072556668,0.013029119,0.039363221,0.012519788,0.072466029,0.123981,0.0021321465,0.0040015587,0.0039986372,0.071527179,0.065493972,0.030359635,0.0066666322,0.0032013992,0.0026685382,0.0029369823,0.001335038,0.00026701491,0.00080103253,0.0002670325,0.00080122193
41.241241,0.0013089,0.0047119363,0.023558312,0.20362177,0.10204228,0.95421288,0.50457129,0.90898743,0.083679221,0.047863916,0.034725806,0.074590078,0.037175799,0.026156767,0.02775777,0.071116735,0.012770787,0.038582775,0.012271607,0.071029542,0.12152354,0.0020898834,0.0039222488,0.0039193776,0.07010827,0.064194913,0.029757789,0.0065344951,0.0031379487,0.0026156505,0.0028787781,0.0013085808,0.00026172333,0.000785158,0.00026174062,0.00078534409
41.341341,0.0012829617,0.0046185603,0.023091458,0.19958659,0.10002009,0.93530265,0.49457145,0.89097112,0.082020407,0.046914846,0.034036962,0.07310991,0.036438062,0.025637842,0.027207112,0.069705389,0.01251758,0.037817808,0.012028347,0.06962154,0.1191148,0.0020484584,0.0038445113,0.0038416896,0.068717518,0.062921629,0.029167879,0.0064049779,0.0030757562,0.0025638113,0.0028217277,0.001282648,0.00025653665,0.00076959817,0.00025655363,0.00076978101
41.441441,0.0012575374,0.0045270351,0.022633858,0.1956314,0.098037979,0.91676726,0.48476983,0.87331197,0.080394484,0.045984598,0.033361787,0.071659123,0.03571497,0.025129215,0.026667381,0.068322058,0.012269393,0.037068011,0.01178991,0.068241453,0.11675382,0.0020078547,0.0037683148,0.0037655418,0.06735436,0.061673605,0.028589665,0.0062780284,0.0030147966,0.0025129997,0.0027658081,0.0012572292,0.00025145277,0.00075434675,0.00025146946,0.00075452641
41.541542,0.0012326171,0.0044373237,0.022185326,0.19175458,0.096095149,0.8985992,0.47516247,0.85600284,0.078800794,0.045072797,0.032700005,0.070237127,0.035006228,0.024630679,0.026138357,0.06696618,0.012026127,0.03633308,0.0115562,0.066888725,0.11443963,0.0019680558,0.0036936285,0.0036909034,0.066018244,0.060450335,0.028022913,0.0061535951,0.0029550451,0.0024631952,0.0027109968,0.0012323142,0.00024646965,0.00073939758,0.00024648605,0.0007395741
41.641642,0.0012081904,0.0043493897,0.021745681,0.18795458,0.094190812,0.88079111,0.46574548,0.83903671,0.077238689,0.044179072,0.032051348,0.068843345,0.034311548,0.024142032,0.025619826,0.065637204,0.011787684,0.035612718,0.011327121,0.065562805,0.1121713,0.0019290456,0.0036204222,0.0036177441,0.064708626,0.059251323,0.027467395,0.0060316275,0.0028964777,0.0024143775,0.0026572714,0.0012078928,0.00024158526,0.00072474461,0.00024160137,0.00072491804
41.741742,0.0011842476,0.0042631973,0.021314743,0.18422984,0.092324193,0.86333574,0.45651501,0.82240667,0.075707535,0.043303059,0.031415552,0.067477208,0.033630647,0.023663073,0.025111576,0.064334588,0.011553966,0.034906629,0.011102581,0.064263154,0.10994791,0.0018908082,0.003548666,0.0035460341,0.063424972,0.05807608,0.026922882,0.0059120762,0.0028390703,0.0023665268,0.0026046101,0.0011839552,0.00023679761,0.00071038185,0.00023681344,0.00071055226
41.841842,0.0011607788,0.0041787113,0.020892338,0.18057885,0.09049453,0.84622597,0.4474673,0.80610593,0.074206705,0.0424444,0.030792357,0.066138156,0.032963246,0.023193608,0.024613398,0.063057798,0.011324877,0.034214527,0.010882488,0.062989242,0.10776855,0.0018533281,0.0034783306,0.0034757441,0.062166758,0.056924125,0.026389154,0.0057948921,0.0027827997,0.0023196235,0.0025529915,0.0011604915,0.00023210475,0.00069630346,0.0002321203,0.00069647089
41.941942,0.0011377744,0.0040958972,0.020478291,0.1770001,0.088701073,0.82945478,0.43859865,0.79012782,0.072735584,0.041602742,0.030181506,0.064825638,0.03230907,0.022733444,0.024125089,0.061806311,0.011100324,0.033536127,0.010666752,0.061740545,0.10563232,0.0018165898,0.0034093872,0.0034068454,0.060933467,0.055794985,0.025865991,0.0056800273,0.0027276427,0.0022736484,0.0025023944,0.001137492,0.00022750475,0.00068250366,0.00022752004,0.00068266817
42.042042,0.0011152249,0.0040147208,0.020072432,0.17349212,0.086943085,0.81301528,0.4299054,0.77446574,0.071293567,0.04077774,0.029582748,0.063539115,0.03166785,0.02228239,0.023646448,0.060579608,0.010880214,0.03287115,0.010455283,0.06051655,0.10353835,0.0017805782,0.0033418075,0.0033393096,0.059724591,0.054688195,0.025353177,0.0055674345,0.0026735767,0.0022285827,0.0024527979,0.0011149475,0.00022299573,0.00066897678,0.00022301075,0.00066913841
42.142142,0.001093121,0.0039351487,0.019674593,0.17005347,0.085219838,0.79690066,0.42138396,0.75911323,0.069880056,0.039969051,0.028995835,0.062278051,0.03103932,0.02184026,0.023177275,0.059377182,0.010664456,0.03221932,0.010247994,0.059316751,0.10148577,0.0017452784,0.0032755634,0.0032731087,0.058539628,0.053603297,0.024850501,0.0054570672,0.0026205792,0.0021844076,0.0024041816,0.0010928485,0.00021857582,0.00065571723,0.00021859057,0.00065587603
42.242242,0.0010714587,0.0038571661,0.019284703,0.16668352,0.083531017,0.78110798,0.41303277,0.74406748,0.068494794,0.039176527,0.028420658,0.061042216,0.030423365,0.021406973,0.022717485,0.058198814,0.01045301,0.031580519,0.010044848,0.058140927,0.099474203,0.001710684,0.0032106429,0.0032082306,0.057378362,0.052540092,0.024357871,0.0053489051,0.0025686407,0.0021411151,0.0023565365,0.0010711909,0.00021424421,0.00064272256,0.0002142587,0.00064287859
42.342342,0.0010502265,0.0037807316,0.018902552,0.16338046,0.081875722,0.76562881,0.40484737,0.72932045,0.06713704,0.038399746,0.027856912,0.05983095,0.029819655,0.020982297,0.022266832,0.057043871,0.010245764,0.030954405,0.0098457359,0.056988452,0.097502575,0.0016767765,0.0031470113,0.0031446408,0.056240172,0.051498011,0.023875023,0.0052428905,0.0025177332,0.0020986821,0.0023098372,0.0010499633,0.00020999858,0.00062998587,0.00021001282,0.00063013916
42.442442,0.0010294151,0.0037058123,0.018527977,0.16014288,0.080253243,0.75045652,0.39682426,0.71486583,0.065806212,0.037638373,0.027304353,0.05864373,0.02922793,0.020566049,0.021825123,0.055911857,0.010042629,0.030340709,0.0096505722,0.05585883,0.095570042,0.0016435414,0.0030846413,0.0030823118,0.055124569,0.050476607,0.023401751,0.005138978,0.0024678352,0.0020570904,0.0022640638,0.0010291566,0.00020583713,0.00061750167,0.00020585112,0.00061765228
42.542543,0.0010090163,0.0036323781,0.018160827,0.15696948,0.078662923,0.73558498,0.38896019,0.70069776,0.064501772,0.036892101,0.026762758,0.057480076,0.028647951,0.020158062,0.021392178,0.054802314,0.009843522,0.029739184,0.009459278,0.054751606,0.093675822,0.0016109652,0.0030235077,0.0030212186,0.054031101,0.049475467,0.022937863,0.0050371255,0.0024189263,0.0020163231,0.0022191976,0.0010087622,0.00020175816,0.00060526494,0.00020177191,0.00060541291
42.642643,0.00098902169,0.0035603991,0.017800952,0.15385896,0.077104121,0.72100816,0.38125197,0.68681052,0.063223192,0.036160627,0.026231907,0.056339516,0.028079483,0.019758169,0.020967822,0.053714792,0.009648363,0.029149585,0.009271776,0.053666331,0.091819149,0.0015790347,0.0029635859,0.0029613363,0.052959325,0.048494185,0.022483171,0.0049372919,0.0023709867,0.0019763639,0.0021752207,0.00098877209,0.00019776003,0.00059327071,0.00019777353,0.00059341609
42.742743,0.00096942324,0.0034898462,0.017448208,0.15081008,0.075576202,0.70672015,0.37369649,0.67319847,0.061969952,0.035443654,0.025711585,0.055221584,0.027522293,0.019366208,0.020551883,0.052648846,0.0094570726,0.028571673,0.00908799,0.052602564,0.089999269,0.001547737,0.0029048513,0.0029026408,0.051908804,0.047532362,0.022037491,0.0048394366,0.0023239971,0.0019371964,0.002132115,0.000969178,0.00019384111,0.00058151413,0.00019385438,0.00058165696
42.842843,0.00095021295,0.0034206907,0.01710245,0.14782157,0.074078545,0.69271514,0.36629066,0.65985606,0.060741542,0.03474089,0.025201578,0.054125825,0.026976154,0.018982018,0.020144191,0.051604043,0.0092695728,0.028005213,0.0089078451,0.051559871,0.08821544,0.0015170593,0.0028472803,0.002845108,0.050879112,0.046589605,0.02160064,0.0047435197,0.0022779383,0.0018988047,0.0020898632,0.00094997199,0.00018999981,0.0005699904,0.00019001285,0.00057013072
42.942943,0.00093138298,0.0033529042,0.016763537,0.14489224,0.072610539,0.67898741,0.35903147,0.64677785,0.05953746,0.034052047,0.024701678,0.05305179,0.026440843,0.018605444,0.019744578,0.050579955,0.0090857869,0.027449973,0.0087312677,0.050537828,0.086466935,0.0014869891,0.0027908491,0.0027887145,0.049869825,0.045665529,0.021172442,0.0046495021,0.0022327915,0.0018611731,0.0020484478,0.00093114623,0.00018623456,0.00055869481,0.00018624738,0.00055883268
43.043043,0.0009129256,0.0032864591,0.01643133,0.14202087,0.071171581,0.66553132,0.35191592,0.63395846,0.058357212,0.033376843,0.02421168,0.051999038,0.02591614,0.018236329,0.019352881,0.049576159,0.0089056396,0.026905725,0.0085581855,0.049536014,0.084753035,0.0014575141,0.0027355347,0.0027334371,0.04888053,0.044759754,0.020752719,0.0045573452,0.0021885381,0.0018242863,0.002007852,0.00091269299,0.00018254382,0.00054762275,0.00018255641,0.0005477582
43.143143,0.00089483323,0.003221328,0.016105693,0.13920628,0.06976108,0.65234134,0.3449411,0.62139263,0.057200312,0.032714999,0.023731382,0.050967132,0.025401827,0.017874522,0.018968938,0.048592243,0.0087290566,0.026372245,0.008388527,0.048554018,0.083073036,0.0014286221,0.0026813144,0.0026792531,0.047910818,0.043871907,0.020341299,0.0044670111,0.0021451599,0.001788129,0.001968059,0.00089460469,0.00017892607,0.00053676964,0.00017893844,0.00053690272
43.243243,0.00087709838,0.0031574839,0.015786491,0.13644731,0.068378452,0.63941202,0.33810413,0.60907515,0.056066281,0.032066242,0.023260585,0.049955647,0.024897692,0.017519873,0.018592591,0.047627797,0.0085559649,0.025849312,0.0082222223,0.047591432,0.081426242,0.0014003011,0.0026281656,0.0026261401,0.046960288,0.043001621,0.019938012,0.0043784624,0.0021026391,0.0017526863,0.0019290523,0.00087687384,0.00017537981,0.00052613101,0.00017539196,0.00052626175
43.343343,0.0008597152,0.0030949058,0.015473618,0.13374305,0.067023241,0.62673909,0.33140273,0.59700196,0.054954745,0.031430357,0.022799133,0.048964247,0.024403568,0.017172264,0.018223714,0.046682504,0.0083863072,0.025336754,0.0080592162,0.04664794,0.07981211,0.0013725419,0.0025760709,0.0025740805,0.046028625,0.042148607,0.019542725,0.0042916698,0.0020609615,0.0017179464,0.0018908192,0.00085949458,0.00017190387,0.00051570334,0.00017191581,0.00051583179
43.443443,0.00084267905,0.003033577,0.015166992,0.13109278,0.065695085,0.61431916,0.32483513,0.58516984,0.053865407,0.030807174,0.022346902,0.047992667,0.023919323,0.016831602,0.017862209,0.04575611,0.0082200382,0.024834433,0.0078994653,0.045723288,0.078230209,0.001345337,0.0025250163,0.0025230605,0.045115581,0.041312638,0.019155332,0.0042066103,0.0020201161,0.0016839001,0.0018533494,0.00084246229,0.00016849733,0.00050548385,0.00016850905,0.00050561004
43.543544,0.00082598056,0.0029734637,0.014866443,0.12849503,0.064393255,0.60214541,0.31839771,0.57357228,0.052797668,0.030196351,0.021903645,0.047040372,0.02344469,0.016497701,0.017507877,0.044848104,0.0080570666,0.024342074,0.0077428818,0.044816969,0.076679668,0.0013186714,0.0024749738,0.0024730519,0.044220653,0.040493253,0.01877562,0.004123237,0.0019800803,0.0016505287,0.0018166222,0.0008257676,0.0001651583,0.00049546692,0.00016516982,0.0004955909
43.643644,0.00080961302,0.0029145419,0.01457185,0.12594877,0.063117225,0.59021294,0.31208789,0.56220461,0.051751097,0.02959764,0.021469181,0.046106977,0.022979476,0.016170424,0.017160574,0.04395812,0.0078973264,0.023859477,0.0075894024,0.043928618,0.075159864,0.0012925345,0.0024259232,0.0024240347,0.043343479,0.039690121,0.018403435,0.0040415164,0.0019408381,0.0016178188,0.001780623,0.00080940378,0.00016188546,0.00048564852,0.00016189678,0.00048577032
43.743744,0.0007935698,0.0028567875,0.014283095,0.12345297,0.061866481,0.57851692,0.3059031,0.55106223,0.050725271,0.029010801,0.021043335,0.045192103,0.022523495,0.01584964,0.016820162,0.043085797,0.0077407533,0.023386448,0.0074389653,0.043057875,0.073670182,0.0012669155,0.0023778447,0.002375989,0.042483705,0.038902918,0.018038629,0.0039614154,0.0019023736,0.0015857571,0.0017453371,0.00079336423,0.00015867746,0.00047602468,0.00015868858,0.00047614434
43.843844,0.00077784443,0.0028001774,0.014000061,0.12100661,0.060640516,0.56705263,0.29984086,0.54014063,0.049719775,0.028435594,0.020625934,0.04429538,0.022076559,0.015535218,0.0164865,0.042230781,0.0075872836,0.022922795,0.0072915095,0.042204387,0.072210019,0.0012418043,0.0023307188,0.0023288954,0.041640981,0.038131325,0.017681052,0.0038829016,0.0018646713,0.0015543306,0.0017107503,0.00077764246,0.00015553303,0.00046659151,0.00015554395,0.00046670906
43.943944,0.00076243051,0.0027446885,0.013722632,0.11860871,0.059438833,0.55581541,0.2938987,0.52943539,0.048734202,0.027871787,0.020216809,0.043416442,0.021638489,0.015227031,0.016159454,0.041392723,0.0074368552,0.02246833,0.0071469752,0.041367809,0.070778783,0.0012171905,0.0022845265,0.0022827347,0.040814965,0.037375028,0.01733056,0.0038059431,0.0018277158,0.0015235267,0.0016768486,0.00076223209,0.00015245087,0.00045734518,0.00015246161,0.00045746066
44.044044,0.0007473218,0.0026902983,0.013450697,0.11625828,0.058260945,0.5448007,0.2880742,0.51894215,0.047768149,0.02731915,0.019815792,0.042554931,0.021209104,0.014924953,0.01583889,0.040571284,0.0072894069,0.022022867,0.0070053035,0.0405478,0.069375891,0.0011930642,0.0022392488,0.0022374883,0.040005321,0.036633719,0.01698701,0.0037305087,0.0017914921,0.0014933327,0.0016436182,0.00074712685,0.00014942975,0.00044828193,0.00014944029,0.00044839539
44.144144,0.00073251211,0.0026369846,0.013184144,0.11395437,0.057106369,0.53400399,0.28236499,0.50865663,0.046821223,0.026777458,0.019422721,0.041710495,0.02078823,0.01462886,0.015524678,0.039766125,0.0071448783,0.021586226,0.0068664366,0.039744026,0.068000771,0.0011694156,0.0021948675,0.0021931375,0.039211718,0.035907095,0.016650262,0.0036565676,0.0017559854,0.0014637364,0.0016110455,0.00073232058,0.00014646842,0.00043939807,0.00014647878,0.00043950953
44.244244,0.0007179954,0.0025847256,0.012922864,0.11169605,0.055974634,0.52342089,0.27676874,0.49857461,0.045893036,0.026246488,0.019037433,0.040882787,0.020375693,0.014338632,0.015216688,0.038976918,0.0070032104,0.021158226,0.0067303177,0.038956157,0.066652861,0.0011462348,0.0021513642,0.0021496644,0.03843383,0.035194858,0.016320178,0.0035840895,0.0017211812,0.0014347256,0.0015791171,0.00071780723,0.00014356567,0.00043068996,0.00014357585,0.00043079945
44.344344,0.0007037657,0.0025334998,0.012666749,0.10948237,0.054865276,0.51304703,0.27128314,0.48869197,0.044983207,0.025726022,0.018659771,0.040071466,0.019971324,0.014054148,0.014914794,0.038203337,0.0068643448,0.020738693,0.0065968909,0.03818387,0.065331606,0.0011235125,0.0021087212,0.0021070509,0.037671338,0.034496715,0.015996622,0.0035130447,0.0016870653,0.0014062885,0.0015478201,0.00070358084,0.00014072032,0.00042215402,0.00014073032,0.00042226159
44.444444,0.00068981715,0.0024832861,0.012415695,0.10731243,0.053777836,0.50287815,0.26590592,0.47900461,0.04409136,0.025215845,0.018289577,0.039276198,0.019574956,0.013775291,0.014618871,0.037445061,0.0067282243,0.020327453,0.0064661011,0.037426846,0.064036462,0.0011012393,0.0020669208,0.0020652796,0.036923926,0.033812378,0.015679462,0.0034434038,0.0016536235,0.0013784132,0.0015171414,0.00068963553,0.00013793119,0.00041378674,0.00013794101,0.00041389242
44.544545,0.00067614675,0.0024340737,0.012169648,0.10518576,0.052712081,0.49291205,0.26063595,0.46951047,0.043217303,0.024715848,0.017926774,0.03849681,0.019186504,0.013502001,0.014328856,0.036701929,0.0065948197,0.019924418,0.0063379203,0.036684922,0.06276715,0.0010794103,0.0020259541,0.0020243415,0.036191433,0.033141701,0.015368628,0.0033751518,0.0016208486,0.0013510939,0.0014870746,0.00067596832,0.00013519767,0.00040558632,0.00013520732,0.00040569013
44.644645,0.00066274794,0.0023858391,0.011928488,0.10310134,0.0516675,0.48314395,0.25547068,0.46020497,0.042360617,0.024225791,0.017571186,0.037732929,0.018805779,0.013234146,0.014044608,0.035973582,0.0064640667,0.019529393,0.0062122867,0.035957743,0.06152306,0.0010580151,0.0019858014,0.0019842168,0.035473508,0.032484359,0.015063971,0.0033082561,0.001588725,0.0013243174,0.0014576051,0.00066257264,0.00013251847,0.00039754882,0.00013252794,0.0003976508
44.744745,0.00064961467,0.0023385604,0.011692108,0.10105823,0.050643622,0.47356946,0.2504078,0.45108394,0.041520916,0.023745451,0.017222652,0.036984207,0.018432611,0.012971607,0.013766,0.035259691,0.0063359065,0.019142202,0.0060891439,0.03524498,0.060303633,0.001037044,0.0019464446,0.0019448876,0.034769827,0.031840057,0.014765355,0.0032426864,0.0015572381,0.0012980717,0.0014287196,0.00064944246,0.00012989236,0.00038967062,0.00012990167,0.0003897708
44.844845,0.00063674168,0.0022922186,0.011460413,0.099055616,0.049640035,0.46418471,0.24544525,0.44214369,0.04069786,0.023274637,0.016881032,0.036250344,0.018066849,0.012714276,0.013492919,0.034559968,0.0062102874,0.018762687,0.0059684422,0.034546346,0.059108376,0.0010164886,0.0019078678,0.001906338,0.034080104,0.031208535,0.014472658,0.0031784164,0.0015263753,0.0012723461,0.0014004066,0.00063657249,0.0001273183,0.00038194855,0.00012732744,0.00038204696
44.944945,0.00062412375,0.002246795,0.011233308,0.097092679,0.048656333,0.45498592,0.24058104,0.43338061,0.039891119,0.022813156,0.016546188,0.035531042,0.017708344,0.012462049,0.013225254,0.03387413,0.0060871587,0.018390696,0.0058501328,0.033861559,0.057936808,0.00099634062,0.0018700555,0.0018685523,0.033404062,0.030589537,0.014185763,0.00311542,0.0014961241,0.0012471303,0.0013726547,0.00062395754,0.00012479524,0.00037437949,0.00012480423,0.00037447617
45.045045,0.0006117558,0.0022022714,0.011010703,0.09516863,0.04769212,0.44596938,0.2358132,0.42479118,0.039100365,0.022360824,0.016217984,0.03482601,0.017356951,0.012214825,0.012962898,0.033201898,0.0059664705,0.018026078,0.005734168,0.033190342,0.056788455,0.00097659188,0.0018329924,0.0018315154,0.032741426,0.029982813,0.013904554,0.003053672,0.0014664723,0.001222414,0.0013454525,0.00061159251,0.00012232217,0.00036696038,0.000122331,0.00036705536
45.145145,0.00059963281,0.0021586296,0.010792506,0.09328269,0.046747005,0.43713143,0.23113981,0.41637189,0.038325279,0.021917456,0.015896287,0.034134962,0.017012528,0.011972503,0.012705744,0.032543,0.0058481739,0.017668685,0.0056205008,0.032532424,0.055662852,0.00095723438,0.0017966635,0.0017952123,0.032091929,0.029388117,0.013628916,0.0029931471,0.0014374078,0.0011981874,0.0013187892,0.00059947239,0.00011989808,0.00035968823,0.00011990675,0.00035978153
45.245245,0.00058774987,0.0021158519,0.01057863,0.091434093,0.045820604,0.42846848,0.22655896,0.40811934,0.037565545,0.021482872,0.015580967,0.033457615,0.016674934,0.011734985,0.012453687,0.031897167,0.0057322209,0.017318373,0.0055090849,0.031887537,0.05455954,0.00093826026,0.001761054,0.0017596281,0.031455305,0.028805207,0.013358738,0.0029338209,0.0014089189,0.0011744405,0.0012926538,0.00058759227,0.00011752199,0.00035256007,0.00011753051,0.00035265172
45.345345,0.00057610212,0.002073921,0.010368988,0.089622085,0.04491254,0.41997701,0.22206878,0.40003016,0.036820854,0.021056895,0.015271894,0.032793694,0.016344032,0.011502173,0.012206625,0.031264136,0.0056185642,0.016974997,0.005399875,0.031255418,0.053478072,0.0009196618,0.0017261495,0.0017247485,0.030831294,0.028233844,0.01309391,0.0028756692,0.001380994,0.0011511637,0.0012670357,0.0005759473,0.00011519294,0.000345573,0.00011520131,0.00034566304
45.445445,0.00056468482,0.0020328196,0.010163493,0.087845928,0.044022441,0.41165354,0.21766745,0.39210105,0.0360909,0.020639351,0.014968942,0.032142926,0.016019686,0.011273973,0.011964455,0.030643647,0.0055071572,0.016638419,0.0052928264,0.030635809,0.052418004,0.00090143138,0.0016919356,0.001690559,0.030219642,0.027673796,0.012834322,0.0028186682,0.0013536216,0.0011283475,0.0012419245,0.00056453273,0.00011290996,0.00033872418,0.00011291818,0.00033881262
45.545546,0.00055349328,0.0019925309,0.0099620611,0.086104891,0.043149944,0.40349467,0.21335316,0.38432876,0.035375386,0.020230068,0.014671986,0.031505044,0.015701762,0.011050289,0.011727079,0.030035445,0.0053979543,0.016308499,0.0051878952,0.030028455,0.051378903,0.00088356153,0.0016583983,0.0016570458,0.029620097,0.027124832,0.01257987,0.0027627945,0.0013267906,0.0011059825,0.0012173098,0.00055334387,0.00011067213,0.00033201078,0.0001106802,0.00033209767
45.645646,0.00054252291,0.0019530384,0.0097646101,0.084398261,0.042294689,0.39549703,0.20912413,0.37671008,0.034674016,0.019828877,0.014380904,0.030879784,0.015390129,0.010831031,0.011494399,0.029439279,0.0052909105,0.015985102,0.0050850382,0.029433107,0.050360339,0.0008660449,0.0016255239,0.001624195,0.029032411,0.026586726,0.012330448,0.0027080252,0.0013004898,0.0010840595,0.0011931816,0.00054237612,0.00010847852,0.00032543006,0.00010848645,0.00032551541
45.745746,0.00053177187,0.0019143355,0.0095711069,0.082725752,0.041456533,0.3876593,0.20497966,0.36924375,0.033986673,0.019435713,0.014095649,0.030267043,0.015084736,0.010616162,0.011266376,0.02885505,0.005186008,0.015668174,0.0049842383,0.028849666,0.049362145,0.00084887857,0.0015933068,0.0015920012,0.028456488,0.026059388,0.012086014,0.002654351,0.001274715,0.0010625748,0.0011695358,0.00053162767,0.00010632877,0.00031898091,0.00010633656,0.00031906475
45.845846,0.00052123394,0.0018763998,0.0093814393,0.081086397,0.040634992,0.37997694,0.20091735,0.36192544,0.03331296,0.019050347,0.013816053,0.029666465,0.014785405,0.010405557,0.011042878,0.028282418,0.005083186,0.015357531,0.0048854371,0.028277793,0.048383742,0.00083205261,0.0015617285,0.0015604456,0.027891993,0.025542513,0.011846427,0.0026017411,0.0012494511,0.0010415161,0.0011463588,0.00052109228,0.00010422164,0.0003126596,0.00010422929,0.00031274196
45.945946,0.00051090488,0.001839216,0.0091955312,0.079479535,0.039829735,0.37244685,0.19693557,0.35475222,0.032652605,0.018672623,0.013542005,0.029077807,0.014492016,0.01019913,0.010823815,0.027721154,0.0049824032,0.015053049,0.0047885949,0.027717259,0.047424736,0.00081556024,0.0015307761,0.0015295157,0.027338698,0.025035892,0.011611591,0.0025501741,0.001224688,0.0010208748,0.0011236411,0.00051076572,0.00010215627,0.00030646359,0.00010216379,0.00030654449
46.046046,0.00050078054,0.0018027692,0.0090133076,0.077904521,0.039040438,0.36506601,0.19303271,0.34772119,0.032005342,0.018302391,0.013273393,0.028500833,0.014204449,0.0099968001,0.010609098,0.027171029,0.0048836187,0.014754604,0.0046936727,0.027167838,0.046484741,0.00079939481,0.0015004373,0.0014991989,0.02679638,0.02453932,0.01138141,0.0024996293,0.0012004159,0.0010006426,0.0011013737,0.00050064383,0.00010013184,0.00030039038,0.00010013922,0.00030046985
46.146146,0.00049085682,0.0017670446,0.0088346951,0.076360717,0.038266782,0.35783144,0.18920719,0.34082951,0.03137091,0.017939499,0.01301011,0.027935307,0.013922589,0.0097984836,0.01039864,0.026631821,0.0047867929,0.014462077,0.004600632,0.026629307,0.045563377,0.0007835498,0.0014706998,0.001469483,0.02626482,0.024052598,0.011155793,0.0024500863,0.0011766247,0.00098081142,0.0010795476,0.00049072253,9.8147521e-05,0.00029443753,9.8154778e-05,0.00029451559
46.246246,0.00048112972,0.0017320278,0.0086596213,0.074847501,0.037508454,0.35074021,0.18545748,0.33407439,0.030749051,0.017583801,0.012752048,0.027381001,0.013646321,0.0096041006,0.010192356,0.026103312,0.0046918864,0.014175347,0.0045094352,0.026101449,0.044660271,0.00076801879,0.0014415515,0.0014403561,0.025743802,0.023575528,0.010934647,0.0024015251,0.001153305,0.00096137317,0.0010581539,0.0004809978,9.6202521e-05,0.00028860262,9.620965e-05,0.0002886793
46.346346,0.00047159529,0.0016977046,0.0084880152,0.073364257,0.036765147,0.34378944,0.18178204,0.32745309,0.030139514,0.017235153,0.012499103,0.02683769,0.013375532,0.0094135721,0.0099901629,0.025585286,0.0045988606,0.0138943,0.0044200454,0.025584049,0.043775058,0.00075279548,0.0014129807,0.0014118061,0.025233115,0.023107915,0.010717882,0.0023539259,0.0011304472,0.00094231997,0.001037184,0.00047146569,9.4296047e-05,0.00028288328,9.430305e-05,0.00028295861
46.446446,0.00046224964,0.001664061,0.0083198071,0.071910382,0.036036558,0.3369763,0.17817938,0.32096293,0.02954205,0.016893412,0.012251171,0.026305151,0.013110113,0.0092268204,0.0097919773,0.025077533,0.0045076778,0.013618821,0.004332426,0.025076898,0.042907375,0.00073787367,0.0013849756,0.0013838216,0.02473255,0.02264957,0.010505412,0.0023072693,0.0011080421,0.00092364408,0.0010166293,0.00046212233,9.2427324e-05,0.0002772772,9.2434202e-05,0.00027735119
46.546547,0.00045308896,0.0016310833,0.0081549282,0.070485283,0.03532239,0.33029802,0.17464803,0.31460123,0.028956415,0.016558439,0.012008151,0.025783166,0.012849955,0.0090437691,0.0095977185,0.024579843,0.0044183007,0.013348796,0.0042465414,0.024579787,0.04205687,0.00072324728,0.001357525,0.0013563911,0.024241902,0.022200305,0.010297148,0.0022615364,0.0010860805,0.00090533787,0.0009964815,0.0004529639,9.0595588e-05,0.00027178207,9.0602344e-05,0.00027185476
46.646647,0.00044410951,0.001598758,0.007993311,0.069088377,0.03462235,0.32375186,0.17118655,0.30836541,0.02838237,0.016230096,0.011769944,0.025271522,0.01259495,0.0088643429,0.0094073066,0.024092013,0.0043306926,0.013084116,0.0041623564,0.024092513,0.041223194,0.0007089103,0.0013306174,0.0013295034,0.023760971,0.021759935,0.010093005,0.0022167084,0.0010645534,0.00088739383,0.00097673225,0.00044398665,8.8800089e-05,0.00026639566,8.8806726e-05,0.00026646706
46.746747,0.00043530758,0.0015670718,0.007834889,0.067719087,0.03393615,0.31733512,0.16779351,0.30225289,0.027819677,0.015908249,0.01153645,0.024770006,0.012344993,0.008688468,0.0092206632,0.023613841,0.0042448173,0.012824672,0.0040798362,0.023614875,0.040406003,0.00069485684,0.0013042419,0.0013031474,0.023289557,0.021328279,0.0098929,0.0021727667,0.001043452,0.00086980459,0.00095737346,0.0004351869,8.7040089e-05,0.00026111574,8.7046608e-05,0.00026118587
46.846847,0.00042668,0.0015360131,0.007679605,0.066376921,0.033263542,0.31104548,0.16446768,0.29626147,0.027268133,0.01559278,0.011307587,0.024278438,0.012099995,0.0085160806,0.0090377207,0.023145154,0.004160644,0.012570368,0.003998951,0.023146702,0.039605003,0.0006810818,0.0012783889,0.0012773136,0.022827491,0.020905181,0.0096967598,0.0021296957,0.0010227686,0.00085256378,0.00093839813,0.00042656145,8.531495e-05,0.00025594041,8.5321355e-05,0.00025600929
46.946947,0.00041822474,0.0015055749,0.0075274227,0.065061563,0.03260437,0.30488148,0.16120828,0.29038974,0.02672761,0.015283616,0.011083299,0.023796702,0.011859897,0.0083471404,0.0088584362,0.022685843,0.0040781528,0.012321147,0.0039196819,0.022687882,0.038820005,0.00066758198,0.0012530523,0.0012519959,0.022374663,0.020490542,0.0095045387,0.002087485,0.0010024984,0.00083566738,0.00091980183,0.00041810829,8.3624271e-05,0.00025086845,8.3630562e-05,0.00025093611
47.047047,0.00040993711,0.0014757401,0.0073782573,0.063772281,0.031958265,0.29883968,0.15801351,0.28463443,0.026197805,0.014980585,0.010863462,0.02332453,0.011624566,0.0081815532,0.0086827099,0.022235651,0.0039972978,0.012076869,0.0038419848,0.022238161,0.038050572,0.00065434986,0.0012282181,0.0012271802,0.021930822,0.02008413,0.0093161296,0.0020461114,0.00098263003,0.00081910597,0.00090157421,0.00040982271,8.196711e-05,0.00024589704,8.197329e-05,0.00024596351
47.147147,0.00040181376,0.0014464967,0.0072320488,0.062508557,0.031324968,0.29291765,0.15488207,0.27899323,0.025678507,0.014683565,0.010647987,0.02286173,0.011393906,0.008019252,0.0085104706,0.021794395,0.0039180464,0.011837436,0.0037658284,0.021797357,0.037296396,0.00064138009,0.0012038763,0.0012028565,0.021495789,0.019685781,0.0091314567,0.002005558,0.0009631556,0.00080287289,0.00088370793,0.00040170139,8.03428e-05,0.00024102419,8.0348869e-05,0.00024108947
47.247247,0.00039385141,0.0014178329,0.0070887382,0.06126988,0.030704223,0.287113,0.1518127,0.27346385,0.025169504,0.014392434,0.010436787,0.022408116,0.011167824,0.0078601712,0.0083416487,0.021361898,0.0038403666,0.011602751,0.0036911818,0.021365293,0.03655717,0.00062866745,0.0011800169,0.0011790151,0.021069386,0.019295335,0.0089504451,0.0019658086,0.00094406721,0.00078696158,0.00086619576,0.00039374103,7.8750683e-05,0.00023624791,7.8756646e-05,0.00023631204
47.347347,0.00038604685,0.0013897371,0.0069482674,0.060055749,0.03009578,0.28142338,0.14880416,0.26804407,0.024670591,0.014107076,0.010229776,0.021963502,0.010946228,0.0077042462,0.0081761757,0.020937984,0.0037642269,0.011372718,0.003618015,0.020941793,0.035832596,0.00061620678,0.0011566305,0.0011556462,0.020651442,0.018912633,0.0087730218,0.001926847,0.00092535713,0.00077136561,0.00084903063,0.00038593842,7.7190118e-05,0.00023156629,7.7195974e-05,0.00023162928
47.447447,0.00037839691,0.0013621979,0.0068105795,0.058865672,0.02949939,0.27584648,0.14585523,0.26273167,0.024181566,0.013827375,0.010026871,0.021527709,0.010729028,0.0075514138,0.0080139845,0.02052248,0.0036895964,0.011147245,0.003546298,0.020526685,0.03512238,0.00060399304,0.0011337074,0.0011327404,0.020241786,0.01853752,0.0085991147,0.0018886574,0.00090701776,0.00075607863,0.00083220558,0.0003782904,7.566047e-05,0.00022697742,7.5666223e-05,0.00022703929
47.547548,0.00037089847,0.0013352041,0.0066756185,0.057699163,0.028914812,0.27038004,0.1429647,0.2575245,0.023702229,0.013553216,0.0098279875,0.021100558,0.010516136,0.0074016115,0.0078550088,0.020115217,0.0036164447,0.010926239,0.0034760019,0.020119801,0.034426232,0.00059202124,0.0011112384,0.0011102883,0.019840252,0.018169842,0.0084286529,0.0018512242,0.00088904165,0.00074109445,0.00081571375,0.00037079384,7.4161117e-05,0.00022247943,7.4166768e-05,0.0002225402
47.647648,0.00036354848,0.0013087447,0.0065433294,0.056555749,0.028341807,0.26502181,0.14013141,0.25242043,0.023232384,0.013284488,0.0096330456,0.020681874,0.010307464,0.007254778,0.0076991837,0.019716028,0.0035447419,0.010709611,0.0034070978,0.019720975,0.033743869,0.0005802865,0.0010892142,0.0010882808,0.019446675,0.01780945,0.0082615669,0.0018145323,0.00087142145,0.00072640693,0.00079954842,0.0003634457,7.2691447e-05,0.00021807049,7.2696997e-05,0.00021813018
47.747748,0.00035634392,0.0012828089,0.0064136578,0.055434958,0.02778014,0.25976961,0.13735417,0.24741738,0.022771838,0.013021081,0.0094419646,0.020271486,0.010102927,0.0071108532,0.0075464451,0.019324749,0.0034744586,0.010497271,0.0033395575,0.019330042,0.033075011,0.00056878402,0.0010676259,0.0010667089,0.019060893,0.017456195,0.0080977882,0.0017785665,0.00085414995,0.00071201006,0.00078370296,0.00035624296,7.1250858e-05,0.00021374879,7.125631e-05,0.00021380743
47.847848,0.00034928183,0.0012573859,0.0062865504,0.054336332,0.02722958,0.25462128,0.13463187,0.24251327,0.022320403,0.012762885,0.009254666,0.019869225,0.0099024404,0.0069697775,0.0073967301,0.018941218,0.0034055659,0.010289133,0.0032733533,0.018946842,0.032419382,0.00055750904,0.0010464646,0.0010455637,0.018682748,0.017109932,0.0079372492,0.0017433121,0.00083722003,0.00069789792,0.00076817086,0.00034918266,6.9838758e-05,0.00020951256,6.9844113e-05,0.00020957015
47.947948,0.00034235929,0.0012324653,0.0061619548,0.053259415,0.0266899,0.24957469,0.13196336,0.23770609,0.021877892,0.012509794,0.0090710721,0.019474923,0.0097059206,0.0068314926,0.0072499766,0.018565277,0.0033380352,0.010085109,0.0032084576,0.018571217,0.031776712,0.00054645693,0.0010257214,0.0010248364,0.018312083,0.016770517,0.0077798837,0.0017087544,0.0008206247,0.00068406466,0.00075294569,0.00034226188,6.8454562e-05,0.00020536004,6.8459822e-05,0.00020541661
48.048048,0.00033557424,0.0012080397,0.006039834,0.052203888,0.026160939,0.24462833,0.12934785,0.2329944,0.021444172,0.012261733,0.0088911284,0.019088463,0.0095133096,0.0066959575,0.0071061411,0.018196814,0.0032718465,0.0098851399,0.0031448514,0.018203055,0.031146809,0.00053562438,0.0010053904,0.0010045209,0.017948788,0.01643785,0.007625645,0.0016748833,0.00080435904,0.0006705062,0.00073802293,0.00033547857,6.709786e-05,0.00020128999,6.7103027e-05,0.00020134556
48.148148,0.00032892455,0.0011841013,0.0059201491,0.051169417,0.02564253,0.23978065,0.12678453,0.22837671,0.021019107,0.012018623,0.0087147778,0.018709723,0.0093245461,0.006563129,0.006965178,0.017835712,0.0032069788,0.0096891615,0.0030825143,0.017842239,0.030529474,0.00052500797,0.00098546493,0.00098461071,0.017592748,0.016111825,0.007474484,0.0016416879,0.00078841788,0.00065721822,0.00072339786,0.00032883057,6.5768222e-05,0.00019730114,6.5773297e-05,0.00019735572
48.248248,0.00032240667,0.0011606375,0.0058028368,0.050155452,0.025134397,0.23502907,0.12427202,0.22385058,0.020602471,0.011780335,0.0085419264,0.018338501,0.0091395297,0.0064329365,0.0068270121,0.017481779,0.0031433977,0.0094970699,0.0030214134,0.017488577,0.029924379,0.00051460207,0.00096593452,0.00096509531,0.017243773,0.015792268,0.0073263205,0.0016091507,0.00077279276,0.00064419367,0.00070906271,0.00032231435,6.4464942e-05,0.00019339137,6.4469927e-05,0.00019344497
48.348348,0.00031601798,0.0011376387,0.0056878497,0.049161585,0.024636336,0.23037166,0.12180931,0.21941417,0.020194096,0.011546773,0.0083725044,0.017974646,0.0089581854,0.0063053273,0.0066915877,0.01713487,0.0030810775,0.0093087876,0.0029615238,0.017141928,0.02933128,0.00050440246,0.00094679127,0.00094596682,0.016901721,0.015479052,0.0071810947,0.0015772585,0.00075747739,0.00063142731,0.00069501171,0.0003159273,6.3187495e-05,0.00018955909,6.3192391e-05,0.00018961174
48.448448,0.00030975589,0.0011150957,0.0055751414,0.048187413,0.024148146,0.22580656,0.11939541,0.2150657,0.019793816,0.011317842,0.0082064432,0.017618012,0.0087804399,0.0061802499,0.0065588498,0.016794847,0.0030199929,0.0091242384,0.0029028215,0.01680215,0.028749938,0.00049440503,0.00092802744,0.00092721749,0.016566455,0.015172047,0.0070387479,0.0015459985,0.00074246557,0.00061891397,0.00068123917,0.00030966683,6.1935364e-05,0.00018580275,6.1940173e-05,0.00018585447
48.548549,0.00030361788,0.0010929994,0.0054646661,0.047232543,0.023669628,0.22133192,0.11702935,0.21080339,0.01940147,0.011093449,0.0080436754,0.017268453,0.0086062209,0.0060576533,0.0064287448,0.01646157,0.0029601192,0.0089433475,0.0028452826,0.016469106,0.028180116,0.00048460574,0.00090963544,0.00090883973,0.016237839,0.014871132,0.0068992225,0.0015153579,0.00072775121,0.00060664858,0.00066773951,0.0003035304,6.0708042e-05,0.00018212085,6.0712765e-05,0.00018217164
48.648649,0.00029760145,0.0010713407,0.0053563791,0.046296587,0.023200588,0.2169459,0.11471015,0.20662553,0.019016897,0.010873504,0.0078841348,0.016925828,0.0084354574,0.0059374877,0.0063012195,0.016134904,0.002901432,0.0087660413,0.0027888838,0.016142661,0.027621583,0.00047500059,0.00089160778,0.00089082608,0.015915739,0.014576181,0.0067624616,0.0014853244,0.00071332836,0.00059462616,0.00065450726,0.00029751552,5.9505031e-05,0.00017851187,5.9509671e-05,0.00017856176
48.748749,0.00029170415,0.0010501109,0.0052502363,0.045379164,0.022740836,0.21264674,0.11243688,0.2025304,0.018639942,0.010657916,0.0077277562,0.016589996,0.0082680797,0.0058197041,0.0061762219,0.015814715,0.0028439075,0.0085922477,0.0027336021,0.015822682,0.027074112,0.00046558567,0.00087393714,0.00087316919,0.015600022,0.014287077,0.0066284097,0.0014558856,0.00069919111,0.00058284182,0.00064153703,0.00029161974,5.8325841e-05,0.00017497436,5.8330398e-05,0.00017502336
48.848849,0.00028592356,0.0010293012,0.0051461942,0.044479898,0.022290184,0.20843266,0.1102086,0.19851633,0.01827045,0.010446598,0.0075744756,0.016260819,0.0081040193,0.0057042542,0.0060537009,0.015500873,0.0027875221,0.0084218954,0.0026794148,0.015509037,0.026537479,0.00045635713,0.00085661627,0.00085586184,0.015290561,0.014003699,0.0064970117,0.0014270296,0.00068533371,0.00057129073,0.00062882351,0.00028584065,5.7169991e-05,0.00017150686,5.7174466e-05,0.00017155499
48.948949,0.00028025732,0.0010089032,0.0050442103,0.043598421,0.021848446,0.20430195,0.1080244,0.19458169,0.017908269,0.010239462,0.0074242301,0.015938163,0.0079432086,0.0055910905,0.0059336061,0.015193247,0.0027322527,0.0082549145,0.0026262997,0.015201599,0.026011463,0.00044731119,0.00083963809,0.00083889694,0.014987228,0.013725932,0.0063682139,0.0013987445,0.00067175046,0.00055996816,0.00061636149,0.00028017589,5.6037005e-05,0.00016810796,5.6041401e-05,0.00016815523
49.049049,0.0002747031,0.00098890848,0.0049442424,0.04273437,0.021415441,0.2002529,0.10588339,0.19072483,0.01755325,0.010036423,0.0072769576,0.015621893,0.0077855812,0.0054801664,0.0058158879,0.014891712,0.0026780764,0.0080912363,0.002574235,0.01490024,0.025495849,0.00043844413,0.00082299559,0.00082226749,0.014689897,0.013453661,0.0062419632,0.0013710187,0.00065843577,0.00054886945,0.00060414583,0.00027462311,5.4926417e-05,0.00016477625,5.4930735e-05,0.00016482268
49.149149,0.0002692586,0.0009693087,0.0048462493,0.041887387,0.020990989,0.19628384,0.10378467,0.18694418,0.017205247,0.0098373969,0.007132597,0.015311879,0.0076310717,0.0053714358,0.0057004975,0.014596141,0.0026249709,0.0079307929,0.0025231991,0.014604836,0.024990421,0.00042975226,0.00080668188,0.00080596661,0.014398446,0.013186773,0.0061182072,0.0013438407,0.00064538414,0.00053799,0.00059217149,0.00026918003,5.3837768e-05,0.00016151036,5.3842009e-05,0.00016155596
49.249249,0.00026392256,0.00095009938,0.0047502084,0.041057278,0.020574994,0.19239386,0.10172777,0.18323886,0.016864178,0.0096423385,0.0069911153,0.01500805,0.0074796446,0.0052648737,0.0055874084,0.014306468,0.0025729238,0.0077735474,0.0024731802,0.014315318,0.024495066,0.00042123359,0.00079069323,0.00078999056,0.014112807,0.012925207,0.0059969176,0.0013172042,0.00063259255,0.00052732732,0.00058043572,0.00026384539,5.2770809e-05,0.00015830953,5.2774974e-05,0.00015835432
49.349349,0.0002586927,0.00093127232,0.0046560787,0.040243688,0.020167276,0.18858128,0.099711803,0.17960728,0.016529899,0.0094511638,0.0068524517,0.014710274,0.007331235,0.0051604346,0.0054765722,0.014022568,0.002521913,0.0076194326,0.002424157,0.014031564,0.024009569,0.00041288449,0.00077502278,0.00077433249,0.013832858,0.01266885,0.0058780424,0.0012910979,0.00062005553,0.00051687683,0.00056893348,0.0002586169,5.1725081e-05,0.0001551724,5.1729172e-05,0.00015521639
49.449449,0.0002535665,0.00091281841,0.0045638146,0.039446223,0.01976764,0.18484427,0.097735794,0.17604769,0.016202247,0.0092637803,0.0067165391,0.014418409,0.0071857709,0.0050580677,0.005367935,0.013744302,0.0024719138,0.0074683739,0.0023761057,0.013753435,0.023533697,0.0004047009,0.00075966296,0.00075898484,0.013558463,0.01241758,0.0057615241,0.001265509,0.00060776704,0.00050663349,0.00055765922,0.00025349205,5.070008e-05,0.00015209745,5.0704098e-05,0.00015214066
49.54955,0.00024854189,0.00089473022,0.004473379,0.038664562,0.019375924,0.18118132,0.095798947,0.17255866,0.015881091,0.0090801124,0.0065833226,0.014132335,0.0070431935,0.0049577317,0.0052614531,0.013471559,0.002422906,0.0073203102,0.002329007,0.01348082,0.023067258,0.00039667953,0.00074460758,0.00074394141,0.013289512,0.012171293,0.0056473157,0.0012404274,0.0005957221,0.00049659318,0.00054660841,0.00024846876,4.9695393e-05,0.00014908344,4.9699339e-05,0.00014912587
49.64965,0.00024361684,0.00087700043,0.0043847353,0.037898389,0.018991969,0.17759096,0.093900482,0.16913877,0.0155663,0.0089000859,0.0064527483,0.013851938,0.006903445,0.004859386,0.0051570833,0.013204228,0.0023748697,0.0071751818,0.0022828418,0.013213608,0.022610063,0.00038881713,0.00072985056,0.00072919614,0.013025896,0.011929891,0.0055353711,0.0012158429,0.00058391586,0.00048675182,0.00053577656,0.00024354501,4.8710614e-05,0.00014612915,4.871449e-05,0.00014617083
49.74975,0.00023878935,0.00085962188,0.0042978477,0.037147395,0.018615621,0.17407172,0.092039628,0.16578664,0.015257748,0.0087236278,0.0063247632,0.013577102,0.0067664687,0.0047629906,0.0050547832,0.0129422,0.0023277855,0.0070329299,0.0022375914,0.012951692,0.022161928,0.00038111054,0.00071538592,0.00071474304,0.012767507,0.011693275,0.005425645,0.0011917455,0.00057234354,0.00047710545,0.00052515931,0.00023871881,4.7745344e-05,0.00014323339,4.7749151e-05,0.00014327432
49.84985,0.00023405748,0.00084258752,0.004212681,0.036411274,0.018246727,0.17062219,0.090215633,0.16250091,0.014955308,0.0085506665,0.0061993153,0.013307717,0.006632209,0.0046685065,0.0049545115,0.01268537,0.0022816343,0.0068934967,0.0021932375,0.012694964,0.02172267,0.00037355661,0.00070120779,0.00070057626,0.012514241,0.01146135,0.0053180927,0.0011681254,0.00056100044,0.00046765015,0.00051475235,0.00023398819,4.6799192e-05,0.00014039498,4.6802932e-05,0.00014043519
49.94995,0.00022941929,0.00082589041,0.0041292004,0.035689728,0.017885137,0.16724095,0.088427752,0.15928024,0.014658858,0.0083811314,0.0060763535,0.013043672,0.006500611,0.0045758951,0.004856227,0.012433631,0.0022363973,0.0067568254,0.002149762,0.01244332,0.02129211,0.00036615227,0.00068731041,0.00068669002,0.012265995,0.011234021,0.0052126706,0.001144973,0.00054988195,0.00045838206,0.00050455143,0.00022935124,4.5871774e-05,0.00013761277,4.5875446e-05,0.00013765226
50.05005,0.00022487289,0.00080952375,0.0040473719,0.034982461,0.017530702,0.16392663,0.086675257,0.15612332,0.014368277,0.0082149535,0.0059558275,0.01278486,0.0063716208,0.0044851185,0.0047598897,0.012186882,0.0021920561,0.0066228602,0.0021071472,0.012196658,0.020870073,0.00035889451,0.00067368811,0.00067307867,0.012022666,0.011011194,0.0051093355,0.001122279,0.00053898353,0.00044929742,0.0004945524,0.00022480605,4.4962709e-05,0.00013488562,4.4966316e-05,0.00013492441
50.15015,0.00022041642,0.00079348083,0.0039671621,0.034289185,0.017183279,0.16067788,0.084957431,0.15302886,0.014083445,0.0080520644,0.0058376878,0.012531173,0.0062451856,0.0043961394,0.00466546,0.011945021,0.0021485923,0.0064915462,0.0020653756,0.011954877,0.020456386,0.00035178034,0.0006603353,0.00065973662,0.011784155,0.010792779,0.0050080452,0.0011000339,0.00052830071,0.00044039249,0.00048475116,0.00022035077,4.4071627e-05,0.00013221242,4.407517e-05,0.00013225051
50.25025,0.00021604806,0.00077775505,0.0038885379,0.033609614,0.016842724,0.15749335,0.083273566,0.14999558,0.013804246,0.0078923973,0.0057218858,0.012282509,0.0061212532,0.0043089212,0.0045728989,0.011707947,0.0021059883,0.0063628294,0.00202443,0.011717877,0.020050879,0.00034480684,0.00064724649,0.00064665838,0.011550365,0.010578686,0.0049087579,0.0010782286,0.0005178291,0.00043166362,0.00047514369,0.00021598358,4.3198161e-05,0.00012959207,4.3201641e-05,0.00012962948
50.35035,0.00021176598,0.00076233994,0.0038114669,0.032943467,0.016508896,0.15437173,0.081622967,0.14702223,0.013530565,0.0077358861,0.0056083736,0.012038763,0.0059997722,0.0042234278,0.0044821683,0.011475564,0.0020642262,0.0062366565,0.0019842935,0.01148556,0.019653384,0.00033797113,0.00063441628,0.00063383856,0.011321197,0.010368826,0.0048114326,0.0010568542,0.00050756439,0.00042310719,0.00046572602,0.00021170265,4.2341951e-05,0.00012702348,4.2345368e-05,0.00012706022
50.45045,0.00020756945,0.00074723275,0.0037359355,0.032290628,0.016181737,0.15131247,0.080005344,0.14410829,0.013262352,0.0075825031,0.0054971312,0.011799893,0.0058807214,0.0041396442,0.0043932522,0.011247829,0.0020232989,0.0061130054,0.0019449591,0.011257885,0.019263831,0.00033127201,0.00062184241,0.00062127489,0.011096613,0.010163162,0.0047160523,0.0010359068,0.00049750475,0.00041472171,0.00045649648,0.00020750725,4.1502844e-05,0.0001245062,4.15062e-05,0.00012454229
50.550551,0.0002034562,0.00073242538,0.0036619031,0.031650745,0.015861071,0.14831393,0.078419826,0.14125218,0.012999463,0.0074321659,0.0053880986,0.011565769,0.0057640364,0.0040575252,0.0043061025,0.011024621,0.0019831842,0.0059918094,0.0019064054,0.01103473,0.018882011,0.00032470587,0.00060951811,0.00060896061,0.01087649,0.0099615836,0.0046225654,0.0010153753,0.00048764477,0.00040650267,0.00044745011,0.0002033951,4.0680391e-05,0.00012203888,4.0683687e-05,0.00012207432
50.650651,0.00019942447,0.00071791148,0.0035893379,0.031023544,0.01554676,0.14537481,0.076865734,0.13845269,0.012741787,0.0072848099,0.005281229,0.011336292,0.0056496671,0.0039770354,0.0042206819,0.010805843,0.001943865,0.0058730166,0.0018686162,0.010815999,0.01850776,0.00031826989,0.0005974381,0.00059689046,0.010660734,0.0097640036,0.0045309321,0.0009952507,0.00047798024,0.00039844653,0.00043858305,0.00019936446,3.9874239e-05,0.00011962047,3.9877476e-05,0.00011965527
50.750751,0.00019547264,0.00070368521,0.0035182108,0.030408773,0.015238679,0.14249395,0.075342442,0.13570869,0.012489218,0.0071403758,0.0051764793,0.011111368,0.0055375674,0.0038981425,0.0041369559,0.010591406,0.0019053253,0.0057565791,0.001831576,0.010601604,0.018140927,0.0003119615,0.00058559751,0.00058505955,0.010449258,0.0095703427,0.0044411153,0.00097552501,0.00046850726,0.00039055006,0.00042989171,0.0001954137,3.9084062e-05,0.00011724998,3.9087242e-05,0.00011728416
50.850851,0.00019159911,0.00068974082,0.003448493,0.029806182,0.014936702,0.13967017,0.073849336,0.13301906,0.012241656,0.0069988051,0.0050738071,0.010890907,0.0054276918,0.0038208145,0.0040548906,0.010381225,0.0018675497,0.0056424499,0.00179527,0.010391458,0.017781365,0.00030577812,0.00057399158,0.00057346313,0.010241977,0.0093805225,0.0043530788,0.00095619025,0.00045922201,0.00038281007,0.00042137259,0.00019154123,3.8309543e-05,0.00011492646,3.8312666e-05,0.00011496003
50.950951,0.00018780232,0.00067607268,0.0033801564,0.02921553,0.014640707,0.13690233,0.072385811,0.13038273,0.011998999,0.0068600406,0.0049731709,0.010674819,0.0053199959,0.0037450201,0.0039744528,0.010175214,0.0018305229,0.0055305827,0.0017596835,0.010185476,0.017428927,0.00029971728,0.00056261559,0.00056209649,0.010038806,0.0091944661,0.004266787,0.00093723859,0.00045012072,0.00037522343,0.00041302224,0.00018774547,3.7550368e-05,0.00011264898,3.7553435e-05,0.00011268195
51.051051,0.00018408072,0.00066267525,0.0033131732,0.028636576,0.014350574,0.13418931,0.070951274,0.12779862,0.01176115,0.0067240259,0.0048745297,0.010463017,0.0052144358,0.0036707284,0.0038956098,0.009973288,0.0017942297,0.0054209323,0.001724802,0.0099835758,0.017083471,0.0002937765,0.00055146494,0.00055095502,0.0098396637,0.009012098,0.0041822048,0.00091866235,0.00044119972,0.00036778706,0.00040483728,0.00018402489,3.680623e-05,0.0001104166,3.6809242e-05,0.00011044898
51.151151,0.00018043281,0.00064954307,0.0032475162,0.028069084,0.014066187,0.13153001,0.069545142,0.12526568,0.011528012,0.0065907057,0.0047778434,0.010255413,0.0051109685,0.0035979092,0.0038183294,0.0097753661,0.0017586555,0.0053134538,0.0016906113,0.0097856738,0.016744855,0.00028795337,0.0005405351,0.0005400342,0.0096444681,0.0088333438,0.0040992978,0.00090045397,0.00043245536,0.00036049794,0.00039681439,0.00018037798,3.6076825e-05,0.00010822842,3.6079783e-05,0.00010826022
51.251251,0.0001768571,0.00063667079,0.0031831587,0.027512825,0.013787427,0.12892334,0.068166841,0.12278288,0.011299489,0.0064600255,0.0046830725,0.010051924,0.0050095516,0.0035265328,0.0037425802,0.009581367,0.0017237857,0.0052081036,0.0016570975,0.0095916897,0.016412944,0.00028224551,0.0005298216,0.00052932957,0.0094531397,0.0086581306,0.0040180322,0.00088260602,0.00042388409,0.00035335309,0.00038895028,0.00017680324,3.5361856e-05,0.00010608355,3.5364761e-05,0.00010611478
51.351351,0.00017335212,0.00062405315,0.0031200743,0.026967569,0.013514182,0.12636824,0.066815808,0.1203492,0.011075488,0.0063319319,0.004590178,0.0098524648,0.0049101437,0.0034565698,0.003668331,0.0093912109,0.0016896061,0.0051048383,0.0016242469,0.0094015441,0.016087599,0.0002766506,0.00051932007,0.00051883674,0.0092655999,0.0084863866,0.0039383747,0.0008651112,0.0004154824,0.0003463496,0.00038124174,0.00017329923,3.4661031e-05,0.00010398111,3.4663884e-05,0.00010401178
51.451451,0.00016991643,0.00061168497,0.0030582371,0.026433093,0.013246339,0.12386366,0.065491486,0.11796364,0.010855917,0.0062063721,0.0044991219,0.0096569543,0.0048127036,0.0033879915,0.0035955512,0.0092048196,0.0016561025,0.0050036156,0.0015920459,0.0092151588,0.015768687,0.00027116632,0.00050902617,0.0005085514,0.0090817717,0.0083180409,0.0038602927,0.00084796232,0.00040724683,0.00033948458,0.00037368561,0.00016986449,3.3974062e-05,0.00010192024,3.3976864e-05,0.00010195036
51.551552,0.00016654871,0.00059956143,0.002997623,0.025909189,0.012983795,0.12140861,0.064193362,0.11562527,0.010640691,0.0060832972,0.0044098685,0.0094653161,0.0047171935,0.0033207712,0.0035242126,0.0090221205,0.001623262,0.0049043962,0.0015604821,0.0090324614,0.015456086,0.00026579055,0.00049893593,0.00049846956,0.0089015834,0.0081530283,0.0037837556,0.00083115271,0.00039917419,0.00033275537,0.00036627895,0.00016649769,3.3300682e-05,9.9900134e-05,3.3303434e-05,9.9929717e-05
51.651652,0.00016324829,0.0005876802,0.0029382204,0.025395756,0.012726498,0.11900264,0.062921185,0.11333365,0.010429767,0.0059626837,0.0043224008,0.0092775132,0.004623595,0.0032548959,0.0034543013,0.0088430783,0.0015910782,0.0048071608,0.0015295493,0.0088534165,0.015149733,0.00026052225,0.00048904738,0.00048858928,0.0087250003,0.0079913167,0.0037087489,0.00081467914,0.00039126291,0.00032616066,0.00035902032,0.00016319818,3.264076e-05,9.7920404e-05,3.2643463e-05,9.7949457e-05
51.751752,0.0001600133,0.00057603449,0.0028799954,0.024892501,0.012474301,0.11664436,0.061674228,0.11108746,0.010223026,0.0058444623,0.0042366686,0.0090934379,0.0045318543,0.0031903278,0.0033857773,0.0086675903,0.0015595327,0.0047118537,0.0014992299,0.0086779219,0.014849455,0.00025535841,0.00047935488,0.00047890489,0.0085519211,0.0078328136,0.0036352294,0.00079853217,0.00038350848,0.00031969669,0.00035190559,0.00015996409,3.1993921e-05,9.5979919e-05,3.1996575e-05,9.6008451e-05
51.851852,0.00015684243,0.0005646196,0.0028229244,0.024399221,0.012227103,0.11433283,0.060451989,0.1088858,0.010020384,0.0057285855,0.0041526372,0.008913016,0.0044419345,0.0031270409,0.003318613,0.0084955856,0.0015286127,0.0046184367,0.0014695116,0.0085059067,0.01455513,0.00025029694,0.00046985452,0.0004694125,0.0083822762,0.007677455,0.0035631677,0.0007827053,0.00037590776,0.00031336086,0.00034493188,0.00015679409,3.1359902e-05,9.4077897e-05,3.1362509e-05,9.4105917e-05
51.951952,0.00015373439,0.00055343095,0.0027669845,0.023915717,0.011984804,0.11206711,0.059253974,0.10672778,0.0098217597,0.0056150065,0.0040702729,0.0087361744,0.0043537991,0.0030650096,0.0032527812,0.0083269948,0.0014983059,0.004526872,0.0014403825,0.0083373017,0.014266639,0.00024533581,0.00046054247,0.00046010828,0.0082159968,0.0075251782,0.0034925346,0.00076719217,0.0003684577,0.0003071506,0.00033809638,0.00015368693,3.073845e-05,9.2213572e-05,3.074101e-05,9.224109e-05
52.052052,0.00015068795,0.000542464,0.002712153,0.023441794,0.011747307,0.10984629,0.058079701,0.10461253,0.0096270721,0.0055036793,0.0039895422,0.0085628415,0.0042674125,0.0030042088,0.0031882553,0.0081617494,0.0014686,0.0044371226,0.0014118308,0.0081720386,0.013983865,0.00024047301,0.00045141496,0.00045098847,0.0080530158,0.0073759215,0.0034233017,0.00075198649,0.00036115529,0.00030106342,0.00033139634,0.00015064133,3.0129312e-05,9.038619e-05,3.0131826e-05,9.0413214e-05
52.152152,0.00014770186,0.00053171433,0.0026584079,0.02297726,0.011514515,0.10766947,0.056928693,0.1025392,0.0094362427,0.005394559,0.0039104123,0.008392947,0.0041827395,0.0029446138,0.003125009,0.0079997825,0.0014394828,0.0043491521,0.0013838449,0.0080100506,0.013706696,0.00023570657,0.00044246831,0.00044204938,0.007893267,0.0072296245,0.0033554408,0.00073708211,0.00035399757,0.00029509684,0.00032482904,0.00014765608,2.9532242e-05,8.8595012e-05,2.9534711e-05,8.8621552e-05
52.252252,0.00014477491,0.00052117755,0.0026057272,0.022521927,0.011286333,0.10553576,0.055800483,0.10050693,0.009249194,0.005287601,0.0038328512,0.0082264218,0.0040997458,0.0028862005,0.0030630167,0.007841028,0.0014109426,0.0042629248,0.0013564134,0.0078512718,0.013435017,0.00023103456,0.00043369888,0.00043328738,0.0077366853,0.0070862276,0.0032889245,0.00072247297,0.00034698162,0.00028924845,0.00031839181,0.00014472995,2.8946998e-05,8.683931e-05,2.8949423e-05,8.6865374e-05
52.352352,0.00014190592,0.00051084939,0.0025540895,0.022075608,0.011062669,0.1034443,0.054694612,0.098514901,0.0090658497,0.0051827617,0.0037568271,0.0080631977,0.0040183975,0.0028289449,0.0030022531,0.0076854211,0.0013829678,0.0041784055,0.0013295252,0.0076956376,0.013168717,0.00022645506,0.00042510309,0.00042469889,0.007583207,0.0069456723,0.0032237255,0.00070815313,0.0003401046,0.00028351586,0.00031208204,0.00014186176,2.8373341e-05,8.511837e-05,2.8375723e-05,8.5143966e-05
52.452452,0.00013909369,0.00050072563,0.0025034737,0.021638122,0.010843432,0.10139423,0.053610627,0.096562303,0.0088861349,0.0050799984,0.0036823089,0.007903208,0.0039386611,0.0027728235,0.0029426932,0.007532898,0.0013555469,0.0040955596,0.0013031693,0.0075430842,0.01290769,0.00022196622,0.00041667744,0.0004162804,0.0074327691,0.0068079011,0.0031598172,0.00069411673,0.0003333637,0.00027789673,0.00030589714,0.00013905033,2.7811037e-05,8.3431488e-05,2.7813376e-05,8.3456625e-05
52.552553,0.0001363371,0.0004908021,0.0024538591,0.02120929,0.010628531,0.099384705,0.052548084,0.094648331,0.0087099758,0.0049792688,0.0036092661,0.0077463868,0.003860504,0.0027178134,0.0028843127,0.007383396,0.0013286686,0.0040143531,0.0012773348,0.0073935491,0.012651826,0.00021756618,0.00040841847,0.00040802847,0.0072853099,0.0066728573,0.0030971734,0.00068035801,0.00032675614,0.00027238875,0.00029983458,0.00013629451,2.7259856e-05,8.1777972e-05,2.7262152e-05,8.1802658e-05
52.652653,0.00013363499,0.00048107473,0.0024052251,0.020788934,0.010417878,0.097414906,0.051506546,0.092772197,0.0085372998,0.0048805313,0.0035376683,0.0075926694,0.0037838937,0.0026638919,0.0028270873,0.0072368534,0.0013023219,0.0039347526,0.0012520112,0.0072469707,0.01240102,0.00021325314,0.00040032276,0.00039993969,0.0071407684,0.0065404853,0.0030357683,0.00066687129,0.00032027921,0.00026698965,0.00029389185,0.00013359316,2.6719569e-05,8.0157142e-05,2.6721825e-05,8.0181384e-05
52.752753,0.00013098664,0.0004715409,0.0023575589,0.020376941,0.010211416,0.095484302,0.050485732,0.090933398,0.0083680606,0.0047837595,0.0034674965,0.0074420144,0.0037088098,0.0026110443,0.0027710017,0.0070932307,0.0012764996,0.0038567367,0.0012271916,0.0071033096,0.012155206,0.00020902594,0.00039238816,0.00039201189,0.0069991058,0.0064107495,0.0029755854,0.00065365298,0.00031393116,0.00026169799,0.00028806738,0.00013094556,2.6190033e-05,7.8568562e-05,2.6192248e-05,7.8592368e-05
52.852853,0.00012839157,0.00046219885,0.0023108514,0.019973237,0.010009107,0.093592534,0.049485454,0.089131594,0.0082022269,0.0046889354,0.0033987377,0.0072943943,0.0036352385,0.0025592611,0.0027160456,0.0069525015,0.0012511971,0.0037802909,0.0012028714,0.0069625392,0.011914338,0.00020488379,0.00038461319,0.0003842436,0.0068602961,0.0062836259,0.0029166135,0.0006407006,0.00030771083,0.00025651279,0.00028236006,0.00012835123,2.5671149e-05,7.7011938e-05,2.5673325e-05,7.7035317e-05
52.952953,0.00012584803,0.00045304232,0.0022650715,0.019577549,0.0098108163,0.091738335,0.048505042,0.087365576,0.0080396873,0.0045959954,0.0033313456,0.0071497093,0.00356313,0.0025085072,0.002662182,0.006814571,0.0012263973,0.003705364,0.0011790343,0.006824565,0.011678254,0.00020082391,0.00037699264,0.00037662961,0.0067242457,0.006159029,0.0028588131,0.00062800549,0.00030161404,0.00025143056,0.00027676609,0.00012580841,2.516257e-05,7.5486226e-05,2.5164706e-05,7.5509185e-05
53.053053,0.00012335499,0.0004440676,0.0022202006,0.019189718,0.0096164626,0.089920954,0.047544098,0.08563463,0.0078803762,0.0045049019,0.0032652929,0.007007901,0.0034924553,0.0024587623,0.002609389,0.0066793832,0.0012020902,0.0036319255,0.0011556706,0.0066893314,0.011446859,0.00019684467,0.00036952343,0.00036916684,0.0065908996,0.0060369085,0.0028021609,0.0006155625,0.00029563832,0.00024644926,0.0002712832,0.00012331608,2.4664089e-05,7.399081e-05,2.4666187e-05,7.4013357e-05
53.153153,0.00012091146,0.00043527106,0.0021762206,0.018809587,0.0094259677,0.088139657,0.046602234,0.083938054,0.0077242289,0.0044156179,0.0032005528,0.0068689118,0.0034231856,0.002410006,0.0025576454,0.0065468832,0.0011782659,0.0035599458,0.001132771,0.0065567834,0.011220059,0.00019294445,0.00036220252,0.00036185227,0.0064602036,0.0059172146,0.0027466337,0.00060336659,0.00028978126,0.00024156687,0.00026590917,0.00012087324,2.4175505e-05,7.2525084e-05,2.4177565e-05,7.2547226e-05
53.253253,0.00011851642,0.00042664912,0.0021331135,0.018437001,0.009239254,0.086393718,0.045679066,0.082275159,0.0075711821,0.0043281072,0.003137099,0.0067326849,0.0033552927,0.0023622186,0.0025069298,0.0064170171,0.0011549147,0.0034893955,0.001110326,0.0064268672,0.010997762,0.00018912166,0.00035502696,0.00035468292,0.0063321047,0.0057998988,0.0026922092,0.00059141281,0.00028404047,0.0002367814,0.00026064181,0.00011847889,2.3696619e-05,7.1088453e-05,2.3698643e-05,7.1110197e-05
53.353353,0.00011616891,0.00041819828,0.0020908619,0.018071809,0.0090562453,0.084682425,0.044774218,0.080645267,0.007421173,0.0042423338,0.0030749055,0.0065991647,0.0032887488,0.0023153804,0.0024572217,0.0062897317,0.0011320272,0.0034202459,0.0010883266,0.0062995297,0.010779877,0.00018537475,0.00034799379,0.00034765587,0.0062065502,0.005684913,0.0026388649,0.00057969627,0.00027841361,0.00023209089,0.00025547898,0.00011613205,2.3227237e-05,6.968033e-05,2.3229223e-05,6.9701683e-05
53.453453,0.00011386796,0.00040991505,0.0020494482,0.01771386,0.0088768666,0.083005076,0.04388732,0.079047707,0.0072741403,0.0041582627,0.0030139468,0.0064682963,0.0032235265,0.0022694722,0.0024085006,0.0061649745,0.0011095938,0.0033524685,0.0010667636,0.0061747187,0.010566314,0.00018170218,0.00034110015,0.00034076823,0.0060834887,0.00557221,0.0025865791,0.00056821217,0.00027289837,0.00022749343,0.00025041855,0.00011383177,2.2767164e-05,6.8300138e-05,2.2769115e-05,6.8321107e-05
53.553554,0.00011161262,0.00040179603,0.0020088556,0.017363007,0.008701044,0.08136098,0.043018004,0.077481823,0.0071300233,0.0040758592,0.0029541976,0.0063400255,0.0031595989,0.0022244751,0.0023607464,0.0060426941,0.0010876054,0.0032860354,0.0010456283,0.0060523826,0.010356986,0.00017810242,0.00033434319,0.00033401717,0.0059628693,0.0054617433,0.0025353302,0.00055695577,0.00026749249,0.00022298712,0.00024545844,0.00011157708,2.2316213e-05,6.6947307e-05,2.2318129e-05,6.6967899e-05
53.653654,0.00010940197,0.00039383785,0.0019690671,0.017019105,0.0085287045,0.079749456,0.042165911,0.075946965,0.0069887621,0.0039950889,0.0028956333,0.0062142991,0.0030969394,0.0021803704,0.0023139392,0.0059228396,0.0010660528,0.003220919,0.0010249117,0.0059324708,0.010151806,0.000174574,0.0003277201,0.00032739988,0.005844642,0.0053534669,0.0024850968,0.00054592241,0.00026219371,0.00021857009,0.0002405966,0.00010936706,2.1874195e-05,6.5621277e-05,2.1876076e-05,6.5641499e-05
53.753754,0.00010723507,0.0003860372,0.0019300662,0.01668201,0.0083597765,0.078169831,0.041330686,0.074442492,0.006850298,0.0039159184,0.0028382292,0.0060910645,0.0030355218,0.0021371397,0.0022680595,0.005805361,0.0010449271,0.0031570921,0.0010046054,0.0058149333,0.009950688,0.00017111544,0.00032122813,0.0003209136,0.0057287572,0.0052473358,0.0024358582,0.00053510749,0.00025699983,0.0002142405,0.000235831,0.00010720079,2.1440926e-05,6.4321496e-05,2.1442774e-05,6.4341354e-05
53.853854,0.00010511102,0.0003783908,0.0018918366,0.016351582,0.0081941889,0.076621444,0.040511978,0.072967774,0.0067145727,0.0038383142,0.0027819613,0.0059702699,0.0029753203,0.0020947647,0.002223088,0.0056902086,0.0010242193,0.003094528,0.00098470072,0.0056997207,0.0097535478,0.00016772528,0.00031486456,0.00031455562,0.0056151664,0.0051433051,0.0023875935,0.00052450646,0.00025190866,0.00020999653,0.00023115964,0.00010507736,2.1016226e-05,6.3047418e-05,2.1018041e-05,6.3066918e-05
53.953954,0.00010302893,0.00037089542,0.0018543619,0.016027679,0.0080318718,0.075103639,0.039709441,0.071522187,0.0065815288,0.0037622436,0.0027268057,0.005851864,0.0029163094,0.0020532275,0.0021790056,0.0055773338,0.0010039207,0.0030332002,0.0009651893,0.0055867843,0.0095603022,0.0001644021,0.00030862668,0.00030832324,0.0055038214,0.005041331,0.0023402825,0.00051411485,0.00024691807,0.0002058364,0.00022658055,0.00010299587,2.0599914e-05,6.1798504e-05,2.0601696e-05,6.1817654e-05
54.054054,0.00010098789,0.00036354788,0.0018176264,0.015710164,0.0078727562,0.073615771,0.038922734,0.070105115,0.0064511098,0.003687674,0.0026727389,0.0057357963,0.0028584637,0.0020125103,0.0021357936,0.0054666884,0.0009840227,0.0029730825,0.00094606281,0.0054760759,0.0093708687,0.00016114448,0.00030251185,0.00030221381,0.0053946747,0.0049413699,0.0022939048,0.00050392822,0.00024202591,0.00020175832,0.00022209177,0.00010095543,2.0191813e-05,6.0574224e-05,2.0193563e-05,6.0593028e-05
54.154154,9.8987049e-05,0.00035634501,0.0017816143,0.015398902,0.0077167735,0.0721572,0.038151519,0.06871595,0.0063232594,0.0036145736,0.0026197377,0.0056220168,0.0028017586,0.0019725958,0.0020934332,0.0053582246,0.00096451665,0.0029141491,0.00092731304,0.005367548,0.009185166,0.00015795101,0.00029651744,0.0002962247,0.0052876792,0.0048433788,0.0022484407,0.00049394221,0.0002372301,0.00019776054,0.00021769138,9.8955167e-05,1.9791748e-05,5.937405e-05,1.9793466e-05,5.9392516e-05
54.254254,9.7025527e-05,0.00034928369,0.0017463098,0.015093757,0.0075638564,0.070727294,0.03739546,0.067354089,0.0061979224,0.0035429105,0.002567779,0.0055104761,0.0027461692,0.0019334664,0.0020519062,0.0052518953,0.00094539413,0.0028563744,0.00090893185,0.0052611536,0.0090031136,0.00015482032,0.00029064085,0.00029035332,0.0051827886,0.0047473151,0.0022038703,0.00048415249,0.00023252855,0.00019384134,0.00021337747,9.6994218e-05,1.9399545e-05,5.8197463e-05,1.9401233e-05,5.8215597e-05
54.354354,9.5103161e-05,0.00034236333,0.0017117101,0.014794703,0.0074139918,0.069325933,0.036654495,0.066019418,0.0060750881,0.0034726787,0.0025168585,0.0054011649,0.0026916909,0.0018951191,0.0020112091,0.0051476916,0.00092665354,0.0027997536,0.00089091771,0.0051568837,0.0088246961,0.00015175214,0.00028488159,0.00028459917,0.0050799941,0.0046531708,0.00216019,0.00047455822,0.00022792086,0.00019000039,0.00020914968,9.5072414e-05,1.9015172e-05,5.7044364e-05,1.9016829e-05,5.7062171e-05
54.454454,9.3220271e-05,0.00033558508,0.0016778209,0.01450179,0.0072672048,0.06795335,0.035928747,0.064712158,0.0059547771,0.0034038901,0.0024669849,0.0052941018,0.0026383332,0.0018575601,0.0019713487,0.0050456315,0.00090829802,0.0027442962,0.00087327362,0.0050547557,0.0086499434,0.00014874698,0.00027924061,0.00027896322,0.004979313,0.0045609619,0.002117407,0.00046516101,0.0002234078,0.00018623832,0.00020500871,9.3190076e-05,1.8638692e-05,5.5914945e-05,1.8640319e-05,5.5932432e-05
54.554555,9.1374793e-05,0.00032894151,0.0016446051,0.014214697,0.0071233344,0.06660804,0.03521742,0.063430877,0.0058368574,0.003336469,0.0024181031,0.0051891687,0.002586037,0.0018207483,0.0019322812,0.0049456021,0.0008903074,0.0026899413,0.00085598023,0.0049546576,0.0084786637,0.00014580155,0.00027371173,0.00027343928,0.0048806345,0.0044705868,0.0020754744,0.00045595056,0.00021898444,0.000182551,0.00020095002,9.1345141e-05,1.8269693e-05,5.4807968e-05,1.8271291e-05,5.4825139e-05
54.654655,8.9565972e-05,0.00032242991,0.0016120491,0.013933307,0.0069823218,0.065289454,0.034520224,0.06217505,0.0057212807,0.0032703878,0.0023701932,0.0050863226,0.002534781,0.0017846685,0.0018939905,0.0048475625,0.00087267432,0.0026366665,0.00083903044,0.0048565483,0.0083107869,0.00014291464,0.00026829269,0.00026802509,0.0047839182,0.0043820084,0.002034375,0.00044692309,0.00021464894,0.00017893694,0.00019697196,8.9536853e-05,1.7908023e-05,5.3722979e-05,1.7909592e-05,5.3739841e-05
54.754755,8.7793065e-05,0.00031604759,0.0015801394,0.013657504,0.006844109,0.063997048,0.03383687,0.06094416,0.0056079994,0.0032056194,0.0023232354,0.0049855211,0.002484544,0.0017493057,0.0018564609,0.0047514723,0.00085539153,0.0025844501,0.00082241729,0.0047603876,0.0081462441,0.00014008506,0.00026298126,0.00026271842,0.0046891242,0.0042951904,0.0019940919,0.0004380749,0.00021039954,0.00017539463,0.00019307288,8.776447e-05,1.7553535e-05,5.2659534e-05,1.7555076e-05,5.2676092e-05
54.854855,8.605534e-05,0.00030979192,0.001548863,0.013387173,0.0067086389,0.062730289,0.033167079,0.0597377,0.0054969667,0.003142137,0.0022772103,0.0048867224,0.0024353053,0.0017146455,0.0018196768,0.0046572917,0.00083845187,0.0025332703,0.00080613392,0.0046661356,0.0079849671,0.00013731164,0.00025777524,0.00025751709,0.0045962132,0.0042100968,0.0019546084,0.00042940232,0.00020623447,0.00017192263,0.00018925117,8.6027259e-05,1.7206081e-05,5.1617192e-05,1.7207594e-05,5.1633451e-05
54.954955,8.4352074e-05,0.00030366031,0.0015182068,0.013122204,0.0065758552,0.061488652,0.03251057,0.058555167,0.0053881365,0.0030799141,0.0022320988,0.0047898854,0.0023870442,0.0016806733,0.001783623,0.0045649814,0.0008218483,0.0024831059,0.00079017354,0.0045737533,0.007826889,0.00013459324,0.00025267247,0.00025241892,0.0045051467,0.0041266922,0.0019159082,0.00042090175,0.00020215201,0.00016851949,0.00018550526,8.4324498e-05,1.6865517e-05,5.059552e-05,1.6867003e-05,5.0611487e-05
55.055055,8.2682555e-05,0.00029765018,0.001488158,0.012862485,0.0064457024,0.060271615,0.031867069,0.057396067,0.0052814632,0.0030189247,0.0021878818,0.0046949695,0.0023397405,0.001647375,0.0017482842,0.0044745026,0.00080557387,0.002433936,0.0007745295,0.0044832019,0.0076719436,0.00013192871,0.00024767082,0.00024742179,0.0044158863,0.0040449415,0.001877975,0.00041256964,0.00019815044,0.00016518378,0.00018183356,8.2655476e-05,1.6531702e-05,4.9594092e-05,1.6533161e-05,4.9609771e-05
55.155155,8.1046082e-05,0.00029175901,0.001458704,0.012607906,0.0063181258,0.059078669,0.031236306,0.056259912,0.005176902,0.0029591431,0.0021445409,0.0046019347,0.0022933744,0.0016147364,0.0017136456,0.0043858173,0.00078962173,0.0023857397,0.00075919519,0.0043944433,0.0075200658,0.00012931693,0.00024276818,0.00024252359,0.0043283945,0.0039648105,0.001840793,0.00040440247,0.00019422809,0.0001619141,0.00017823455,8.101949e-05,1.6204494e-05,4.8612486e-05,1.6205927e-05,4.8627882e-05
55.255255,7.944196e-05,0.0002859843,0.0014298322,0.01235836,0.0061930713,0.057909306,0.030618013,0.055146221,0.0050744083,0.002900544,0.0021020575,0.0045107413,0.002247926,0.0015827437,0.0016796925,0.0042988877,0.0007739851,0.0023384967,0.00074416412,0.0043074399,0.0073711911,0.00012675679,0.00023796248,0.00023772224,0.0042426342,0.003886265,0.0018043462,0.00039639679,0.00019038329,0.00015870907,0.00017470668,7.9415846e-05,1.5883754e-05,4.7650286e-05,1.5885161e-05,4.7665404e-05
55.355355,7.7869504e-05,0.00028032359,0.0014015304,0.01211374,0.0060704854,0.056763027,0.030011926,0.054054517,0.0049739386,0.0028431022,0.0020604136,0.0044213502,0.0022033759,0.0015513832,0.0016464104,0.0042136764,0.0007586573,0.0022921868,0.00072942985,0.0042221544,0.0072252558,0.00012424721,0.00023325166,0.0002330157,0.0041585685,0.0038092713,0.0017686191,0.00038854918,0.0001866144,0.00015556731,0.00017124846,7.7843861e-05,1.5569347e-05,4.670708e-05,1.5570728e-05,4.6721926e-05
55.455455,7.6328037e-05,0.00027477444,0.0013737863,0.011873941,0.0059503153,0.055639338,0.029417784,0.05298433,0.0048754493,0.002786793,0.002019591,0.004333723,0.0021597049,0.0015206414,0.0016137848,0.0041301468,0.00074363172,0.0022467899,0.00071498604,0.0041385502,0.0070821971,0.00012178709,0.00022863368,0.00022840193,0.0040761612,0.0037337964,0.0017335964,0.00038085625,0.00018291979,0.00015248747,0.00016785839,7.6302855e-05,1.5261135e-05,4.5782463e-05,1.5262492e-05,4.5797041e-05
55.555556,7.4816887e-05,0.00026933443,0.0013465879,0.011638858,0.0058325087,0.05453775,0.028835328,0.051935194,0.0047788977,0.0027315919,0.0019795721,0.0042478213,0.0021168939,0.0014905048,0.0015818015,0.0040482624,0.00072890181,0.0022022863,0.00070082641,0.0040565908,0.0069419528,0.00011937537,0.00022410654,0.00022387893,0.0039953763,0.0036598072,0.0016992627,0.00037331465,0.00017929786,0.00014946821,0.000164535,7.4792159e-05,1.4958986e-05,4.4876032e-05,1.4960318e-05,4.4890347e-05
55.655656,7.3335393e-05,0.00026400117,0.0013199232,0.011408389,0.005717014,0.05345778,0.028264303,0.050906648,0.0046842413,0.0026774746,0.0019403391,0.0041636073,0.002074924,0.0014609602,0.0015504466,0.003967987,0.00071446109,0.0021586564,0.00068694472,0.0039762403,0.0068044612,0.00011701099,0.00021966826,0.00021944471,0.0039161784,0.0035872712,0.001665603,0.00036592107,0.00017574702,0.00014650821,0.00016127683,7.331111e-05,1.4662766e-05,4.3987389e-05,1.4664074e-05,4.4001446e-05
55.755756,7.1882895e-05,0.0002587723,0.0012937805,0.011182431,0.0056037799,0.052398949,0.027704455,0.049898236,0.0045914381,0.0026244171,0.0019018748,0.0040810435,0.0020337766,0.0014319944,0.0015197059,0.0038892849,0.00070030317,0.0021158809,0.00067333481,0.0038974628,0.0066696612,0.0001146929,0.00021531686,0.00021509729,0.0038385321,0.0035161562,0.0016326023,0.00035867223,0.00017226568,0.00014360615,0.00015808244,7.1859051e-05,1.4372344e-05,4.311614e-05,1.4373629e-05,4.3129943e-05
55.855856,7.0458744e-05,0.00025364547,0.0012681479,0.010960882,0.0054927555,0.051360781,0.027155533,0.048909505,0.0045004465,0.0025723954,0.0018641616,0.0040000928,0.0019934331,0.0014035945,0.0014895657,0.0038121208,0.00068642167,0.0020739406,0.00065999058,0.0038202232,0.0065374925,0.00011242005,0.00021105039,0.00021083474,0.0037624026,0.0034464302,0.0016002459,0.00035156488,0.00016885229,0.00014076073,0.00015495039,7.0435329e-05,1.408759e-05,4.2261895e-05,1.4088852e-05,4.2275448e-05
55.955956,6.9063001e-05,0.00024862092,0.0012430266,0.010743752,0.0053839459,0.050343323,0.026617561,0.047940499,0.0044112704,0.0025214121,0.0018272015,0.0039207589,0.0019538955,0.0013757617,0.0014600275,0.0037364981,0.00067281721,0.0020328373,0.00064691262,0.0037445248,0.0064079608,0.00011019256,0.00020686904,0.00020665724,0.0036877933,0.0033780963,0.0015685351,0.00034459933,0.000165507,0.00013797208,0.00015188081,6.9040008e-05,1.3808517e-05,4.142469e-05,1.3809755e-05,4.1437998e-05
56.056056,6.7696326e-05,0.000243701,0.0012184286,0.010531145,0.0052774024,0.049347055,0.026090794,0.04699168,0.0043239524,0.0024714913,0.001791012,0.0038430799,0.0019151826,0.0013485093,0.0014311051,0.0036624532,0.00065949627,0.0019925905,0.00063410713,0.0036704035,0.0062811274,0.00010801146,0.00020277478,0.00020256676,0.0036147398,0.0033111872,0.001537485,0.00033777888,0.00016223139,0.00013524151,0.00014887517,6.7673748e-05,1.3535255e-05,4.0604921e-05,1.3536472e-05,4.061799e-05
56.156156,6.6356755e-05,0.00023887865,0.0011943183,0.010322754,0.0051729718,0.048370546,0.025574474,0.046061679,0.0042383664,0.002422561,0.0017555409,0.0037669434,0.0018772384,0.0013217979,0.001402757,0.0035898789,0.00064643964,0.0019531423,0.00062155567,0.0035977525,0.00615681,0.00010587364,0.00019876173,0.00019855743,0.0035431366,0.0032456062,0.0015070509,0.00033109372,0.00015902074,0.00013256509,0.00014592913,6.6334584e-05,1.3267413e-05,3.980141e-05,1.3268608e-05,3.9814243e-05
56.256256,6.5043738e-05,0.0002341519,0.001170686,0.010118494,0.0050706115,0.047413395,0.025068391,0.045150116,0.0041544776,0.0023746011,0.0017207736,0.0036923179,0.0018400474,0.0012956166,0.0013749714,0.0035187452,0.00063364196,0.0019144764,0.0006092531,0.0035265422,0.0060349574,0.0001037782,0.00019482824,0.00019462759,0.0034729544,0.0031813264,0.0014772204,0.0003245411,0.00015587376,0.00012994174,0.0001430415,6.5021967e-05,1.3004881e-05,3.9013828e-05,1.3006054e-05,3.9026429e-05
56.356356,6.3756737e-05,0.00022951881,0.0011475219,0.0099182813,0.0049702792,0.046475209,0.024572335,0.044256616,0.0040722513,0.0023275921,0.0016866957,0.003619173,0.0018035943,0.0012699546,0.001347737,0.003449023,0.00062109799,0.0018765771,0.00059719436,0.0034567432,0.0059155197,0.00010172429,0.0001909727,0.00019077563,0.0034041641,0.0031183214,0.0014479811,0.00031811834,0.00015278913,0.00012737037,0.00014021109,6.3735358e-05,1.2747551e-05,3.8241852e-05,1.2748702e-05,3.8254225e-05
56.456456,6.2495221e-05,0.00022497745,0.0011248166,0.009722033,0.0048719338,0.045555601,0.024086102,0.043380812,0.0039916538,0.0022815143,0.0016532933,0.0035474782,0.0017678639,0.0012448013,0.0013210424,0.0033806833,0.00060880253,0.0018394285,0.00058537447,0.0033883267,0.0057984477,9.9711062e-05,0.00018719352,0.00018699997,0.0033367374,0.0030565651,0.0014193209,0.00031182278,0.00014976559,0.00012484992,0.00013743672,6.2474228e-05,1.2495316e-05,3.7485162e-05,1.2496447e-05,3.7497311e-05
56.556557,6.1258666e-05,0.00022052596,0.0011025605,0.009529668,0.0047755343,0.044654189,0.023609491,0.04252234,0.0039126515,0.0022363489,0.0016205524,0.0034772037,0.0017328413,0.0012201462,0.0012948765,0.0033136979,0.00059675048,0.0018030154,0.00057378855,0.0033212645,0.0056836926,9.7737679e-05,0.00018348913,0.00018329903,0.0032706464,0.002996032,0.0013912281,0.00030565182,0.00014680189,0.00012237935,0.00013471725,6.1238052e-05,1.2248072e-05,3.6743445e-05,1.2249183e-05,3.6755375e-05
56.656657,6.0046559e-05,0.00021616248,0.0010807444,0.0093411061,0.0046810407,0.0437706,0.023142304,0.041680842,0.0038352116,0.0021920768,0.0015884593,0.0034083204,0.0016985121,0.0011959791,0.0012692285,0.0032480386,0.00058493684,0.0017673226,0.00056243174,0.0032555284,0.0055712068,9.5803319e-05,0.00017985799,0.00017967128,0.0032058633,0.0029366966,0.0013636909,0.00029960288,0.00014389679,0.00011995763,0.00013205155,6.0026317e-05,1.2005717e-05,3.6016393e-05,1.2006807e-05,3.6028107e-05
56.756757,5.8858392e-05,0.00021188517,0.0010593592,0.0091562684,0.0045884134,0.042904462,0.022684344,0.040855966,0.0037593015,0.0021486795,0.0015570007,0.0033407991,0.0016648617,0.0011722898,0.0012440876,0.0031836779,0.00057335663,0.001732335,0.00055129931,0.0031910911,0.0054609431,9.3907173e-05,0.00017629857,0.0001761152,0.003142361,0.0028785342,0.0013366977,0.00029367343,0.00014104908,0.00011758375,0.0001294385,5.8838515e-05,1.1768148e-05,3.5303701e-05,1.1769219e-05,3.5315203e-05
56.856857,5.7693663e-05,0.00020769225,0.0010383958,0.008975077,0.0044976134,0.04205541,0.022235419,0.040047365,0.0036848894,0.0021061388,0.0015261633,0.0032746114,0.001631876,0.0011490682,0.0012194431,0.0031205886,0.00056200497,0.001698038,0.00054038655,0.0031279252,0.005352855,9.2048441e-05,0.00017280937,0.00017262928,0.0030801127,0.0028215202,0.0013102372,0.00028786097,0.00013825754,0.0001152567,0.000126877,5.7674146e-05,1.1535266e-05,3.4605068e-05,1.1536318e-05,3.4616363e-05
56.956957,5.6551879e-05,0.00020358192,0.0010178455,0.0087974551,0.0044086021,0.041223086,0.021795338,0.039254695,0.0036119435,0.0020644365,0.0014959338,0.0032097292,0.0015995409,0.0011263046,0.0011952847,0.0030587439,0.00055087706,0.0016644169,0.00052968884,0.0030660041,0.0052468968,9.0226334e-05,0.00016938893,0.00016921206,0.0030190919,0.0027656304,0.0012842981,0.00028216304,0.00013552101,0.00011297549,0.00012436596,5.6532715e-05,1.1306972e-05,3.3920199e-05,1.1308005e-05,3.393129e-05
57.057057,5.5432553e-05,0.00019955244,0.0009976993,0.0086233268,0.0043213416,0.040407132,0.021363913,0.038477617,0.0035404329,0.0020235549,0.0014662994,0.0031461246,0.0015678426,0.0011039891,0.0011716019,0.0029981173,0.00053996812,0.0016314574,0.00051920159,0.0030053013,0.005143023,8.8440074e-05,0.00016603577,0.00016586206,0.0029592726,0.0027108408,0.0012588694,0.0002765772,0.00013283831,0.00011073916,0.00012190432,5.5413735e-05,1.1083168e-05,3.3248801e-05,1.1084182e-05,3.3259691e-05
57.157157,5.4335203e-05,0.00019560207,0.00097794867,0.0084526171,0.0042357943,0.039607199,0.020940959,0.037715798,0.0034703265,0.0019834764,0.0014372474,0.0030837703,0.0015367674,0.0010821123,0.0011483845,0.0029386826,0.00052927347,0.0015991453,0.00050892031,0.0029457906,0.005041189,8.6688892e-05,0.00016274845,0.00016257784,0.0029006288,0.0026571278,0.0012339401,0.00027110105,0.00013020828,0.00010854674,0.000119491,5.4316724e-05,1.0863759e-05,3.2590585e-05,1.0864754e-05,3.2601277e-05
57.257257,5.3259352e-05,0.0001917291,0.00095858499,0.0082852521,0.0041519231,0.038822938,0.020526292,0.036968907,0.0034015941,0.0019441834,0.001408765,0.003022639,0.0015063017,0.0010606644,0.0011256224,0.0028804139,0.00051878844,0.0015674666,0.00049884052,0.0028874461,0.0049413506,8.4972027e-05,0.00015952554,0.00015935799,0.0028431352,0.0026044681,0.0012094994,0.0002657322,0.00012762979,0.00010639727,0.00011712497,5.3241208e-05,1.0648648e-05,3.1945265e-05,1.0649625e-05,3.1955764e-05
57.357357,5.2204531e-05,0.00018793183,0.00093959981,0.0081211585,0.0040696913,0.038054008,0.020119731,0.036236617,0.0033342055,0.0019056589,0.0013808398,0.002962704,0.0014764322,0.0010396362,0.0011033057,0.0028232857,0.00050850846,0.0015364074,0.0004889578,0.0028302424,0.004843464,8.3288728e-05,0.00015636564,0.00015620109,0.0027867665,0.0025528386,0.0011855366,0.00026046831,0.00012510171,0.00010428983,0.00011480518,5.2186714e-05,1.0437742e-05,3.1312559e-05,1.0438702e-05,3.1322868e-05
57.457457,5.1170272e-05,0.00018420859,0.00092098473,0.0079602638,0.0039890626,0.037300068,0.019721096,0.035518603,0.003268131,0.0018678857,0.0013534594,0.0029039386,0.0014471457,0.0010190183,0.0010814245,0.0027672726,0.00049842897,0.0015059539,0.0004792678,0.0027741541,0.0047474861,8.163825e-05,0.00015326735,0.00015310574,0.0027314976,0.0025022163,0.001162041,0.00025530706,0.00012262291,0.00010222347,0.00011253062,5.1152778e-05,1.0230947e-05,3.0692187e-05,1.023189e-05,3.070231e-05
57.557558,5.0156567e-05,0.00018055934,0.00090273959,0.0078025665,0.0039100362,0.036561111,0.019330384,0.034814861,0.0032033699,0.0018308635,0.0013266237,0.0028463426,0.0014184419,0.00099881057,0.0010599786,0.0027123742,0.0004885499,0.0014761059,0.00046977042,0.0027191808,0.0046534159,8.0020581e-05,0.00015023063,0.00015007192,0.0026773283,0.0024526011,0.0011390126,0.00025024839,0.00012019338,0.00010019818,0.00011030127,5.0139389e-05,1.0028263e-05,3.0084145e-05,1.0029188e-05,3.0094084e-05
57.657658,4.9163863e-05,0.00017698568,0.00088487243,0.0076481363,0.003832647,0.035837463,0.018947766,0.0341257,0.0031399509,0.0017946089,0.0013003445,0.0027899415,0.0013903337,0.00097902202,0.0010389775,0.0026586151,0.00047887561,0.0014468766,0.00046046987,0.0026653468,0.0045612951,7.8436434e-05,0.00014725684,0.00014710097,0.0026242827,0.0024040148,0.0011164614,0.00024529455,0.0001178142,9.8214854e-05,0.0001081181,4.9146996e-05,9.8297769e-06,2.94887e-05,9.8306855e-06,2.9498459e-05
57.757758,4.8190804e-05,0.00017348275,0.00086735886,0.0074967622,0.0037567893,0.035128136,0.01857272,0.03345018,0.0030777874,0.0017590721,0.0012745859,0.002734658,0.0013627824,0.00095962548,0.0010183925,0.0026059214,0.00046939288,0.0014182261,0.00045135344,0.0026125784,0.0044709978,7.6883645e-05,0.00014434191,0.00014418883,0.0025722879,0.0023563909,0.0010943566,0.00024043877,0.0001154821,9.627078e-05,0.00010597814,4.8174242e-05,9.6352194e-06,2.8905038e-05,9.6361115e-06,2.8914621e-05
57.857858,4.7236998e-05,0.00017004913,0.0008501918,0.0073483831,0.0036824325,0.034432844,0.018205096,0.032788026,0.0030168541,0.0017242387,0.0012493373,0.0026804696,0.001335777,0.00094061311,0.00099821516,0.0025542718,0.00046009786,0.0013901427,0.00044241743,0.0025608545,0.0043824874,7.5361585e-05,0.00014148466,0.00014133432,0.0025213229,0.0023097101,0.0010726894,0.00023567907,0.00011319615,9.4365176e-05,0.00010388052,4.7220736e-05,9.4445114e-06,2.8332926e-05,9.4453874e-06,2.8342334e-05
57.957958,4.6302059e-05,0.00016668343,0.00083336432,0.0072029391,0.0036095466,0.033751306,0.017844744,0.032138972,0.0029571265,0.0016900948,0.0012245886,0.0026273544,0.0013093064,0.0009219772,0.00097843737,0.0025036452,0.00045098679,0.001362615,0.00043365824,0.0025101539,0.0042957282,7.386964e-05,0.00013868394,0.00013853628,0.002471367,0.0022639535,0.0010514509,0.00023101354,0.00011095542,9.2497268e-05,0.00010182439,4.6286091e-05,9.2575758e-06,2.777213e-05,9.2584359e-06,2.7781368e-05
58.058058,4.5385606e-05,0.00016338428,0.00081686958,0.007060371,0.0035381019,0.033083244,0.017491518,0.031502754,0.0028985802,0.0016566263,0.0012003297,0.0025752907,0.0012833599,0.00090371017,0.00095905107,0.0024540211,0.00044205597,0.0013356319,0.00042507229,0.0024604562,0.0042106848,7.2407203e-05,0.0001359386,0.00013579359,0.0024224,0.0022191025,0.0010306325,0.00022644028,0.00010875901,9.0666299e-05,9.9808923e-05,4.5369928e-05,9.0743367e-06,2.7222423e-05,9.0751812e-06,2.7231494e-05
58.158158,4.4487268e-05,0.00016015034,0.00080070087,0.0069206209,0.0034680693,0.032428388,0.017145274,0.030879113,0.0028411914,0.0016238197,0.0011765508,0.0025242574,0.0012579269,0.00088580457,0.00094004835,0.0024053793,0.00043330176,0.0013091825,0.00041665611,0.002411741,0.0041273228,7.0973679e-05,0.00013324754,0.00013310512,0.0023744019,0.0021751389,0.0010102257,0.00022195743,0.00010660601,8.8871524e-05,9.7833292e-05,4.4471873e-05,8.8947195e-06,2.6683582e-05,8.8955487e-06,2.6692489e-05
58.258258,4.3606678e-05,0.00015698029,0.00078485159,0.0067836317,0.0033994204,0.031786469,0.01680587,0.030267795,0.0027849368,0.0015916615,0.001153242,0.0024742334,0.0012329969,0.00086825307,0.00092142144,0.0023576997,0.00042472058,0.0012832558,0.00040840624,0.0023639886,0.0040456081,6.9568482e-05,0.00013060964,0.00013046978,0.002327353,0.0021320445,0.00099022225,0.00021756316,0.00010449556,8.7112211e-05,9.5896694e-05,4.3591562e-05,8.7186509e-06,2.6155387e-05,8.7194651e-06,2.6164132e-05
58.358358,4.2743474e-05,0.00015387283,0.00076931524,0.0066493473,0.0033321269,0.031157225,0.016473169,0.029668548,0.0027297932,0.0015601387,0.0011303938,0.0024251984,0.0012085598,0.00085104847,0.00090316268,0.0023109629,0.00041630892,0.0012578413,0.00040031932,0.0023171792,0.003965507,6.8191036e-05,0.00012802384,0.00012788648,0.002281234,0.0020898018,0.00097061386,0.00021325567,0.00010242678,8.5387637e-05,9.3998334e-05,4.2728632e-05,8.5460588e-06,2.5637621e-05,8.5468582e-06,2.5646208e-05
58.458458,4.1897302e-05,0.00015082668,0.00075408544,0.0065177124,0.0032661611,0.030540397,0.016147033,0.029081126,0.0026757379,0.0015292381,0.0011079969,0.0023771319,0.0011846055,0.00083418367,0.00088526455,0.0022651495,0.00040806331,0.0012329284,0.000392392,0.0022712937,0.0038869868,6.6840774e-05,0.00012548906,0.00012535417,0.0022360259,0.0020483932,0.00095139249,0.00020903318,0.00010039882,8.3697093e-05,9.213743e-05,4.1882728e-05,8.3768721e-06,2.5130071e-05,8.3776571e-06,2.5138502e-05
58.558559,4.1067811e-05,0.00014784058,0.00073915588,0.0063886727,0.0032014959,0.02993573,0.015827326,0.028505287,0.0026227485,0.001498947,0.0010860419,0.0023300142,0.0011611239,0.00081765169,0.00086771962,0.0022202405,0.00039998034,0.0012085069,0.000384621,0.0022263131,0.0038100149,6.5517138e-05,0.00012300426,0.00012287179,0.0021917099,0.0020078018,0.00093255018,0.00020489395,9.8410849e-05,8.203988e-05,9.0313215e-05,4.1053502e-05,8.2110209e-06,2.4632527e-05,8.2117916e-06,2.4640805e-05
58.658659,4.0254658e-05,0.0001449133,0.00072452036,0.0062621744,0.0031381043,0.029342973,0.015513917,0.027940791,0.0025708031,0.0014692527,0.0010645196,0.0022838256,0.0011381055,0.00080144564,0.00085052061,0.0021762173,0.00039205664,0.0011845667,0.00037700311,0.0021822186,0.0037345592,6.4219577e-05,0.00012056841,0.00012043831,0.0021482676,0.0019680105,0.0009140791,0.00020083626,9.6462036e-05,8.041531e-05,8.8524929e-05,4.0240608e-05,8.0484362e-06,2.4144783e-05,8.049193e-06,2.4152911e-05
58.758759,3.9457502e-05,0.0001420436,0.00071017278,0.0061381648,0.0030759599,0.028761877,0.015206675,0.027387403,0.00251988,0.001440143,0.0010434212,0.0022385468,0.0011155404,0.00078555873,0.0008336603,0.0021330613,0.00038428891,0.0011610976,0.00036953513,0.0021389919,0.0036605884,6.294755e-05,0.00011818048,0.00011805271,0.0021056809,0.0019290027,0.00089597153,0.00019685841,9.4551567e-05,7.8822704e-05,8.6771826e-05,3.9443707e-05,7.8890503e-06,2.3666634e-05,7.8897933e-06,2.3674615e-05
58.858859,3.8676008e-05,0.00013923029,0.0006961071,0.0060165918,0.0030150365,0.0281922,0.014905469,0.026844889,0.0024699576,0.0014116055,0.0010227376,0.0021941586,0.0010934192,0.00076998428,0.0008171316,0.0020907544,0.00037667387,0.0011380899,0.00036221392,0.0020966147,0.0035880712,6.1700521e-05,0.00011583948,0.000115714,0.0020639318,0.0018907621,0.00087821985,0.00019295873,9.267864e-05,7.7261391e-05,8.5053168e-05,3.8662463e-05,7.732796e-06,2.3197881e-05,7.7335256e-06,2.3205717e-05
58.958959,3.7909847e-05,0.00013647217,0.00068231736,0.0058974039,0.0029553083,0.027633699,0.014610173,0.02631302,0.002421015,0.0013836281,0.0010024601,0.0021506423,0.0010717325,0.00075471569,0.00080092749,0.0020492786,0.00036920829,0.0011155337,0.00035503638,0.0020550691,0.0035169769,6.0477962e-05,0.00011354441,0.00011342119,0.0020230025,0.0018532723,0.00086081655,0.00018913557,9.0842461e-05,7.5730713e-05,8.336823e-05,3.7896547e-05,7.5796072e-06,2.2738324e-05,7.5803236e-06,2.2746017e-05
59.059059,3.715869e-05,0.00013376808,0.0006687977,0.0057805503,0.00289675,0.027086137,0.014320661,0.02579157,0.0023730311,0.001356199,0.00098258018,0.0021079793,0.0010504711,0.00073974642,0.00078504105,0.0020086162,0.00036188901,0.0010934196,0.00034799946,0.0020143375,0.0034472754,5.9279353e-05,0.0001112943,0.00011117328,0.0019828756,0.0018165173,0.0008437542,0.0001853873,8.9042249e-05,7.4230015e-05,8.1716292e-05,3.7145632e-05,7.4294188e-06,2.2287768e-05,7.4301221e-06,2.2295321e-05
59.159159,3.6422436e-05,0.00013111762,0.00065554627,0.005666015,0.0028393535,0.026549439,0.014036894,0.025280467,0.0023259995,0.0013293143,0.00096309497,0.0020661637,0.001029632,0.00072507445,0.00076947013,0.0019687617,0.000354715,0.0010717444,0.00034110219,0.0019744141,0.003378957,5.8104529e-05,0.00010908883,0.00010896999,0.0019435457,0.0017804923,0.00082703049,0.0001817134,8.7277757e-05,7.2759094e-05,8.0097129e-05,3.6409615e-05,7.2822101e-06,2.184615e-05,7.2829007e-06,2.1853567e-05
59.259259,3.5701245e-05,0.0001285214,0.00064256593,0.0055538229,0.0027831312,0.026023721,0.013758932,0.024779821,0.0022799304,0.00130298,0.00094400879,0.0020252047,0.0010092199,0.00071070298,0.00075421813,0.0019297239,0.00034768785,0.0010505128,0.00033434607,0.0019353078,0.0033120366,5.6953746e-05,0.0001069285,0.00010681178,0.0019050213,0.001745205,0.00081064903,0.00017811469,8.5549367e-05,7.1318268e-05,7.8511092e-05,3.5688656e-05,7.1380131e-06,2.1413568e-05,7.1386912e-06,2.142085e-05
59.359359,3.4994333e-05,0.00012597657,0.0006298426,0.0054438523,0.0027280221,0.025508412,0.013486474,0.024289089,0.0022347737,0.0012771673,0.00092530085,0.0019850577,0.00098921238,0.00069661636,0.00073926844,0.0018914601,0.0003407999,0.0010297018,0.00032772377,0.001896976,0.0032464415,5.5825754e-05,0.00010481094,0.00010469632,0.0018672606,0.001710617,0.00079459205,0.00017458724,8.3855205e-05,6.9905974e-05,7.6956459e-05,3.4981972e-05,6.9966713e-06,2.0989551e-05,6.997337e-06,2.0996701e-05
59.459459,3.4301418e-05,0.00012348214,0.0006173712,0.005336059,0.0026740041,0.025003307,0.013219411,0.023808075,0.0021905113,0.001251866,0.00090696365,0.0019457065,0.00096960154,0.00068280895,0.00072461506,0.001853955,0.00033404841,0.0010093031,0.00032123262,0.0018594034,0.0031821455,5.4720101e-05,0.00010273531,0.00010262275,0.0018302482,0.0016767145,0.00077885309,0.00017112964,8.2194591e-05,6.8521645e-05,7.5432609e-05,3.4289281e-05,6.858128e-06,2.057393e-05,6.8587817e-06,2.058095e-05
59.55956,3.3622221e-05,0.00012103708,0.0006051467,0.0052303998,0.0026210557,0.024508202,0.012957636,0.023336586,0.0021471256,0.0012270658,0.00088898981,0.0019071354,0.00095037944,0.00066927517,0.00071025209,0.0018171934,0.00032743064,0.00098930846,0.00031487003,0.0018225749,0.0031191226,5.3636343e-05,0.00010070078,0.00010059024,0.0017939694,0.0016434837,0.00076342584,0.00016774052,8.0566858e-05,6.7164726e-05,7.393893e-05,3.3610304e-05,6.7223278e-06,2.0166537e-05,6.7229696e-06,2.017343e-05
59.65966,3.2956469e-05,0.00011864043,0.00059316419,0.0051268323,0.0025691554,0.024022899,0.012701043,0.022874432,0.0021045988,0.0012027568,0.00087137208,0.0018693287,0.00093153832,0.00065600957,0.00069617373,0.0017811606,0.00032094394,0.00096970979,0.00030863342,0.0017864756,0.0030573476,5.2574044e-05,9.8706535e-05,9.8597979e-05,0.0017584095,0.0016109114,0.00074830409,0.00016441849,7.897135e-05,6.5834669e-05,7.2474818e-05,3.2944769e-05,6.5892157e-06,1.9767209e-05,6.5898459e-06,1.9773977e-05
59.75976,3.2303892e-05,0.00011629121,0.00058141882,0.0050253144,0.0025182823,0.023547201,0.012449529,0.022421425,0.002062914,0.0011789292,0.00085410332,0.0018322711,0.00091307054,0.00064300678,0.00068237429,0.0017458419,0.00031458569,0.00095049918,0.00030252027,0.001751091,0.0029967954,5.1532773e-05,9.6751761e-05,9.6645153e-05,0.001723554,0.0015789843,0.0007334817,0.00016116222,7.7407423e-05,6.4530939e-05,7.1039684e-05,3.2292405e-05,6.4587382e-06,1.9375785e-05,6.4593569e-06,1.9382429e-05
59.85986,3.1664227e-05,0.00011398847,0.00056990583,0.004925805,0.0024684157,0.023080914,0.012202992,0.021977383,0.0020220541,0.0011555732,0.00083717653,0.0017959476,0.00089496861,0.00063026151,0.00066884815,0.001711223,0.00030835329,0.00093166882,0.00029652811,0.0017164066,0.0029374415,5.0512108e-05,9.4835666e-05,9.4730973e-05,0.0016893889,0.0015476895,0.00071895267,0.00015797039,7.5874441e-05,6.3253004e-05,6.9632944e-05,3.1652948e-05,6.3308422e-06,1.8992104e-05,6.3314496e-06,1.8998628e-05
59.95996,3.1037212e-05,0.00011173127,0.00055862053,0.0048282636,0.0024195353,0.02262385,0.01196133,0.021542124,0.0019820026,0.0011326794,0.00082058478,0.0017603433,0.00087722511,0.00061776856,0.00065558979,0.0016772896,0.00030224421,0.00091321104,0.00029065449,0.0016824084,0.0028792616,4.9511633e-05,9.295747e-05,9.2854657e-05,0.0016559002,0.0015170141,0.00070471108,0.00015484169,7.4371781e-05,6.2000346e-05,6.8254026e-05,3.1026138e-05,6.2054755e-06,1.8616012e-05,6.206072e-06,1.8622417e-05
60.06006,3.0422591e-05,0.00010951869,0.0005475583,0.0047326502,0.0023716211,0.02217582,0.011724446,0.021115469,0.0019427429,0.0011102383,0.00080432127,0.0017254436,0.00085983277,0.00060552279,0.00064259377,0.001644028,0.00029625594,0.00089511828,0.000284897,0.0016490824,0.002822232,4.8530938e-05,9.1116404e-05,9.1015438e-05,0.0016230741,0.0014869456,0.00069075108,0.00015177484,7.2898826e-05,6.077245e-05,6.6902365e-05,3.0411717e-05,6.082587e-06,1.8247354e-05,6.0831726e-06,1.8253643e-05
60.16016,2.982011e-05,0.00010734981,0.00053671459,0.0046389256,0.0023246534,0.021736641,0.011492241,0.020697244,0.0019042589,0.0010882407,0.0007883793,0.0016912342,0.00084278441,0.00059351917,0.00062985473,0.0016114243,0.00029038602,0.00087738308,0.00027925328,0.0016164148,0.0027663292,4.756962e-05,8.931171e-05,8.9212558e-05,0.0015908971,0.0014574715,0.00067706693,0.00014876859,7.1454971e-05,5.9568811e-05,6.5577404e-05,2.9809434e-05,5.962126e-06,1.7885978e-05,5.9627009e-06,1.7892153e-05
60.26026,2.9229521e-05,0.00010522374,0.0005260849,0.0045470508,0.0022786128,0.02130613,0.01126462,0.020287275,0.0018665348,0.0010666776,0.00077275226,0.0016577007,0.00082607296,0.00058175271,0.00061736738,0.001579465,0.00028463202,0.00085999809,0.00027372098,0.0015843923,0.0027115299,4.662728e-05,8.7542641e-05,8.7445271e-05,0.0015593558,0.0014285798,0.00066365296,0.00014582168,7.0039617e-05,5.8388931e-05,6.4278595e-05,2.9219039e-05,5.8440425e-06,1.7531735e-05,5.8446071e-06,1.7537797e-05
60.36036,2.8650577e-05,0.00010313959,0.0005156648,0.0044569876,0.00223348,0.020884109,0.011041488,0.019885391,0.0018295547,0.0010455398,0.00075743361,0.0016248292,0.00080969142,0.00057021849,0.00060512651,0.0015481367,0.00027899153,0.00084295606,0.0002682978,0.0015530013,0.0026578114,4.5703525e-05,8.5808459e-05,8.5712838e-05,0.0015284371,0.0014002582,0.00065050358,0.00014293289,6.8652174e-05,5.7232318e-05,6.3005397e-05,2.8640286e-05,5.7282876e-06,1.7184478e-05,5.7288418e-06,1.7190429e-05
60.46046,2.8083035e-05,0.00010109649,0.00050544993,0.0043686982,0.0021892361,0.020470399,0.01082275,0.019491423,0.0017933031,0.0010248185,0.00074241693,0.0015926059,0.00079363292,0.00055891167,0.00059312697,0.0015174263,0.00027346218,0.00082624983,0.00026298146,0.0015222287,0.0026051511,4.4797967e-05,8.4108436e-05,8.4014534e-05,0.001498128,0.0013724949,0.00063761326,0.000140101,6.7292061e-05,5.6098487e-05,6.1757275e-05,2.8072931e-05,5.6148124e-06,1.6844059e-05,5.6153566e-06,1.6849903e-05
60.560561,2.7526656e-05,9.909357e-05,0.00049543597,0.0042821453,0.0021458624,0.020064827,0.010608315,0.019105205,0.0017577647,0.001004505,0.00072769584,0.0015610171,0.00077789063,0.00054782745,0.00058136368,0.0014873208,0.00026804164,0.00080987233,0.00025776971,0.0014920616,0.0025535268,4.3910225e-05,8.2441853e-05,8.234964e-05,0.0014684156,0.0013452781,0.00062497655,0.00013732482,6.5958701e-05,5.4986958e-05,6.0533702e-05,2.7516735e-05,5.5035692e-06,1.6510336e-05,5.5041035e-06,1.6516074e-05
60.660661,2.6981202e-05,9.7129981e-05,0.00048561864,0.004197292,0.0021033404,0.019667219,0.010398091,0.018726573,0.0017229244,0.00098459055,0.00071326406,0.0015300492,0.00076245783,0.0005369611,0.00056983161,0.0014578072,0.00026272758,0.00079381658,0.00025266033,0.001462487,0.0025029164,4.3039918e-05,8.0808e-05,8.0717446e-05,0.0014392873,0.0013185963,0.00061258806,0.00013460317,6.4651527e-05,5.3897257e-05,5.9334156e-05,2.6971461e-05,5.3945104e-06,1.6183167e-05,5.395035e-06,1.6188799e-05
60.760761,2.6446587e-05,9.5205412e-05,0.0004759964,0.0041141249,0.0020616634,0.019277513,0.010192045,0.018355465,0.0016887765,0.00096507205,0.00069911933,0.0014996976,0.0007473321,0.0005263109,0.00055852894,0.001428881,0.00025751919,0.00077808003,0.00024765252,0.0014335002,0.0024533119,4.218691e-05,7.9206619e-05,7.9117694e-05,0.0014107384,0.0012924451,0.00060044583,0.0001319356,6.3370332e-05,5.2829213e-05,5.8158448e-05,2.6437023e-05,5.2876188e-06,1.5862499e-05,5.2881339e-06,1.5868029e-05
60.860861,2.5922929e-05,9.332029e-05,0.00046657138,0.0040326624,0.0020208407,0.018895795,0.0099902227,0.017991966,0.0016553289,0.00094595384,0.0006852648,0.0014699688,0.00073251684,0.00051587926,0.00054745821,0.0014005485,0.0002524176,0.0007626662,0.00024274738,0.0014051078,0.0024047243,4.1351389e-05,7.7638066e-05,7.7550739e-05,0.0013827753,0.0012668305,0.00058855258,0.00012932273,6.21154e-05,5.1783061e-05,5.7006838e-05,2.591354e-05,5.1829182e-06,1.5548403e-05,5.1834239e-06,1.5553833e-05
60.960961,2.5409664e-05,9.1472577e-05,0.0004573334,0.0039528165,0.0019808281,0.018521652,0.0097924058,0.017635681,0.0016225451,0.00092721521,0.00067168545,0.0014408308,0.00071799595,0.00050565484,0.00053660741,0.0013727792,0.0002474173,0.0007475584,0.00023793961,0.001377279,0.0023571012,4.0532453e-05,7.6100643e-05,7.6014888e-05,0.0013553677,0.0012417247,0.00057689541,0.00012676171,6.0885376e-05,5.0757673e-05,5.5878082e-05,2.5400444e-05,5.0802953e-06,1.5240541e-05,5.0807918e-06,1.5245872e-05
61.061061,2.4906582e-05,8.9661526e-05,0.00044827872,0.0038745549,0.0019416095,0.018154933,0.0095985143,0.017286467,0.0015904121,0.0009088486,0.00065837579,0.0014122716,0.00070376355,0.00049563351,0.00052597214,0.0013455616,0.00024251628,0.00073275052,0.00023322726,0.0013500025,0.0023104232,3.9729771e-05,7.4593731e-05,7.4509518e-05,0.0013285045,0.0012171175,0.00056546964,0.00012425152,5.967976e-05,4.9752632e-05,5.4771724e-05,2.4897531e-05,4.9797088e-06,1.4938788e-05,4.9801962e-06,1.4944021e-05
61.161161,2.4413481e-05,8.7886404e-05,0.00043940366,0.003797846,0.0019031689,0.01779549,0.0094084696,0.016944182,0.0015589167,0.00089084653,0.00064533039,0.0013842797,0.00068981384,0.00048581118,0.00051554808,0.0013188847,0.00023771253,0.00071823654,0.00022860843,0.0013232673,0.0022646714,3.8943016e-05,7.3116718e-05,7.3034019e-05,0.0013021748,0.0011929989,0.00055427061,0.00012179114,5.8498065e-05,4.8767531e-05,5.3687315e-05,2.4404594e-05,4.8811177e-06,1.4643021e-05,4.8815963e-06,1.4648159e-05
61.261261,2.3930158e-05,8.6146484e-05,0.00043070461,0.0037226582,0.0018654907,0.017443175,0.0092221941,0.016608685,0.0015280461,0.00087320165,0.00063254394,0.0013568435,0.00067614113,0.00047618385,0.00050533096,0.0012927377,0.00023300409,0.00070401053,0.00022408123,0.0012970624,0.0022198271,3.8171867e-05,7.1669e-05,7.1587789e-05,0.0012763679,0.0011693591,0.00054329374,0.00011937956,5.7339808e-05,4.7801968e-05,5.2624412e-05,2.3921433e-05,4.784482e-06,1.4353119e-05,4.7849518e-06,1.4358164e-05
61.361361,2.3456417e-05,8.4441055e-05,0.000422178,0.003648961,0.0018285593,0.017097844,0.0090396115,0.016279841,0.0014977876,0.00085590673,0.00062001117,0.0013299519,0.00066273979,0.00046674756,0.00049531659,0.0012671097,0.00022838903,0.00069006667,0.00021964379,0.0012713772,0.002175872,3.7416008e-05,7.0249983e-05,7.0170234e-05,0.001251073,0.0011461882,0.00053253455,0.00011701579,5.6204514e-05,4.6855547e-05,5.1582579e-05,2.344785e-05,4.6897618e-06,1.4068965e-05,4.6902231e-06,1.4073918e-05
61.461461,2.2992061e-05,8.2769412e-05,0.00041382032,0.0035767237,0.0017923596,0.016759355,0.0088606462,0.015957512,0.0014681287,0.0008389546,0.00060772691,0.0013035937,0.00064960427,0.0004574984,0.00048550082,0.0012419901,0.00022386545,0.00067639917,0.00021529429,0.001246201,0.0021327878,3.6675127e-05,6.8859083e-05,6.8780769e-05,0.0012262798,0.0011234769,0.00052198858,0.00011469886,5.5091714e-05,4.5927878e-05,5.0561387e-05,2.2983649e-05,4.5969182e-06,1.379044e-05,4.5973711e-06,1.3795303e-05
61.561562,2.2536897e-05,8.113086e-05,0.00040562808,0.0035059165,0.0017568766,0.016427567,0.0086852241,0.015641565,0.0014390571,0.00082233823,0.00059568603,0.0012777578,0.00063672911,0.00044843253,0.00047587956,0.0012173685,0.00021943147,0.00066300237,0.00021103092,0.0012215232,0.0020905567,3.5948916e-05,6.749572e-05,6.7418816e-05,0.0012019779,0.0011012155,0.00051165144,0.0001124278,5.4000945e-05,4.5018574e-05,4.9560411e-05,2.2528638e-05,4.5059126e-06,1.3517429e-05,4.5063573e-06,1.3522203e-05
61.661662,2.2090735e-05,7.9524715e-05,0.00039759786,0.0034365096,0.0017220953,0.016102341,0.0085132715,0.015331868,0.0014105606,0.00080605064,0.0005838835,0.0012524336,0.00062410889,0.00043954613,0.00046644879,0.0011932345,0.00021508522,0.00064987065,0.00020685189,0.0011973337,0.0020491611,3.5237071e-05,6.6159325e-05,6.6083805e-05,0.0011781571,0.0010793948,0.00050151882,0.00011020167,5.2931752e-05,4.4127256e-05,4.8579232e-05,2.2082627e-05,4.4167068e-06,1.3249817e-05,4.4171434e-06,1.3254504e-05
61.761762,2.1653386e-05,7.7950299e-05,0.00038972627,0.0033684739,0.0016880011,0.01578354,0.008344716,0.015028289,0.0013826272,0.00079008498,0.00057231432,0.0012276101,0.00061173828,0.00043083546,0.00045720451,0.001169578,0.00021082487,0.00063699846,0.00020275545,0.0011736222,0.0020085833,3.4539291e-05,6.4849333e-05,6.4775173e-05,0.0011548074,0.0010580056,0.00049158643,0.00010801952,5.1883683e-05,4.3253547e-05,4.7617436e-05,2.1645426e-05,4.3292634e-06,1.2987492e-05,4.329692e-06,1.2992094e-05
61.861862,2.1224666e-05,7.6406941e-05,0.00038200997,0.0033017803,0.0016545795,0.015471029,0.008179486,0.0147307,0.0013552451,0.00077443443,0.00056097356,0.001203277,0.000599612,0.0004222968,0.00044814278,0.0011463887,0.00020664861,0.00062438033,0.00019873983,0.0011503786,0.0019688062,3.385528e-05,6.3565188e-05,6.3492363e-05,0.0011319188,0.0010370387,0.00048185005,0.00010588043,5.0856293e-05,4.2397076e-05,4.6674615e-05,2.121685e-05,4.243545e-06,1.2730343e-05,4.2439658e-06,1.2734861e-05
61.961962,2.0804389e-05,7.4893981e-05,0.00037444565,0.0032364003,0.0016218162,0.015164672,0.0080175103,0.014438973,0.0013284023,0.00075909226,0.00054985635,0.0011794236,0.00058772484,0.00041392647,0.00043925971,0.0011236569,0.00020255464,0.00061201083,0.00019480333,0.0011275929,0.0019298127,3.3184744e-05,6.2306337e-05,6.2234825e-05,0.0011094814,0.0010164851,0.0004723055,0.00010378347,4.9849139e-05,4.1557474e-05,4.5750363e-05,2.0796716e-05,4.1595149e-06,1.2478258e-05,4.1599281e-06,1.2482693e-05
62.062062,2.0392374e-05,7.3410761e-05,0.00036703002,0.0031723055,0.0015896969,0.014864338,0.0078587188,0.014152981,0.0013020874,0.00074405183,0.00053895785,0.0011560397,0.00057607163,0.00040572085,0.00043055143,0.0011013725,0.00019854118,0.0005998846,0.00019094424,0.0011052552,0.0018915859,3.2527391e-05,6.1072236e-05,6.1002012e-05,0.0010874856,0.0009963359,0.00046294863,0.00010172774,4.8861787e-05,4.0734379e-05,4.4844281e-05,2.038484e-05,4.0771367e-06,1.2231128e-05,4.0775423e-06,1.2235483e-05
62.162162,1.9988439e-05,7.1956633e-05,0.00035975984,0.0031094678,0.0015582075,0.014569894,0.0077030419,0.013872599,0.0012762887,0.00072930653,0.00052827329,0.0011331149,0.00056464724,0.00039767632,0.00042201412,0.0010795257,0.00019460649,0.00058799632,0.00018716086,0.0010833558,0.001854109,3.1882935e-05,5.9862343e-05,5.9793384e-05,0.0010659216,0.00097658223,0.00045377533,9.9712342e-05,4.7893802e-05,3.9927429e-05,4.3955971e-05,1.9981043e-05,3.9963742e-06,1.1988846e-05,3.9967724e-06,1.1993121e-05
62.262262,1.9592407e-05,7.0530951e-05,0.00035263188,0.0030478594,0.0015273342,0.014281211,0.0075504106,0.013597702,0.0012509948,0.00071484983,0.00051779791,0.0011106391,0.00055344659,0.00038978931,0.00041364399,0.0010581069,0.0001907488,0.00057634071,0.00018345151,0.0010618849,0.0018173654,3.1251089e-05,5.8676122e-05,5.8608406e-05,0.0010447799,0.00095721535,0.00044478156,9.7736375e-05,4.6944756e-05,3.9136267e-05,4.3085039e-05,1.9585146e-05,3.9171917e-06,1.1751303e-05,3.9175827e-06,1.1755501e-05
62.362362,1.920425e-05,6.9133618e-05,0.00034564566,0.002987476,0.0014970748,0.013998268,0.0074008144,0.013328273,0.001226204,0.00070068073,0.00050753101,0.0010886107,0.00054246894,0.00038205929,0.00040544047,0.0010371146,0.00018696786,0.00056491698,0.00017981594,0.0010408411,0.0017813526,3.0631809e-05,5.7513491e-05,5.7446996e-05,0.001024059,0.00093823391,0.00043596668,9.5799706e-05,4.6014583e-05,3.8360838e-05,4.2231425e-05,1.9197121e-05,3.8395837e-06,1.1518484e-05,3.8399676e-06,1.1522605e-05
62.462462,1.8824178e-05,6.776539e-05,0.00033880495,0.0029283503,0.0014674457,0.013721219,0.0072543348,0.013064457,0.0012019298,0.00068680695,0.0004974782,0.0010670419,0.00053172031,0.00037449049,0.00039740805,0.0010165604,0.00018326572,0.00055373133,0.00017625612,0.0010202357,0.00174609,3.0025432e-05,5.6375081e-05,5.6309784e-05,0.0010037703,0.00091964827,0.00042733548,9.3903383e-05,4.5103788e-05,3.7601562e-05,4.1395592e-05,1.8817178e-05,3.7635923e-06,1.1290515e-05,3.7639691e-06,1.1294561e-05
62.562563,1.8451651e-05,6.6424327e-05,0.00033210007,0.0028703987,0.0014384049,0.013449671,0.0071107638,0.01280588,0.0011781377,0.00067320877,0.00048762516,0.0010459018,0.00052118536,0.00036707213,0.00038953527,0.00099641477,0.00017963713,0.00054276788,0.00017276701,0.0010000396,0.0017115278,2.9431098e-05,5.5259277e-05,5.5195156e-05,0.00098388484,0.000901432,0.00041887571,9.204472e-05,4.4211079e-05,3.6857363e-05,4.0576355e-05,1.8444779e-05,3.6891097e-06,1.1067072e-05,3.6894797e-06,1.1071044e-05
62.662663,1.8086519e-05,6.5109883e-05,0.00032552826,0.0028135972,0.0014099405,0.013183513,0.0069700426,0.012552436,0.0011548179,0.00065988064,0.00047796786,0.0010251818,0.00051085977,0.00035980116,0.00038181893,0.00097666963,0.00017608059,0.00053202214,0.00016934717,0.0009802445,0.0016776517,2.8848563e-05,5.4165623e-05,5.4102658e-05,0.0009643945,0.00088357763,0.00041058391,9.0222955e-05,4.3336091e-05,3.6127936e-05,3.9773379e-05,1.8079772e-05,3.6161055e-06,1.0848064e-05,3.6164687e-06,1.0851964e-05
62.762763,1.7728631e-05,6.3821516e-05,0.00031908684,0.0027579227,0.0013820409,0.012922635,0.0068321133,0.01230402,0.001131961,0.00064681705,0.00046850232,0.0010048734,0.00050073929,0.00035267458,0.00037425583,0.00095731676,0.00017259465,0.0005214897,0.0001659952,0.0009608422,0.0016444479,2.8277588e-05,5.3093669e-05,5.3031839e-05,0.00094529124,0.00086607779,0.00040245668,8.8437339e-05,4.2478464e-05,3.5412983e-05,3.8986334e-05,1.7722007e-05,3.5445497e-06,1.0633401e-05,3.5449063e-06,1.063723e-05
62.862863,1.7377839e-05,6.2558694e-05,0.00031277313,0.0027033521,0.0013546944,0.01266693,0.006696919,0.012060531,0.0011095573,0.00063401261,0.00045922462,0.00098496809,0.00049081971,0.00034568945,0.00036684285,0.00093834816,0.00016917786,0.00051116618,0.00016270971,0.00094182471,0.0016119025,2.7717936e-05,5.2042972e-05,5.1982257e-05,0.00092656715,0.00084892526,0.00039449064,8.6687133e-05,4.1637845e-05,3.4712206e-05,3.8214894e-05,1.7371335e-05,3.4744126e-06,1.0422995e-05,3.4747628e-06,1.0426753e-05
62.962963,1.7033996e-05,6.1320891e-05,0.00030658451,0.0026498626,0.0013278897,0.012416292,0.0065644033,0.011821867,0.0010875976,0.00062146198,0.00045013088,0.00096545762,0.0004810969,0.00033884285,0.00035957689,0.0009197559,0.0001658288,0.0005010473,0.00015948933,0.00092318411,0.0015800021,2.7169375e-05,5.1013094e-05,5.0953474e-05,0.00090821442,0.00083211286,0.00038668248,8.4971609e-05,4.0813881e-05,3.4025314e-05,3.7458739e-05,1.7027611e-05,3.4056652e-06,1.0216757e-05,3.406009e-06,1.0220447e-05
63.063063,1.669696e-05,6.0107589e-05,0.00030051838,0.0025974318,0.0013016156,0.012170614,0.0064345108,0.011587927,0.0010660727,0.00060915989,0.0004412173,0.00094633379,0.00047156677,0.00033213191,0.00035245489,0.00090153216,0.00016254606,0.0004911288,0.00015633271,0.00090491258,0.0015487332,2.6631674e-05,5.0003604e-05,4.994506e-05,0.00089022534,0.00081563354,0.00037902892,8.3290047e-05,4.0006229e-05,3.335202e-05,3.6717551e-05,1.6690691e-05,3.3382786e-06,1.0014601e-05,3.3386161e-06,1.0018224e-05
63.163163,1.6366587e-05,5.8918276e-05,0.00029457219,0.0025460377,0.0012758609,0.011929794,0.0063071865,0.011358613,0.0010449735,0.00059710116,0.0004324801,0.00092758849,0.0004622253,0.00032555378,0.00034547386,0.00088366924,0.00015932826,0.0004814065,0.00015323852,0.00088700242,0.0015180827,2.6104607e-05,4.9014076e-05,4.8956588e-05,0.00087259231,0.00079948034,0.00037152674,8.1641739e-05,3.9214548e-05,3.2692039e-05,3.5991018e-05,1.6360433e-05,3.2722243e-06,9.8164428e-06,3.2725557e-06,9.8199993e-06
63.263263,1.6042738e-05,5.7752446e-05,0.00028874341,0.0024956584,0.0012506148,0.011693729,0.0061823764,0.011133827,0.001024291,0.00058528063,0.00042391556,0.00090921375,0.00045306849,0.00031910567,0.00033863081,0.00086615952,0.00015617403,0.00047187626,0.00015020545,0.00086944599,0.0014880375,2.558795e-05,4.804409e-05,4.7987638e-05,0.0008553078,0.00078364638,0.00036417274,8.0025983e-05,3.8438501e-05,3.2045091e-05,3.5278831e-05,1.6036696e-05,3.2074744e-06,9.6221971e-06,3.2077997e-06,9.6256886e-06
63.363363,1.5725273e-05,5.6609599e-05,0.00028302954,0.0024462723,0.0012258664,0.011462318,0.0060600269,0.010913473,0.0010040164,0.00057369325,0.00041552001,0.00089120166,0.00044409241,0.0003127848,0.0003319228,0.00084899546,0.00015308201,0.00046253399,0.00014723219,0.00085223578,0.0014585848,2.508148e-05,4.7093228e-05,4.7037795e-05,0.0008383644,0.00076812484,0.00035696376,7.8442085e-05,3.7677754e-05,3.1410898e-05,3.4580685e-05,1.5719341e-05,3.1440009e-06,9.4317808e-06,3.1443203e-06,9.4352087e-06
63.463463,1.5414055e-05,5.5489241e-05,0.00027742811,0.002397858,0.001201605,0.011235461,0.0059400851,0.010697456,0.00098414079,0.000562334,0.00040728979,0.00087354439,0.00043529317,0.00030658844,0.00032534693,0.00083216961,0.00015005086,0.00045337564,0.00014431745,0.00083536432,0.0014297117,2.4584978e-05,4.616108e-05,4.6106647e-05,0.00082175475,0.00075290901,0.0003498967,7.6889361e-05,3.6931979e-05,3.0789186e-05,3.3896278e-05,1.5408231e-05,3.0817765e-06,9.2451117e-06,3.0820901e-06,9.248477e-06
63.563564,1.5108948e-05,5.4390882e-05,0.00027193667,0.0023503943,0.00117782,0.011013058,0.0058224986,0.010485681,0.00096465557,0.00055119789,0.00039922131,0.00085623422,0.0004266669,0.00030051386,0.0003189003,0.00081567459,0.00014707926,0.0004443972,0.00014145997,0.00081882424,0.0014014058,2.4098229e-05,4.5247237e-05,4.5193787e-05,0.00080547157,0.00073799222,0.00034296844,7.5367131e-05,3.6200851e-05,3.0179683e-05,3.3225309e-05,1.510323e-05,3.020774e-06,9.0621081e-06,3.0210818e-06,9.0654119e-06
63.663664,1.4809817e-05,5.3314038e-05,0.00026655279,0.0023038604,0.0011545009,0.010795011,0.0057072154,0.010278055,0.00094555212,0.00054028001,0.000391311,0.00083926348,0.0004182098,0.00029455838,0.00031258008,0.00079950311,0.0001441659,0.00043559471,0.00013865847,0.00080260823,0.0013736544,2.3621015e-05,4.4351298e-05,4.4298812e-05,0.00078950767,0.00072336787,0.00033617594,7.3874723e-05,3.5484045e-05,2.958212e-05,3.2567484e-05,1.4804204e-05,2.9609664e-06,8.8826893e-06,2.9612686e-06,8.8859327e-06
63.763764,1.451653e-05,5.2258227e-05,0.00026127407,0.0022582354,0.0011316373,0.010581224,0.005594184,0.010074484,0.0009268219,0.00052957549,0.00038355532,0.00082262458,0.00040991806,0.00028871933,0.00030638342,0.00078364791,0.00014130947,0.00042696424,0.00013591171,0.00078670906,0.0013464451,2.3153125e-05,4.347286e-05,4.3421323e-05,0.00077385589,0.00070902941,0.00032951616,7.2411472e-05,3.4781242e-05,2.899623e-05,3.1922509e-05,1.4511019e-05,2.9023271e-06,8.7067751e-06,2.9026237e-06,8.7099592e-06
63.863864,1.4228952e-05,5.1222974e-05,0.00025609813,0.0022134987,0.0011092188,0.010371599,0.0054833535,0.0098748774,0.00090845645,0.00051907947,0.00037595076,0.00080630997,0.00040178795,0.00028299407,0.00030030753,0.00076810181,0.00013850868,0.00041850188,0.00013321844,0.00077111953,0.0013197658,2.2694347e-05,4.2611529e-05,4.2560922e-05,0.00075850915,0.00069497036,0.00032298609,7.0976715e-05,3.4092124e-05,2.8421749e-05,3.1290092e-05,1.4223542e-05,2.8448295e-06,8.5342861e-06,2.8451208e-06,8.5374121e-06
63.963964,1.3947171e-05,5.0208584e-05,0.00025102651,0.0021696636,0.0010872521,0.010166199,0.0053747567,0.009679294,0.00089046122,0.0005087951,0.00036849959,0.00079032456,0.00039382189,0.00027738432,0.00029435423,0.00075286949,0.00013576436,0.00041021015,0.00013057947,0.00075584428,0.0012936242,2.2244817e-05,4.1767558e-05,4.1717866e-05,0.00074347205,0.00068119493,0.00031658766,6.9570879e-05,3.3416897e-05,2.7858846e-05,3.067042e-05,1.3941859e-05,2.7884907e-06,8.3652734e-06,2.7887766e-06,8.3683422e-06
64.064064,1.3671622e-05,4.9216631e-05,0.00024606706,0.0021267981,0.0010657714,0.009965343,0.0052685624,0.009488038,0.00087286421,0.00049873839,0.00036121347,0.00077469342,0.00038603239,0.00027189886,0.00028853282,0.00073797484,0.0001330808,0.00040210196,0.00012799889,0.00074090705,0.0012680611,2.1805234e-05,4.094226e-05,4.0893464e-05,0.00072876809,0.00066772462,0.00031033084,6.8196147e-05,3.2756607e-05,2.7308396e-05,3.0064456e-05,1.3666407e-05,2.7333981e-06,8.1999992e-06,2.7336788e-06,8.203012e-06
64.164164,1.340158e-05,4.8244505e-05,0.00024120674,0.0020847894,0.0010447199,0.0097685011,0.0051644906,0.0093006052,0.00085561902,0.00048888279,0.00035407311,0.00075937507,0.00037839877,0.00026652315,0.0002828279,0.00072337832,0.0001304509,0.00039415591,0.00012546991,0.00072626847,0.001243009,2.1374439e-05,4.0133458e-05,4.0085543e-05,0.00071435835,0.0006545238,0.00030419912,6.6848896e-05,3.2109517e-05,2.6768949e-05,2.9470603e-05,1.339646e-05,2.6794067e-06,8.0380284e-06,2.6796822e-06,8.0409862e-06
64.264264,1.3136934e-05,4.7291803e-05,0.00023644353,0.0020436201,0.0010240892,0.0095755927,0.0050624986,0.0091169182,0.00083871852,0.00047922422,0.00034707555,0.00074436318,0.00037091788,0.00026125497,0.00027723709,0.00070907391,0.00012787357,0.00038636872,0.00012299149,0.00071192248,0.0012184576,2.0952254e-05,3.9340821e-05,3.929377e-05,0.00070023686,0.00064158701,0.00029818997,6.5528572e-05,3.1475358e-05,2.6240283e-05,2.8888618e-05,1.3131908e-05,2.6264941e-06,7.8792943e-06,2.6267647e-06,7.8821981e-06
64.364364,1.2877575e-05,4.6358131e-05,0.00023177547,0.0020032731,0.0010038705,0.0093865375,0.0049625439,0.0089369007,0.00082215568,0.00046975867,0.00034021788,0.00072965151,0.0003635866,0.00025609212,0.00027175808,0.00069505563,0.00012534776,0.00037873715,0.00012056258,0.00069786313,0.0011943967,2.0538504e-05,3.8564018e-05,3.8517816e-05,0.00068639775,0.00062890887,0.00029230088,6.4234625e-05,3.0853868e-05,2.5722177e-05,2.8318257e-05,1.287264e-05,2.5746385e-06,7.7237308e-06,2.5749041e-06,7.7265816e-06
64.464464,1.2623392e-05,4.5443097e-05,0.00022720059,0.0019637315,0.00098405539,0.0092012564,0.0048645846,0.0087604772,0.00080592357,0.00046048217,0.00033349723,0.00071523386,0.00035640186,0.00025103245,0.00026638856,0.0006813176,0.00012287239,0.000371258,0.00011818217,0.00068408452,0.0011708163,2.0133016e-05,3.7802724e-05,3.7757356e-05,0.0006728352,0.00061648405,0.0002865294,6.2966514e-05,3.0244786e-05,2.5214415e-05,2.7759283e-05,1.2618548e-05,2.523818e-06,7.5712729e-06,2.5240788e-06,7.5740715e-06
64.564565,1.237428e-05,4.4546315e-05,0.00022271697,0.0019249787,0.00096463556,0.0090196711,0.0047685795,0.0085875733,0.00079001532,0.0004513908,0.00032691075,0.00070110415,0.0003493606,0.0002460738,0.00026112626,0.00066785401,0.00012044642,0.00036392811,0.00011584926,0.00067058084,0.0011477063,1.9735617e-05,3.7056618e-05,3.7012069e-05,0.00065954348,0.00060430731,0.00028087309,6.1723701e-05,2.9647855e-05,2.4716782e-05,2.7211458e-05,1.2369524e-05,2.4740113e-06,7.421856e-06,2.4742673e-06,7.4246036e-06
64.664665,1.2130132e-05,4.3667403e-05,0.00021832269,0.0018869981,0.00094560271,0.0088417043,0.0046744875,0.0084181152,0.00077442416,0.00044248069,0.00032045563,0.00068725632,0.00034245983,0.00024121407,0.00025596893,0.00065465908,0.00011806882,0.00035674436,0.00011356285,0.00065734632,0.0011250569,1.9346139e-05,3.6325381e-05,3.6281636e-05,0.00064651691,0.00059237343,0.00027532952,6.0505659e-05,2.906282e-05,2.4229066e-05,2.667455e-05,1.2125463e-05,2.4251971e-06,7.2754166e-06,2.4254484e-06,7.278114e-06
64.764765,1.1890843e-05,4.2805982e-05,0.00021401586,0.0018497733,0.00092694863,0.0086672793,0.0045822681,0.00825203,0.00075914336,0.00043374798,0.00031412909,0.00067368441,0.00033569656,0.00023645115,0.00025091435,0.00064172712,0.00011573856,0.00034970363,0.00011132196,0.00064437525,0.0011028583,1.8964415e-05,3.5608699e-05,3.5565743e-05,0.00063374986,0.00058067728,0.00026989631,5.9311861e-05,2.848943e-05,2.3751057e-05,2.6148328e-05,1.1886259e-05,2.3773544e-06,7.1318916e-06,2.3776011e-06,7.1345397e-06
64.864865,1.1656308e-05,4.1961678e-05,0.00020979461,0.0018132882,0.00090866522,0.0084963203,0.0044918813,0.0080892453,0.00074416628,0.00042518887,0.00030792836,0.00066038248,0.00032906784,0.00023178296,0.0002459603,0.00062905249,0.00011345463,0.00034280288,0.0001091256,0.000631662,0.001081101,1.8590276e-05,3.4906259e-05,3.4864079e-05,0.00062123676,0.00056921374,0.00026457111,5.8141788e-05,2.7927434e-05,2.3282547e-05,2.5632562e-05,1.1651808e-05,2.3304623e-06,6.9912185e-06,2.3307045e-06,6.9938183e-06
64.964965,1.1426425e-05,4.1134119e-05,0.00020565708,0.0017775267,0.00089074442,0.008328752,0.0044032873,0.0079296897,0.00072948632,0.0004167996,0.00030185072,0.00064734467,0.00032257075,0.00022720745,0.00024110462,0.00061662959,0.00011121602,0.00033603905,0.00010697282,0.00061920097,0.0010597752,1.822356e-05,3.4217752e-05,3.4176334e-05,0.00060897211,0.00055797777,0.00025935155,5.6994926e-05,2.7376586e-05,2.282333e-05,2.5127026e-05,1.1422007e-05,2.2845003e-06,6.8533355e-06,2.2847381e-06,6.8558878e-06
65.065065,1.1201091e-05,4.0322936e-05,0.00020160142,0.0017424729,0.00087317827,0.0081644998,0.0043164465,0.0077732919,0.00071509694,0.00040857643,0.00029589344,0.00063456517,0.00031620237,0.00022272258,0.00023634512,0.00060445287,0.00010902172,0.00032940914,0.00010486266,0.0006069866,0.0010388716,1.7864103e-05,3.3542873e-05,3.3502202e-05,0.00059695041,0.00054696435,0.00025423531,5.5870763e-05,2.683664e-05,2.2373201e-05,2.4631494e-05,1.1196754e-05,2.2394478e-06,6.7181811e-06,2.2396813e-06,6.7206867e-06
65.165165,1.0980204e-05,3.9527763e-05,0.00019762581,0.0017081109,0.00085595882,0.0080034896,0.0042313199,0.0076199815,0.00070099164,0.00040051563,0.00029005384,0.00062203817,0.00030995984,0.00021832631,0.00023167966,0.00059251682,0.00010687076,0.00032291014,0.00010279415,0.00059501337,0.0010183806,1.7511742e-05,3.2881315e-05,3.2841378e-05,0.00058516623,0.00053616849,0.0002492201,5.4768792e-05,2.6307353e-05,2.1931958e-05,2.4145742e-05,1.0975946e-05,2.1952845e-06,6.5856943e-06,2.1955138e-06,6.5881542e-06
65.265265,1.0763664e-05,3.8748238e-05,0.00019372844,0.0016744252,0.00083907822,0.0078456478,0.0041478685,0.0074696882,0.00068716396,0.00039261353,0.00028432924,0.00060975794,0.00030384029,0.00021401663,0.0002271061,0.00058081595,0.00010476215,0.00031653908,0.00010076636,0.00058327581,0.00099829288,1.7166315e-05,3.2232776e-05,3.2193561e-05,0.00057361417,0.00052558526,0.00024430359,5.3688508e-05,2.5788481e-05,2.1499398e-05,2.366955e-05,1.0759484e-05,2.1519903e-06,6.4558146e-06,2.1522154e-06,6.4582295e-06
65.365365,1.055137e-05,3.7983998e-05,0.00018990748,0.0016413999,0.00082252862,0.0076909011,0.0040660536,0.0073223425,0.0006736075,0.00038486644,0.00027871698,0.00059771877,0.00029784086,0.00020979153,0.0002226223,0.00056934482,0.0001026949,0.00031029301,9.8778345e-05,0.00057176847,0.00097859915,1.6827664e-05,3.1596956e-05,3.1558449e-05,0.00056228885,0.00051520972,0.00023948353,5.262941e-05,2.5279785e-05,2.107532e-05,2.3202694e-05,1.0547266e-05,2.1095451e-06,6.3284817e-06,2.109766e-06,6.3308525e-06
65.465465,1.0343222e-05,3.7234682e-05,0.00018616114,0.0016090196,0.00080630224,0.0075391767,0.0039858367,0.0071778748,0.00066031585,0.00037727071,0.0002732144,0.00058591496,0.00029195873,0.00020564902,0.00021822615,0.000558098,0.00010066804,0.00030416897,9.6829163e-05,0.00056048592,0.0009592901,1.6495628e-05,3.0973555e-05,3.0935744e-05,0.00055118492,0.00050503699,0.00023475763,5.1591e-05,2.4781025e-05,2.0659525e-05,2.2744957e-05,1.0339193e-05,2.0679288e-06,6.2036355e-06,2.0681456e-06,6.205963e-06
65.565566,1.013912e-05,3.6499934e-05,0.00018248764,0.0015772688,0.0007903913,0.007390402,0.0039071793,0.007036216,0.00064728265,0.0003698227,0.00026781888,0.00057434084,0.00028619107,0.00020158712,0.00021391554,0.00054707009,9.8680597e-05,0.00029816403,9.4917883e-05,0.00054942275,0.00094035649,1.6170047e-05,3.0362274e-05,3.0325146e-05,0.00054029705,0.00049506217,0.00023012362,5.0572779e-05,2.4291961e-05,2.0251813e-05,2.2296118e-05,1.0135165e-05,2.0271215e-06,6.0812164e-06,2.0273344e-06,6.0835013e-06
65.665666,9.9389654e-06,3.5779394e-05,0.00017888517,0.001546132,0.00077478807,0.0072445045,0.0038300432,0.0068972972,0.00063450156,0.00036251879,0.00026252777,0.00056299077,0.00028053506,0.00019760383,0.00020968837,0.0005362557,9.6731607e-05,0.00029227527,9.3043573e-05,0.00053857358,0.00092178909,1.5850764e-05,2.9762815e-05,2.9726358e-05,0.00052961994,0.0004852804,0.00022557926,4.9574251e-05,2.3812357e-05,1.9851987e-05,2.1855959e-05,9.9350821e-06,1.9871033e-06,5.9611647e-06,1.9873124e-06,5.9634078e-06
65.765766,9.7426584e-06,3.5072705e-05,0.00017535195,0.0015155938,0.00075948481,0.0071014121,0.0037543902,0.0067610495,0.00062196623,0.00035535535,0.00025733844,0.0005518591,0.00027498788,0.00019369718,0.00020554253,0.00052564945,9.4820101e-05,0.00028649976,9.1205304e-05,0.00052793303,0.0009035787,1.553762e-05,2.9174882e-05,2.9139084e-05,0.00051914826,0.00047568681,0.00022112228,4.8594923e-05,2.3341973e-05,1.9459848e-05,2.1424262e-05,9.7388461e-06,1.9478545e-06,5.843421e-06,1.9480598e-06,5.8456231e-06
65.865866,9.5501002e-06,3.4379513e-05,0.00017188621,0.0014856387,0.0007444738,0.0069610524,0.0036801821,0.0066274042,0.00060967034,0.00034832875,0.00025224828,0.0005409402,0.00026954674,0.0001898652,0.00020147593,0.00051524597,9.2945112e-05,0.00028083458,8.9402148e-05,0.00051749573,0.00088571612,1.5230458e-05,2.8598178e-05,2.8563028e-05,0.00050887672,0.00046627657,0.00021675044,4.7634299e-05,2.2880573e-05,1.9075197e-05,2.1000809e-05,9.5463576e-06,1.9093553e-06,5.7279258e-06,1.9095567e-06,5.7300876e-06
65.965966,9.3611918e-06,3.3699459e-05,0.00016848616,0.0014562515,0.00072974734,0.0068233534,0.0036073808,0.0064962926,0.00059760757,0.00034143539,0.00024725466,0.00053022843,0.00026420882,0.00018610589,0.00019748646,0.00050503988,9.1105676e-05,0.00027527682,8.7633177e-05,0.00050725629,0.00086819216,1.4929118e-05,2.8032406e-05,2.7997891e-05,0.00049880003,0.00045704481,0.00021246148,4.6691885e-05,2.2427919e-05,1.8697838e-05,2.0585383e-05,9.3575176e-06,1.8715857e-06,5.6146198e-06,1.8717835e-06,5.616742e-06
66.066066,9.175834e-06,3.3032187e-05,0.00016515002,0.0014274166,0.00071529769,0.0066882429,0.0035359481,0.006367646,0.00058577157,0.00033467164,0.00024235495,0.00051971815,0.00025897132,0.0001824173,0.00019357204,0.00049502582,8.9300825e-05,0.00026982355,8.5897462e-05,0.00049720935,0.00085099763,1.4633443e-05,2.7477268e-05,2.7443379e-05,0.00048891288,0.00044798669,0.00020825316,4.5767187e-05,2.1983774e-05,1.8327573e-05,2.0177765e-05,9.1722271e-06,1.8345261e-06,5.5034435e-06,1.8347203e-06,5.5055268e-06
66.166166,8.9947713e-06,3.2380377e-05,0.00016189118,0.0013992499,0.0007011828,0.0065562623,0.00346617,0.0062419794,0.00057420992,0.00032806474,0.00023756894,0.0005094519,0.00025385543,0.00017881433,0.00018974849,0.00048524437,8.7537833e-05,0.00026449676,8.4201989e-05,0.00048739534,0.00083420169,1.4344623e-05,2.6934998e-05,2.6901721e-05,0.00047925526,0.00043913879,0.00020414241,4.4863923e-05,2.1549923e-05,1.7965888e-05,1.9779593e-05,8.9912304e-06,1.7983253e-06,5.3948435e-06,1.7985159e-06,5.3968887e-06
66.266266,8.8177667e-06,3.1743176e-05,0.00015870538,0.0013717144,0.00068738422,0.0064272391,0.0033979555,0.0061191288,0.00056290748,0.00032160604,0.00023289035,0.00049941617,0.00024885442,0.00017529224,0.00018601078,0.00047568266,8.5814386e-05,0.00025928945,8.2544534e-05,0.0004778014,0.00081778233,1.4062278e-05,2.6404884e-05,2.6372209e-05,0.00046981446,0.0004304895,0.00020012385,4.398091e-05,2.1125798e-05,1.7612311e-05,1.9390345e-05,8.8142905e-06,1.7629359e-06,5.2886776e-06,1.763123e-06,5.2906854e-06
66.366366,8.6442972e-06,3.1118701e-05,0.00015558321,0.0013447288,0.00067386122,0.0063007928,0.0033311033,0.0059987318,0.00055183083,0.00031527639,0.00022830527,0.00048958109,0.00024395341,0.00017184056,0.00018234779,0.00046631218,8.4125378e-05,0.00025418619,8.0920192e-05,0.00046839912,0.00080169097,1.3785573e-05,2.5885359e-05,2.5853274e-05,0.00046056243,0.0004220131,0.00019618557,4.3115535e-05,2.0710144e-05,1.7265797e-05,1.9008872e-05,8.6408845e-06,1.7282533e-06,5.1846321e-06,1.728437e-06,5.1866033e-06
66.466466,8.4742888e-06,3.0506686e-05,0.00015252332,0.0013182817,0.00066060804,0.0061768692,0.0032655849,0.0058807371,0.00054097523,0.00030907309,0.00022381176,0.00047994247,0.00023915031,0.00016845782,0.00017875797,0.00045712894,8.2470086e-05,0.0002491848,7.9328269e-05,0.0004591845,0.00078592075,1.351439e-05,2.5376201e-05,2.5344695e-05,0.00045149519,0.000413706,0.0001923259,4.2267429e-05,2.0302785e-05,1.6926197e-05,1.863501e-05,8.4709385e-06,1.6942627e-06,5.0826626e-06,1.694443e-06,5.0845978e-06
66.566567,8.3076685e-06,2.9906867e-05,0.00014952442,0.0012923616,0.00064761896,0.0060554152,0.0032013722,0.0057650939,0.00053033602,0.00030299347,0.00021940787,0.00047049616,0.00023444304,0.00016514257,0.00017523977,0.00044812897,8.08478e-05,0.00024428313,7.7768081e-05,0.00045015357,0.00077046487,1.3248614e-05,2.4877192e-05,2.4846255e-05,0.00044260885,0.0004055646,0.00018854317,4.1436229e-05,1.9903545e-05,1.6593365e-05,1.8268599e-05,8.3043793e-06,1.6609495e-06,4.9827253e-06,1.6611265e-06,4.9846251e-06
66.666667,8.1443637e-06,2.9318984e-05,0.0001465852,0.0012669572,0.00063488835,0.005936378,0.0031384373,0.0056517519,0.00051990857,0.00029703489,0.00021509169,0.00046123803,0.00022982956,0.00016189335,0.00017179165,0.00043930835,7.9257812e-05,0.00023947905,7.623895e-05,0.0004413024,0.00075531662,1.2988127e-05,2.4388114e-05,2.4357735e-05,0.00043389953,0.00039758536,0.00018483575,4.0621572e-05,1.9512251e-05,1.6267157e-05,1.790948e-05,8.1411347e-06,1.6282992e-06,4.8847768e-06,1.628473e-06,4.8866419e-06
66.766767,7.9843029e-06,2.8742779e-05,0.00014370436,0.0012420576,0.00062241062,0.0058197053,0.0030767525,0.0055406614,0.0005096883,0.00029119473,0.00021086132,0.00045216402,0.00022530783,0.00015870874,0.0001684121,0.00043066319,7.7699424e-05,0.00023477044,7.4740202e-05,0.0004326271,0.00074046936,1.2732816e-05,2.3908752e-05,2.3878922e-05,0.00042536341,0.00038976476,0.00018120199,3.98231e-05,1.912873e-05,1.594743e-05,1.7557495e-05,7.981133e-06,1.5962975e-06,4.788774e-06,1.5964682e-06,4.790605e-06
66.866867,7.8274151e-06,2.8177997e-05,0.00014088062,0.0012176515,0.00061018024,0.0057053454,0.0030162903,0.005431773,0.00049967067,0.0002854704,0.00020671488,0.00044327008,0.00022087583,0.00015558731,0.00016509961,0.00042218965,7.6171944e-05,0.00023015522,7.3271174e-05,0.00042412383,0.00072591648,1.2482567e-05,2.3438894e-05,2.3409603e-05,0.00041699667,0.00038209935,0.00017764029,3.904046e-05,1.8752814e-05,1.5634041e-05,1.7212487e-05,7.8243031e-06,1.5649303e-06,4.6946743e-06,1.5650978e-06,4.6964719e-06
66.966967,7.6736297e-06,2.7624383e-05,0.00013811273,0.001193728,0.0005981917,0.0055932468,0.0029570238,0.0053250378,0.00048985118,0.00027985931,0.00020265049,0.0004345522,0.00021653158,0.00015252768,0.00016185269,0.00041388391,7.4674684e-05,0.00022563131,7.1831204e-05,0.00041578876,0.00071165144,1.2237268e-05,2.2978329e-05,2.2949567e-05,0.00040879557,0.00037458565,0.00017414905,3.8273299e-05,1.8384332e-05,1.532685e-05,1.6874302e-05,7.6705746e-06,1.5341833e-06,4.6024355e-06,1.5343478e-06,4.6042002e-06
67.067067,7.5228768e-06,2.7081686e-05,0.00013539942,0.0011702763,0.00058643955,0.0054833585,0.0028989258,0.0052204072,0.00048022537,0.00027435892,0.00019866632,0.00042600642,0.00021227309,0.00014952843,0.00015866986,0.00040574217,7.3206964e-05,0.00022119665,7.0419638e-05,0.0004076181,0.00069766776,1.1996807e-05,2.2526847e-05,2.2498605e-05,0.00040075635,0.00036722024,0.00017072668,3.7521268e-05,1.8023116e-05,1.5025718e-05,1.6542786e-05,7.5198775e-06,1.5040426e-06,4.5120156e-06,1.5042041e-06,4.5137481e-06
67.167167,7.3750869e-06,2.6549655e-05,0.00013273943,0.0011472855,0.00057491838,0.0053756299,0.0028419696,0.0051178328,0.00047078877,0.00026896668,0.00019476052,0.00041762877,0.00020809839,0.00014658819,0.00015554965,0.00039776066,7.1768105e-05,0.00021684918,6.9035823e-05,0.00039960807,0.00068395898,1.1761073e-05,2.208424e-05,2.2056508e-05,0.0003928753,0.00035999973,0.00016737159,3.6784021e-05,1.7669002e-05,1.4730504e-05,1.6217786e-05,7.3721425e-06,1.4744944e-06,4.423373e-06,1.4746529e-06,4.4250738e-06
67.267267,7.2301908e-06,2.6028042e-05,0.00013013153,0.0011247449,0.0005636228,0.0052700106,0.0027861286,0.0050172668,0.00046153699,0.00026368008,0.00019093125,0.00040941533,0.00020400552,0.00014370557,0.0001524906,0.00038993565,7.0357433e-05,0.00021258689,6.7679113e-05,0.00039175494,0.00067051869,1.1529956e-05,2.1650301e-05,2.162307e-05,0.00038514873,0.00035292073,0.00016408223,3.6061213e-05,1.7321822e-05,1.4441072e-05,1.5899151e-05,7.2273003e-06,1.4455248e-06,4.3364661e-06,1.4456804e-06,4.3381358e-06
67.367367,7.0881199e-06,2.5516599e-05,0.00012757448,0.0011026438,0.00055254745,0.0051664504,0.0027313762,0.0049186614,0.00045246563,0.00025849659,0.0001871767,0.00040136219,0.00019999254,0.00014087921,0.00014949125,0.0003822634,6.8974279e-05,0.00020840774,6.6348862e-05,0.00038405496,0.00065734051,1.1303347e-05,2.1224824e-05,2.1198085e-05,0.00037757295,0.00034597987,0.00016085701,3.53525e-05,1.6981412e-05,1.4157283e-05,1.5586728e-05,7.0852823e-06,1.41712e-06,4.2512537e-06,1.4172728e-06,4.2528929e-06
67.467467,6.9488057e-06,2.501508e-05,0.00012506704,0.0010809715,0.00054168698,0.0050648995,0.002677686,0.0048219689,0.0004435703,0.00025341372,0.00018349505,0.00039346545,0.0001960575,0.00013810774,0.00014655015,0.0003747402,6.7617975e-05,0.00020430971,6.504443e-05,0.00037650442,0.00064441808,1.1081135e-05,2.0807603e-05,2.0781347e-05,0.00037014431,0.00033917379,0.0001576944,3.465754e-05,1.6647608e-05,1.3879002e-05,1.5280367e-05,6.94602e-06,1.3892664e-06,4.1676948e-06,1.3894164e-06,4.169304e-06
67.567568,6.8121798e-06,2.4523238e-05,0.00012260799,0.0010597174,0.00053103607,0.004965308,0.0026250317,0.0047271419,0.00043484665,0.00024842897,0.00017988449,0.00038572123,0.00019219847,0.00013538978,0.00014366586,0.00036736235,6.6287854e-05,0.00020029079,6.3765176e-05,0.00036909963,0.00063174507,1.0863212e-05,2.0398435e-05,2.0372654e-05,0.00036285915,0.00033249916,0.00015459283,3.3975994e-05,1.6320246e-05,1.360609e-05,1.4979918e-05,6.8094452e-06,1.3619502e-06,4.0857484e-06,1.3620975e-06,4.0873282e-06
67.667668,6.6781741e-06,2.404083e-05,0.0001201961,0.0010388709,0.00052058942,0.0048676263,0.002573387,0.0046341332,0.00042629033,0.00024353985,0.00017634322,0.00037812566,0.00018841351,0.000132724,0.00014083693,0.00036012616,6.4983253e-05,0.00019634898,6.2510462e-05,0.00036183688,0.00061931514,1.0649469e-05,1.9997114e-05,1.9971799e-05,0.00035571384,0.00032595263,0.00015155076,3.330752e-05,1.5999163e-05,1.3338414e-05,1.4685232e-05,6.6754896e-06,1.335158e-06,4.0053736e-06,1.3353026e-06,4.0069245e-06
67.767768,6.5467207e-06,2.3567609e-05,0.00011783015,0.0010184214,0.00051034172,0.0047718047,0.0025227257,0.0045428954,0.00041789698,0.00023874388,0.00017286944,0.00037067487,0.00018470071,0.00013010903,0.00013806192,0.00035302794,6.3703509e-05,0.00019248227,6.127965e-05,0.00035471248,0.00060712199,1.0439798e-05,1.9603438e-05,1.9578581e-05,0.00034870473,0.00031953088,0.00014856665,3.265178e-05,1.5684196e-05,1.3075835e-05,1.4396158e-05,6.5440854e-06,1.3088761e-06,3.9265296e-06,1.309018e-06,3.9280521e-06
67.867868,6.4177515e-06,2.3103331e-05,0.0001155089,0.00099835839,0.00050028767,0.0046777937,0.0024730216,0.0044533814,0.00040966226,0.00023403858,0.00016946135,0.00036336499,0.00018105813,0.0001275435,0.0001353394,0.00034606401,6.2447959e-05,0.00018868866,6.0072104e-05,0.00034772276,0.00059515932,1.0234091e-05,1.9217203e-05,1.9192796e-05,0.00034182818,0.00031323057,0.00014563895,3.2008433e-05,1.5375182e-05,1.281822e-05,1.4112547e-05,6.4151646e-06,1.2830908e-06,3.8491757e-06,1.2832302e-06,3.8506703e-06
67.967968,6.2911985e-06,2.2647751e-05,0.00011323115,0.00097867124,0.00049042196,0.0045855438,0.0024242485,0.0043655439,0.00040158182,0.00022942145,0.00016611714,0.00035619215,0.00017748384,0.00012502608,0.00013266791,0.00033923067,6.121594e-05,0.00018496615,5.8887186e-05,0.00034086402,0.0005834208,1.0032237e-05,1.8838204e-05,1.8814239e-05,0.00033508057,0.00030704837,0.00014276611,3.1377142e-05,1.5071958e-05,1.2565431e-05,1.383425e-05,6.2886592e-06,1.2577887e-06,3.773271e-06,1.2579255e-06,3.7747383e-06
68.068068,6.1669938e-06,2.2200625e-05,0.00011099565,0.00095934937,0.0004807393,0.0044950053,0.0023763801,0.0042793356,0.00039365132,0.00022489001,0.00016283501,0.00034915249,0.00017397592,0.00012255539,0.00013004604,0.00033252423,6.0006789e-05,0.00018131273,5.7724259e-05,0.00033413256,0.00057190012,9.8341298e-06,1.8466238e-05,1.8442708e-05,0.00032845825,0.00030098096,0.00013994659,3.0757565e-05,1.4774361e-05,1.2317333e-05,1.3561117e-05,6.1645012e-06,1.232956e-06,3.6987748e-06,1.2330903e-06,3.7002151e-06
68.168168,6.045069e-06,2.1761706e-05,0.0001088012,0.00094038216,0.00047123435,0.0044061284,0.0023293901,0.0041947092,0.00038586639,0.00022044178,0.00015961316,0.00034224211,0.00017053243,0.00012013008,0.00012747231,0.000325941,5.8819839e-05,0.0001777264,5.6582682e-05,0.00032752469,0.00056059094,9.6396595e-06,1.8101101e-05,1.8077998e-05,0.00032195757,0.00029502498,0.00013717883,3.0149363e-05,1.4482227e-05,1.2073789e-05,1.3292998e-05,6.0426222e-06,1.2085792e-06,3.6256461e-06,1.208711e-06,3.62706e-06
68.268268,5.9253761e-06,2.1330822e-05,0.00010664691,0.00092176217,0.00046190339,0.0043188782,0.00228326,0.0041116312,0.00037822397,0.00021607499,0.00015645031,0.0003354583,0.00016715201,0.00011774919,0.00012494574,0.00031947838,5.7654625e-05,0.00017420573,5.5462008e-05,0.00032103781,0.00054948883,9.4487496e-06,1.7742649e-05,1.7719965e-05,0.00031557596,0.0002891781,0.00013446175,2.9552296e-05,1.4195441e-05,1.1834704e-05,1.3029787e-05,5.9229745e-06,1.1846487e-06,3.5538561e-06,1.1847781e-06,3.555244e-06
68.368368,5.808988e-06,2.0911835e-05,0.00010455211,0.0009036563,0.00045283011,0.0042340379,0.0022384045,0.0040308496,0.00037079275,0.00021182892,0.00015337497,0.00032886235,0.00016386521,0.0001154342,0.00012248909,0.0003131948,5.652162e-05,0.00017078239,5.4372297e-05,0.00031473015,0.0005386934,9.2631138e-06,1.7394096e-05,1.7371823e-05,0.000309371,0.00028349299,0.00013181975,2.8971721e-05,1.3916576e-05,1.1602222e-05,1.2773844e-05,5.8066305e-06,1.1613789e-06,3.4840484e-06,1.1615059e-06,3.4854109e-06
68.468468,5.6949015e-06,2.0501134e-05,0.00010249873,0.00088590847,0.00044393624,0.0041508752,0.0021944359,0.0039516653,0.00036350851,0.00020766685,0.00015036049,0.00032239697,0.00016064347,0.00011316503,0.00012008107,0.00030703564,5.5411031e-05,0.00016742676,5.3304141e-05,0.00030854727,0.00052811149,9.0811496e-06,1.7052438e-05,1.7030567e-05,0.00030328886,0.00027792041,0.00012923002,2.8402629e-05,1.3643226e-05,1.1374338e-05,1.2522962e-05,5.6925872e-06,1.1385693e-06,3.4156211e-06,1.138694e-06,3.4169587e-06
68.568569,5.5830688e-06,2.0098545e-05,0.00010048591,0.00086851126,0.00043521807,0.0040693553,0.0021513359,0.0038740452,0.0003563682,0.00020358704,0.00014740561,0.00031605944,0.00015748546,0.00011094073,0.00011772068,0.00030099833,5.4322394e-05,0.00016413747,5.2257094e-05,0.00030248656,0.00051773868,8.9027811e-06,1.671753e-05,1.6696055e-05,0.000297327,0.00027245802,0.00012669146,2.7844782e-05,1.3375276e-05,1.1150955e-05,1.2277037e-05,5.5807969e-06,1.1162103e-06,3.3485457e-06,1.1163327e-06,3.3498589e-06
68.668669,5.4734429e-06,1.9703902e-05,9.8512819e-05,0.00085145736,0.00042667194,0.0039894441,0.0021090863,0.0037979568,0.00034936881,0.00019958778,0.00014450909,0.00030984712,0.00015438983,0.00010876037,0.00011540691,0.00029508031,5.325525e-05,0.00016091311,5.1230714e-05,0.00029654549,0.00050757061,8.7279333e-06,1.6389231e-05,1.6368145e-05,0.00029148292,0.00026710351,0.00012420302,2.7297945e-05,1.3112616e-05,1.0931982e-05,1.2035965e-05,5.4712128e-06,1.0942925e-06,3.282794e-06,1.0944127e-06,3.2840831e-06
68.768769,5.3659777e-06,1.9317036e-05,9.6578611e-05,0.00083473955,0.00041829423,0.0039111077,0.0020676693,0.0037233678,0.0003425074,0.00019566737,0.00014166969,0.00030375735,0.00015135528,0.00010662302,0.00011313878,0.00028927909,5.2209147e-05,0.00015775233,5.0224569e-05,0.00029072154,0.00049760298,8.5565322e-06,1.6067404e-05,1.6046699e-05,0.00028575413,0.00026185463,0.00012176363,2.6761887e-05,1.2855132e-05,1.0717324e-05,1.1799644e-05,5.3637885e-06,1.0728067e-06,3.2183382e-06,1.0729247e-06,3.2196037e-06
68.868869,5.2606272e-06,1.8937784e-05,9.4682466e-05,0.00081835073,0.00041008138,0.0038343127,0.0020270673,0.0036502465,0.00033578104,0.00019182414,0.00013888622,0.00029778754,0.00014838051,0.00010452776,0.00011091534,0.00028359218,5.1183641e-05,0.00015465378,4.923823e-05,0.00028501223,0.00048783154,8.3885048e-06,1.5751911e-05,1.573158e-05,0.00028013819,0.00025670913,0.00011937227,2.623638e-05,1.2602716e-05,1.0506892e-05,1.1567974e-05,5.2584782e-06,1.0517438e-06,3.1551508e-06,1.0518596e-06,3.1563932e-06
68.968969,5.1573463e-06,1.8565982e-05,9.282357e-05,0.00080228386,0.00040202986,0.0037590264,0.0019872629,0.0035785616,0.00032918684,0.00018805645,0.00013615747,0.00029193513,0.00014546425,0.00010247371,0.00010873562,0.00027801714,5.017829e-05,0.00015161613,4.8271272e-05,0.00027941512,0.0004782521,8.2237791e-06,1.5442617e-05,1.5422654e-05,0.00027463269,0.00025166481,0.0001170279,2.5721198e-05,1.2355259e-05,1.0300593e-05,1.1340856e-05,5.1552368e-06,1.0310946e-06,3.0932048e-06,1.0312083e-06,3.0944245e-06
69.069069,5.0560904e-06,1.8201469e-05,9.1001121e-05,0.00078653201,0.00039413621,0.0036852161,0.0019482388,0.0035082822,0.00032272195,0.00018436265,0.00013348225,0.00028619757,0.00014260522,0.00010045996,0.00010659867,0.00027255154,4.9192659e-05,0.00014863806,4.7323278e-05,0.00027392777,0.00046886051,8.0622837e-06,1.5139387e-05,1.5119786e-05,0.00026923525,0.00024671947,0.0001147295,2.5216119e-05,1.2112655e-05,1.009834e-05,1.111819e-05,5.0540197e-06,1.0108503e-06,3.0324734e-06,1.0109619e-06,3.0336707e-06
69.169169,4.9568152e-06,1.7844087e-05,8.9214323e-05,0.00077108829,0.00038639697,0.0036128496,0.0019099781,0.0034393776,0.00031638356,0.00018074115,0.00013085942,0.00028057237,0.00013980218,9.8485648e-05,0.00010450357,0.00026719301,4.8226319e-05,0.00014571827,4.6393835e-05,0.00026854779,0.00045965269,7.9039483e-06,1.484209e-05,1.4822843e-05,0.00026394349,0.00024187095,0.00011247609,2.4720922e-05,1.1874797e-05,9.9000431e-06,1.0899881e-05,4.9547826e-06,9.9100206e-07,2.97293e-06,9.9111165e-07,2.9741055e-06
69.269269,4.8594773e-06,1.7493679e-05,8.746239e-05,0.00075594593,0.00037880875,0.0035418952,0.0018724639,0.0033718174,0.00031016886,0.00017719034,0.00012828779,0.00027505704,0.00013705389,9.654989e-05,0.00010244939,0.00026193917,4.7278843e-05,0.00014285548,4.5482533e-05,0.00026327283,0.00045062457,7.7487031e-06,1.4550595e-05,1.4531697e-05,0.00025875509,0.00023711712,0.00011026666,2.423539e-05,1.1641581e-05,9.7056162e-06,1.0685831e-05,4.857482e-06,9.7154111e-07,2.9145486e-06,9.7164869e-07,2.9157025e-06
69.369369,4.7640332e-06,1.7150088e-05,8.5744545e-05,0.00074109818,0.00037136816,0.0034723213,0.0018356796,0.0033055718,0.00030407511,0.00017370865,0.00012576624,0.00026964913,0.00013435913,9.4651829e-05,0.00010043521,0.00025678768,4.634981e-05,0.00014004842,4.4588966e-05,0.00025810052,0.00044177215,7.596479e-06,1.4264772e-05,1.4246216e-05,0.00025366774,0.00023245587,0.00010810023,2.3759306e-05,1.1412903e-05,9.5149727e-06,1.0475946e-05,4.7620746e-06,9.5245881e-07,2.857303e-06,9.5256442e-07,2.8584358e-06
69.469469,4.6704401e-06,1.6813161e-05,8.4060014e-05,0.00072653839,0.00036407187,0.0034040967,0.0017996087,0.003240611,0.00029809955,0.00017029451,0.00012329363,0.00026434619,0.00013171669,9.279061e-05,9.8460135e-05,0.00025173622,4.5438803e-05,0.00013729582,4.3712733e-05,0.00025302855,0.00043309144,7.4472078e-06,1.3984493e-05,1.3966273e-05,0.00024867915,0.00022788508,0.00010597583,2.3292456e-05,1.1188661e-05,9.3280267e-06,1.0270132e-05,4.6685176e-06,9.337466e-07,2.8011677e-06,9.3385028e-07,2.8022798e-06
69.56957,4.5786555e-06,1.6482745e-05,8.2408034e-05,0.00071225994,0.00035691658,0.0033371904,0.0017642348,0.0031769054,0.00029223949,0.00016694636,0.00012086883,0.00025914582,0.00012912535,9.0965385e-05,9.6523257e-05,0.00024678248,4.4545407e-05,0.00013459643,4.2853437e-05,0.00024805461,0.0004245785,7.3008215e-06,1.3709631e-05,1.3691741e-05,0.00024378704,0.00022340269,0.00010389249,2.2834629e-05,1.0968752e-05,9.1446934e-06,1.0068295e-05,4.5767684e-06,9.1539597e-07,2.7461172e-06,9.1549775e-07,2.7472088e-06
69.66967,4.4886372e-06,1.6158687e-05,8.0787845e-05,0.00069825626,0.00034989898,0.0032715717,0.0017295417,0.0031144259,0.00028649221,0.00016366267,0.00011849072,0.00025404561,0.00012658394,8.9175314e-05,9.4623685e-05,0.0002419242,4.366921e-05,0.00013194901,4.2010681e-05,0.00024317641,0.00041622941,7.1572529e-06,1.3440059e-05,1.3422493e-05,0.00023898916,0.00021900663,0.00010184925,2.2385613e-05,1.0753076e-05,8.9648885e-06,9.870342e-06,4.4867849e-06,8.9739849e-07,2.692126e-06,8.9749841e-07,2.6931977e-06
69.76977,4.4003434e-06,1.5840837e-05,7.9198693e-05,0.00068452085,0.00034301581,0.00320721,0.0016955132,0.0030531434,0.00028085506,0.00016044191,0.0001161582,0.0002490432,0.00012409125,8.7419562e-05,9.2760533e-05,0.00023715908,4.2809806e-05,0.00012935233,4.1184073e-05,0.00023839169,0.00040804029,7.016435e-06,1.3175651e-05,1.3158403e-05,0.00023428327,0.00021469484,9.9845166e-05,2.1945201e-05,1.0541531e-05,8.7885282e-06,9.6761813e-06,4.3985252e-06,8.7974579e-07,2.6391692e-06,8.7984388e-07,2.6402212e-06
69.86987,4.3137324e-06,1.5529044e-05,7.7639828e-05,0.00067104722,0.00033626384,0.0031440751,0.0016621332,0.0029930291,0.00027532536,0.00015728256,0.00011387016,0.0002441362,0.00012164611,8.5697299e-05,9.0932921e-05,0.00023248489,4.1966787e-05,0.00012680515,4.0373224e-05,0.00023369817,0.00040000728,6.8783015e-06,1.2916283e-05,1.2899348e-05,0.00022966715,0.0002104653,9.7879289e-05,2.1513183e-05,1.0334019e-05,8.6155295e-06,9.4857213e-06,4.3119476e-06,8.6242953e-07,2.5872217e-06,8.6252582e-07,2.5882544e-06
69.96997,4.2287627e-06,1.5223161e-05,7.6110506e-05,0.00065782893,0.00032963982,0.0030821368,0.0016293859,0.0029340542,0.00026990047,0.0001541831,0.00011162551,0.00023932228,0.00011924736,8.4007699e-05,8.9139971e-05,0.00022789937,4.113975e-05,0.00012430626,3.9577744e-05,0.00022909363,0.00039212652,6.7427862e-06,1.2661831e-05,1.2645204e-05,0.00022513858,0.00020631596,9.5950677e-05,2.1089354e-05,1.013044e-05,8.4458096e-06,9.2988707e-06,4.2270109e-06,8.4544145e-07,2.5362587e-06,8.4553597e-07,2.5372724e-06
70.07007,4.1453931e-06,1.4923038e-05,7.4609984e-05,0.00064485957,0.00032314056,0.0030213649,0.0015972554,0.0028761901,0.00026457776,0.00015114203,0.00010942315,0.00023459908,0.00011689381,8.2349939e-05,8.7380812e-05,0.00022340029,4.0328294e-05,0.00012185445,3.8797248e-05,0.00022457581,0.00038439419,6.6098233e-06,1.2412172e-05,1.2395846e-05,0.00022069537,0.00020224482,9.4058393e-05,2.0673507e-05,9.9306945e-06,8.2792859e-06,9.1155389e-06,4.1436736e-06,8.2877328e-07,2.4862554e-06,8.2886607e-07,2.4872505e-06
70.17017,4.0635826e-06,1.4628527e-05,7.3137522e-05,0.00063213275,0.00031676284,0.0029617296,0.0015657259,0.0028194083,0.00025935461,0.00014815784,0.00010726201,0.00022996428,0.00011458431,8.0723202e-05,8.5654574e-05,0.00021898543,3.9532018e-05,0.0001194485,3.803135e-05,0.0002201425,0.00037680648,6.4793473e-06,1.2167181e-05,1.2151152e-05,0.0002163353,0.00019824986,9.2201504e-05,2.0265438e-05,9.7346849e-06,8.1158765e-06,8.9356356e-06,4.0618948e-06,8.1241681e-07,2.4371872e-06,8.125079e-07,2.438164e-06
70.27027,3.9832901e-06,1.4339481e-05,7.1692382e-05,0.00061964209,0.00031050347,0.002903201,0.0015347815,0.0027636805,0.0002542284,0.00014522905,0.00010514098,0.00022541554,0.0001123177,7.912667e-05,8.396039e-05,0.00021465257,3.8750522e-05,0.00011708721,3.7279667e-05,0.00021579146,0.00036935959,6.3512927e-06,1.1926737e-05,1.1910999e-05,0.0002120562,0.00019432907,9.0379078e-05,1.9864942e-05,9.5423128e-06,7.9554995e-06,8.7590705e-06,3.9816336e-06,7.9636386e-07,2.3890295e-06,7.9645327e-07,2.3899884e-06
70.37037,3.9044748e-06,1.4055753e-05,7.027383e-05,0.00060738122,0.00030435926,0.0028457494,0.0015044065,0.0027089783,0.00024919651,0.00014235415,0.000103059,0.00022095054,0.00011009282,7.7559527e-05,8.2297395e-05,0.00021039949,3.7983407e-05,0.00011476938,3.6541815e-05,0.00021152049,0.00036204972,6.2255943e-06,1.1690716e-05,1.1675265e-05,0.00020785587,0.00019048046,8.8590187e-05,1.9471814e-05,9.35348e-06,7.7980731e-06,8.5857538e-06,3.9028489e-06,7.8060624e-07,2.3417577e-06,7.80694e-07,2.342699e-06
70.47047,3.8273323e-06,1.3778046e-05,6.8885385e-05,0.00059538059,0.00029834546,0.002789517,0.0014746761,0.0026554369,0.00024427144,0.00013954031,0.00010102125,0.00021658044,0.00010791523,7.6025688e-05,8.0669743e-05,0.00020623684,3.7232585e-05,0.00011250076,3.581963e-05,0.0002073402,0.00035489504,6.1025646e-06,1.1459706e-05,1.1444536e-05,0.00020374481,0.00018671362,8.6839282e-05,1.9087033e-05,9.1686558e-06,7.6439885e-06,8.4161158e-06,3.8257364e-06,7.6518308e-07,2.2954894e-06,7.6526923e-07,2.2964133e-06
70.570571,3.7520099e-06,1.3506892e-05,6.75297e-05,0.00058366308,0.00029247352,0.0027346109,0.0014456468,0.002603158,0.00023946261,0.00013679291,9.9031644e-05,0.00021231364,0.00010578912,7.4528099e-05,7.9080562e-05,0.00020217264,3.6499493e-05,0.00011028573,3.5114494e-05,0.00020325859,0.00034790923,5.9824389e-06,1.1234148e-05,1.1219253e-05,0.00019973093,0.00018303581,8.5129713e-05,1.8711333e-05,8.9881935e-06,7.4935401e-06,8.2504807e-06,3.7504435e-06,7.5012384e-07,2.2503128e-06,7.5020842e-07,2.2512198e-06
70.670671,3.6781652e-06,1.3241058e-05,6.6200609e-05,0.00057217545,0.00028671678,0.002680782,0.001417187,0.0025519047,0.00023474814,0.00013409943,9.7081101e-05,0.00020813063,0.00010370476,7.3059915e-05,7.7522588e-05,0.00019818828,3.578079e-05,0.00010811416,3.4423194e-05,0.00019925707,0.0003410605,5.8646703e-06,1.1013016e-05,1.0998391e-05,0.00019579588,0.0001794302,8.3453691e-05,1.8343004e-05,8.8112718e-06,7.3460433e-06,8.088095e-06,3.6766277e-06,7.3536003e-07,2.2060224e-06,7.3544306e-07,2.2069128e-06
70.770771,3.6057687e-06,1.2980437e-05,6.4897584e-05,0.00056091311,0.00028107295,0.0026280088,0.0013892855,0.0025016568,0.00023012614,0.0001314588,9.5168841e-05,0.00020402974,0.00010166133,7.1620552e-05,7.5995197e-05,0.00019428216,3.5076187e-05,0.0001059852,3.3745456e-05,0.00019533405,0.00033434611,5.7492118e-06,1.079622e-05,1.0781861e-05,0.00019193807,0.00017589537,8.181055e-05,1.79819e-05,8.6378202e-06,7.2014394e-06,7.928894e-06,3.6042596e-06,7.2088577e-07,2.1626007e-06,7.2096727e-07,2.1634747e-06
70.870871,3.5347915e-06,1.2724925e-05,6.3620105e-05,0.00054987156,0.00027553976,0.0025762703,0.0013619309,0.0024523941,0.00022559478,0.00012886996,9.3294098e-05,0.00020000933,9.9658002e-05,7.0209432e-05,7.449778e-05,0.00019045271,3.4385405e-05,0.000103898,3.3081008e-05,0.00019148796,0.00032776338,5.6360172e-06,1.0583676e-05,1.0569577e-05,0.00018815596,0.0001724299,8.0199632e-05,1.7627877e-05,8.4677695e-06,7.0596708e-06,7.7728141e-06,3.5333102e-06,7.0669528e-07,2.1200303e-06,7.0677529e-07,2.1208882e-06
70.970971,3.4652052e-06,1.247442e-05,6.2367659e-05,0.00053904639,0.00027011501,0.0025255458,0.0013351125,0.002404097,0.00022115224,0.00012633187,9.1456121e-05,0.00019606778,9.7693972e-05,6.882599e-05,7.3029735e-05,0.0001866984,3.3708166e-05,0.00010185171,3.2429584e-05,0.00018771726,0.00032130966,5.5250414e-06,1.0375297e-05,1.0361454e-05,0.00018444805,0.00016903239,7.8620292e-05,1.7280792e-05,8.3010515e-06,6.9206804e-06,7.619793e-06,3.4637512e-06,6.9278287e-07,2.0782941e-06,6.9286141e-07,2.0791363e-06
71.071071,3.3969817e-06,1.2228821e-05,6.1139743e-05,0.00052843324,0.0002647965,0.0024758148,0.0013088195,0.002356746,0.00021679673,0.00012384351,8.9654168e-05,0.00019220351,9.5768451e-05,6.7469668e-05,7.1590469e-05,0.00018301772,3.3044196e-05,9.9845521e-05,3.1790922e-05,0.00018402043,0.00031498238,5.4162395e-06,1.0170999e-05,1.0157407e-05,0.00018081283,0.00016570149,7.7071894e-05,1.6940507e-05,8.1375991e-06,6.7844125e-06,7.4697688e-06,3.3955546e-06,6.7914295e-07,2.0373753e-06,6.7922005e-07,2.0382021e-06
71.171171,3.3300935e-06,1.198803e-05,5.9935861e-05,0.00051802782,0.0002595821,0.0024270572,0.0012830411,0.0023103221,0.00021252648,0.00012140388,8.788751e-05,0.00018841495,9.3880657e-05,6.6139916e-05,7.0179401e-05,0.00017940918,3.2393228e-05,9.7878614e-05,3.1164764e-05,0.00018039598,0.00030877895,5.3095676e-06,9.970701e-06,9.957356e-06,0.00017724883,0.00016243583,7.5553811e-05,1.6606882e-05,7.9773462e-06,6.6508119e-06,7.3226811e-06,3.3286928e-06,6.6577e-07,1.9972574e-06,6.6584569e-07,1.998069e-06
71.271271,3.2645135e-06,1.1751947e-05,5.8755522e-05,0.00050782589,0.00025446969,0.0023792533,0.0012577669,0.0022648063,0.00020833978,0.00011901198,8.6155428e-05,0.00018470056,9.2029823e-05,6.4836195e-05,6.8795956e-05,0.00017587129,3.1754997e-05,9.5950191e-05,3.0550855e-05,0.00017684242,0.00030269687,5.2049822e-06,9.7743204e-06,9.7612178e-06,0.0001737546,0.00015923409,7.4065426e-05,1.6279783e-05,7.8202278e-06,6.5198243e-06,7.1784701e-06,3.2631386e-06,6.5265859e-07,1.9579241e-06,6.5273288e-07,1.9587208e-06
71.371371,3.2002147e-06,1.1520477e-05,5.7598246e-05,0.0004978233,0.00024945716,0.0023323835,0.0012329867,0.00222018,0.00020423489,0.00011666684,8.4457213e-05,0.00018105882,9.021519e-05,6.3557968e-05,6.7439566e-05,0.00017240262,3.1129242e-05,9.4059462e-05,2.9948943e-05,0.00017335832,0.00029673364,5.1024408e-06,9.5817772e-06,9.5689126e-06,0.0001703287,0.00015609496,7.2606131e-05,1.5959077e-05,7.6661795e-06,6.3913962e-06,7.0370767e-06,3.1988653e-06,6.3980336e-07,1.9193594e-06,6.3987629e-07,1.9201415e-06
71.471471,3.1371709e-06,1.1293525e-05,5.6463555e-05,0.00048801593,0.00024454247,0.0022864285,0.0012086902,0.002176425,0.00020021014,0.00011436748,8.2792166e-05,0.00017748822,8.843601e-05,6.2304711e-05,6.6109674e-05,0.00016900173,3.0515704e-05,9.220565e-05,2.9358782e-05,0.00016994223,0.00029088682,5.0019009e-06,9.3929922e-06,9.3803613e-06,0.00016696974,0.00015301715,7.1175324e-05,1.564463e-05,7.515138e-06,6.2654748e-06,6.8984429e-06,3.1358464e-06,6.2719901e-07,1.8815473e-06,6.272706e-07,1.882315e-06
71.571572,3.0753558e-06,1.1070996e-05,5.535098e-05,0.00047839972,0.00023972358,0.0022413694,0.0011848674,0.0021335231,0.00019626386,0.00011211296,8.1159595e-05,0.00017398729,8.6691545e-05,6.1075903e-05,6.4805726e-05,0.00016566721,2.991413e-05,9.0387984e-05,2.8780127e-05,0.00016659273,0.00028515398,4.903321e-06,9.2078872e-06,9.1954857e-06,0.0001636763,0.00014999938,6.9772414e-05,1.5336313e-05,7.3670406e-06,6.1420078e-06,6.7625111e-06,3.0740557e-06,6.1484034e-07,1.8444722e-06,6.1491061e-07,1.8452258e-06
71.671672,3.0147436e-06,1.0852797e-05,5.4260057e-05,0.00046897065,0.00023499848,0.0021971873,0.0011615084,0.0020914565,0.0001923944,0.00010990233,7.9558819e-05,0.00017055456,8.4981064e-05,5.9871029e-05,6.3527178e-05,0.00016239767,2.9324269e-05,8.8605706e-05,2.8212735e-05,0.00016330844,0.00027953271,4.80666e-06,9.0263848e-06,9.0142087e-06,0.00016044702,0.00014704038,6.8396813e-05,1.5033997e-05,7.2218257e-06,6.0209437e-06,6.6292248e-06,3.0134676e-06,6.0272217e-07,1.8081186e-06,6.0279116e-07,1.8088583e-06
71.771772,2.9553088e-06,1.0638837e-05,5.3190325e-05,0.00045972474,0.00023036517,0.0021538636,0.0011386032,0.0020502074,0.00018860012,0.00010773466,7.7989161e-05,0.00016718858,8.3303846e-05,5.8689581e-05,6.227349e-05,0.00015919171,2.874587e-05,8.6858065e-05,2.7656369e-05,0.00016008796,0.00027402067,4.711877e-06,8.8484086e-06,8.8364539e-06,0.00015728053,0.00014413891,6.7047941e-05,1.4737554e-05,7.0794319e-06,5.9022316e-06,6.4985276e-06,2.9540564e-06,5.9083941e-07,1.7724712e-06,5.9090713e-07,1.7731973e-06
71.871872,2.8970263e-06,1.0429025e-05,5.2141331e-05,0.00045065809,0.0002258217,0.00211138,0.0011161422,0.0020097584,0.00018487943,0.00010560903,7.6449954e-05,0.00016388792,8.1659177e-05,5.7531058e-05,6.1044128e-05,0.00015604799,2.817869e-05,8.5144318e-05,2.7110791e-05,0.00015692993,0.0002686155,4.6189318e-06,8.673883e-06,8.6621457e-06,0.00015417548,0.00014129373,6.5725227e-05,1.4446859e-05,6.9397989e-06,5.785821e-06,6.3703642e-06,2.895797e-06,5.7918701e-07,1.7375148e-06,5.7925348e-07,1.7382276e-06
71.971972,2.8398708e-06,1.022327e-05,5.1112625e-05,0.00044176679,0.0002213661,0.0020697181,0.0010941158,0.0019700921,0.00018123072,0.00010352453,7.4940536e-05,0.00016065116,8.0046348e-05,5.6394959e-05,5.9838564e-05,0.00015296514,2.7622483e-05,8.3463727e-05,2.6575766e-05,0.00015383299,0.00026331488,4.5277845e-06,8.502733e-06,8.4912092e-06,0.00015113054,0.00013850362,6.4428101e-05,1.4161787e-05,6.8028665e-06,5.6716618e-06,6.2446794e-06,2.8386643e-06,5.6775996e-07,1.7032346e-06,5.6782522e-07,1.7039342e-06
72.072072,2.7838178e-06,1.0021484e-05,5.0103759e-05,0.00043304698,0.00021699645,0.00202886,0.0010725145,0.0019311913,0.0001776524,0.00010148026,7.3460252e-05,0.00015747689,7.846466e-05,5.5280793e-05,5.8656273e-05,0.00014994182,2.7077009e-05,8.1815564e-05,2.6051064e-05,0.00015079579,0.00025811651,4.4383956e-06,8.3348845e-06,8.3235703e-06,0.00014814438,0.00013576737,6.3156e-05,1.3882214e-05,6.6685756e-06,5.5597047e-06,6.1214188e-06,2.7826336e-06,5.5655332e-07,1.6696155e-06,5.5661737e-07,1.6703022e-06
72.172172,2.7288425e-06,9.8235782e-06,4.9114293e-05,0.00042449485,0.00021271084,0.0019887878,0.0010513286,0.0018930389,0.00017414292,9.9475302e-05,7.2008451e-05,0.00015436372,7.6913416e-05,5.4188068e-05,5.7496736e-05,0.00014697671,2.6542027e-05,8.0199104e-05,2.5536453e-05,0.00014781701,0.00025301812,4.3507257e-06,8.1702637e-06,8.1591555e-06,0.0001452157,0.00013308377,6.1908366e-05,1.3608018e-05,6.536867e-06,5.4499005e-06,6.0005283e-06,2.7276802e-06,5.4556216e-07,1.6366428e-06,5.4562503e-07,1.6373169e-06
72.272272,2.6749206e-06,9.6294641e-06,4.8143785e-05,0.00041610659,0.00020850735,0.0019494835,0.001030549,0.0018556181,0.00017070071,9.7508782e-05,7.0584487e-05,0.00015131025,7.5391925e-05,5.3116298e-05,5.6359436e-05,0.00014406847,2.6017301e-05,7.861363e-05,2.5031705e-05,0.00014489532,0.00024801743,4.264736e-06,8.0087975e-06,7.9978915e-06,0.00014234318,0.00013045164,6.0684645e-05,1.3339075e-05,6.4076823e-06,5.3422003e-06,5.8819542e-06,2.6737798e-06,5.347816e-07,1.6043019e-06,5.3484331e-07,1.6049636e-06
72.372372,2.6220278e-06,9.4390546e-06,4.7191801e-05,0.00040787844,0.0002043841,0.0019109297,0.0010101661,0.0018189121,0.00016732422,9.5579809e-05,6.9187718e-05,0.00014831513,7.3899502e-05,5.2065001e-05,5.5243861e-05,0.00014121581,2.5502593e-05,7.7058426e-05,2.4536592e-05,0.0001420294,0.00024311219,4.1803877e-06,7.8504132e-06,7.839706e-06,0.00013952553,0.00012786977,5.9484285e-05,1.3075267e-05,6.2809633e-06,5.2365557e-06,5.7656431e-06,2.6209081e-06,5.2420679e-07,1.5725783e-06,5.2426737e-07,1.5732278e-06
72.472472,2.57014e-06,9.252263e-06,4.6257904e-05,0.00039980663,0.00020033921,0.0018731086,0.00099017078,0.001782904,0.00016401191,9.3687502e-05,6.7817506e-05,0.00014537696,7.2435464e-05,5.1033695e-05,5.41495e-05,0.00013841741,2.4997668e-05,7.5532784e-05,2.4050889e-05,0.00013921795,0.00023830017,4.0976424e-06,7.6950386e-06,7.6845265e-06,0.00013676146,0.000125337,5.8306738e-05,1.2816472e-05,6.1566523e-06,5.1329186e-06,5.6515421e-06,2.569041e-06,5.138329e-07,1.5414574e-06,5.1389237e-07,1.542095e-06
72.572573,2.5192331e-06,9.0690028e-06,4.5341664e-05,0.00039188744,0.00019637081,0.0018360028,0.00097055373,0.0017475773,0.00016076224,9.1830986e-05,6.6473215e-05,0.0001424944,7.0999131e-05,5.0021903e-05,5.3075846e-05,0.00013567197,2.4502294e-05,7.4035995e-05,2.3574371e-05,0.00013645966,0.00023357914,4.0164616e-06,7.5426017e-06,7.5322814e-06,0.00013404969,0.00012285215,5.715146e-05,1.256257e-05,6.0346917e-06,5.0312409e-06,5.5395982e-06,2.5181545e-06,5.0365515e-07,1.5109249e-06,5.0371351e-07,1.5115507e-06
72.672673,2.4694848e-06,8.8899132e-06,4.4446275e-05,0.00038414846,0.00019249271,0.0017997413,0.00095138288,0.0017130542,0.00015758654,9.0016748e-05,6.5159555e-05,0.00013967754,6.9595543e-05,4.9033171e-05,5.2026664e-05,0.00013298915,2.4018201e-05,7.2573294e-05,2.3108702e-05,0.00013376417,0.00022896559,3.9371291e-06,7.3936347e-06,7.3835024e-06,0.00013139974,0.00012042392,5.6022487e-05,1.2314448e-05,5.9155072e-06,4.9318776e-06,5.430202e-06,2.4684262e-06,4.9370903e-07,1.4810873e-06,4.9376632e-07,1.4817015e-06
72.772773,2.4207657e-06,8.7145287e-06,4.3569411e-05,0.00037656959,0.00018869484,0.00176423,0.00093260869,0.0016792453,0.00015447656,8.8240065e-05,6.38731e-05,0.00013691904,6.8221032e-05,4.8064918e-05,5.0999215e-05,0.00013036192,2.354413e-05,7.1140872e-05,2.265267e-05,0.00013112447,0.0002244475,3.8594382e-06,7.2477501e-06,7.2378022e-06,0.00012880468,0.00011804599,5.491688e-05,1.207146e-05,5.7987888e-06,4.8345701e-06,5.3230692e-06,2.4197266e-06,4.8396868e-07,1.451867e-06,4.8402492e-07,1.4524699e-06
72.872873,2.3730095e-06,8.5426106e-06,4.2709878e-05,0.00036914053,0.00018497205,0.0017294208,0.00091420572,0.0016461051,0.00015142807,8.6498516e-05,6.2612091e-05,0.00013421512,6.6873721e-05,4.7115821e-05,4.9992095e-05,0.00012778668,2.3079433e-05,6.9736774e-05,2.2205655e-05,0.00012853695,0.00022001874,3.7832833e-06,7.1047493e-06,7.0949824e-06,0.00012626097,0.0001157151,5.3833133e-05,1.1833276e-05,5.6843777e-06,4.7391861e-06,5.2180539e-06,2.3719896e-06,4.7442085e-07,1.4232242e-06,4.7447606e-07,1.4238161e-06
72.972973,2.3261974e-06,8.3740912e-06,4.1867337e-05,0.00036185833,0.00018132286,0.0016952998,0.00089616671,0.0016136204,0.00014843987,8.4791412e-05,6.1376032e-05,0.00013156471,6.5553077e-05,4.6185505e-05,4.9004904e-05,0.00012526243,2.2623927e-05,6.8360447e-05,2.1767479e-05,0.0001260006,0.00021567754,3.7086342e-06,6.9645758e-06,6.9549867e-06,0.00012376759,0.00011343032,5.2770817e-05,1.1599801e-05,5.5722286e-06,4.6456879e-06,5.1151147e-06,2.3251964e-06,4.6506178e-07,1.3951477e-06,4.6511597e-07,1.3957287e-06
73.073073,2.2803108e-06,8.2089034e-06,4.1041453e-05,0.00035472012,0.00017774583,0.0016618537,0.00087848449,0.0015817783,0.00014551077,8.3118074e-05,6.0164429e-05,0.00012896677,6.4258573e-05,4.5273601e-05,4.8037251e-05,0.00012278816,2.2177431e-05,6.7011343e-05,2.1337968e-05,0.00012351441,0.00021142218,3.6354612e-06,6.827174e-06,6.8177594e-06,0.00012132356,0.00011119076,5.172951e-05,1.1370942e-05,5.4622969e-06,4.5540384e-06,5.0142107e-06,2.2793283e-06,4.5588774e-07,1.3676263e-06,4.5594094e-07,1.3681965e-06
73.173173,2.2353313e-06,8.0469812e-06,4.0231897e-05,0.00034772302,0.00017423952,0.0016290689,0.00086115196,0.0015505661,0.00014263959,8.1477831e-05,5.8976797e-05,0.00012642024,6.2989689e-05,4.4379741e-05,4.7088747e-05,0.00012036286,2.1739766e-05,6.5688921e-05,2.0916951e-05,0.00012107738,0.00020725097,3.5637351e-06,6.6924887e-06,6.6832455e-06,0.0001189279,0.00010899552,5.0708796e-05,1.1146609e-05,5.3545387e-06,4.4642008e-06,4.9153014e-06,2.2343669e-06,4.4689507e-07,1.3406489e-06,4.4694728e-07,1.3412087e-06
73.273273,2.1912407e-06,7.888259e-06,3.943834e-05,0.00034086421,0.00017080252,0.0015969321,0.00084416214,0.0015199711,0.00013982518,7.9870022e-05,5.7812656e-05,0.00012392409,6.1745913e-05,4.3503564e-05,4.6159007e-05,0.00011798556,2.1310755e-05,6.4392647e-05,2.0504257e-05,0.00011868853,0.00020316221,3.4934269e-06,6.5604656e-06,6.5513907e-06,0.00011657963,0.0001068437,4.970826e-05,1.092671e-05,5.2489105e-06,4.3761388e-06,4.818347e-06,2.1902942e-06,4.3808012e-07,1.3142048e-06,4.3813137e-07,1.3147542e-06
73.373373,2.1480211e-06,7.7326723e-06,3.8660459e-05,0.00033414091,0.00016743342,0.0015654304,0.00082750809,0.0014899809,0.00013706639,7.8293989e-05,5.667153e-05,0.00012147732,6.0526736e-05,4.2644713e-05,4.5247654e-05,0.00011565529,2.0890223e-05,6.3121992e-05,2.0099717e-05,0.00011634688,0.00019915423,3.4245078e-06,6.4310508e-06,6.4221412e-06,0.0001142778,0.00010473442,4.8727497e-05,1.0711156e-05,5.1453691e-06,4.2898166e-06,4.7233079e-06,2.1470921e-06,4.2943931e-07,1.288283e-06,4.2948961e-07,1.2888223e-06
73.473473,2.1056547e-06,7.5801571e-06,3.7897935e-05,0.00032755033,0.00016413084,0.0015345507,0.00081118295,0.001460583,0.00013436208,7.6749083e-05,5.5552949e-05,0.0001190789,5.9331655e-05,4.1802833e-05,4.4354309e-05,0.00011337109,2.0477997e-05,6.1876433e-05,1.9703166e-05,0.00011405147,0.0001952254,3.3569496e-06,6.3041912e-06,6.2954438e-06,0.00011202146,0.00010266682,4.7766101e-05,1.0499858e-05,5.0438719e-06,4.2051986e-06,4.630145e-06,2.1047428e-06,4.2096907e-07,1.2628729e-06,4.2101845e-07,1.2634023e-06
73.573574,2.0641239e-06,7.4306498e-06,3.7150449e-05,0.00032108974,0.00016089341,0.0015042802,0.00079517993,0.0014317653,0.00013171113,7.5234662e-05,5.4456448e-05,0.00011672783,5.8160171e-05,4.0977573e-05,4.3478602e-05,0.000111132,2.0073904e-05,6.0655451e-05,1.9314439e-05,0.00011180134,0.00019137406,3.2907241e-06,6.1798339e-06,6.1712458e-06,0.00010980967,0.00010064004,4.6823672e-05,1.0292728e-05,4.9443768e-06,4.1222497e-06,4.5388196e-06,2.0632289e-06,4.126659e-07,1.237964e-06,4.1271437e-07,1.2384837e-06
73.673674,2.0234112e-06,7.2840876e-06,3.6417689e-05,0.00031475643,0.00015771975,0.0014746062,0.00077949228,0.0014035157,0.00012911241,7.3750087e-05,5.3381562e-05,0.00011442313,5.7011791e-05,4.0168586e-05,4.2620163e-05,0.00010893707,1.9677776e-05,5.9458531e-05,1.8933371e-05,0.00010959555,0.00018759861,3.2258035e-06,6.0579266e-06,6.0494949e-06,0.00010764149,9.8653214e-05,4.5899815e-05,1.0089679e-05,4.8468418e-06,4.0409349e-06,4.4492931e-06,2.0225327e-06,4.0452629e-07,1.2135458e-06,4.0457387e-07,1.2140559e-06
73.773774,1.9834992e-06,7.140408e-06,3.5699341e-05,0.00030854768,0.00015460853,0.0014455159,0.00076411331,0.0013758219,0.00012656483,7.2294725e-05,5.2327834e-05,0.00011216381,5.5886023e-05,3.9375526e-05,4.1778625e-05,0.00010678537,1.9289443e-05,5.8285164e-05,1.85598e-05,0.00010743316,0.00018389742,3.16216e-06,5.9384172e-06,5.9301392e-06,0.000105516,9.6705503e-05,4.4994133e-05,9.8906237e-06,4.7512254e-06,3.9612195e-06,4.3615276e-06,1.9826369e-06,3.9654677e-07,1.1896079e-06,3.9659348e-07,1.1901085e-06
73.873874,1.9443707e-06,6.999549e-06,3.4995094e-05,0.00030246083,0.00015155839,0.0014169968,0.00074903637,0.0013486722,0.00012406728,7.0867946e-05,5.1294808e-05,0.00010994889,5.478238e-05,3.8598048e-05,4.0953623e-05,0.00010467597,1.8908736e-05,5.7134841e-05,1.8193564e-05,0.00010531323,0.00018026891,3.0997662e-06,5.8212543e-06,5.8131271e-06,0.00010343227,9.4796062e-05,4.4106237e-05,9.695477e-06,4.6574863e-06,3.8830692e-06,4.275485e-06,1.9435244e-06,3.8872391e-07,1.1661399e-06,3.8876975e-07,1.1666313e-06
73.973974,1.9060086e-06,6.8614489e-06,3.4304642e-05,0.00029649319,0.00014856799,0.0013890364,0.00073425485,0.0013220545,0.00012161866,6.9469125e-05,5.028203e-05,0.0001077774,5.3700377e-05,3.7835813e-05,4.0144797e-05,0.00010260794,1.853549e-05,5.6007059e-05,1.7834504e-05,0.00010323483,0.00017671148,3.0385946e-06,5.7063864e-06,5.6984073e-06,0.0001013894,9.2924051e-05,4.3235737e-05,9.5041531e-06,4.5655834e-06,3.8064497e-06,4.1911277e-06,1.9051779e-06,3.8105426e-07,1.1431315e-06,3.8109926e-07,1.1436139e-06
74.074074,1.8683958e-06,6.7260462e-06,3.3627676e-05,0.00029064213,0.00014563601,0.0013616223,0.00071976216,0.001295957,0.00011921789,6.8097639e-05,4.9289049e-05,0.00010564837,5.2639531e-05,3.708848e-05,3.9351784e-05,0.00010058036,1.8169538e-05,5.4901315e-05,1.7482459e-05,0.00010119704,0.00017322355,2.9786182e-06,5.5937625e-06,5.5859287e-06,9.9386478e-05,9.1088637e-05,4.2382246e-05,9.3165669e-06,4.4754757e-06,3.7313268e-06,4.1084182e-06,1.8675804e-06,3.7353443e-07,1.1205726e-06,3.735786e-07,1.1210461e-06
74.174174,1.8315153e-06,6.5932797e-06,3.296389e-05,0.00028490498,0.00014276113,0.0013347421,0.00070555175,0.0012703678,0.00011686388,6.6752866e-05,4.8315415e-05,0.00010356083,5.1599362e-05,3.635571e-05,3.8574225e-05,9.8592306e-05,1.7810714e-05,5.3817109e-05,1.713727e-05,9.9198932e-05,0.00016980355,2.9198097e-06,5.4833315e-06,5.4756406e-06,9.7422586e-05,8.9288988e-05,4.1545376e-05,9.1326336e-06,4.3871227e-06,3.6576667e-06,4.027319e-06,1.830715e-06,3.66161e-07,1.0984529e-06,3.6620436e-07,1.0989176e-06
74.274274,1.7953502e-06,6.4630885e-06,3.2312979e-05,0.00027927912,0.00013994201,0.0013083833,0.00069161706,0.0012452753,0.00011455554,6.5434188e-05,4.7360678e-05,0.00010151382,5.0579389e-05,3.5637166e-05,3.7811763e-05,9.664286e-05,1.7458852e-05,5.2753942e-05,1.6798779e-05,9.7239591e-05,0.00016644989,2.8621422e-06,5.3750428e-06,5.3674922e-06,9.5496824e-05,8.7524276e-05,4.0724745e-05,8.9522685e-06,4.3004835e-06,3.5854355e-06,3.9477929e-06,1.7945647e-06,3.589306e-07,1.0767623e-06,3.5897316e-07,1.0772184e-06
74.374374,1.7598835e-06,6.3354115e-06,3.1674639e-05,0.00027376192,0.00013717733,0.0012825337,0.00067795155,0.0012206675,0.0001122918,6.4140987e-05,4.6424393e-05,9.9506388e-05,4.9579133e-05,3.4932511e-05,3.7064039e-05,9.4731108e-05,1.7113789e-05,5.1711315e-05,1.6466826e-05,9.53181e-05,0.00016316101,2.8055886e-06,5.2688457e-06,5.2614328e-06,9.3608288e-05,8.5793671e-05,3.9919966e-05,8.7753871e-06,4.2155178e-06,3.5145994e-06,3.8698027e-06,1.7591125e-06,3.5183984e-07,1.0554905e-06,3.5188161e-07,1.0559382e-06
74.474474,1.7250983e-06,6.2101879e-06,3.1048566e-05,0.00026835073,0.00013446579,0.0012571808,0.00066454871,0.0011965328,0.00011007157,6.2872645e-05,4.550611e-05,9.753756e-05,4.8598116e-05,3.4241406e-05,3.6330696e-05,9.2856135e-05,1.677536e-05,5.0688731e-05,1.6141253e-05,9.343354e-05,0.00015993534,2.7501218e-06,5.1646894e-06,5.1574118e-06,9.1756075e-05,8.4096347e-05,3.9130655e-05,8.6019051e-06,4.1321848e-06,3.4451245e-06,3.7933111e-06,1.7243415e-06,3.4488533e-07,1.0346275e-06,3.4492633e-07,1.035067e-06
74.574575,1.6909777e-06,6.0873568e-06,3.0434453e-05,0.00026304292,0.00013180605,0.0012323124,0.000651402,0.0011728593,0.00010789377,6.1628544e-05,4.4605382e-05,9.560638e-05,4.7635858e-05,3.3563516e-05,3.5611375e-05,9.1017024e-05,1.6443399e-05,4.9685691e-05,1.5821902e-05,9.1584993e-05,0.00015677131,2.695715e-06,5.0625233e-06,5.0553785e-06,8.993928e-05,8.2431477e-05,3.835643e-05,8.4317381e-06,4.0504442e-06,3.376977e-06,3.718281e-06,1.6902349e-06,3.3806369e-07,1.0141631e-06,3.3810394e-07,1.0145945e-06
74.674675,1.6575047e-06,5.9668571e-06,2.9831998e-05,0.00025783586,0.0001291968,0.0012079161,0.00063850487,0.0011496353,0.00010575731,6.0408065e-05,4.372176e-05,9.3711884e-05,4.6691881e-05,3.2898502e-05,3.4905719e-05,8.921286e-05,1.6117741e-05,4.8701698e-05,1.5508614e-05,8.9771543e-05,0.00015366734,2.6423411e-06,4.9622966e-06,4.9552824e-06,8.8156999e-05,8.079823e-05,3.7596903e-05,8.2648015e-06,3.9702552e-06,3.3101232e-06,3.6446751e-06,1.6567757e-06,3.3137154e-07,9.9408719e-07,3.3141104e-07,9.9451057e-07
74.774775,1.6247004e-06,5.8487646e-06,2.9241577e-05,0.00025273283,0.00012663968,0.0011840072,0.00062586549,0.0011268755,0.00010366356,5.9211979e-05,4.2855805e-05,9.1855279e-05,4.5766783e-05,3.2246786e-05,3.4214175e-05,8.7444789e-05,1.5798592e-05,4.7737371e-05,1.5201586e-05,8.7994329e-05,0.00015062539,2.5900336e-06,4.8640724e-06,4.8571863e-06,8.6410362e-05,7.9197641e-05,3.6852555e-05,8.1012003e-06,3.8916684e-06,3.244605e-06,3.5725396e-06,1.6239849e-06,3.2481308e-07,9.744123e-07,3.2485184e-07,9.7482785e-07
74.874875,1.5927033e-06,5.733578e-06,2.8665685e-05,0.00024775539,0.00012414552,0.0011606872,0.00061353762,0.001104677,0.00010162137,5.804536e-05,4.2011197e-05,9.0044483e-05,4.4864512e-05,3.1611142e-05,3.3539684e-05,8.5720351e-05,1.5487304e-05,4.6796795e-05,1.4902118e-05,8.6260871e-05,0.00014765833,2.5390139e-06,4.7682658e-06,4.7615051e-06,8.4706795e-05,7.7636509e-05,3.6126535e-05,7.9416262e-06,3.8150157e-06,3.1806992e-06,3.5021792e-06,1.592001e-06,3.18416e-07,9.5522156e-07,3.1845405e-07,9.5562945e-07
74.974975,1.5613466e-06,5.6206969e-06,2.8101321e-05,0.00024287759,0.00012170129,0.0011378341,0.00060145661,0.0010829231,9.9620084e-05,5.6902104e-05,4.118351e-05,8.8269975e-05,4.3980323e-05,3.0988235e-05,3.2878708e-05,8.4030481e-05,1.5182251e-05,4.5875056e-05,1.4608646e-05,8.456212e-05,0.00014475067,2.4890156e-06,4.6743771e-06,4.6677396e-06,8.3037365e-05,7.6106656e-05,3.5415053e-05,7.7852468e-06,3.7398976e-06,3.1180727e-06,3.4332271e-06,1.5606573e-06,3.1214697e-07,9.3641496e-07,3.1218432e-07,9.3681533e-07
75.075075,1.5306174e-06,5.5100745e-06,2.754825e-05,0.00023809739,0.00011930597,0.0011154384,0.00058961745,0.0010616047,9.7658855e-05,5.5781735e-05,4.0372398e-05,8.6531017e-05,4.3113848e-05,3.0377805e-05,3.2230973e-05,8.2374474e-05,1.4883304e-05,4.4971769e-05,1.4321048e-05,8.2897371e-05,0.0001419012,2.440018e-06,4.5823673e-06,4.5758508e-06,8.1401377e-05,7.4607443e-05,3.4717811e-05,7.6319969e-06,3.6662827e-06,3.0566995e-06,3.3656548e-06,1.5299408e-06,3.0600338e-07,9.1798466e-07,3.0604004e-07,9.1837765e-07
75.175175,1.5005027e-06,5.4016642e-06,2.7006238e-05,0.00023341278,0.00011695855,0.0010934906,0.00057801512,0.0010407128,9.573686e-05,5.4683781e-05,3.957752e-05,8.4826873e-05,4.226472e-05,2.9779595e-05,3.1596205e-05,8.075163e-05,1.4590339e-05,4.4086554e-05,1.4039203e-05,8.1265921e-05,0.00013910872,2.3920004e-06,4.4921977e-06,4.4857999e-06,7.9798141e-05,7.313824e-05,3.4034518e-05,7.4818121e-06,3.5941401e-06,2.9965536e-06,3.2994338e-06,1.4998385e-06,2.9998264e-07,8.9992293e-07,3.0001863e-07,9.0030867e-07
75.275275,1.4709896e-06,5.2954198e-06,2.6475055e-05,0.00022882177,0.00011465804,0.0010719814,0.00056664469,0.0010202386,9.3853279e-05,5.3607773e-05,3.8798535e-05,8.3156816e-05,4.1432578e-05,2.9193348e-05,3.0974133e-05,7.9161257e-05,1.4303229e-05,4.3219034e-05,1.376299e-05,7.9667075e-05,0.00013637204,2.3449424e-06,4.4038298e-06,4.3975485e-06,7.8226972e-05,7.1698417e-05,3.336488e-05,7.3346284e-06,3.5234389e-06,2.9376095e-06,3.2345357e-06,1.4703376e-06,2.9408219e-07,8.8222204e-07,2.9411752e-07,8.8260068e-07
75.375375,1.4420653e-06,5.1912953e-06,2.595447e-05,0.00022432237,0.00011240343,0.0010509015,0.00055550121,0.0010001732,9.2007296e-05,5.2553246e-05,3.8035106e-05,8.1520122e-05,4.061706e-05,2.861881e-05,3.0364487e-05,7.7602664e-05,1.4021852e-05,4.2368832e-05,1.3492291e-05,7.8100141e-05,0.00013368999,2.2988236e-06,4.3172254e-06,4.3110585e-06,7.6687188e-05,7.0287352e-05,3.2708609e-05,7.190382e-06,3.4541487e-06,2.8798417e-06,3.1709327e-06,1.4414254e-06,2.8829948e-07,8.6487436e-07,2.8833416e-07,8.6524601e-07
75.475475,1.4137173e-06,5.089245e-06,2.5444257e-05,0.0002199126,0.00011019375,0.0010302416,0.0005445798,0.00098050763,9.0198101e-05,5.1519737e-05,3.7286898e-05,7.9916069e-05,3.9817808e-05,2.805573e-05,2.9766999e-05,7.6075164e-05,1.3746083e-05,4.1535575e-05,1.3226986e-05,7.6564431e-05,0.00013106137,2.2536237e-06,4.2323464e-06,4.2262919e-06,7.5178112e-05,6.8904423e-05,3.2065416e-05,7.0490097e-06,3.3862389e-06,2.8232247e-06,3.1085967e-06,1.4130892e-06,2.8263197e-07,8.4787227e-07,2.8266601e-07,8.4823707e-07
75.575576,1.3859329e-06,4.9892236e-06,2.4944187e-05,0.0002155905,0.00010802799,0.0010099924,0.00053387558,0.00096123321,8.8424885e-05,5.0506783e-05,3.6553576e-05,7.834394e-05,3.9034463e-05,2.7503855e-05,2.9181401e-05,7.4578075e-05,1.3475798e-05,4.0718891e-05,1.2966956e-05,7.505926e-05,0.00012848502,2.2093226e-06,4.1491551e-06,4.1432109e-06,7.369907e-05,6.7549014e-05,3.1435014e-05,6.9104484e-06,3.3196794e-06,2.7677334e-06,3.0475e-06,1.3853163e-06,2.7707713e-07,8.3120819e-07,2.7711054e-07,8.3156627e-07
75.675676,1.3586994e-06,4.8911856e-06,2.4454033e-05,0.00021135412,0.00010590519,0.00099014492,0.00052338368,0.00094234117,8.6686845e-05,4.9513926e-05,3.5834808e-05,7.6803022e-05,3.826667e-05,2.6962934e-05,2.8607429e-05,7.3110716e-05,1.3210877e-05,3.9918411e-05,1.2712085e-05,7.3583947e-05,0.00012595978,2.1659002e-06,4.0676138e-06,4.0617778e-06,7.2249391e-05,6.6220508e-05,3.0817118e-05,6.7746354e-06,3.25444e-06,2.7133426e-06,2.987615e-06,1.3580942e-06,2.7163245e-07,8.1487458e-07,2.7166525e-07,8.1522606e-07
75.775776,1.3320043e-06,4.7950859e-06,2.397357e-05,0.00020720149,0.00010382436,0.00097068985,0.00051309925,0.00092382275,8.4983177e-05,4.8540707e-05,3.5130261e-05,7.5292601e-05,3.7514074e-05,2.6432718e-05,2.8044816e-05,7.1672408e-05,1.2951195e-05,3.9133764e-05,1.2462254e-05,7.2137809e-05,0.00012348447,2.1233365e-06,3.9876848e-06,3.9819552e-06,7.0828404e-05,6.4918292e-05,3.0211442e-05,6.6415079e-06,3.1904906e-06,2.6600273e-06,2.9289139e-06,1.3314103e-06,2.6629542e-07,7.9886391e-07,2.6632761e-07,7.992089e-07
75.875876,1.3058352e-06,4.7008794e-06,2.3502573e-05,0.00020313067,0.00010178452,0.00095161808,0.00050301747,0.00090566924,8.3313081e-05,4.7586669e-05,3.4439604e-05,7.3811965e-05,3.6776319e-05,2.5912957e-05,2.7493297e-05,7.0262472e-05,1.2696632e-05,3.8364582e-05,1.2217346e-05,7.0720169e-05,0.00012105793,2.0816115e-06,3.9093306e-06,3.9037054e-06,6.9435439e-05,6.3641753e-05,2.9617701e-05,6.5110035e-06,3.1278011e-06,2.6077624e-06,2.8713693e-06,1.3052521e-06,2.6106353e-07,7.8316865e-07,2.6109513e-07,7.8350728e-07
75.975976,1.2801794e-06,4.6085209e-06,2.3040815e-05,0.00019913971,9.9784696e-05,0.00093292046,0.00049313347,0.00088787191,8.1675756e-05,4.6651353e-05,3.3762504e-05,7.2360403e-05,3.6053052e-05,2.5403401e-05,2.6952609e-05,6.8880232e-05,1.2447065e-05,3.7610496e-05,1.1977244e-05,6.9330346e-05,0.00011867901,2.0407052e-06,3.8325137e-06,3.826991e-06,6.8069829e-05,6.2390278e-05,2.9035613e-05,6.3830597e-06,3.0663416e-06,2.5565228e-06,2.8149536e-06,1.279607e-06,2.5593428e-07,7.6778129e-07,2.5596529e-07,7.6811368e-07
76.076076,1.2550244e-06,4.5179653e-06,2.2588071e-05,0.00019522665,9.7823912e-05,0.00091458785,0.00048344243,0.00087042205,8.00704e-05,4.5734303e-05,3.3098632e-05,7.0937203e-05,3.5343918e-05,2.49038e-05,2.6422485e-05,6.7525009e-05,1.2202372e-05,3.6871136e-05,1.1741831e-05,6.7967662e-05,0.00011634653,2.0005976e-06,3.7571966e-06,3.7517745e-06,6.6730904e-05,6.1163254e-05,2.846489e-05,6.2576139e-06,3.006082e-06,2.5062836e-06,2.7596392e-06,1.2544626e-06,2.5090516e-07,7.5269432e-07,2.509356e-07,7.5302059e-07
76.176176,1.2303577e-06,4.4291676e-06,2.2144115e-05,0.00019138955,9.590119e-05,0.00089661109,0.0004739395,0.00085331091,7.8496212e-05,4.483506e-05,3.2447654e-05,6.9541654e-05,3.4648562e-05,2.4413906e-05,2.5902661e-05,6.6196125e-05,1.1962431e-05,3.6146135e-05,1.1510988e-05,6.6631436e-05,0.00011405934,1.9612687e-06,3.6833416e-06,3.6780183e-06,6.5417994e-05,5.9960068e-05,2.790525e-05,6.1346035e-06,2.9469922e-06,2.4570198e-06,2.7053986e-06,1.2298063e-06,2.4597366e-07,7.3790022e-07,2.4600354e-07,7.3822047e-07
76.276276,1.2061668e-06,4.3420824e-06,2.1708721e-05,0.00018762646,9.4015546e-05,0.00087898099,0.00046461982,0.00083652974,7.6952387e-05,4.3953166e-05,3.1809239e-05,6.8173039e-05,3.3966628e-05,2.3933466e-05,2.5392871e-05,6.4892898e-05,1.1727119e-05,3.5435122e-05,1.1284598e-05,6.5320986e-05,0.00011181627,1.9226985e-06,3.6109112e-06,3.6056849e-06,6.4130428e-05,5.8780105e-05,2.7356406e-05,6.0139659e-06,2.8890421e-06,2.408706e-06,2.652204e-06,1.2056255e-06,2.4113727e-07,7.2339144e-07,2.411666e-07,7.2370578e-07
76.376376,1.1824389e-06,4.2566643e-06,2.1281663e-05,0.0001839354,9.2165998e-05,0.00086168836,0.00045547852,0.00082006975,7.543812e-05,4.3088159e-05,3.1183051e-05,6.6830643e-05,3.3297758e-05,2.346223e-05,2.4892848e-05,6.3614648e-05,1.1496314e-05,3.4737725e-05,1.1062544e-05,6.4035629e-05,0.00010961615,1.8848667e-06,3.5398675e-06,3.5347366e-06,6.2867533e-05,5.7622747e-05,2.6818072e-05,5.8956381e-06,2.8322016e-06,2.3613173e-06,2.6000279e-06,1.1819076e-06,2.3639347e-07,7.0916042e-07,2.3642226e-07,7.0946895e-07
76.476476,1.1591615e-06,4.1728677e-06,2.0862711e-05,0.0001803144,9.0351556e-05,0.00084472394,0.00044651069,0.00080392212,7.3952599e-05,4.2239577e-05,3.0568757e-05,6.5513746e-05,3.2641595e-05,2.2999945e-05,2.4402325e-05,6.2360688e-05,1.1269892e-05,3.4053571e-05,1.0844705e-05,6.2774679e-05,0.0001074578,1.8477533e-06,3.4701726e-06,3.4651353e-06,6.1628631e-05,5.6487376e-05,2.6289959e-05,5.7795568e-06,2.7764401e-06,2.3148282e-06,2.5488422e-06,1.15864e-06,2.3173973e-07,6.9519955e-07,2.3176799e-07,6.9550239e-07
76.576577,1.1363217e-06,4.0906469e-06,2.0451637e-05,0.00017676149,8.8571228e-05,0.00082807844,0.00043771143,0.00078807798,7.2495012e-05,4.1406954e-05,2.9966018e-05,6.4221625e-05,3.1997778e-05,2.2546358e-05,2.3921032e-05,6.1130328e-05,1.1047729e-05,3.3382287e-05,1.0630964e-05,6.1537443e-05,0.00010534005,1.8113378e-06,3.4017883e-06,3.396843e-06,6.0413044e-05,5.5373367e-05,2.577178e-05,5.6656586e-06,2.7217273e-06,2.2692133e-06,2.4986191e-06,1.1358099e-06,2.2717349e-07,6.8150122e-07,2.2720123e-07,6.8179846e-07
76.676677,1.1139069e-06,4.0099556e-06,2.004821e-05,0.00017327468,8.6824015e-05,0.00081174251,0.00042907578,0.00077252841,7.1064538e-05,4.0589824e-05,2.9374497e-05,6.2953552e-05,3.1365944e-05,2.2101213e-05,2.3448697e-05,5.9922877e-05,1.08297e-05,3.2723494e-05,1.04212e-05,6.032323e-05,0.00010326169,1.7755999e-06,3.3346764e-06,3.3298214e-06,5.9220087e-05,5.4280096e-05,2.5263243e-05,5.5538795e-06,2.6680325e-06,2.2244472e-06,2.4493303e-06,1.1134045e-06,2.2269221e-07,6.6805772e-07,2.2271944e-07,6.6834947e-07
76.776777,1.0919041e-06,3.9307475e-06,1.9652199e-05,0.00016985195,8.5108909e-05,0.00079570673,0.00042059875,0.00075726442,6.9660353e-05,3.9787715e-05,2.8793851e-05,6.1708793e-05,3.0745728e-05,2.1664254e-05,2.298505e-05,5.8737635e-05,1.0615679e-05,3.2076814e-05,1.0215292e-05,5.9131338e-05,0.00010122155,1.7405189e-06,3.2687981e-06,3.2640319e-06,5.804907e-05,5.320693e-05,2.4764055e-05,5.4441552e-06,2.6153246e-06,2.1805038e-06,2.4009476e-06,1.091411e-06,2.182933e-07,6.5486134e-07,2.1832002e-07,6.5514769e-07
76.876877,1.0703003e-06,3.8529758e-06,1.9263368e-05,0.00016649128,8.3424898e-05,0.00077996161,0.00041227532,0.00074227695,6.8281626e-05,3.9000152e-05,2.8223737e-05,6.048661e-05,3.0136762e-05,2.123522e-05,2.2529814e-05,5.7573899e-05,1.0405541e-05,3.1441863e-05,1.0013118e-05,5.7961063e-05,9.9218404e-05,1.7060742e-06,3.2041146e-06,3.1994356e-06,5.6899301e-05,5.2153234e-05,2.427392e-05,5.3364209e-06,2.5635727e-06,2.1373575e-06,2.3534422e-06,1.0698164e-06,2.1397416e-07,6.4190427e-07,2.1400039e-07,6.4218531e-07
76.976977,1.0492198e-06,3.777088e-06,1.8883957e-05,0.00016321203,8.1781698e-05,0.00076459823,0.00040415383,0.00072765329,6.6936335e-05,3.8231688e-05,2.7667457e-05,5.9294112e-05,2.9542587e-05,2.0816602e-05,2.2085629e-05,5.6438436e-05,1.0200498e-05,3.0822308e-05,9.8158451e-06,5.6819154e-05,9.7263805e-05,1.6724643e-06,3.1409984e-06,3.1364049e-06,5.5777444e-05,5.1125111e-05,2.3795667e-05,5.2312974e-06,2.5130747e-06,2.0952565e-06,2.3070877e-06,1.0487448e-06,2.0975965e-07,6.2926108e-07,2.097854e-07,6.2953694e-07
77.077077,1.028652e-06,3.703046e-06,1.8513775e-05,0.00016001256,8.0178481e-05,0.00074960882,0.00039623016,0.00071338604,6.5623801e-05,3.7481936e-05,2.7124732e-05,5.8130694e-05,2.8962901e-05,2.0408188e-05,2.1652272e-05,5.5330671e-05,1.0000448e-05,3.0217837e-05,9.623373e-06,5.5705034e-05,9.5356764e-05,1.6396722e-06,3.0794177e-06,3.0749079e-06,5.4682932e-05,5.0122041e-05,2.3329055e-05,5.1287315e-06,2.4638052e-06,2.0541796e-06,2.2618606e-06,1.0281858e-06,2.0564765e-07,6.1692541e-07,2.0567292e-07,6.1719618e-07
77.177177,1.0084944e-06,3.6304806e-06,1.8150975e-05,0.00015687689,7.8607238e-05,0.00073491836,0.00038846453,0.00069940335,6.433745e-05,3.6747143e-05,2.6592839e-05,5.6990503e-05,2.8394789e-05,2.0007926e-05,2.1227567e-05,5.4245031e-05,9.8043889e-06,2.9625428e-05,9.4347407e-06,5.4613141e-05,9.3487766e-05,1.6075343e-06,3.0190654e-06,3.0146377e-06,5.3610274e-05,4.9138995e-05,2.2871751e-05,5.0282115e-06,2.4155185e-06,2.0139221e-06,2.2175356e-06,1.0080368e-06,2.0161766e-07,6.0483577e-07,2.0164247e-07,6.0510154e-07
77.277277,9.8873829e-07,3.5593604e-06,1.77954e-05,0.00015380367,7.7067284e-05,0.00072052044,0.00038085354,0.00068569911,6.3076722e-05,3.602699e-05,2.6071546e-05,5.5873041e-05,2.7838003e-05,1.9615644e-05,2.0811328e-05,5.3181041e-05,9.6122365e-06,2.9044821e-05,9.2498661e-06,5.3542998e-05,9.1655996e-05,1.5760365e-06,2.9599151e-06,2.9555681e-06,5.2559001e-05,4.8175545e-05,2.2423558e-05,4.9296938e-06,2.3681935e-06,1.9744663e-06,2.1740933e-06,9.8828914e-07,1.9766793e-07,5.9298689e-07,1.9769228e-07,5.9324777e-07
77.377377,9.6937487e-07,3.4896539e-06,1.7446894e-05,0.00015079154,7.5557941e-05,0.00070640872,0.00037339384,0.00067226729,6.1841061e-05,3.5321158e-05,2.5560624e-05,5.4777815e-05,2.7292297e-05,1.9231167e-05,2.0403373e-05,5.2138232e-05,9.4239058e-06,2.8475762e-05,9.0686678e-06,5.2494136e-05,8.9860649e-05,1.545165e-06,2.9019408e-06,2.897673e-06,5.152865e-05,4.7231265e-05,2.1984277e-05,4.8331348e-06,2.3218094e-06,1.935795e-06,2.1315146e-06,9.68934e-07,1.9379672e-07,5.8137356e-07,1.9382062e-07,5.8162963e-07
77.477477,9.5039555e-07,3.4213302e-06,1.7105301e-05,0.00014783915,7.4078537e-05,0.00069257691,0.0003660821,0.0006591019,6.0629915e-05,3.4629333e-05,2.5059843e-05,5.3704335e-05,2.6757427e-05,1.8854323e-05,2.0003518e-05,5.1116137e-05,9.2393128e-06,2.7917997e-05,8.8910648e-06,5.1466085e-05,8.8100924e-05,1.5149061e-06,2.8451167e-06,2.8409266e-06,5.0518759e-05,4.6305734e-05,2.1553713e-05,4.7384916e-06,2.2763455e-06,1.8978909e-06,2.0897806e-06,9.4996282e-07,1.900023e-07,5.6999061e-07,1.9002576e-07,5.7024196e-07
77.577578,9.3179178e-07,3.3543583e-06,1.6770467e-05,0.00014494519,7.2628404e-05,0.00067901876,0.00035891502,0.00064619697,5.9442739e-05,3.3951202e-05,2.4568979e-05,5.2652116e-05,2.6233151e-05,1.8484942e-05,1.9611583e-05,5.0114294e-05,9.0583741e-06,2.7371273e-05,8.716977e-06,5.0458382e-05,8.6376025e-05,1.485246e-06,2.7894171e-06,2.7853033e-06,4.9528872e-05,4.5398533e-05,2.1131672e-05,4.6457213e-06,2.2317813e-06,1.8607368e-06,2.0488724e-06,9.3136703e-07,1.8628296e-07,5.588329e-07,1.8630599e-07,5.5907962e-07
77.677678,9.1355503e-07,3.2887078e-06,1.6442238e-05,0.00014210832,7.1206878e-05,0.00066572806,0.00035188931,0.00063354661,5.8278987e-05,3.3286455e-05,2.4087805e-05,5.1620675e-05,2.5719229e-05,1.8122856e-05,1.9227389e-05,4.9132242e-05,8.8810068e-06,2.683534e-05,8.5463248e-06,4.9470566e-05,8.4685164e-05,1.4561712e-06,2.7348165e-06,2.7307777e-06,4.8558536e-05,4.4509247e-05,2.071796e-05,4.5547817e-06,2.1880965e-06,1.8243158e-06,2.0087713e-06,9.1313812e-07,1.8263701e-07,5.4789532e-07,1.8265961e-07,5.4813749e-07
77.777778,8.9567685e-07,3.2243481e-06,1.6120463e-05,0.00013932722,6.98133e-05,0.00065269866,0.00034500172,0.00062114493,5.7138121e-05,3.2634783e-05,2.3616099e-05,5.0609533e-05,2.5215422e-05,1.7767894e-05,1.8850755e-05,4.8169524e-05,8.7071285e-06,2.630995e-05,8.379029e-06,4.8502177e-05,8.3027556e-05,1.4276681e-06,2.6812897e-06,2.6773244e-06,4.7607298e-05,4.3637461e-05,2.0312385e-05,4.4656304e-06,2.1452706e-06,1.788611e-06,1.9694587e-06,8.9526765e-07,1.7906274e-07,5.371728e-07,1.7908492e-07,5.3741052e-07
77.877878,8.7814883e-07,3.1612488e-06,1.5804991e-05,0.00013660059,6.8447015e-05,0.00063992441,0.000338249,0.0006089861,5.6019602e-05,3.1995879e-05,2.3153637e-05,4.9618211e-05,2.4721491e-05,1.7419891e-05,1.8481505e-05,4.7225686e-05,8.5366572e-06,2.5794854e-05,8.2150106e-06,4.7552761e-05,8.1402421e-05,1.3997235e-06,2.6288113e-06,2.6249183e-06,4.667471e-05,4.2782764e-05,1.9914755e-05,4.3782255e-06,2.1032837e-06,1.7536056e-06,1.930916e-06,8.7774718e-07,1.7555848e-07,5.266603e-07,1.7558025e-07,5.2689363e-07
77.977978,8.6096259e-07,3.09938e-06,1.5495669e-05,0.00013392713,6.7107368e-05,0.00062739921,0.00033162792,0.00059706429,5.4922895e-05,3.1369437e-05,2.2700199e-05,4.8646235e-05,2.42372e-05,1.7078678e-05,1.8119462e-05,4.6300274e-05,8.3695115e-06,2.5289806e-05,8.0541912e-06,4.6621861e-05,7.9808981e-05,1.3723238e-06,2.5773564e-06,2.5735343e-06,4.5760324e-05,4.1944747e-05,1.9524882e-05,4.2925253e-06,2.0621155e-06,1.7192827e-06,1.893125e-06,8.6056836e-07,1.7212254e-07,5.1635279e-07,1.7214392e-07,5.1658182e-07
78.078078,8.4410977e-07,3.0387115e-06,1.5192349e-05,0.00013130554,6.5793708e-05,0.00061511697,0.00032513527,0.0005853737,5.3847467e-05,3.0755152e-05,2.2255562e-05,4.769313e-05,2.3762313e-05,1.6744091e-05,1.7764449e-05,4.5392837e-05,8.2056098e-06,2.4794561e-05,7.8964927e-06,4.5709027e-05,7.8246461e-05,1.3454559e-06,2.5268998e-06,2.5231474e-06,4.4863695e-05,4.1123002e-05,1.9142575e-05,4.2084879e-06,2.0217462e-06,1.6856259e-06,1.8560671e-06,8.4372283e-07,1.6875328e-07,5.0624525e-07,1.6877426e-07,5.0647006e-07
78.178178,8.2758205e-07,2.9792133e-06,1.489488e-05,0.00012873451,6.4505388e-05,0.00060307161,0.00031876782,0.00057390856,5.2792786e-05,3.015272e-05,2.1819508e-05,4.6758425e-05,2.3296594e-05,1.6415962e-05,1.741629e-05,4.4502924e-05,8.0448712e-06,2.4308872e-05,7.7418371e-06,4.4813806e-05,7.6714088e-05,1.3191063e-06,2.4774167e-06,2.4737327e-06,4.3984378e-05,4.0317121e-05,1.8767645e-05,4.1260719e-06,1.9821556e-06,1.6526183e-06,1.8197242e-06,8.2720227e-07,1.65449e-07,4.963327e-07,1.654696e-07,4.9655337e-07
78.278278,8.1137112e-07,2.9208554e-06,1.4603112e-05,0.00012621276,6.3241758e-05,0.00059125708,0.00031252238,0.00056266308,5.1758321e-05,2.9561839e-05,2.1391816e-05,4.5841647e-05,2.2839808e-05,1.6094127e-05,1.707481e-05,4.3630087e-05,7.8872147e-06,2.3832497e-05,7.5901464e-06,4.3935748e-05,7.5211092e-05,1.2932619e-06,2.4288822e-06,2.4252653e-06,4.312193e-05,3.9526698e-05,1.8399903e-05,4.0452357e-06,1.943324e-06,1.6202435e-06,1.7840778e-06,8.1099837e-07,1.6220806e-07,4.8661015e-07,1.6222828e-07,4.8682675e-07
78.378378,7.9546867e-07,2.8636081e-06,1.4316896e-05,0.00012373899,6.2002171e-05,0.00057966732,0.00030639575,0.00055163151,5.0743541e-05,2.8982205e-05,2.0972267e-05,4.4942326e-05,2.239172e-05,1.577842e-05,1.6739833e-05,4.2773876e-05,7.7325593e-06,2.336519e-05,7.4413428e-06,4.3074402e-05,7.3736701e-05,1.2679093e-06,2.3812713e-06,2.3777204e-06,4.2275907e-05,3.8751326e-05,1.803916e-05,3.9659381e-06,1.9052314e-06,1.5884847e-06,1.7491098e-06,7.9510282e-07,1.590288e-07,4.7707262e-07,1.5904864e-07,4.7728522e-07
78.478478,7.7986639e-07,2.8074414e-06,1.4036083e-05,0.00012131192,6.0785979e-05,0.00056829628,0.00030038472,0.00054080808,4.9747915e-05,2.8413514e-05,2.0560641e-05,4.405999e-05,2.1952097e-05,1.5468676e-05,1.6411183e-05,4.1933843e-05,7.5808241e-06,2.2906706e-05,7.2953487e-06,4.2229318e-05,7.2290146e-05,1.2430354e-06,2.3345592e-06,2.3310731e-06,4.1445866e-05,3.79906e-05,1.7685229e-05,3.8881374e-06,1.8678578e-06,1.5573255e-06,1.7148018e-06,7.7950732e-07,1.5590955e-07,4.6771512e-07,1.5592902e-07,4.6792379e-07
78.578579,7.6455598e-07,2.7523254e-06,1.3760523e-05,0.00011893025,5.9592536e-05,0.00055713791,0.0002944861,0.00053018702,4.8770914e-05,2.7855463e-05,2.0156718e-05,4.3194168e-05,2.1520702e-05,1.5164729e-05,1.6088685e-05,4.1109537e-05,7.4319284e-06,2.2456802e-05,7.1520862e-06,4.1400046e-05,7.0870655e-05,1.2186268e-06,2.288721e-06,2.2852986e-06,4.0631363e-05,3.7244113e-05,1.733792e-05,3.8117923e-06,1.8311835e-06,1.5267492e-06,1.6811357e-06,7.6420357e-07,1.5284865e-07,4.5853267e-07,1.5286777e-07,4.5873749e-07
78.678679,7.4952911e-07,2.6982301e-06,1.3490066e-05,0.00011659268,5.8421193e-05,0.00054618613,0.00028869667,0.00051976257,4.7812006e-05,2.730775e-05,1.9760278e-05,4.2344387e-05,2.10973e-05,1.4866414e-05,1.5772163e-05,4.0300508e-05,7.2857908e-06,2.2015232e-05,7.0114773e-06,4.0586134e-05,6.9477456e-05,1.1946704e-06,2.2437318e-06,2.2403719e-06,3.9831955e-05,3.6511459e-05,1.6997044e-05,3.7368613e-06,1.7951884e-06,1.4967392e-06,1.648093e-06,7.4918324e-07,1.4984444e-07,4.4952028e-07,1.498632e-07,4.4972131e-07
78.778779,7.3477744e-07,2.6451255e-06,1.3224562e-05,0.00011429792,5.7271299e-05,0.00053543488,0.00028301323,0.00050952892,4.6870657e-05,2.6770069e-05,1.9371101e-05,4.1510175e-05,2.0681656e-05,1.4573565e-05,1.5461441e-05,3.9506306e-05,7.1423303e-06,2.1581751e-05,6.8734439e-06,3.9787131e-05,6.8109776e-05,1.1711527e-06,2.1995666e-06,2.1962681e-06,3.9047196e-05,3.5792229e-05,1.6662413e-05,3.6633027e-06,1.7598526e-06,1.4672788e-06,1.6156555e-06,7.3443801e-07,1.4689524e-07,4.4067294e-07,1.4691366e-07,4.4087026e-07
78.878879,7.2029261e-07,2.5929814e-06,1.2963861e-05,0.00011204467,5.6142202e-05,0.00052487805,0.00027743255,0.00049948028,4.5946334e-05,2.6242114e-05,1.8988965e-05,4.0691057e-05,2.0273533e-05,1.4286014e-05,1.5156342e-05,3.8726479e-05,7.0014653e-06,2.1156112e-05,6.7379076e-06,3.9002582e-05,6.6766836e-05,1.1480605e-06,2.1562003e-06,2.1529622e-06,3.8276638e-05,3.5086014e-05,1.6333835e-05,3.5910747e-06,1.725156e-06,1.4383514e-06,1.5838048e-06,7.1995949e-07,1.439994e-07,4.3198564e-07,1.4401748e-07,4.3217931e-07
78.978979,7.0606621e-07,2.5417677e-06,1.270781e-05,0.00010983162,5.5033248e-05,0.00051450951,0.0002719514,0.00048961082,4.50385e-05,2.572358e-05,1.8613649e-05,3.9886555e-05,1.9872693e-05,1.4003595e-05,1.4856688e-05,3.796057e-05,6.863114e-06,2.0738069e-05,6.6047897e-06,3.8232032e-05,6.5447859e-05,1.1253803e-06,2.1136077e-06,2.110429e-06,3.7519834e-05,3.4392403e-05,1.601112e-05,3.5201355e-06,1.6910785e-06,1.4099401e-06,1.5525223e-06,7.0573929e-07,1.4115522e-07,4.2345334e-07,1.4117296e-07,4.2364342e-07
79.079079,6.920898e-07,2.4914539e-06,1.2456259e-05,0.00010765746,5.3943778e-05,0.00050432313,0.00026656652,0.00047991469,4.4146615e-05,2.5214157e-05,1.8244928e-05,3.9096191e-05,1.9478898e-05,1.3726139e-05,1.4562301e-05,3.7208125e-05,6.727194e-06,2.0327372e-05,6.4740111e-06,3.7475023e-05,6.4152061e-05,1.1030987e-06,2.0717637e-06,2.0686432e-06,3.6776333e-05,3.3710984e-05,1.5694076e-05,3.4504428e-06,1.6575997e-06,1.382028e-06,1.5217896e-06,6.9176898e-07,1.3836102e-07,4.1507097e-07,1.3837844e-07,4.1525752e-07
79.179179,6.7826158e-07,2.4416737e-06,1.2207377e-05,0.00010550637,5.286589e-05,0.00049424537,0.0002612393,0.00047032275,4.3264241e-05,2.4710146e-05,1.7880123e-05,3.831424e-05,1.908929e-05,1.3451632e-05,1.4271041e-05,3.6463677e-05,6.5927165e-06,1.9921034e-05,6.3446199e-06,3.6726044e-05,6.2870005e-05,1.0810534e-06,2.0303634e-06,2.0273007e-06,3.6040727e-05,3.30368e-05,1.5380396e-05,3.3814894e-06,1.6244761e-06,1.3544119e-06,1.4913827e-06,6.779468e-07,1.3559645e-07,4.0677748e-07,1.3561354e-07,4.0696054e-07
79.279279,6.6468031e-07,2.3927824e-06,1.1962939e-05,0.00010339369,5.1807252e-05,0.00048434762,0.00025600724,0.00046090218,4.2397631e-05,2.4215138e-05,1.7521836e-05,3.7546264e-05,1.8706645e-05,1.3182031e-05,1.3984987e-05,3.5732538e-05,6.4606414e-06,1.9521954e-05,6.2175399e-06,3.5990444e-05,6.1610849e-05,1.0594018e-06,1.9897025e-06,1.9866966e-06,3.5318269e-05,3.2374663e-05,1.5072319e-05,3.3137675e-06,1.591944e-06,1.3272891e-06,1.4615188e-06,6.6437146e-07,1.3288125e-07,3.986321e-07,1.3289802e-07,3.9881172e-07
79.379379,6.513456e-07,2.3447788e-06,1.1722938e-05,0.00010131938,5.0767834e-05,0.00047462956,0.00025087018,0.00045165265,4.1546758e-05,2.3729119e-05,1.7170057e-05,3.679224e-05,1.8330952e-05,1.2917327e-05,1.3704129e-05,3.5014685e-05,6.3309649e-06,1.9130123e-05,6.0927676e-06,3.5268202e-05,6.0374557e-05,1.0381434e-06,1.9497799e-06,1.9468298e-06,3.4608936e-05,3.1724556e-05,1.4769837e-05,3.2472752e-06,1.5600026e-06,1.3006587e-06,1.4321971e-06,6.5104259e-07,1.3021534e-07,3.9063461e-07,1.302318e-07,3.9081085e-07
79.479479,6.3825304e-07,2.2976468e-06,1.1487296e-05,9.9282723e-05,4.9747289e-05,0.00046508795,0.00024582639,0.00044257108,4.0711339e-05,2.3251928e-05,1.6824669e-05,3.6051916e-05,1.7962085e-05,1.2657432e-05,1.3428375e-05,3.4309879e-05,6.2036439e-06,1.8745408e-05,5.9702613e-06,3.4559076e-05,5.9160717e-05,1.0172711e-06,1.9105823e-06,1.907687e-06,3.3912494e-05,3.1086261e-05,1.4472848e-05,3.1819905e-06,1.5286412e-06,1.2745118e-06,1.4034079e-06,6.3795575e-07,1.2759785e-07,3.8278234e-07,1.2761399e-07,3.8295526e-07
79.57958,6.2539837e-07,2.2513713e-06,1.1255936e-05,9.7283078e-05,4.8745288e-05,0.00045571972,0.00024087425,0.00043365454,3.9891102e-05,2.278341e-05,1.6485559e-05,3.5325052e-05,1.7599925e-05,1.2402263e-05,1.3157635e-05,3.3617892e-05,6.0786371e-06,1.8367686e-05,5.8499815e-06,3.3862839e-05,5.7968937e-05,9.9677814e-07,1.872097e-06,1.8692556e-06,3.3228716e-05,3.0459572e-05,1.4181257e-05,3.1178922e-06,1.4978498e-06,1.2488402e-06,1.3751418e-06,6.2510672e-07,1.2502792e-07,3.7507275e-07,1.2504375e-07,3.7524242e-07
79.67968,6.1277758e-07,2.2059377e-06,1.1028784e-05,9.5319814e-05,4.7761517e-05,0.00044652194,0.00023601221,0.00042490023,3.9085793e-05,2.2323418e-05,1.6152622e-05,3.4611421e-05,1.7244358e-05,1.2151739e-05,1.2891824e-05,3.2938505e-05,5.9559055e-06,1.7996839e-05,5.7318904e-06,3.3179271e-05,5.6798843e-05,9.7665805e-07,1.8343119e-06,1.8315235e-06,3.2557388e-05,2.9844291e-05,1.3894973e-05,3.0549602e-06,1.4676186e-06,1.2236356e-06,1.34739e-06,6.1249146e-07,1.2250474e-07,3.6750343e-07,1.2252028e-07,3.676699e-07
79.77978,6.0038684e-07,2.1613322e-06,1.0805774e-05,9.3392336e-05,4.6795677e-05,0.00043749181,0.0002312388,0.00041630549,3.8295166e-05,2.1871813e-05,1.5825756e-05,3.3910806e-05,1.6895277e-05,1.1905784e-05,1.2630861e-05,3.2271514e-05,5.8354117e-06,1.7632754e-05,5.6159524e-06,3.2508166e-05,5.5650081e-05,9.5690477e-07,1.7972157e-06,1.7944793e-06,3.1898305e-05,2.9240234e-05,1.3613908e-05,2.9931755e-06,1.4379385e-06,1.1988905e-06,1.3201441e-06,6.0010616e-07,1.2002756e-07,3.6007209e-07,1.200428e-07,3.6023541e-07
79.87988,5.8822253e-07,2.1175419e-06,1.0586839e-05,9.1500082e-05,4.5847488e-05,0.00042862669,0.00022655262,0.00040786783,3.751899e-05,2.1428464e-05,1.5504866e-05,3.3223003e-05,1.655258e-05,1.1664326e-05,1.2374671e-05,3.1616723e-05,5.7171206e-06,1.7275324e-05,5.5021335e-06,3.1849327e-05,5.4522315e-05,9.3751252e-07,1.7607974e-06,1.7581123e-06,3.1251276e-05,2.8647221e-05,1.333798e-05,2.93252e-06,1.4088009e-06,1.1745976e-06,1.293396e-06,5.879472e-07,1.1759565e-07,3.5277655e-07,1.176106e-07,3.5293678e-07
79.97998,5.7628125e-07,2.0745545e-06,1.0371917e-05,8.9642519e-05,4.4916682e-05,0.00041992411,0.00022195235,0.00039958488,3.6757048e-05,2.0993244e-05,1.5189862e-05,3.2547818e-05,1.6216169e-05,1.1427298e-05,1.2123181e-05,3.0973948e-05,5.600999e-06,1.6924449e-05,5.3904017e-06,3.120257e-05,5.3415229e-05,9.1847586e-07,1.7250469e-06,1.722412e-06,3.0616119e-05,2.8065089e-05,1.3067113e-05,2.8729767e-06,1.3801975e-06,1.1507501e-06,1.2671384e-06,5.7601116e-07,1.1520832e-07,3.4561477e-07,1.15223e-07,3.4577196e-07
80.08008,5.6455977e-07,2.0323583e-06,1.0160952e-05,8.781915e-05,4.400301e-05,0.00041138172,0.00021743677,0.0003914544,3.6009134e-05,2.0566039e-05,1.4880659e-05,3.188507e-05,1.5885956e-05,1.1194636e-05,1.1876324e-05,3.0343016e-05,5.4870156e-06,1.6580035e-05,5.2807271e-06,3.056772e-05,5.2328524e-05,8.9978967e-07,1.6899546e-06,1.6873691e-06,2.9992662e-05,2.7493678e-05,1.2801233e-05,2.8145296e-06,1.3521207e-06,1.1273416e-06,1.2413642e-06,5.6429485e-07,1.1286494e-07,3.3858483e-07,1.1287934e-07,3.3873904e-07
80.18018,5.530551e-07,1.9909426e-06,9.9538889e-06,8.6029507e-05,4.3106237e-05,0.00040299733,0.00021300471,0.00038347431,3.5275058e-05,2.0146737e-05,1.4577178e-05,3.1234588e-05,1.5561854e-05,1.0966279e-05,1.1634036e-05,2.9723765e-05,5.3751411e-06,1.6241994e-05,5.1730815e-06,2.9944615e-05,5.1261923e-05,8.8144916e-07,1.6555114e-06,1.6529744e-06,2.9380746e-05,2.6932844e-05,1.2540272e-05,2.7571636e-06,1.3245632e-06,1.1043662e-06,1.2160666e-06,5.5279524e-07,1.1056491e-07,3.3168492e-07,1.1057903e-07,3.3183619e-07
80.28028,5.4176443e-07,1.9502973e-06,9.7506775e-06,8.4273153e-05,4.2226146e-05,0.00039476891,0.00020865509,0.00037564267,3.455464e-05,1.9735237e-05,1.4279345e-05,3.0596214e-05,1.5243785e-05,1.0742174e-05,1.1396258e-05,2.9116044e-05,5.2653485e-06,1.5910242e-05,5.0674386e-06,2.9333103e-05,5.0215165e-05,8.6344987e-07,1.6217089e-06,1.6192196e-06,2.8780221e-05,2.6382449e-05,1.2284166e-05,2.7008649e-06,1.2975184e-06,1.0818181e-06,1.1912397e-06,5.4150955e-07,1.0830766e-07,3.2491335e-07,1.0832151e-07,3.2506175e-07
80.38038,5.3068516e-07,1.910413e-06,9.551271e-06,8.2549685e-05,4.1362533e-05,0.00038669455,0.00020438692,0.00036795768,3.3847714e-05,1.9331445e-05,1.3987091e-05,2.9969802e-05,1.4931676e-05,1.0522267e-05,1.1162935e-05,2.8519713e-05,5.1576123e-06,1.5584705e-05,4.9637742e-06,2.8733044e-05,4.918801e-05,8.4578765e-07,1.5885394e-06,1.586097e-06,2.8190949e-05,2.5842366e-05,1.2032856e-05,2.6456205e-06,1.27098e-06,1.0596922e-06,1.1668776e-06,5.3043518e-07,1.0609267e-07,3.1826858e-07,1.0610626e-07,3.1841415e-07
80.48048,5.1981491e-07,1.8712812e-06,9.3556264e-06,8.0858731e-05,4.0515213e-05,0.00037877252,0.00020019928,0.00036041769,3.3154129e-05,1.8935273e-05,1.3700354e-05,2.9355216e-05,1.462546e-05,1.0306511e-05,1.0934018e-05,2.7934644e-05,5.0519093e-06,1.5265311e-05,4.862066e-06,2.8144307e-05,4.8180236e-05,8.2845869e-07,1.5559958e-06,1.5535993e-06,2.7612803e-05,2.531248e-05,1.1786289e-05,2.5914184e-06,1.2449424e-06,1.0379838e-06,1.1429751e-06,5.1956973e-07,1.0391948e-07,3.1174917e-07,1.0393281e-07,3.1189196e-07
80.580581,5.0915149e-07,1.8328939e-06,9.1637043e-06,7.9199951e-05,3.9684015e-05,0.00037100123,0.00019609131,0.00035302117,3.2473744e-05,1.8546641e-05,1.3419075e-05,2.8752332e-05,1.4325074e-05,1.0094863e-05,1.0709459e-05,2.7360718e-05,4.9482183e-06,1.4951996e-05,4.7622933e-06,2.7566775e-05,4.7191639e-05,8.114595e-07,1.5240714e-06,1.5217201e-06,2.7045667e-05,2.4792682e-05,1.1544415e-05,2.5382478e-06,1.2194001e-06,1.0166885e-06,1.1195275e-06,5.0891102e-07,1.0178763e-07,3.0535381e-07,1.018007e-07,3.0549387e-07
80.680681,4.986929e-07,1.795244e-06,8.975469e-06,7.7573036e-05,3.8868785e-05,0.00036337922,0.00019206227,0.00034576676,3.1806433e-05,1.8165477e-05,1.3143203e-05,2.8161039e-05,1.4030464e-05,9.8872845e-06,1.0489218e-05,2.679783e-05,4.8465199e-06,1.4644702e-05,4.6644377e-06,2.7000339e-05,4.6222037e-05,7.9478692e-07,1.4927603e-06,1.4904535e-06,2.6489435e-05,2.4282878e-05,1.1307188e-05,2.4860987e-06,1.1943487e-06,9.9580229e-07,1.0965303e-06,4.9845707e-07,9.9696734e-08,2.990813e-07,9.9709561e-08,2.9921868e-07
80.780781,4.8843739e-07,1.7583252e-06,8.7908884e-06,7.5977709e-05,3.8069383e-05,0.00035590521,0.00018811146,0.00033865322,3.1152083e-05,1.7791717e-05,1.287269e-05,2.7581236e-05,1.3741579e-05,9.683739e-06,1.0273257e-05,2.6245882e-05,4.7467969e-06,1.4343377e-05,4.5684826e-06,2.6444904e-05,4.5271264e-05,7.7843812e-07,1.4620573e-06,1.459794e-06,2.5944013e-05,2.3782979e-05,1.1074569e-05,2.4349623e-06,1.1697836e-06,9.7532162e-07,1.0739795e-06,4.8820609e-07,9.7646437e-08,2.9293058e-07,9.7659019e-08,2.9306533e-07
80.880881,4.7838336e-07,1.7221317e-06,8.6099343e-06,7.4413726e-05,3.7285688e-05,0.00034857805,0.00018423828,0.00033167946,3.0510593e-05,1.7425303e-05,1.2607496e-05,2.7012835e-05,1.3458374e-05,9.4841958e-06,1.0061542e-05,2.5704792e-05,4.649034e-06,1.4047975e-05,4.4744131e-06,2.5900384e-05,4.4339173e-05,7.6241058e-07,1.4319575e-06,1.429737e-06,2.5409316e-05,2.329291e-05,1.0846521e-05,2.3848306e-06,1.1457012e-06,9.5524337e-07,1.0518719e-06,4.7815652e-07,9.5636423e-08,2.869007e-07,9.5648764e-08,2.8703288e-07
80.980981,4.6852944e-07,1.6866585e-06,8.4325819e-06,7.2880873e-05,3.6517592e-05,0.00034139674,0.0001804422,0.00032484453,2.9881876e-05,1.7066184e-05,1.2347583e-05,2.6455758e-05,1.3180812e-05,9.2886276e-06,9.8540459e-06,2.5174485e-05,4.5532178e-06,1.3758455e-05,4.3822165e-06,2.5366705e-05,4.3425639e-05,7.4670213e-07,1.4024569e-06,1.4002784e-06,2.4885273e-05,2.2812603e-05,1.0623013e-05,2.335697e-06,1.1220983e-06,9.355648e-07,1.0302043e-06,4.6830699e-07,9.3666418e-08,2.8099085e-07,9.3678523e-08,2.811205e-07
81.081081,4.5887448e-07,1.6519016e-06,8.2588104e-06,7.1378969e-05,3.5765005e-05,0.00033436044,0.00017672277,0.00031814763,2.9265857e-05,1.671432e-05,1.2092922e-05,2.5909939e-05,1.290886e-05,9.0970114e-06,9.6507428e-06,2.4654899e-05,4.4593371e-06,1.3474782e-05,4.2918819e-06,2.4843804e-05,4.2530553e-05,7.3131089e-07,1.373552e-06,1.3714147e-06,2.4371821e-05,2.2342003e-05,1.040402e-05,2.2875556e-06,1.0989719e-06,9.1628357e-07,1.0089742e-06,4.5865632e-07,9.1736188e-08,2.7520032e-07,9.1748061e-08,2.7532748e-07
81.181181,4.4941751e-07,1.6178574e-06,8.0886023e-06,6.9907865e-05,3.5027852e-05,0.00032746843,0.00017307964,0.00031158809,2.8662476e-05,1.6369675e-05,1.1843487e-05,2.5375326e-05,1.264249e-05,8.9093283e-06,9.451613e-06,2.4145982e-05,4.3673825e-06,1.319693e-05,4.2034002e-06,2.4331629e-05,4.1653826e-05,7.1623535e-07,1.34524e-06,1.343143e-06,2.386891e-05,2.1881062e-05,1.0189519e-05,2.2404016e-06,1.0763198e-06,8.9739777e-07,9.8817946e-07,4.4920356e-07,8.9845541e-08,2.6952854e-07,8.9857187e-08,2.6965327e-07
81.281281,4.4015777e-07,1.5845233e-06,7.921944e-06,6.8467443e-05,3.4306074e-05,0.00032072018,0.00016951249,0.0003051654,2.8071684e-05,1.6032221e-05,1.1599258e-05,2.4851874e-05,1.2381683e-05,8.7255634e-06,9.2566408e-06,2.3647695e-05,4.2773466e-06,1.2924875e-05,4.1167645e-06,2.3830139e-05,4.0795388e-05,7.0147429e-07,1.3175184e-06,1.3154612e-06,2.3376499e-05,2.1429743e-05,9.9794932e-06,2.1942311e-06,1.0541402e-06,8.7890589e-07,9.6781842e-07,4.3994795e-07,8.7994326e-08,2.6397505e-07,8.8005749e-08,2.6409739e-07
81.381381,4.3109471e-07,1.5518972e-06,7.7588256e-06,6.7057616e-05,3.3599628e-05,0.00031411529,0.00016602113,0.00029887916,2.7493446e-05,1.5701939e-05,1.1360221e-05,2.4339554e-05,1.2126421e-05,8.5457058e-06,9.0658145e-06,2.3160007e-05,4.1892242e-06,1.2658602e-05,4.0319696e-06,2.3339304e-05,3.9955187e-05,6.8702684e-07,1.2903858e-06,1.2883674e-06,2.2894559e-05,2.098802e-05,9.7739301e-06,2.1490415e-06,1.0324318e-06,8.6080682e-07,9.4788987e-07,4.3088893e-07,8.6182433e-08,2.5853952e-07,8.6193637e-08,2.5865952e-07
81.481481,4.2222798e-07,1.5199778e-06,7.5992409e-06,6.5678331e-05,3.2908487e-05,0.00030765349,0.00016260542,0.00029272916,2.692774e-05,1.5378815e-05,1.1126367e-05,2.3838346e-05,1.1876696e-05,8.3697487e-06,8.879127e-06,2.2682901e-05,4.1030118e-06,1.23981e-05,3.9490121e-06,2.2859105e-05,3.9133191e-05,6.7289244e-07,1.2638411e-06,1.2618608e-06,2.2423073e-05,2.0555876e-05,9.5728217e-06,2.1048311e-06,1.0111937e-06,8.4309986e-07,9.2839303e-07,4.2202616e-07,8.440979e-08,2.5322174e-07,8.442078e-08,2.5333944e-07
81.581582,4.1355743e-07,1.4887647e-06,7.4431871e-06,6.4329566e-05,3.2232641e-05,0.00030133469,0.00015926531,0.00028671527,2.6374557e-05,1.5062845e-05,1.0897692e-05,2.3348243e-05,1.1632505e-05,8.1976894e-06,8.6965755e-06,2.2216369e-05,4.0187081e-06,1.2143365e-05,3.8678909e-06,2.2389535e-05,3.8329388e-05,6.5907087e-07,1.2378837e-06,1.2359408e-06,2.1962032e-05,2.0133305e-05,9.3761649e-06,2.0615991e-06,9.9042564e-07,8.2578474e-07,9.093276e-07,4.133595e-07,8.267637e-08,2.4802163e-07,8.2687151e-08,2.4813708e-07
81.681682,4.0508313e-07,1.458258e-06,7.2906655e-06,6.3011329e-05,3.1572093e-05,0.00029515893,0.00015600082,0.00028083756,2.5833901e-05,1.4754032e-05,1.0674198e-05,2.2869249e-05,1.1393848e-05,8.0295294e-06,8.5181613e-06,2.1760415e-05,3.9363138e-06,1.18944e-05,3.7886064e-06,2.1930597e-05,3.7543782e-05,6.4556222e-07,1.212514e-06,1.2106076e-06,2.1511442e-05,1.972031e-05,9.1839611e-06,2.0193458e-06,9.7012767e-07,8.0886157e-07,8.9069371e-07,4.04889e-07,8.0982185e-08,2.4293922e-07,8.099276e-08,2.4305247e-07
81.781782,3.9680534e-07,1.4284588e-06,7.1416807e-06,6.1723662e-05,3.0926864e-05,0.00028912642,0.00015281205,0.00027509622,2.530579e-05,1.4452384e-05,1.0455892e-05,2.2401379e-05,1.1160734e-05,7.8652741e-06,8.3438904e-06,2.1315054e-05,3.8558313e-06,1.1651211e-05,3.7111612e-06,2.1482305e-05,3.6776399e-05,6.3236692e-07,1.1877327e-06,1.1858621e-06,2.1071315e-05,1.9316903e-05,8.9962163e-06,1.9780725e-06,9.5030047e-07,7.9233087e-07,8.7249193e-07,3.9661493e-07,7.9327287e-08,2.3797466e-07,7.9337661e-08,2.3808576e-07
81.881882,3.8872453e-07,1.3993687e-06,6.9962412e-06,6.0466638e-05,3.0296992e-05,0.00028323748,0.0001496992,0.00026949156,2.4790253e-05,1.4157919e-05,1.0242787e-05,2.1944661e-05,1.0933177e-05,7.7049329e-06,8.1737726e-06,2.0880313e-05,3.7772654e-06,1.1413813e-05,3.6355596e-06,2.1044685e-05,3.6027281e-05,6.1948571e-07,1.1635412e-06,1.1617057e-06,2.0641678e-05,1.8923109e-05,8.8129414e-06,1.9377816e-06,9.3094517e-07,7.761936e-07,8.547233e-07,3.8853775e-07,7.7711771e-08,2.3312825e-07,7.7721948e-08,2.3323723e-07
81.981982,3.8084137e-07,1.3709901e-06,6.8543591e-06,5.9240363e-05,2.9682529e-05,0.00027749262,0.00014666251,0.00026402407,2.4287334e-05,1.3870663e-05,1.0034901e-05,2.1499133e-05,1.0711195e-05,7.5485195e-06,8.0078225e-06,2.0456228e-05,3.7006227e-06,1.1182226e-05,3.5618081e-06,2.0617773e-05,3.5296493e-05,6.0691969e-07,1.1399415e-06,1.1381403e-06,2.0222567e-05,1.8538961e-05,8.6341515e-06,1.8984765e-06,9.1206337e-07,7.6045108e-07,8.373893e-07,3.8065815e-07,7.613577e-08,2.2840038e-07,7.6145754e-08,2.285073e-07
82.082082,3.7315674e-07,1.3433261e-06,6.7160502e-06,5.8044971e-05,2.9083543e-05,0.00027189248,0.00014370234,0.00025869436,2.3797089e-05,1.3590647e-05,9.832257e-06,2.1064846e-05,1.0494814e-05,7.3960515e-06,7.8460588e-06,2.0042847e-05,3.6259116e-06,1.0956476e-05,3.4899148e-06,2.0201618e-05,3.4584114e-05,5.9467024e-07,1.1169363e-06,1.1151686e-06,1.981403e-05,1.8164501e-05,8.4598668e-06,1.8601616e-06,8.9365719e-07,7.4510509e-07,8.2049185e-07,3.7297699e-07,7.459946e-08,2.2379158e-07,7.4609257e-08,2.2389649e-07
82.182182,3.6567172e-07,1.3163808e-06,6.5813341e-06,5.6880633e-05,2.850012e-05,0.00026643785,0.00014081909,0.00025350318,2.3319587e-05,1.3317911e-05,9.6348842e-06,2.0641862e-05,1.0284065e-05,7.2475507e-06,7.6885045e-06,1.964023e-05,3.5531429e-06,1.0736594e-05,3.4198899e-06,1.9796278e-05,3.3890246e-05,5.827391e-07,1.0945288e-06,1.0927939e-06,1.9416124e-05,1.7799784e-05,8.2901117e-06,1.8228421e-06,8.7572921e-07,7.3015777e-07,8.0403335e-07,3.6549536e-07,7.3103058e-08,2.193025e-07,7.3112671e-08,2.1940544e-07
82.282282,3.583876e-07,1.2901587e-06,6.4502337e-06,5.5747547e-05,2.7932359e-05,0.00026112966,0.00013801327,0.00024845143,2.2854911e-05,1.3052501e-05,9.4428167e-06,2.0230254e-05,1.0078985e-05,7.1030428e-06,7.535187e-06,1.9248446e-05,3.482329e-06,1.0522619e-05,3.3517455e-06,1.9401822e-05,3.3215008e-05,5.7112832e-07,1.0727228e-06,1.07102e-06,1.9028918e-05,1.7444872e-05,8.1249157e-06,1.7865247e-06,8.5828253e-07,7.1561171e-07,7.880166e-07,3.5821454e-07,7.164682e-08,2.1493391e-07,7.1656253e-08,2.1503493e-07
82.382382,3.5130586e-07,1.2646651e-06,6.322776e-06,5.4645947e-05,2.7380377e-05,0.00025596902,0.00013528546,0.00024354016,2.2403156e-05,1.2794474e-05,9.2560942e-06,1.9830109e-05,9.8796156e-06,6.9625578e-06,7.386138e-06,1.8867577e-05,3.4134845e-06,1.0314595e-05,3.2854955e-06,1.9018332e-05,3.2558538e-05,5.5984029e-07,1.0515229e-06,1.0498513e-06,1.8652493e-05,1.7099839e-05,7.9643126e-06,1.7512166e-06,8.4132071e-07,7.0146987e-07,7.724449e-07,3.5113603e-07,7.0231045e-08,2.1068671e-07,7.0240303e-08,2.1078585e-07
82.482482,3.4442821e-07,1.2399062e-06,6.1989915e-06,5.3576096e-05,2.6844306e-05,0.00025095715,0.0001326363,0.00023877054,2.196443e-05,1.254389e-05,9.0747616e-06,1.9441522e-05,9.6860054e-06,6.8261295e-06,7.2413935e-06,1.8497715e-05,3.3466261e-06,1.0112571e-05,3.2211558e-06,1.86459e-05,3.1920994e-05,5.488777e-07,1.0309341e-06,1.029293e-06,1.828694e-05,1.6764767e-05,7.808341e-06,1.7169265e-06,8.2484783e-07,6.8773565e-07,7.5732197e-07,3.4426152e-07,6.8856071e-08,2.0656191e-07,6.8865159e-08,2.0665922e-07
82.582583,3.3722864e-07,1.2139886e-06,6.069415e-06,5.2456209e-05,2.6283192e-05,0.00024571179,0.00012986431,0.00023378108,2.1505498e-05,1.2281637e-05,8.8849242e-06,1.9034737e-05,9.4832679e-06,6.6832849e-06,7.0898344e-06,1.8110391e-05,3.2766286e-06,9.9010641e-06,3.1537992e-06,1.8256005e-05,3.1253571e-05,5.3740127e-07,1.0093808e-06,1.007771e-06,1.7904164e-05,1.6413923e-05,7.6450535e-06,1.6810295e-06,8.0760329e-07,6.733582e-07,7.4149105e-07,3.3706518e-07,6.741673e-08,2.02244e-07,6.7425642e-08,2.0233943e-07
82.682683,3.2995884e-07,1.1878182e-06,5.9385755e-06,5.132542e-05,2.5716632e-05,0.00024041586,0.00012706591,0.00022874478,2.1042264e-05,1.2016861e-05,8.6932309e-06,1.8623993e-05,9.2785267e-06,6.5390355e-06,6.9367812e-06,1.7719228e-05,3.2059445e-06,9.6874824e-06,3.0857832e-06,1.7862295e-05,3.0579621e-05,5.2581259e-07,9.8761686e-07,9.8603839e-07,1.7517609e-05,1.6059621e-05,7.480167e-06,1.6447816e-06,7.9019028e-07,6.5884033e-07,7.2550563e-07,3.2979861e-07,6.5963343e-08,1.9788397e-07,6.5972079e-08,1.9797751e-07
82.782783,3.2281697e-07,1.1621083e-06,5.8100389e-06,5.021454e-05,2.5160056e-05,0.00023521338,0.00012431702,0.00022379786,2.0587253e-05,1.1756763e-05,8.5049167e-06,1.8220502e-05,9.0773903e-06,6.3973271e-06,6.7864232e-06,1.7334953e-05,3.1365045e-06,9.4776598e-06,3.0189642e-06,1.7475513e-05,2.9917532e-05,5.1442785e-07,9.6623595e-07,9.6468829e-07,1.7137859e-05,1.5711557e-05,7.3181824e-06,1.6091717e-06,7.7308371e-07,6.4457794e-07,7.0980151e-07,3.2265991e-07,6.4535531e-08,1.9360065e-07,6.4544094e-08,1.9369234e-07
82.882883,3.1580175e-07,1.1368544e-06,5.6837821e-06,4.912337e-05,2.4613364e-05,0.00023010343,0.00012161715,0.00021893946,2.0140385e-05,1.1501298e-05,8.3199481e-06,1.7824194e-05,8.8798228e-06,6.2581345e-06,6.6387335e-06,1.6957495e-05,3.0682962e-06,9.2715588e-06,2.9533302e-06,1.709559e-05,2.9267183e-05,5.0324502e-07,9.452342e-07,9.4371682e-07,1.6764846e-05,1.5369667e-05,7.1590706e-06,1.5741932e-06,7.5628049e-07,6.3056848e-07,6.9437586e-07,3.156478e-07,6.3133039e-08,1.8939329e-07,6.3141432e-08,1.8948316e-07
82.982983,3.0891203e-07,1.1120523e-06,5.5597845e-06,4.8051733e-05,2.4076466e-05,0.00022508519,0.00011896588,0.00021416882,1.9701591e-05,1.1250423e-05,8.138295e-06,1.7435004e-05,8.685792e-06,6.121435e-06,6.493688e-06,1.6586794e-05,3.0013083e-06,9.0691456e-06,2.8888706e-06,1.6722465e-05,2.862847e-05,4.9226226e-07,9.2460817e-07,9.2312056e-07,1.639851e-05,1.5033895e-05,7.0028057e-06,1.5398406e-06,7.3977789e-07,6.1680964e-07,6.7922617e-07,3.0876113e-07,6.1755636e-08,1.852612e-07,6.1763862e-08,1.8534927e-07
83.083083,3.0214679e-07,1.0876984e-06,5.4380278e-06,4.699947e-05,2.3549285e-05,0.00022015793,0.00011636282,0.00020948525,1.9270807e-05,1.1004104e-05,7.9599311e-06,1.7052876e-05,8.4952694e-06,5.9872086e-06,6.3512654e-06,1.6222796e-05,2.9355312e-06,8.8703904e-06,2.8255758e-06,1.6356083e-05,2.8001298e-05,4.8147796e-07,9.0435483e-07,9.0289647e-07,1.6038796e-05,1.4704194e-05,6.8493645e-06,1.5061086e-06,7.2357347e-07,6.032994e-07,6.643502e-07,3.0199889e-07,6.0403119e-08,1.8120376e-07,6.0411181e-08,1.8129008e-07
83.183183,2.9550515e-07,1.0637894e-06,5.3184961e-06,4.5966445e-05,2.3031753e-05,0.00021532101,0.00011380766,0.0002048882,1.8847982e-05,1.0762308e-05,7.7848333e-06,1.6677761e-05,8.3082303e-06,5.8554379e-06,6.2114474e-06,1.5865453e-05,2.8709561e-06,8.6752674e-06,2.7634375e-06,1.5996395e-05,2.7385585e-05,4.7089071e-07,8.8447155e-07,8.8304192e-07,1.5685658e-05,1.4380519e-05,6.6987273e-06,1.472993e-06,7.0766512e-07,5.9003601e-07,6.4974601e-07,2.9536019e-07,5.9075313e-08,1.7722046e-07,5.9083213e-08,1.7730504e-07
83.283283,2.8898637e-07,1.0403228e-06,5.2011761e-06,4.4952543e-05,2.2523811e-05,0.00021057392,0.0001113001,0.00020037716,1.8433071e-05,1.052501e-05,7.6129823e-06,1.6309619e-05,8.124654e-06,5.7261083e-06,6.0742182e-06,1.5514725e-05,2.8075758e-06,8.4837547e-06,2.7024489e-06,1.5643361e-05,2.6781262e-05,4.6049932e-07,8.6495607e-07,8.6355467e-07,1.5339056e-05,1.4062834e-05,6.550877e-06,1.44049e-06,6.9205106e-07,5.7701796e-07,6.3541197e-07,2.8884429e-07,5.7772068e-08,1.7331083e-07,5.777981e-08,1.7339372e-07
83.383383,2.8258984e-07,1.0172962e-06,5.0860568e-06,4.3957669e-05,2.2025413e-05,0.0002059162,0.00010883994,0.00019595176,1.8026036e-05,1.0292187e-05,7.4443621e-06,1.5948416e-05,7.9445233e-06,5.5992077e-06,5.9395651e-06,1.5170579e-05,2.7453845e-06,8.2958343e-06,2.6426041e-06,1.5296948e-05,2.6188272e-05,4.5030282e-07,8.4580658e-07,8.444329e-07,1.4998958e-05,1.375111e-05,6.4057998e-06,1.4085966e-06,6.767298e-07,5.6424403e-07,6.2134671e-07,2.8245058e-07,5.6493261e-08,1.6947452e-07,5.6500847e-08,1.6955574e-07
83.483483,2.7631506e-07,9.9470792e-07,4.9731294e-06,4.2981747e-05,2.1536522e-05,0.00020134753,0.000106427,0.00019161169,1.7626852e-05,1.0063823e-05,7.2789604e-06,1.5594127e-05,7.7678248e-06,5.4747269e-06,5.8074781e-06,1.483299e-05,2.6843774e-06,8.1114921e-06,2.5838987e-06,1.4957131e-05,2.560657e-05,4.4030045e-07,8.2702163e-07,8.2567518e-07,1.4665338e-05,1.3445323e-05,6.2634847e-06,1.3773103e-06,6.6170021e-07,5.5171327e-07,6.0754919e-07,2.7617857e-07,5.5238796e-08,1.6571123e-07,5.5246229e-08,1.6579081e-07
83.583584,2.701617e-07,9.7255678e-07,4.8623878e-06,4.2024725e-05,2.1057111e-05,0.00019686766,0.00010406115,0.00018735675,1.7235498e-05,9.8399072e-06,7.1167685e-06,1.5246732e-05,7.5945491e-06,5.3526591e-06,5.67795e-06,1.4501941e-05,2.6245512e-06,7.9307181e-06,2.5263295e-06,1.462389e-05,2.5036125e-05,4.3049164e-07,8.0860018e-07,8.0728045e-07,1.4338179e-05,1.3145458e-05,6.123924e-06,1.3466295e-06,6.4696145e-07,5.3942499e-07,5.9401863e-07,2.7002792e-07,5.4008603e-08,1.6202076e-07,5.4015887e-08,1.6209873e-07
83.683684,2.6412954e-07,9.5084198e-07,4.7538281e-06,4.108657e-05,2.0587165e-05,0.00019247645,0.00010174232,0.00018318682,1.6851965e-05,9.6204316e-06,6.957781e-06,1.4906222e-05,7.4246903e-06,5.2330003e-06,5.5509765e-06,1.4177419e-05,2.5659039e-06,7.7535061e-06,2.4698944e-06,1.4297214e-05,2.4476917e-05,4.2087606e-07,7.9054159e-07,7.892481e-07,1.4017469e-05,1.2851503e-05,5.9871128e-06,1.316553e-06,6.3251302e-07,5.2737875e-07,5.8075458e-07,2.6399841e-07,5.2802641e-08,1.5840297e-07,5.2809777e-08,1.5847937e-07
83.783784,2.582185e-07,9.2956323e-07,4.647449e-06,4.016727e-05,2.0126678e-05,0.00018817386,9.9470512e-05,0.0001791019,1.647625e-05,9.4053946e-06,6.8019962e-06,1.4572593e-05,7.2582465e-06,5.115749e-06,5.4265562e-06,1.385942e-05,2.5084346e-06,7.5798537e-06,2.4145927e-06,1.3977099e-05,2.3928939e-05,4.1145359e-07,7.7284563e-07,7.7157789e-07,1.3703205e-05,1.2563455e-05,5.8530494e-06,1.2870805e-06,6.1835471e-07,5.1557439e-07,5.6775685e-07,2.5808997e-07,5.1620892e-08,1.5485783e-07,5.1627884e-08,1.5493268e-07
83.883884,2.5242863e-07,9.0872072e-07,4.5432514e-06,3.9266834e-05,1.9675655e-05,0.00018395994,9.7245745e-05,0.00017510205,1.6108361e-05,9.1947992e-06,6.649416e-06,1.424585e-05,7.0952195e-06,5.0009067e-06,5.3046903e-06,1.3547949e-05,2.4521441e-06,7.4097627e-06,2.360425e-06,1.3663547e-05,2.3392195e-05,4.0222432e-07,7.5551247e-07,7.5426998e-07,1.339539e-05,1.2281316e-05,5.7217351e-06,1.2582123e-06,6.0448667e-07,5.0401204e-07,5.5502557e-07,2.5230265e-07,5.0463369e-08,1.5138535e-07,5.0470219e-08,1.5145868e-07
83.983984,2.4676013e-07,8.8831514e-07,4.4412387e-06,3.8385292e-05,1.9234111e-05,0.00017983484,9.5068108e-05,0.00017118745,1.5748313e-05,8.9886531e-06,6.5000457e-06,1.3926006e-05,6.9356148e-06,4.8884773e-06,5.1853829e-06,1.3243016e-05,2.3970341e-06,7.2432387e-06,2.307393e-06,1.3356569e-05,2.2866703e-05,3.9318854e-07,7.3854266e-07,7.3732494e-07,1.3094033e-05,1.2005098e-05,5.5931741e-06,1.2299493e-06,5.9090934e-07,4.9269205e-07,5.4256114e-07,2.4663663e-07,4.9330107e-08,1.4798566e-07,4.9336818e-08,1.4805751e-07
84.084084,2.4121331e-07,8.6834763e-07,4.3414167e-06,3.7522695e-05,1.8802073e-05,0.00017579881,9.2937741e-05,0.00016735836,1.5396129e-05,8.786969e-06,6.3538941e-06,1.3613079e-05,6.7794418e-06,4.7784673e-06,5.0686411e-06,1.2944639e-05,2.3431077e-06,7.0802911e-06,2.2554998e-06,1.3056183e-05,2.2352492e-05,3.8434678e-07,7.2193717e-07,7.2074372e-07,1.2799153e-05,1.1734814e-05,5.4673738e-06,1.2022931e-06,5.776235e-07,4.8161508e-07,5.3036427e-07,2.4109223e-07,4.8221172e-08,1.4465895e-07,4.8227747e-08,1.4472934e-07
84.184184,2.3578863e-07,8.4881983e-07,4.2437936e-06,3.6679112e-05,1.8379575e-05,0.0001718522,9.0854832e-05,0.00016361513,1.5051843e-05,8.5897645e-06,6.2109737e-06,1.3307098e-05,6.6267136e-06,4.6708861e-06,4.9544745e-06,1.2652843e-05,2.2903695e-06,6.9209335e-06,2.2047496e-06,1.2762413e-05,2.1849606e-05,3.7569975e-07,7.0569736e-07,7.045277e-07,1.2510774e-05,1.1470489e-05,5.3443446e-06,1.1752459e-06,5.6463023e-07,4.7078203e-07,5.1843596e-07,2.3566992e-07,4.7136654e-08,1.4140549e-07,4.7143095e-08,1.4147445e-07
84.284284,2.3048667e-07,8.2973387e-07,4.1483801e-06,3.5854637e-05,1.7966665e-05,0.00016799544,8.8819623e-05,0.00015995821,1.4715496e-05,8.3970622e-06,6.0713004e-06,1.3008097e-05,6.4774471e-06,4.5657455e-06,4.8428959e-06,1.236766e-05,2.2388253e-06,6.7651832e-06,2.1551479e-06,1.2475291e-05,2.1358099e-05,3.672484e-07,6.89825e-07,6.8867864e-07,1.2228928e-05,1.121215e-05,5.2240998e-06,1.1488108e-06,5.5193094e-07,4.6019407e-07,5.067775e-07,2.3037027e-07,4.607667e-08,1.3822563e-07,4.6082981e-08,1.3829318e-07
84.384384,2.2530816e-07,8.1109233e-07,4.0551891e-06,3.5049383e-05,1.75634e-05,0.00016422908,8.6832406e-05,0.00015638815,1.4387137e-05,8.2088894e-06,5.9348938e-06,1.2716118e-05,6.3316629e-06,4.4630602e-06,4.7339207e-06,1.2089129e-05,2.1884819e-06,6.6130616e-06,2.1067016e-06,1.2194856e-05,2.0878038e-05,3.5899388e-07,6.7432224e-07,6.731987e-07,1.1953654e-05,1.0959834e-05,5.1066558e-06,1.1229912e-06,5.3952737e-07,4.4985266e-07,4.9539048e-07,2.2519401e-07,4.5041366e-08,1.3511981e-07,4.5047548e-08,1.3518599e-07
84.484484,2.2025395e-07,7.928983e-07,3.964236e-06,3.4263483e-05,1.7169847e-05,0.00016055375,8.4893526e-05,0.00015290557,1.4066824e-05,8.0252783e-06,5.8017767e-06,1.2431213e-05,6.1893856e-06,4.3628475e-06,4.627567e-06,1.1817298e-05,2.1393479e-06,6.4645939e-06,2.0594186e-06,1.1921155e-05,2.0409501e-05,3.5093755e-07,6.5919165e-07,6.5809044e-07,1.1684997e-05,1.0713582e-05,4.9920323e-06,1.0977916e-06,5.2742157e-07,4.3975949e-07,4.8427678e-07,2.20142e-07,4.4030911e-08,1.3208853e-07,4.4036968e-08,1.3215337e-07
84.584585,2.1532503e-07,7.7515533e-07,3.8755387e-06,3.349709e-05,1.6786085e-05,0.00015697021,8.300338e-05,0.00014951122,1.3754625e-05,7.8462661e-06,5.6719759e-06,1.2153438e-05,6.0506434e-06,4.2651272e-06,4.5238561e-06,1.155222e-05,2.0914329e-06,6.3198094e-06,2.0133082e-06,1.1654241e-05,1.9952582e-05,3.43081e-07,6.4443619e-07,6.4335682e-07,1.1423012e-05,1.0473443e-05,4.8802515e-06,1.0732168e-06,5.156159e-07,4.2991654e-07,4.7343857e-07,2.1521521e-07,4.3045503e-08,1.2913239e-07,4.3051439e-08,1.2919592e-07
84.684685,2.1052252e-07,7.5786748e-07,3.7891173e-06,3.2750382e-05,1.64122e-05,0.00015347926,8.1162415e-05,0.00014620591,1.3450615e-05,7.6718948e-06,5.5455214e-06,1.188286e-05,5.9154682e-06,4.1699219e-06,4.4228117e-06,1.1293956e-05,2.0447478e-06,6.178741e-06,1.968381e-06,1.1394176e-05,1.9507384e-05,3.3542603e-07,6.3005923e-07,6.2900121e-07,1.1167757e-05,1.0239473e-05,4.7713391e-06,1.0492724e-06,5.0411305e-07,4.2032606e-07,4.6287832e-07,2.1041478e-07,4.2085368e-08,1.2625207e-07,4.2091183e-08,1.2631431e-07
84.784785,2.0584768e-07,7.4103925e-07,3.7049946e-06,3.2023553e-05,1.6048293e-05,0.00015008186,7.9371132e-05,0.00014299056,1.3154878e-05,7.5022114e-06,5.4224468e-06,1.161955e-05,5.7838959e-06,4.077257e-06,4.3244607e-06,1.1042576e-05,1.9993049e-06,6.0414259e-06,1.9246487e-06,1.1141027e-05,1.9074023e-05,3.2797462e-07,6.1606453e-07,6.1502736e-07,1.0919301e-05,1.0011733e-05,4.6653237e-06,1.0259647e-06,4.9291605e-07,4.1099056e-07,4.5259879e-07,2.0574196e-07,4.1150755e-08,1.2344831e-07,4.1156453e-08,1.235093e-07
84.884885,2.013019e-07,7.2467565e-07,3.6231955e-06,3.131682e-05,1.5694472e-05,0.00014677902,7.7630082e-05,0.00013986618,1.2867506e-05,7.3372676e-06,5.3027892e-06,1.136359e-05,5.6559661e-06,3.9871601e-06,4.2288325e-06,1.0798154e-05,1.9551178e-06,5.907905e-06,1.8821243e-06,1.0894871e-05,1.865263e-05,3.2072901e-07,6.0245625e-07,6.0143944e-07,1.0677718e-05,9.7902905e-06,4.5622367e-06,1.0033006e-06,4.8202821e-07,4.019128e-07,4.4260304e-07,2.0119814e-07,4.0241942e-08,1.2072195e-07,4.0247527e-08,1.2078172e-07
84.984985,1.9688669e-07,7.0878217e-07,3.5437475e-06,3.0630421e-05,1.5350857e-05,0.00014357187,7.5939868e-05,0.00013683386,1.2588601e-05,7.1771202e-06,5.1865895e-06,1.1115068e-05,5.531722e-06,3.8996621e-06,4.1359595e-06,1.0560774e-05,1.9122014e-06,5.7782233e-06,1.8408222e-06,1.0655788e-05,1.8243344e-05,3.1369163e-07,5.8923895e-07,5.8824201e-07,1.0443089e-05,9.5752214e-06,4.4621129e-06,9.8128777e-07,4.7145318e-07,3.9309584e-07,4.3289441e-07,1.9678483e-07,3.9359235e-08,1.1807391e-07,3.9364708e-08,1.1813248e-07
85.085085,1.9260372e-07,6.9336476e-07,3.4666803e-06,2.9964614e-05,1.5017578e-05,0.00014046165,7.4301144e-05,0.00013389481,1.2318273e-05,7.0218308e-06,5.0738918e-06,1.0874079e-05,5.4112107e-06,3.8147959e-06,4.0458769e-06,1.0330525e-05,1.8705717e-06,5.6524296e-06,1.8007579e-06,1.0423871e-05,1.784632e-05,3.0686511e-07,5.764176e-07,5.7544003e-07,1.0215504e-05,9.3666065e-06,4.36499e-06,9.5993444e-07,4.6119495e-07,3.8454298e-07,4.2347655e-07,1.925037e-07,3.8502964e-08,1.1550517e-07,3.8508328e-08,1.1556258e-07
85.185185,1.8845478e-07,6.7842987e-07,3.3920264e-06,2.9319679e-05,1.4694775e-05,0.00013744965,7.2714618e-05,0.00013105031,1.2056639e-05,6.8714658e-06,4.9647439e-06,1.0640726e-05,5.2944833e-06,3.7325976e-06,3.9586228e-06,1.0107505e-05,1.8302463e-06,5.5305766e-06,1.7619481e-06,1.0199214e-05,1.7461724e-05,3.0025232e-07,5.6399756e-07,5.6303885e-07,9.9950587e-06,9.1645336e-06,4.2709085e-06,9.3924955e-07,4.5125779e-07,3.7625781e-07,4.143534e-07,1.8835653e-07,3.7673486e-08,1.1301681e-07,3.7678745e-08,1.1307309e-07
85.285285,1.8444179e-07,6.6398443e-07,3.3198202e-06,2.8695914e-05,1.4382599e-05,0.00013453732,7.1181048e-05,0.00012830175,1.1803828e-05,6.7260965e-06,4.8591972e-06,1.0415122e-05,5.1815944e-06,3.6531057e-06,3.874238e-06,9.8918182e-06,1.791244e-06,5.412721e-06,1.7244108e-06,9.981924e-06,1.7089735e-05,2.9385633e-07,5.519846e-07,5.5104423e-07,9.7818553e-06,8.9690971e-06,4.1799122e-06,9.192427e-07,4.4164632e-07,3.6824415e-07,4.0552917e-07,1.8434524e-07,3.6871187e-08,1.1060998e-07,3.6876344e-08,1.1066517e-07
85.385385,1.805668e-07,6.5003585e-07,3.2500988e-06,2.8093641e-05,1.4081211e-05,0.00013172616,6.9701243e-05,0.0001256506,1.1559973e-05,6.5857993e-06,4.7573064e-06,1.0197383e-05,5.0726023e-06,3.5763614e-06,3.7927661e-06,9.6835764e-06,1.7535848e-06,5.2989235e-06,1.6881655e-06,9.7721112e-06,1.6730543e-05,2.8768042e-07,5.4038487e-07,5.3946234e-07,9.5760045e-06,8.7803979e-06,4.092048e-06,8.9992416e-07,4.3236548e-07,3.6050613e-07,3.9700841e-07,1.804719e-07,3.6096478e-08,1.0828592e-07,3.6101534e-08,1.0834004e-07
85.485485,1.7683201e-07,6.36592e-07,3.1829018e-06,2.7513202e-05,1.3790783e-05,0.00012901779,6.8276066e-05,0.00012309844,1.1325221e-05,6.4506553e-06,4.6591299e-06,9.9876367e-06,4.9675695e-06,3.5024086e-06,3.7142536e-06,9.4828988e-06,1.71729e-06,5.1892487e-06,1.6532325e-06,9.5698948e-06,1.6384352e-05,2.817281e-07,5.2920494e-07,5.2829973e-07,9.3776235e-06,8.5985433e-06,4.0073655e-06,8.8130486e-07,4.234205e-07,3.5304811e-07,3.8879591e-07,1.7673869e-07,3.5349796e-08,1.0604594e-07,3.5354756e-08,1.0609902e-07
85.585586,1.7323974e-07,6.2366126e-07,3.1182709e-06,2.6954958e-05,1.3511497e-05,0.00012641392,6.6906429e-05,0.00012064691,1.1099722e-05,6.3207504e-06,4.5647298e-06,9.7860164e-06,4.8665617e-06,3.4312937e-06,3.6387499e-06,9.2899113e-06,1.6823824e-06,5.0837649e-06,1.6196337e-06,9.3754008e-06,1.6051377e-05,2.7600306e-07,5.1845177e-07,5.1756336e-07,9.1868367e-06,8.4236474e-06,3.9259176e-06,8.633964e-07,4.1481696e-07,3.4587475e-07,3.808968e-07,1.7314794e-07,3.4631607e-08,1.0389144e-07,3.4636472e-08,1.0394351e-07
85.685686,1.6979244e-07,6.1125247e-07,3.0562504e-06,2.6419293e-05,1.3243546e-05,0.00012391636,6.5593298e-05,0.00011829779,1.0883639e-05,6.1961757e-06,4.4741714e-06,9.5926633e-06,4.769649e-06,3.363066e-06,3.566307e-06,9.1047474e-06,1.6488859e-06,4.9825447e-06,1.5873921e-06,9.1887626e-06,1.5731847e-05,2.7050923e-07,5.0813273e-07,5.0726059e-07,9.0037756e-06,8.2558304e-06,3.8477602e-06,8.4621105e-07,4.0656076e-07,3.3899095e-07,3.7331648e-07,1.697021e-07,3.3942401e-08,1.0182389e-07,3.3947176e-08,1.0187498e-07
85.785786,1.6649272e-07,5.9937497e-07,2.9968871e-06,2.590661e-05,1.2987132e-05,0.00012152702,6.4337689e-05,0.00011605291,1.0677141e-05,6.077027e-06,4.3875237e-06,9.4077265e-06,4.6769047e-06,3.2977773e-06,3.49698e-06,8.9275478e-06,1.6168258e-06,4.8856643e-06,1.556532e-06,9.0101208e-06,1.5426002e-05,2.6525075e-07,4.9825557e-07,4.9739917e-07,8.828579e-06,8.0952195e-06,3.7729521e-06,8.2976174e-07,3.986581e-07,3.3240189e-07,3.6606064e-07,1.6640376e-07,3.3282697e-08,9.9844833e-08,3.3287383e-08,9.9894987e-08
85.885886,1.6334329e-07,5.8803857e-07,2.9402298e-06,2.5417334e-05,1.2742469e-05,0.00011924789,6.3140671e-05,0.00011391423,1.0480407e-05,5.9634048e-06,4.3048592e-06,9.2313624e-06,4.5884063e-06,3.2354822e-06,3.4308266e-06,8.7584603e-06,1.5862287e-06,4.7932041e-06,1.527079e-06,8.8396231e-06,1.5134094e-05,2.6023197e-07,4.8882847e-07,4.8798726e-07,8.6613927e-06,7.9419482e-06,3.7015553e-06,8.1406207e-07,3.9111551e-07,3.2611302e-07,3.5913528e-07,1.6325564e-07,3.2653039e-08,9.7955918e-08,3.2657641e-08,9.8005163e-08
85.985986,1.5998752e-07,5.7595921e-07,2.8798559e-06,2.4895889e-05,1.2481631e-05,0.00011681664,6.1862418e-05,0.00011162756,1.0270093e-05,5.8421452e-06,4.216701e-06,9.0431325e-06,4.4940531e-06,3.1690593e-06,3.3602988e-06,8.5781814e-06,1.5536195e-06,4.6946654e-06,1.4956922e-06,8.6579335e-06,1.4823039e-05,2.5488385e-07,4.7878321e-07,4.7795771e-07,8.4831689e-06,7.7785686e-06,3.6254697e-06,7.973326e-07,3.8307837e-07,3.1941189e-07,3.5175617e-07,1.5990127e-07,3.1982128e-08,9.5943247e-08,3.1986642e-08,9.599155e-08
86.086086,1.5632256e-07,5.6276664e-07,2.8139131e-06,2.432625e-05,1.2196565e-05,0.0001141576,6.0462606e-05,0.00010911962,1.0039466e-05,5.709452e-06,4.1203161e-06,8.8371432e-06,4.3909323e-06,3.0964553e-06,3.2832201e-06,8.3811448e-06,1.5179963e-06,4.5870209e-06,1.4614084e-06,8.4594763e-06,1.4483295e-05,2.4904229e-07,4.6781177e-07,4.6700281e-07,8.2884152e-06,7.6000494e-06,3.5423595e-06,7.7906019e-07,3.7430023e-07,3.1209308e-07,3.4369717e-07,1.5623784e-07,3.1249404e-08,9.374514e-08,3.1253826e-08,9.379245e-08
86.186186,1.5273136e-07,5.4983962e-07,2.7492982e-06,2.3768091e-05,1.1917257e-05,0.00011155247,5.9091376e-05,0.00010666331,9.8135923e-06,5.5794606e-06,4.0258811e-06,8.6353414e-06,4.2898903e-06,3.0253169e-06,3.2076956e-06,8.1880789e-06,1.4830903e-06,4.4815438e-06,1.4278147e-06,8.2650142e-06,1.415039e-05,2.4331832e-07,4.5706116e-07,4.5626843e-07,8.097585e-06,7.4251263e-06,3.4609225e-06,7.6115558e-07,3.6569878e-07,3.0492157e-07,3.3580036e-07,1.5264814e-07,3.0531427e-08,9.159127e-08,3.0535757e-08,9.1637605e-08
86.286286,1.4921322e-07,5.3717561e-07,2.6859985e-06,2.3221304e-05,1.1643651e-05,0.00010900075,5.774845e-05,0.00010425813,9.5924261e-06,5.4521451e-06,3.9333774e-06,8.4376868e-06,4.1909074e-06,2.9556301e-06,3.1337105e-06,7.9989461e-06,1.4488949e-06,4.3782135e-06,1.3949047e-06,8.074509e-06,1.3824258e-05,2.3771082e-07,4.4652928e-07,4.4575247e-07,7.9106412e-06,7.253765e-06,3.3811428e-06,7.4361528e-07,3.5727232e-07,2.9789596e-07,3.2806419e-07,1.4913147e-07,2.9828055e-08,8.9481216e-08,2.9832296e-08,8.9526595e-08
86.386386,1.457675e-07,5.2477232e-07,2.6240024e-06,2.2685787e-05,1.1375699e-05,0.00010650195,5.6433574e-05,0.00010190362,9.3759242e-06,5.3274816e-06,3.8427878e-06,8.2441429e-06,4.0939654e-06,2.8873824e-06,3.0612514e-06,7.813712e-06,1.4154037e-06,4.2770112e-06,1.3626723e-06,7.8879262e-06,1.350484e-05,2.3221877e-07,4.362142e-07,4.3545302e-07,7.7275496e-06,7.0859344e-06,3.3030058e-06,7.2643607e-07,3.4901933e-07,2.9101498e-07,3.2048726e-07,1.4568718e-07,2.9139161e-08,8.7414594e-08,2.9143314e-08,8.7459035e-08
86.486486,1.4239362e-07,5.1262764e-07,2.5632995e-06,2.2161451e-05,1.1113352e-05,0.00010405564,5.5146515e-05,9.9599345e-05,9.1640477e-06,5.2054486e-06,3.7540971e-06,8.0546761e-06,3.9990481e-06,2.820562e-06,2.9903059e-06,7.6323454e-06,1.3826111e-06,4.1779198e-06,1.331112e-06,7.7052341e-06,1.3192081e-05,2.2684125e-07,4.2611419e-07,4.2536833e-07,7.5482794e-06,6.9216061e-06,3.2264982e-06,7.0961506e-07,3.4093841e-07,2.8427745e-07,3.1306829e-07,1.4231469e-07,2.8464628e-08,8.5391055e-08,2.8468696e-08,8.5434576e-08
86.586587,1.3909105e-07,5.0073969e-07,2.5038803e-06,2.1648214e-05,1.0856572e-05,0.00010166144,5.3887063e-05,9.7344925e-05,8.9567612e-06,5.0860265e-06,3.6672914e-06,7.8692565e-06,3.9061408e-06,2.7551586e-06,2.920863e-06,7.4548183e-06,1.3505121e-06,4.0809239e-06,1.3002191e-06,7.5264045e-06,1.2885934e-05,2.2157741e-07,4.1622767e-07,4.1549684e-07,7.372803e-06,6.7607548e-06,3.1516084e-06,6.9314964e-07,3.3302831e-07,2.7768234e-07,3.0580612e-07,1.3901348e-07,2.7804352e-08,8.3410284e-08,2.7808335e-08,8.3452903e-08
86.686687,1.3585932e-07,4.891068e-07,2.4457364e-06,2.1146002e-05,1.060532e-05,9.9318988e-05,5.2655032e-05,9.5140013e-05,8.7540333e-06,4.9691981e-06,3.5823583e-06,7.6878574e-06,3.8152305e-06,2.691163e-06,2.8529132e-06,7.2811059e-06,1.3191021e-06,3.98601e-06,1.269989e-06,7.3514124e-06,1.2586355e-05,2.1642652e-07,4.0655327e-07,4.0583717e-07,7.2010957e-06,6.603358e-06,3.0783257e-06,6.7703751e-07,3.2528791e-07,2.7122871e-07,2.9869974e-07,1.3578309e-07,2.7158239e-08,8.1472003e-08,2.716214e-08,8.1513737e-08
86.786787,1.3269804e-07,4.777275e-07,2.3888606e-06,2.0654753e-05,1.0359565e-05,9.7027993e-05,5.1450257e-05,9.2984306e-05,8.555836e-06,4.8549481e-06,3.4992871e-06,7.5104553e-06,3.7263058e-06,2.6285672e-06,2.7864477e-06,7.1111866e-06,1.2883773e-06,3.8931663e-06,1.2404182e-06,7.1802357e-06,1.2293307e-05,2.1138794e-07,3.9708977e-07,3.9638811e-07,7.0331363e-06,6.4493959e-06,3.0066411e-06,6.6127664e-07,3.1771626e-07,2.6491577e-07,2.9174825e-07,1.3262311e-07,2.6526209e-08,7.957597e-08,2.6530029e-08,7.9616837e-08
86.886887,1.2960686e-07,4.6660056e-07,2.3332466e-06,2.0174413e-05,1.0119279e-05,9.4788191e-05,5.0272597e-05,9.0877538e-05,8.3621453e-06,4.7432635e-06,3.4180685e-06,7.3370303e-06,3.6393571e-06,2.5673643e-06,2.7214596e-06,6.945042e-06,1.2583342e-06,3.8023825e-06,1.2115033e-06,7.0128559e-06,1.2006758e-05,2.0646112e-07,3.8783614e-07,3.8714862e-07,6.8689064e-06,6.298852e-06,2.9365466e-06,6.4586531e-07,3.1031251e-07,2.5874282e-07,2.8495089e-07,1.2953319e-07,2.5908194e-08,7.7721978e-08,2.5911934e-08,7.7761995e-08
86.986987,1.2658549e-07,4.5572494e-07,2.2788892e-06,1.9704936e-05,9.8844405e-06,9.2599364e-05,4.9121931e-05,8.8819487e-05,8.1729407e-06,4.6341334e-06,3.3386951e-06,7.1675657e-06,3.5543763e-06,2.5075486e-06,2.6579426e-06,6.782657e-06,1.2289701e-06,3.7136503e-06,1.1832416e-06,6.8492574e-06,1.1726682e-05,2.016456e-07,3.7879151e-07,3.7811787e-07,6.7083911e-06,6.1517125e-06,2.8680358e-06,6.3080211e-07,3.0307599e-07,2.5270928e-07,2.7830705e-07,1.2651306e-07,2.5304135e-08,7.5909854e-08,2.5307798e-08,7.594904e-08
87.087087,1.236337e-07,4.4509982e-07,2.2257844e-06,1.9246287e-05,9.6550303e-06,9.0461337e-05,4.7998164e-05,8.6809968e-05,7.9882056e-06,4.527549e-06,3.2611607e-06,7.0020482e-06,3.4713572e-06,2.4491157e-06,2.5958922e-06,6.6240196e-06,1.2002828e-06,3.6269632e-06,1.1556311e-06,6.6894282e-06,1.1453057e-05,1.9694101e-07,3.6995523e-07,3.6929516e-07,6.5515785e-06,6.0079663e-06,2.8011036e-06,6.160859e-07,2.9600615e-07,2.4681472e-07,2.7181621e-07,1.2356248e-07,2.4713987e-08,7.4139464e-08,2.4717574e-08,7.4177834e-08
87.187187,1.2075134e-07,4.3472461e-07,2.1739291e-06,1.879844e-05,9.4310352e-06,8.8373979e-05,4.6901221e-05,8.4848839e-05,7.807927e-06,4.4235038e-06,3.1854608e-06,6.8404677e-06,3.3902952e-06,2.3920623e-06,2.5353048e-06,6.469121e-06,1.1722707e-06,3.5423162e-06,1.1286702e-06,6.5333591e-06,1.1185868e-05,1.923471e-07,3.6132677e-07,3.6068e-07,6.3984598e-06,5.8676055e-06,2.7357463e-06,6.0171585e-07,2.891026e-07,2.4105879e-07,2.6547802e-07,1.2068128e-07,2.4137718e-08,7.2410706e-08,2.414123e-08,7.2448279e-08
87.287287,1.1793828e-07,4.245989e-07,2.1233214e-06,1.8361377e-05,9.2124461e-06,8.6337201e-05,4.583105e-05,8.2935997e-05,7.6320957e-06,4.3219933e-06,3.1115925e-06,6.6828177e-06,3.3111872e-06,2.3363861e-06,2.4761782e-06,6.3179556e-06,1.1449328e-06,3.4597061e-06,1.102358e-06,6.3810444e-06,1.0925106e-05,1.878637e-07,3.5290583e-07,3.5227208e-07,6.2490295e-06,5.7306249e-06,2.6719614e-06,5.8769142e-07,2.8236508e-07,2.3544128e-07,2.5929222e-07,1.1786937e-07,2.3575304e-08,7.0723517e-08,2.3578744e-08,7.0760309e-08
87.387387,1.1519448e-07,4.1472254e-07,2.0739603e-06,1.793509e-05,8.9992588e-06,8.4350957e-05,4.4787623e-05,8.1071381e-05,7.4607061e-06,4.2230152e-06,3.0395545e-06,6.5290947e-06,3.2340321e-06,2.2820862e-06,2.4185114e-06,6.1705211e-06,1.1182685e-06,3.3791317e-06,1.0766938e-06,6.2324815e-06,1.0670765e-05,1.8349072e-07,3.4469226e-07,3.4407124e-07,6.1032853e-06,5.5970224e-06,2.6097478e-06,5.7401238e-07,2.7579346e-07,2.2996209e-07,2.5325873e-07,1.1512668e-07,2.3026738e-08,6.9077866e-08,2.3030106e-08,6.9113894e-08
87.487487,1.1251995e-07,4.0509554e-07,2.025846e-06,1.7519581e-05,8.7914734e-06,8.2415245e-05,4.3770934e-05,7.9254968e-05,7.2937564e-06,4.1265694e-06,2.9693469e-06,6.3792988e-06,3.1588301e-06,2.229163e-06,2.3623048e-06,6.0268183e-06,1.0922781e-06,3.3005933e-06,1.0516779e-06,6.087671e-06,1.0422848e-05,1.7922819e-07,3.3668609e-07,3.3607753e-07,5.9612278e-06,5.4667986e-06,2.5491058e-06,5.6067878e-07,2.6938779e-07,2.2462124e-07,2.4737755e-07,1.1245323e-07,2.249202e-08,6.7473761e-08,2.2495318e-08,6.7509041e-08
87.587588,1.0991476e-07,3.9571816e-07,1.9789798e-06,1.711486e-05,8.589095e-06,8.0530104e-05,4.2780998e-05,7.7486777e-05,7.1312487e-06,4.0326577e-06,2.9009715e-06,6.2334334e-06,3.0855834e-06,2.1776176e-06,2.3075598e-06,5.8868512e-06,1.0669622e-06,3.224093e-06,1.027311e-06,5.9466167e-06,1.0181359e-05,1.7507622e-07,3.2888753e-07,3.2829114e-07,5.822861e-06,5.3399571e-06,2.490037e-06,5.4769097e-07,2.6314822e-07,2.1941888e-07,2.4164885e-07,1.098491e-07,2.1971165e-08,6.5911242e-08,2.1974395e-08,6.5945793e-08
87.687688,1.0737904e-07,3.8659086e-07,1.9333639e-06,1.6720946e-05,8.392133e-06,7.8695618e-05,4.1817855e-05,7.5766868e-05,6.9731885e-06,3.9412844e-06,2.8344315e-06,6.0915053e-06,3.0142956e-06,2.1274529e-06,2.2542792e-06,5.7506271e-06,1.0423221e-06,3.1496345e-06,1.0035942e-06,5.8093257e-06,9.9463123e-06,1.7103501e-07,3.2129697e-07,3.2071248e-07,5.688192e-06,5.2165044e-06,2.4325443e-06,5.350496e-07,2.5707506e-07,2.1435526e-07,2.360729e-07,1.073144e-07,2.1464198e-08,6.4390388e-08,2.1467361e-08,6.4424225e-08
87.787788,1.0491298e-07,3.7771433e-07,1.8890018e-06,1.6337868e-05,8.2006014e-06,7.6911913e-05,4.0881565e-05,7.409534e-05,6.8195852e-06,3.8524558e-06,2.769732e-06,5.9535243e-06,2.9449723e-06,2.0786724e-06,2.202467e-06,5.6181565e-06,1.0183596e-06,3.0772236e-06,9.8052926e-07,5.6758083e-06,9.7177244e-06,1.6710486e-07,3.1391497e-07,3.1334211e-07,5.5572311e-06,5.0964498e-06,2.3766321e-06,5.2275561e-07,2.5116878e-07,2.0943076e-07,2.3065013e-07,1.0484933e-07,2.0971157e-08,6.2911311e-08,2.0974256e-08,6.2944452e-08
87.887888,1.0251682e-07,3.6908945e-07,1.8458978e-06,1.5965665e-05,8.0145191e-06,7.5179158e-05,3.9972214e-05,7.2472333e-05,6.6704519e-06,3.7661803e-06,2.7068793e-06,5.819504e-06,2.8776204e-06,2.0312811e-06,2.1521286e-06,5.489453e-06,9.9507717e-07,3.0068675e-06,9.581186e-07,5.546078e-06,9.4956185e-06,1.6328618e-07,3.0674228e-07,3.0618077e-07,5.4299917e-06,4.9798056e-06,2.322306e-06,5.1081025e-07,2.4542995e-07,2.0464588e-07,2.2538107e-07,1.0245414e-07,2.0492093e-08,6.1474161e-08,2.0495128e-08,6.1506622e-08
87.987988,1.0019087e-07,3.6071731e-07,1.8040575e-06,1.5604384e-05,7.8339093e-06,7.3497566e-05,3.9089907e-05,7.0898028e-05,6.5258054e-06,3.6824685e-06,2.6458815e-06,5.6894611e-06,2.8122488e-06,1.9852851e-06,2.1032704e-06,5.3645334e-06,9.7247782e-07,2.9385754e-06,9.3636506e-07,5.4201514e-06,9.2800234e-06,1.5957945e-07,2.9977983e-07,2.9922938e-07,5.3064904e-06,4.866587e-06,2.2695731e-06,4.9921503e-07,2.3985933e-07,2.0000122e-07,2.2026641e-07,1.0012913e-07,2.0027065e-08,6.0079121e-08,2.0030038e-08,6.0110919e-08
88.088088,9.79355e-08,3.5259926e-07,1.7634875e-06,1.5254081e-05,7.6587999e-06,7.186739e-05,3.8234774e-05,6.9372644e-05,6.3856662e-06,3.601333e-06,2.5867481e-06,5.5634156e-06,2.7488679e-06,1.9406918e-06,2.0559003e-06,5.2434178e-06,9.5056512e-07,2.872358e-06,9.152721e-07,5.2980485e-06,9.0709729e-06,1.5598527e-07,2.9302869e-07,2.9248904e-07,5.1867469e-06,4.756812e-06,2.2184416e-06,4.8797181e-07,2.3445779e-07,1.9549753e-07,2.1530694e-07,9.7874668e-08,1.9576148e-08,5.8726411e-08,1.9579061e-08,5.8757563e-08
88.188188,9.5751134e-08,3.447368e-07,1.7241953e-06,1.4914822e-05,7.4892236e-06,7.0288929e-05,3.7406967e-05,6.7896445e-05,6.2500587e-06,3.5227889e-06,2.5294902e-06,5.441391e-06,2.6874898e-06,1.8975096e-06,2.0100272e-06,5.1261295e-06,9.2934323e-07,2.8082279e-06,8.948437e-07,5.1797924e-06,8.8685068e-06,1.525043e-07,2.8649017e-07,2.8596103e-07,5.0707842e-06,4.6505016e-06,2.1689212e-06,4.7708269e-07,2.2922634e-07,1.9113565e-07,2.1050361e-07,9.5691181e-08,1.9139427e-08,5.7416287e-08,1.9142281e-08,5.744681e-08
88.288288,9.3638254e-08,3.3713169e-07,1.6861897e-06,1.4586681e-05,7.3252173e-06,6.8762524e-05,3.6606659e-05,6.646973e-05,6.1190107e-06,3.446853e-06,2.4741206e-06,5.3234139e-06,2.6281282e-06,1.8557481e-06,1.9656616e-06,5.0126949e-06,9.0881689e-07,2.7461995e-06,8.7508441e-07,5.0654094e-06,8.67267e-06,1.4913732e-07,2.801657e-07,2.796468e-07,4.9586283e-06,4.5476797e-06,2.1210231e-06,4.6655011e-07,2.2416616e-07,1.8691655e-07,2.0585748e-07,9.3579154e-08,1.8716998e-08,5.614904e-08,1.8719795e-08,5.617895e-08
88.388388,9.1597407e-08,3.2978588e-07,1.6494804e-06,1.4269744e-05,7.166823e-06,6.728856e-05,3.5834048e-05,6.5092843e-05,5.9925541e-06,3.3735446e-06,2.4206535e-06,5.2095146e-06,2.5707988e-06,1.8154182e-06,1.9228148e-06,4.9031438e-06,8.8899142e-07,2.6862887e-06,8.5599934e-07,4.9549291e-06,8.4835133e-06,1.4588521e-07,2.7405692e-07,2.7354799e-07,4.8503085e-06,4.4483731e-06,2.0747595e-06,4.5637679e-07,2.1927854e-07,1.8284132e-07,2.0136975e-07,9.1539129e-08,1.830897e-08,5.4924995e-08,1.8311711e-08,5.495431e-08
88.488488,8.9629194e-08,3.2270154e-07,1.6140783e-06,1.3964102e-05,7.014087e-06,6.5867461e-05,3.5089354e-05,6.3766165e-05,5.8707241e-06,3.3028851e-06,2.3691048e-06,5.0997265e-06,2.5155185e-06,1.7765318e-06,1.8814997e-06,4.7975089e-06,8.6987271e-07,2.6285135e-06,8.3759415e-07,4.8483844e-06,8.3010925e-06,1.4274893e-07,2.6816564e-07,2.6766639e-07,4.7458571e-06,4.3526113e-06,2.0301442e-06,4.4656573e-07,2.1456494e-07,1.7891116e-07,1.9704174e-07,8.9571712e-08,1.7915464e-08,5.3744515e-08,1.7918152e-08,5.3773252e-08
88.588589,8.773428e-08,3.1588107e-07,1.5799954e-06,1.366986e-05,6.8670602e-06,6.44997e-05,3.4372818e-05,6.2490121e-05,5.75356e-06,3.2348978e-06,2.3194918e-06,4.9940863e-06,2.4623062e-06,1.7391022e-06,1.8417304e-06,4.6958264e-06,8.5146722e-07,2.5728933e-06,8.1987506e-07,4.7458111e-06,8.1254693e-06,1.3972953e-07,2.6249384e-07,2.6200399e-07,4.6453099e-06,4.260427e-06,1.9871923e-06,4.3712024e-07,2.1002694e-07,1.7512741e-07,1.9287492e-07,8.7677564e-08,1.7536613e-08,5.2607998e-08,1.7539248e-08,5.2636173e-08
88.688689,8.5913385e-08,3.0932705e-07,1.5472444e-06,1.3387128e-05,6.7257982e-06,6.3185787e-05,3.3684706e-05,6.1265172e-05,5.6411046e-06,3.1696083e-06,2.2718335e-06,4.8926342e-06,2.4111824e-06,1.7031438e-06,1.8035222e-06,4.5981356e-06,8.3378201e-07,2.5194495e-06,8.0284884e-07,4.6472484e-06,7.9567109e-06,1.3682817e-07,2.5704369e-07,2.5656297e-07,4.5487054e-06,4.1718555e-06,1.9459202e-06,4.2804394e-07,2.0566628e-07,1.714915e-07,1.8887087e-07,8.5857408e-08,1.7172561e-08,5.1515876e-08,1.7175145e-08,5.1543508e-08
88.788789,8.416729e-08,3.0304229e-07,1.5158396e-06,1.3116028e-05,6.5903613e-06,6.192628e-05,3.3025304e-05,6.0091823e-05,5.5334045e-06,3.1070446e-06,2.2261504e-06,4.7954135e-06,2.3621693e-06,1.6686719e-06,1.7668915e-06,4.5044789e-06,8.1682469e-07,2.4682051e-06,7.8652281e-07,4.5527388e-06,7.7948897e-06,1.340461e-07,2.5181753e-07,2.5134565e-07,4.4560855e-06,4.0869354e-06,1.9063456e-06,4.1934072e-07,2.0148483e-07,1.6800499e-07,1.8503131e-07,8.4112024e-08,1.6823464e-08,5.046862e-08,1.6825999e-08,5.0495724e-08
88.888889,8.2496837e-08,2.9702984e-07,1.485796e-06,1.2856689e-05,6.4608142e-06,6.0721776e-05,3.2394923e-05,5.8970617e-05,5.43051e-06,3.0472364e-06,2.1824645e-06,4.7024713e-06,2.3152906e-06,1.6357035e-06,1.7318563e-06,4.414902e-06,8.0060348e-07,2.4191848e-06,7.7090486e-07,4.462328e-06,7.6400839e-06,1.3138465e-07,2.4681789e-07,2.4635456e-07,4.3674954e-06,4.0057077e-06,1.8684878e-06,4.1101479e-07,1.974846e-07,1.6466957e-07,1.8135809e-07,8.2442254e-08,1.6489491e-08,4.9466732e-08,1.6491978e-08,4.9493327e-08
88.988989,8.0902925e-08,2.9129291e-07,1.4571298e-06,1.2609252e-05,6.3372263e-06,5.9572918e-05,3.1793895e-05,5.790214e-05,5.3324751e-06,2.9902158e-06,2.1407996e-06,4.6138574e-06,2.2705719e-06,1.6042563e-06,1.6984354e-06,4.3294538e-06,7.8512715e-07,2.3724153e-06,7.5600342e-07,4.3760647e-06,7.492377e-06,1.2884528e-07,2.4204745e-07,2.415924e-07,4.2829833e-06,3.9282167e-06,1.8323671e-06,4.0307063e-07,1.9366776e-07,1.6148704e-07,1.7785319e-07,8.0848997e-08,1.6170821e-08,4.8510753e-08,1.6173262e-08,4.8536856e-08
89.089089,7.9386514e-08,2.8583496e-07,1.4298582e-06,1.2373864e-05,6.2196717e-06,5.848039e-05,3.1222575e-05,5.6887017e-05,5.2393577e-06,2.9360171e-06,2.1011809e-06,4.5296256e-06,2.2280405e-06,1.5743494e-06,1.6666494e-06,4.2481865e-06,7.7040506e-07,2.3279247e-06,7.4182749e-07,4.2940011e-06,7.3518582e-06,1.264295e-07,2.3750909e-07,2.3706202e-07,4.2026006e-06,3.8545094e-06,1.7980053e-06,3.9551303e-07,1.900366e-07,1.5845931e-07,1.7451872e-07,7.9333213e-08,1.5867646e-08,4.7601258e-08,1.5870043e-08,4.7626887e-08
89.189189,7.7948621e-08,2.8065966e-07,1.4039995e-06,1.2150684e-05,6.1082289e-06,5.7444919e-05,3.0681341e-05,5.5925912e-05,5.1512191e-06,2.8846765e-06,2.063635e-06,4.4498325e-06,2.187725e-06,1.5460032e-06,1.6365196e-06,4.1711553e-06,7.5644714e-07,2.2857431e-06,7.2838663e-07,4.2161923e-06,7.218622e-06,1.2413894e-07,2.3320587e-07,2.3276649e-07,4.1264017e-06,3.7846357e-06,1.7654257e-06,3.8834708e-07,1.8659356e-07,1.5558841e-07,1.7135692e-07,7.7895919e-08,1.5580169e-08,4.6738859e-08,1.5582524e-08,4.6764032e-08
89.289289,7.6590325e-08,2.7577089e-07,1.3795731e-06,1.1939879e-05,6.0029814e-06,5.6467277e-05,3.0170593e-05,5.5019532e-05,5.0681246e-06,2.8362326e-06,2.0281903e-06,4.3745384e-06,2.1496562e-06,1.5192389e-06,1.6080689e-06,4.0984187e-06,7.4326391e-07,2.2459022e-06,7.1569092e-07,4.1426969e-06,7.0927686e-06,1.2197533e-07,2.2914101e-07,2.2870903e-07,4.0544444e-06,3.7186485e-06,1.7346527e-06,3.8157816e-07,1.8334123e-07,1.528765e-07,1.6837016e-07,7.6538194e-08,1.5308608e-08,4.5924201e-08,1.5310921e-08,4.5948937e-08
89.389389,7.5222925e-08,2.7084934e-07,1.3549827e-06,1.1727655e-05,5.8970208e-06,5.5482941e-05,2.9656276e-05,5.410669e-05,4.9844316e-06,2.7874507e-06,1.9925006e-06,4.298713e-06,2.1113245e-06,1.49229e-06,1.5794222e-06,4.0251776e-06,7.2999121e-07,2.2057912e-06,7.029095e-07,4.0687055e-06,6.9660675e-06,1.1979713e-07,2.2504882e-07,2.2462422e-07,3.981992e-06,3.6522089e-06,1.7036717e-06,3.7476368e-07,1.8006704e-07,1.5014638e-07,1.6536337e-07,7.5171365e-08,1.5035225e-08,4.5104082e-08,1.5037498e-08,4.512838e-08
89.489489,7.3602983e-08,2.6501869e-07,1.3258475e-06,1.1476156e-05,5.7713887e-06,5.4314854e-05,2.9044947e-05,5.3019523e-05,4.88466e-06,2.7294539e-06,1.950127e-06,4.208552e-06,2.0658429e-06,1.4603075e-06,1.5454329e-06,3.9382601e-06,7.1425736e-07,2.1582441e-06,6.8776199e-07,3.9810184e-06,6.8159299e-06,1.1721593e-07,2.2020009e-07,2.1978359e-07,3.896044e-06,3.5734084e-06,1.6669536e-06,3.6668892e-07,1.7618757e-07,1.4691169e-07,1.6180118e-07,7.3552067e-08,1.4711347e-08,4.4132479e-08,1.4713575e-08,4.4156294e-08
89.58959,7.2021633e-08,2.5932695e-07,1.2974066e-06,1.1230654e-05,5.6487565e-06,5.3174734e-05,2.8448327e-05,5.1958699e-05,4.7873154e-06,2.6728563e-06,1.9087694e-06,4.1205622e-06,2.021448e-06,1.4290903e-06,1.5122559e-06,3.8534191e-06,6.9889875e-07,2.1118309e-06,6.7297556e-07,3.8954215e-06,6.6693706e-06,1.1469624e-07,2.154669e-07,2.1505832e-07,3.8121482e-06,3.4964889e-06,1.6311108e-06,3.5880659e-07,1.7240055e-07,1.4375408e-07,1.5832385e-07,7.1971347e-08,1.4395185e-08,4.3184023e-08,1.4397368e-08,4.3207365e-08
89.68969,7.0478112e-08,2.5377137e-07,1.2696462e-06,1.099103e-05,5.5290639e-06,5.2062011e-05,2.7866108e-05,5.0923651e-05,4.6923456e-06,2.6176292e-06,1.8684076e-06,4.034699e-06,1.9781181e-06,1.398623e-06,1.479875e-06,3.7706135e-06,6.8390794e-07,2.0665291e-06,6.5854307e-07,3.8118735e-06,6.5263186e-06,1.1223686e-07,2.1084696e-07,2.1044615e-07,3.730264e-06,3.4214131e-06,1.5961261e-06,3.511129e-07,1.6870414e-07,1.4067201e-07,1.5492971e-07,7.0428441e-08,1.4086586e-08,4.2258256e-08,1.4088726e-08,4.2281135e-08
89.78979,6.8971675e-08,2.4834928e-07,1.242553e-06,1.0757167e-05,5.4122522e-06,5.097613e-05,2.729799e-05,4.9913828e-05,4.5996998e-06,2.5637446e-06,1.8290217e-06,3.9509193e-06,1.9358323e-06,1.3688907e-06,1.4482746e-06,3.6898031e-06,6.692777e-07,2.0223168e-06,6.4445755e-07,3.730334e-06,6.3867051e-06,1.098366e-07,2.0633806e-07,2.0594486e-07,3.6503518e-06,3.3481447e-06,1.5619825e-06,3.4360412e-07,1.6509656e-07,1.3766401e-07,1.5161712e-07,6.8922606e-08,1.3785402e-08,4.1354732e-08,1.37875e-08,4.1377158e-08
89.88989,6.7501598e-08,2.4305807e-07,1.2161139e-06,1.0528952e-05,5.2982644e-06,4.991655e-05,2.6743681e-05,4.892869e-05,4.5093283e-06,2.5111753e-06,1.7905922e-06,3.869181e-06,1.89457e-06,1.3398791e-06,1.4174393e-06,3.610949e-06,6.5500098e-07,1.9791728e-06,6.3071223e-07,3.6507638e-06,6.2504629e-06,1.074943e-07,2.0193801e-07,2.0155226e-07,3.5723732e-06,3.2766485e-06,1.5286636e-06,3.3627664e-07,1.6157608e-07,1.3472863e-07,1.4838448e-07,6.7453119e-08,1.3491487e-08,4.0473017e-08,1.3493544e-08,4.0494999e-08
89.98999,6.6067179e-08,2.3789521e-07,1.1903162e-06,1.0306275e-05,5.1870449e-06,4.8882745e-05,2.6202896e-05,4.7967711e-05,4.4211828e-06,2.4598947e-06,1.7531004e-06,3.789443e-06,1.8543115e-06,1.311574e-06,1.3873543e-06,3.5340132e-06,6.4107094e-07,1.9370764e-06,6.1730053e-07,3.5731249e-06,6.1175269e-06,1.0520884e-07,1.9764472e-07,1.9726627e-07,3.4962907e-06,3.2068901e-06,1.4961536e-06,3.2912697e-07,1.5814102e-07,1.3186446e-07,1.4523026e-07,6.6019276e-08,1.3204702e-08,3.9612689e-08,1.3206718e-08,3.9634237e-08
90.09009,6.4667732e-08,2.3285823e-07,1.1651475e-06,1.008903e-05,5.0785397e-06,4.7874203e-05,2.5675359e-05,4.703038e-05,4.3352161e-06,2.4098769e-06,1.716528e-06,3.7116656e-06,1.8150374e-06,1.2839617e-06,1.3580052e-06,3.458959e-06,6.2748092e-07,1.8960075e-06,6.0421604e-07,3.4973802e-06,5.9878336e-06,1.0297914e-07,1.9345614e-07,1.9308483e-07,3.4220678e-06,3.1388362e-06,1.4644368e-06,3.2215169e-07,1.5478973e-07,1.2907013e-07,1.4215295e-07,6.4620394e-08,1.2924909e-08,3.8773338e-08,1.2926885e-08,3.8794461e-08
90.19019,6.3302595e-08,2.2794474e-07,1.140596e-06,9.8771115e-06,4.9726964e-06,4.6890428e-05,2.51608e-05,4.6116199e-05,4.2513822e-06,2.3610969e-06,1.6808572e-06,3.63581e-06,1.7767289e-06,1.2570291e-06,1.3293778e-06,3.3857505e-06,6.1422448e-07,1.8559465e-06,5.9145257e-07,3.4234939e-06,5.8613217e-06,1.0080413e-07,1.8937029e-07,1.8900597e-07,3.3496693e-06,3.0724545e-06,1.4334982e-06,3.1534749e-07,1.5152063e-07,1.2634433e-07,1.3915109e-07,6.325581e-08,1.2651977e-08,3.7954567e-08,1.2653914e-08,3.7975274e-08
90.29029,6.1971125e-08,2.2315243e-07,1.11665e-06,9.6704202e-06,4.869464e-06,4.5930936e-05,2.4658957e-05,4.522468e-05,4.1696365e-06,2.3135303e-06,1.6460708e-06,3.5618385e-06,1.7393678e-06,1.2307631e-06,1.3014587e-06,3.3143531e-06,6.0129535e-07,1.8168747e-06,5.7900408e-07,3.3514309e-06,5.7379315e-06,9.8682784e-08,1.8538523e-07,1.8502776e-07,3.279061e-06,3.0077135e-06,1.4033233e-06,3.0871117e-07,1.4833217e-07,1.2368577e-07,1.3622327e-07,6.1924882e-08,1.2385775e-08,3.7155989e-08,1.2387675e-08,3.7176289e-08
90.39039,6.0672699e-08,2.1847905e-07,1.0932982e-06,9.4688582e-06,4.7687934e-06,4.499526e-05,2.4169575e-05,4.4355354e-05,4.0899355e-06,2.2671534e-06,1.612152e-06,3.4897147e-06,1.7029367e-06,1.2051514e-06,1.2742346e-06,3.2447332e-06,5.8868747e-07,1.7787736e-06,5.6686476e-07,3.2811577e-06,5.6176053e-06,9.6614117e-08,1.814991e-07,1.8114835e-07,3.2102097e-06,2.9445828e-06,1.3738978e-06,3.0223961e-07,1.4522287e-07,1.210932e-07,1.3336812e-07,6.0626987e-08,1.2126181e-08,3.6377232e-08,1.2128043e-08,3.6397133e-08
90.49049,5.9406713e-08,2.1392244e-07,1.0705299e-06,9.2723312e-06,4.6706366e-06,4.4082944e-05,2.3692408e-05,4.3507761e-05,4.0122369e-06,2.2219432e-06,1.5790846e-06,3.4194031e-06,1.6674183e-06,1.1801818e-06,1.2476928e-06,3.1768583e-06,5.7639497e-07,1.7416256e-06,5.5502896e-07,3.2126415e-06,5.5002872e-06,9.4597163e-08,1.777101e-07,1.7736592e-07,3.1430834e-06,2.8830332e-06,1.3452082e-06,2.9592982e-07,1.4219128e-07,1.1856543e-07,1.305843e-07,5.9361522e-08,1.1873073e-08,3.5617933e-08,1.1874899e-08,3.5637445e-08
90.590591,5.8172584e-08,2.0948048e-07,1.0483344e-06,9.0807479e-06,4.5749477e-06,4.3193551e-05,2.3227217e-05,4.2681456e-05,3.9364998e-06,2.1778775e-06,1.5468531e-06,3.3508696e-06,1.6327962e-06,1.1558428e-06,1.2218209e-06,3.1106971e-06,5.644122e-07,1.7054135e-06,5.4349122e-07,3.1458509e-06,5.3859231e-06,9.2630995e-08,1.7401649e-07,1.7367873e-07,3.0776509e-06,2.823036e-06,1.3172411e-06,2.8977889e-07,1.39236e-07,1.1610128e-07,1.2787055e-07,5.8127905e-08,1.1626335e-08,3.4877744e-08,1.1628125e-08,3.4896874e-08
90.690691,5.696975e-08,2.0515116e-07,1.0267016e-06,8.8940201e-06,4.4816818e-06,4.2326656e-05,2.277377e-05,4.1876008e-05,3.8626843e-06,2.1349349e-06,1.5154422e-06,3.2840809e-06,1.5990545e-06,1.1321229e-06,1.1966071e-06,3.0462192e-06,5.5273366e-07,1.6701207e-06,5.3224627e-07,3.0807552e-06,5.2744611e-06,9.0714714e-08,1.7041658e-07,1.7008511e-07,3.0138824e-06,2.764564e-06,1.2899839e-06,2.8378401e-07,1.363557e-07,1.1369963e-07,1.2522563e-07,5.6925573e-08,1.1385855e-08,3.4156326e-08,1.138761e-08,3.4175084e-08
90.790791,5.5797669e-08,2.0093252e-07,1.0056218e-06,8.7120629e-06,4.390796e-06,4.1481847e-05,2.2331842e-05,4.1090998e-05,3.7907519e-06,2.0930945e-06,1.4848374e-06,3.2190051e-06,1.5661779e-06,1.1090113e-06,1.1720399e-06,2.9833953e-06,5.4135408e-07,1.6357314e-06,5.2128905e-07,3.0173253e-06,5.1658507e-06,8.8847456e-08,1.6690874e-07,1.6658342e-07,2.951749e-06,2.7075906e-06,1.2634242e-06,2.7794248e-07,1.3354906e-07,1.1135941e-07,1.2264833e-07,5.5753986e-08,1.1151523e-08,3.3453355e-08,1.1153244e-08,3.3471748e-08
90.890891,5.4655818e-08,1.9682268e-07,9.8508554e-07,8.5347944e-06,4.3022488e-06,4.0658729e-05,2.1901218e-05,4.0326022e-05,3.7206653e-06,2.0523362e-06,1.4550246e-06,3.1556112e-06,1.5341516e-06,1.0864976e-06,1.1481082e-06,2.9221972e-06,5.3026838e-07,1.6022302e-06,5.1061467e-07,2.9555326e-06,5.0600436e-06,8.7028388e-08,1.6349141e-07,1.6317212e-07,2.8912229e-06,2.6520903e-06,1.2375502e-06,2.7225169e-07,1.3081483e-07,1.0907956e-07,1.2013752e-07,5.461262e-08,1.0923236e-08,3.2768518e-08,1.0924924e-08,3.2786554e-08
90.990991,5.3543694e-08,1.9281983e-07,9.6508369e-07,8.3621358e-06,4.2160001e-06,3.9856922e-05,2.1481688e-05,3.9580689e-05,3.6523884e-06,2.0126407e-06,1.4259901e-06,3.0938695e-06,1.5029613e-06,1.0645716e-06,1.1248015e-06,2.8625981e-06,5.1947167e-07,1.5696023e-06,5.0021842e-07,2.8953502e-06,4.9569933e-06,8.5256709e-08,1.6016309e-07,1.598497e-07,2.8322774e-06,2.5980387e-06,1.2123505e-06,2.6670913e-07,1.2815182e-07,1.0685909e-07,1.1769209e-07,5.3500974e-08,1.0700894e-08,3.2101512e-08,1.0702549e-08,3.21192e-08
91.091091,5.2460816e-08,1.8892224e-07,9.4560757e-07,8.1940115e-06,4.1320116e-06,3.9076057e-05,2.107305e-05,3.8854619e-05,3.5858864e-06,1.9739894e-06,1.3977211e-06,3.0337513e-06,1.4725934e-06,1.0432237e-06,1.1021094e-06,2.8045717e-06,5.0895926e-07,1.5378336e-06,4.9009579e-07,2.8367518e-06,4.8566551e-06,8.3531651e-08,1.5692234e-07,1.5661471e-07,2.7748868e-06,2.5454123e-06,1.1878141e-06,2.6131242e-07,1.2555887e-07,1.0469703e-07,1.1531097e-07,5.2418566e-08,1.0484399e-08,3.145205e-08,1.0486022e-08,3.1469397e-08
91.191191,5.1406721e-08,1.8512823e-07,9.2664886e-07,8.030349e-06,4.0502464e-06,3.8315783e-05,2.0675112e-05,3.814745e-05,3.5211256e-06,1.9363644e-06,1.370205e-06,2.9752291e-06,1.4430349e-06,1.0224446e-06,1.0800222e-06,2.7480933e-06,4.9872665e-07,1.5069104e-06,4.8024246e-07,2.7797124e-06,4.7589862e-06,8.1852477e-08,1.5376777e-07,1.5346579e-07,2.7190266e-06,2.4941885e-06,1.1639306e-06,2.5605923e-07,1.2303488e-07,1.0259246e-07,1.1299317e-07,5.1364935e-08,1.027366e-08,3.0819855e-08,1.0275252e-08,3.0836869e-08
91.291291,5.0380968e-08,1.8143621e-07,9.0819957e-07,7.8710789e-06,3.9706694e-06,3.7575762e-05,2.0287686e-05,3.745883e-05,3.4580737e-06,1.8997485e-06,1.3434298e-06,2.9182764e-06,1.4142731e-06,1.0022253e-06,1.0585305e-06,2.6931391e-06,4.8876955e-07,1.4768198e-06,4.706543e-07,2.7242082e-06,4.6639456e-06,8.0218482e-08,1.5069806e-07,1.5040159e-07,2.6646732e-06,2.4443458e-06,1.1406899e-06,2.5094738e-07,1.2057877e-07,1.0054449e-07,1.1073769e-07,5.0339639e-08,1.0068588e-08,3.0204661e-08,1.007015e-08,3.022135e-08
91.391391,4.9383135e-08,1.7784468e-07,8.9025208e-07,7.716135e-06,3.8932467e-06,3.685567e-05,1.9910594e-05,3.678842e-05,3.3966996e-06,1.8641251e-06,1.3173842e-06,2.8628681e-06,1.3862963e-06,9.8255749e-07,1.0376254e-06,2.6396862e-06,4.7908385e-07,1.4475493e-06,4.6132736e-07,2.6702163e-06,4.5714944e-06,7.8628995e-08,1.4771195e-07,1.4742088e-07,2.6118043e-06,2.3958635e-06,1.1180825e-06,2.4597475e-07,1.1818956e-07,9.8552298e-08,1.0854362e-07,4.9342257e-08,9.8690999e-09,2.9606215e-08,9.870632e-09,2.9622587e-08
91.491491,4.8412821e-08,1.7435217e-07,8.7279914e-07,7.5654541e-06,3.8179462e-06,3.6155198e-05,1.9543664e-05,3.6135898e-05,3.3369732e-06,1.8294786e-06,1.2920571e-06,2.8089798e-06,1.3590929e-06,9.6343294e-07,1.0172985e-06,2.5877131e-06,4.6966564e-07,1.4190873e-06,4.5225788e-07,2.6177149e-06,4.4815953e-06,7.7083375e-08,1.4480823e-07,1.4452244e-07,2.5603983e-06,2.3487222e-06,1.0960993e-06,2.4113935e-07,1.1586627e-07,9.6615066e-08,1.0641008e-07,4.8372388e-08,9.6751141e-09,2.9024278e-08,9.6766173e-09,2.904034e-08
91.591592,4.7469643e-08,1.7095732e-07,8.5583385e-07,7.4189763e-06,3.7447373e-06,3.5474052e-05,1.9186733e-05,3.5500952e-05,3.2788659e-06,1.795794e-06,1.2674382e-06,2.7565886e-06,1.3326522e-06,9.4484399e-07,9.9754155e-07,2.5371992e-06,4.6051122e-07,1.3914224e-06,4.434423e-07,2.5666834e-06,4.394213e-06,7.5581014e-08,1.4198577e-07,1.4170513e-07,2.5104352e-06,2.3029033e-06,1.0747316e-06,2.3643928e-07,1.1360799e-07,9.4732039e-08,1.0433622e-07,4.742965e-08,9.486555e-09,2.845862e-08,9.4880299e-09,2.8474379e-08
91.691692,4.6553241e-08,1.6765883e-07,8.3934969e-07,7.2766446e-06,3.6735911e-06,3.4811952e-05,1.8839645e-05,3.4883284e-05,3.2223503e-06,1.7630568e-06,1.2435176e-06,2.7056724e-06,1.306964e-06,9.2678337e-07,9.7834694e-07,2.488125e-06,4.5161706e-07,1.3645441e-06,4.3487723e-07,2.5171022e-06,4.3093141e-06,7.4121337e-08,1.3924349e-07,1.3896788e-07,2.4618955e-06,2.258389e-06,1.0539712e-06,2.3187272e-07,1.1141385e-07,9.2902493e-08,1.0232126e-07,4.6513684e-08,9.3033503e-09,2.7909025e-08,9.3047976e-09,2.7924489e-08
91.791792,4.5663274e-08,1.6445546e-07,8.2334048e-07,7.1384053e-06,3.6044799e-06,3.4168633e-05,1.8502251e-05,3.4282611e-05,3.1674002e-06,1.7312536e-06,1.220286e-06,2.6562106e-06,1.2820185e-06,9.0924415e-07,9.5970744e-07,2.4404721e-06,4.4297985e-07,1.3384423e-06,4.2655948e-07,2.468953e-06,4.2268669e-06,7.2703799e-08,1.3658036e-07,1.3630967e-07,2.4147613e-06,2.2151629e-06,1.0338104e-06,2.2743799e-07,1.0928304e-07,9.1125749e-08,1.0036444e-07,4.5624147e-08,9.1254319e-09,2.7375288e-08,9.1268524e-09,2.7390464e-08
91.891892,4.479942e-08,1.6134605e-07,8.0780043e-07,7.0042078e-06,3.5373779e-06,3.3543843e-05,1.8174411e-05,3.3698662e-05,3.1139904e-06,1.7003715e-06,1.1977346e-06,2.6081834e-06,1.2578066e-06,8.9221986e-07,9.4161622e-07,2.3942232e-06,4.3459647e-07,1.3131076e-06,4.1848605e-07,2.4222182e-06,4.1468418e-06,7.1327889e-08,1.3399542e-07,1.3372954e-07,2.3690153e-06,2.1732091e-06,1.0142419e-06,2.2313349e-07,1.072148e-07,8.9401165e-08,9.8465051e-08,4.4760721e-08,8.9527358e-09,2.6857218e-08,8.9541299e-09,2.6872113e-08
91.991992,4.3961378e-08,1.5832953e-07,7.9272408e-07,6.8740046e-06,3.4722608e-06,3.2937346e-05,1.785599e-05,3.313118e-05,3.0620974e-06,1.6703982e-06,1.1758552e-06,2.5615723e-06,1.2343199e-06,8.7570438e-07,9.2406689e-07,2.3493622e-06,4.2646397e-07,1.2885312e-06,4.1065413e-07,2.3768816e-06,4.0692109e-06,6.9993127e-08,1.3148778e-07,1.3122659e-07,2.3246417e-06,2.1325131e-06,9.9525896e-07,2.189577e-07,1.0520839e-07,8.7728142e-08,9.6622442e-08,4.3923103e-08,8.7852017e-09,2.6354634e-08,8.7865703e-09,2.6369255e-08
92.092092,4.3148869e-08,1.5540489e-07,7.7810635e-07,6.7477513e-06,3.4091057e-06,3.2348919e-05,1.7546864e-05,3.2579921e-05,3.0116985e-06,1.6413224e-06,1.1546399e-06,2.5163598e-06,1.2115502e-06,8.5969201e-07,9.0705349e-07,2.3058738e-06,4.1857964e-07,1.2647047e-06,4.0306109e-07,2.3329281e-06,3.9939482e-06,6.8699066e-08,1.2905658e-07,1.2879998e-07,2.2816255e-06,2.0930612e-06,9.7685511e-07,2.1490925e-07,1.0326316e-07,8.6106119e-08,9.4835993e-08,4.3111014e-08,8.6227736e-09,2.5867367e-08,8.6241173e-09,2.5881722e-08
92.192192,4.2361631e-08,1.5257117e-07,7.6394253e-07,6.6254066e-06,3.3478914e-06,3.1778356e-05,1.7246913e-05,3.2044655e-05,2.9627725e-06,1.6131334e-06,1.1340815e-06,2.4725295e-06,1.1894903e-06,8.4417746e-07,8.9057046e-07,2.2637441e-06,4.1094094e-07,1.2416207e-06,3.9570448e-07,2.2903435e-06,3.9210295e-06,6.7445291e-08,1.2670107e-07,1.2644893e-07,2.2399528e-06,2.0548407e-06,9.5902448e-07,2.1098682e-07,1.0137846e-07,8.4534577e-08,9.3105132e-08,4.2324194e-08,8.4653996e-09,2.5395261e-08,8.466719e-09,2.5409357e-08
92.292292,4.1599424e-08,1.4982752e-07,7.5022826e-07,6.5069325e-06,3.2885983e-06,3.1225464e-05,1.6956028e-05,3.1525164e-05,2.9152992e-06,1.5858212e-06,1.1141734e-06,2.4300663e-06,1.1681333e-06,8.2915582e-07,8.7461268e-07,2.2229599e-06,4.0354552e-07,1.2192718e-06,3.8858207e-07,2.2491148e-06,3.8504328e-06,6.6231417e-08,1.244205e-07,1.2417272e-07,2.1996108e-06,2.0178398e-06,9.4176161e-07,2.0718921e-07,9.9553742e-08,8.3013034e-08,9.142933e-08,4.1562403e-08,8.3130315e-09,2.4938173e-08,8.3143273e-09,2.4952017e-08
92.392392,4.0862028e-08,1.4717314e-07,7.3695954e-07,6.3922939e-06,3.2312082e-06,3.0690063e-05,1.6674104e-05,3.1021247e-05,2.8692599e-06,1.5593765e-06,1.0949094e-06,2.3889561e-06,1.1474728e-06,8.1462257e-07,8.5917547e-07,2.1835096e-06,3.9639125e-07,1.1976518e-06,3.8169179e-07,2.20923e-06,3.7821375e-06,6.5057095e-08,1.2221424e-07,1.219707e-07,2.1605879e-06,1.9820478e-06,9.2506151e-07,2.0351534e-07,9.7788462e-08,8.1541053e-08,8.9808103e-08,4.082542e-08,8.1656253e-09,2.4495971e-08,8.1668982e-09,2.4509569e-08
92.492492,4.0149242e-08,1.4460731e-07,7.2413273e-07,6.281459e-06,3.1757045e-06,3.0171989e-05,1.6401047e-05,3.0532712e-05,2.824637e-06,1.5337908e-06,1.0762838e-06,2.3491859e-06,1.1275032e-06,8.0057362e-07,8.4425453e-07,2.1453823e-06,3.8947617e-07,1.1767547e-06,3.7503176e-07,2.1706785e-06,3.7161252e-06,6.3922005e-08,1.2008167e-07,1.1984227e-07,2.1228734e-06,1.9474549e-06,9.0891965e-07,1.999642e-07,9.6082145e-08,8.0118233e-08,8.8241012e-08,4.0113046e-08,8.0231413e-09,2.4068534e-08,8.0243918e-09,2.4081894e-08
92.592593,3.9460886e-08,1.4212938e-07,7.1174458e-07,6.1743989e-06,3.1220723e-06,2.9671093e-05,1.6136768e-05,3.0059382e-05,2.7814141e-06,1.5090561e-06,1.0582915e-06,2.3107439e-06,1.1082194e-06,7.8700525e-07,8.2984603e-07,2.1085682e-06,3.8279853e-07,1.1565752e-06,3.6860032e-07,2.1334504e-06,3.6523792e-06,6.282586e-08,1.1802226e-07,1.1778688e-07,2.0864577e-06,1.9140524e-06,8.9333194e-07,1.965349e-07,9.443436e-08,7.8744217e-08,8.6727663e-08,3.9425101e-08,7.8855433e-09,2.3655755e-08,7.8867722e-09,2.3668883e-08
92.692693,3.8796801e-08,1.3973877e-07,6.9979216e-07,6.0710881e-06,3.0702982e-06,2.9187241e-05,1.5881186e-05,2.9601095e-05,2.739576e-06,1.4851655e-06,1.040928e-06,2.2736193e-06,1.0896167e-06,7.7391415e-07,8.1594654e-07,2.0730587e-06,3.7635677e-07,1.1371087e-06,3.6239595e-07,2.097537e-06,3.5908848e-06,6.1768405e-08,1.1603553e-07,1.1580408e-07,2.0513323e-06,1.8818326e-06,8.7829476e-07,1.9322664e-07,9.2844726e-08,7.7418684e-08,8.5267703e-08,3.8761426e-08,7.7527995e-09,2.3257539e-08,7.7540073e-09,2.3270441e-08
92.792793,3.8156848e-08,1.3743498e-07,6.8827294e-07,5.9715041e-06,3.0203701e-06,2.872031e-05,1.563423e-05,2.9157701e-05,2.6991089e-06,1.4621126e-06,1.0241891e-06,2.2378026e-06,1.0716911e-06,7.6129741e-07,8.0255305e-07,2.0388464e-06,3.7014954e-07,1.118351e-06,3.5641735e-07,2.0629309e-06,3.531629e-06,6.0749418e-08,1.1412106e-07,1.1389343e-07,2.0174898e-06,1.8507884e-06,8.6380494e-07,1.9003873e-07,9.1312908e-08,7.6141356e-08,8.3860827e-08,3.8121881e-08,7.624882e-09,2.2873801e-08,7.6260695e-09,2.2886485e-08
92.892893,3.7460445e-08,1.349282e-07,6.757428e-07,5.8632611e-06,2.9661992e-06,2.8215202e-05,1.5368539e-05,2.8683342e-05,2.6557937e-06,1.4371885e-06,1.0060111e-06,2.1990384e-06,1.0521818e-06,7.4757766e-07,7.8797602e-07,2.0015871e-06,3.6339292e-07,1.0979325e-06,3.4991002e-07,2.0252626e-06,3.4671284e-06,5.9640367e-08,1.1203741e-07,1.1181378e-07,1.9806343e-06,1.8169848e-06,8.4803293e-07,1.8656904e-07,8.964574e-08,7.4751187e-08,8.2329707e-08,3.742586e-08,7.4856687e-09,2.2456176e-08,7.4868345e-09,2.2468629e-08
92.992993,3.6777762e-08,1.324708e-07,6.6345918e-07,5.7571425e-06,2.9130853e-06,2.7719851e-05,1.5107892e-05,2.8217823e-05,2.6132924e-06,1.412749e-06,9.8819019e-07,2.1610282e-06,1.0330572e-06,7.3412812e-07,7.7368655e-07,1.9650637e-06,3.5676953e-07,1.0779166e-06,3.4353096e-07,1.9883371e-06,3.4038995e-06,5.8553175e-08,1.0999483e-07,1.0977513e-07,1.9445067e-06,1.7838485e-06,8.3257189e-07,1.8316775e-07,8.801143e-08,7.3388414e-08,8.082876e-08,3.6743553e-08,7.3491987e-09,2.204678e-08,7.3503432e-09,2.2059006e-08
93.093093,3.610977e-08,1.3006626e-07,6.5143947e-07,5.6532971e-06,2.8611007e-06,2.7234899e-05,1.4852596e-05,2.7761634e-05,2.5716498e-06,1.3888252e-06,9.7075091e-07,2.1238212e-06,1.0143447e-06,7.2096769e-07,7.5970497e-07,1.9293285e-06,3.5028884e-07,1.0583321e-06,3.3728931e-07,1.952207e-06,3.3420329e-06,5.7489396e-08,1.0799624e-07,1.0778039e-07,1.9091589e-06,1.7514271e-06,8.1744393e-07,1.798397e-07,8.6412311e-08,7.2054984e-08,7.9360126e-08,3.6075937e-08,7.2156667e-09,2.1646199e-08,7.2167903e-09,2.1658201e-08
93.193193,3.5455995e-08,1.2771287e-07,6.3967511e-07,5.5516507e-06,2.8102083e-06,2.6759999e-05,1.4602467e-05,2.7314442e-05,2.5308353e-06,1.3653996e-06,9.536806e-07,2.0873905e-06,9.9603086e-07,7.0808688e-07,7.4602123e-07,1.8943558e-06,3.4394621e-07,1.0391648e-06,3.3118058e-07,1.9168465e-06,3.2814843e-06,5.6448269e-08,1.060402e-07,1.0582814e-07,1.8745655e-06,1.7196972e-06,8.0263822e-07,1.7658252e-07,8.4847241e-08,7.0749944e-08,7.7922759e-08,3.5422533e-08,7.0849774e-09,2.1254145e-08,7.0860806e-09,2.1265929e-08
93.293293,3.481597e-08,1.2540897e-07,6.2815773e-07,5.452131e-06,2.7603717e-06,2.6294812e-05,1.4357324e-05,2.6875921e-05,2.4908187e-06,1.342455e-06,9.3696694e-07,2.0517094e-06,9.7810248e-07,6.9547643e-07,7.3262552e-07,1.8601205e-06,3.3773711e-07,1.020401e-06,3.2520045e-07,1.8822305e-06,3.2222108e-06,5.5429055e-08,1.0412533e-07,1.0391699e-07,1.8407017e-06,1.6886362e-06,7.8814422e-07,1.7339389e-07,8.3315108e-08,6.9472368e-08,7.6515637e-08,3.4782878e-08,6.9570381e-09,2.0870341e-08,6.9581212e-09,2.088191e-08
93.393393,3.4189244e-08,1.2315291e-07,6.1687919e-07,5.3546678e-06,2.7115559e-06,2.5839007e-05,1.4116995e-05,2.6445757e-05,2.451571e-06,1.3199749e-06,9.2059795e-07,2.0167524e-06,9.6054685e-07,6.8312735e-07,7.1950831e-07,1.8265984e-06,3.3165715e-07,1.0020276e-06,3.1934467e-07,1.8483346e-06,3.1641703e-06,5.4431031e-08,1.0225027e-07,1.0204559e-07,1.8075434e-06,1.6582221e-06,7.7395169e-07,1.7027157e-07,8.181483e-08,6.8221353e-08,7.5137766e-08,3.415652e-08,6.8317583e-09,2.0494516e-08,6.8328218e-09,2.0505874e-08
93.493493,3.3575378e-08,1.2094312e-07,6.058316e-07,5.2591926e-06,2.6637265e-06,2.5392265e-05,1.3881308e-05,2.6023643e-05,2.4130638e-06,1.2979432e-06,9.0456197e-07,1.9824943e-06,9.4335154e-07,6.7103089e-07,7.0666031e-07,1.7937657e-06,3.2570205e-07,9.8403155e-07,3.1360914e-07,1.8151348e-06,3.1073221e-06,5.3453497e-08,1.0041371e-07,1.0021261e-07,1.7750673e-06,1.6284334e-06,7.6005063e-07,1.6721334e-07,8.0345353e-08,6.699602e-08,7.3788181e-08,3.354302e-08,6.7090502e-09,2.0126405e-08,6.7100944e-09,2.0137557e-08
93.593594,3.2973945e-08,1.1877807e-07,5.9500725e-07,5.1656391e-06,2.6168502e-06,2.4954274e-05,1.36501e-05,2.5609283e-05,2.3752697e-06,1.276344e-06,8.8884768e-07,1.9489108e-06,9.2650451e-07,6.5917855e-07,6.9407251e-07,1.7615993e-06,3.1986766e-07,9.6640032e-07,3.0798985e-07,1.782608e-06,3.0516265e-06,5.2495773e-08,9.8614362e-08,9.8416792e-08,1.7432505e-06,1.5992492e-06,7.4643137e-07,1.642171e-07,7.8905653e-08,6.5795516e-08,7.246594e-08,3.294195e-08,6.5888284e-09,1.9765753e-08,6.5898536e-09,1.9776703e-08
93.693694,3.2384529e-08,1.1665626e-07,5.8439869e-07,5.0739427e-06,2.5708947e-06,2.4524731e-05,1.342321e-05,2.5202387e-05,2.3381618e-06,1.2551623e-06,8.7344408e-07,1.9159784e-06,9.0999404e-07,6.4756206e-07,6.8173615e-07,1.7300769e-06,3.1414993e-07,9.4912172e-07,3.0248292e-07,1.7507318e-06,2.9970452e-06,5.1557196e-08,9.6850994e-08,9.6656885e-08,1.7120711e-06,1.5706493e-06,7.3308448e-07,1.6128076e-07,7.7494738e-08,6.4619014e-08,7.1170133e-08,3.2352897e-08,6.47101e-09,1.941231e-08,6.4720166e-09,1.9423062e-08
93.793794,3.1806729e-08,1.1457623e-07,5.7399867e-07,4.9840409e-06,2.5258287e-06,2.4103344e-05,1.3200485e-05,2.4802676e-05,2.3017145e-06,1.2343831e-06,8.583405e-07,1.8836742e-06,8.9380877e-07,6.3617342e-07,6.6964274e-07,1.6991768e-06,3.0854495e-07,9.321839e-07,2.9708459e-07,1.7194843e-06,2.9435408e-06,5.0637124e-08,9.5122396e-08,9.4931689e-08,1.6815074e-06,1.5426141e-06,7.2000083e-07,1.5840233e-07,7.6111642e-08,6.3465709e-08,6.9899875e-08,3.1775457e-08,6.3555144e-09,1.9065836e-08,6.3565029e-09,1.9076393e-08
93.893894,3.1240154e-08,1.1253659e-07,5.6380017e-07,4.895873e-06,2.4816218e-06,2.3689829e-05,1.2981774e-05,2.440988e-05,2.2659027e-06,1.2139922e-06,8.435266e-07,1.851976e-06,8.7793769e-07,6.2500486e-07,6.5778405e-07,1.6688779e-06,3.0304893e-07,9.1557541e-07,2.9179119e-07,1.6888445e-06,2.8910771e-06,4.9734937e-08,9.3427401e-08,9.3240035e-08,1.6515388e-06,1.5151244e-06,7.0717158e-07,1.5557985e-07,7.4755432e-08,6.2334822e-08,6.8654307e-08,3.1209241e-08,6.2422638e-09,1.8726097e-08,6.2432344e-09,1.8736463e-08
93.993994,3.0684427e-08,1.1053599e-07,5.5379641e-07,4.8093803e-06,2.4382447e-06,2.3283912e-05,1.2766932e-05,2.4023738e-05,2.2307022e-06,1.1939757e-06,8.2899237e-07,1.8208623e-06,8.6237014e-07,6.1404886e-07,6.461521e-07,1.6391598e-06,2.9765819e-07,8.9928512e-07,2.8659921e-07,1.6587918e-06,2.8396191e-06,4.8850031e-08,9.1764879e-08,9.1580796e-08,1.6221452e-06,1.4881619e-06,6.9458814e-07,1.5281144e-07,7.3425203e-08,6.1225599e-08,6.74326e-08,3.0653872e-08,6.1311826e-09,1.8392866e-08,6.1321357e-09,1.8403044e-08
94.094094,3.0139182e-08,1.0857309e-07,5.439808e-07,4.724506e-06,2.3956688e-06,2.2885325e-05,1.255582e-05,2.3643997e-05,2.1960896e-06,1.1743202e-06,8.1472812e-07,1.7903123e-06,8.470958e-07,6.0329816e-07,6.3473918e-07,1.6100029e-06,2.9236917e-07,8.8330231e-07,2.8150521e-07,1.6293065e-06,2.7891329e-06,4.7981823e-08,9.0133735e-08,8.9952878e-08,1.593307e-06,1.4617087e-06,6.8224223e-07,1.5009528e-07,7.2120079e-08,6.013731e-08,6.623395e-08,3.0108985e-08,6.0221979e-09,1.8065924e-08,6.0231337e-09,1.8075918e-08
94.194194,2.9604067e-08,1.0664663e-07,5.3434701e-07,4.6411953e-06,2.3538668e-06,2.2493815e-05,1.2348302e-05,2.3270415e-05,2.1620423e-06,1.1550128e-06,8.0072451e-07,1.7603061e-06,8.3210472e-07,5.9274572e-07,6.2353784e-07,1.5813881e-06,2.8717845e-07,8.6761659e-07,2.765059e-07,1.6003693e-06,2.7395858e-06,4.7129753e-08,8.8532912e-08,8.8355227e-08,1.5650054e-06,1.4357476e-06,6.7012583e-07,1.4742961e-07,7.0839216e-08,5.9069251e-08,6.5057582e-08,2.9574225e-08,5.915239e-09,1.7745059e-08,5.9161579e-09,1.7754872e-08
94.294294,2.9078742e-08,1.047554e-07,5.248889e-07,4.5593953e-06,2.3128122e-06,2.2109132e-05,1.2144249e-05,2.2902756e-05,2.1285388e-06,1.1360409e-06,7.8697251e-07,1.7308244e-06,8.1738727e-07,5.8238477e-07,6.1254089e-07,1.553297e-06,2.820827e-07,8.5221796e-07,2.7159809e-07,1.571962e-06,2.6909462e-06,4.6293275e-08,8.6961392e-08,8.6786823e-08,1.5372224e-06,1.4102619e-06,6.5823123e-07,1.4481273e-07,6.9581797e-08,5.8020742e-08,6.3902746e-08,2.9049255e-08,5.8102378e-09,1.7430067e-08,5.8111402e-09,1.7439703e-08
94.394394,2.8562878e-08,1.028982e-07,5.1560057e-07,4.479055e-06,2.2724795e-06,2.173104e-05,1.1943534e-05,2.2540796e-05,2.0955581e-06,1.1173927e-06,7.7346341e-07,1.7018484e-06,8.029342e-07,5.7220879e-07,6.0174142e-07,1.5257119e-06,2.7707873e-07,8.3709675e-07,2.667787e-07,1.5440667e-06,2.6431836e-06,4.5471867e-08,8.5418191e-08,8.5246686e-08,1.5099403e-06,1.3852357e-06,6.4655098e-07,1.42243e-07,6.8347037e-08,5.6991127e-08,6.2768722e-08,2.8533744e-08,5.7071289e-09,1.7120752e-08,5.708015e-09,1.7130214e-08
94.494494,2.8056159e-08,1.0107389e-07,5.0647635e-07,4.4001253e-06,2.2328442e-06,2.135931e-05,1.1746039e-05,2.2184319e-05,2.0630801e-06,1.0990564e-06,7.6018886e-07,1.6733602e-06,7.8873659e-07,5.6221147e-07,5.9113274e-07,1.4986158e-06,2.7216347e-07,8.2224369e-07,2.6204478e-07,1.5166663e-06,2.5962689e-06,4.4665026e-08,8.3902364e-08,8.3733871e-08,1.4831425e-06,1.3606535e-06,6.350779e-07,1.3971886e-07,6.7134179e-08,5.5979775e-08,6.1654814e-08,2.8027379e-08,5.6058491e-09,1.6816924e-08,5.6067192e-09,1.6826215e-08
94.594595,2.7558282e-08,9.9281402e-08,4.9751077e-07,4.3225593e-06,2.1938826e-06,2.0993722e-05,1.1551647e-05,2.1833117e-05,2.0310856e-06,1.081021e-06,7.4714082e-07,1.6453428e-06,7.7478587e-07,5.523868e-07,5.8070846e-07,1.4719923e-06,2.6733397e-07,8.0764986e-07,2.573935e-07,1.4897443e-06,2.5501738e-06,4.3872267e-08,8.2413003e-08,8.2247472e-08,1.4568126e-06,1.3365005e-06,6.2380511e-07,1.3723878e-07,6.5942496e-08,5.4986082e-08,6.0560356e-08,2.7529855e-08,5.5063377e-09,1.65184e-08,5.5071921e-09,1.6527524e-08
94.694695,2.7068957e-08,9.751967e-08,4.8869862e-07,4.2463116e-06,2.1555723e-06,2.0634066e-05,1.1360249e-05,2.1486992e-05,1.9995562e-06,1.0632758e-06,7.3431156e-07,1.6177796e-06,7.6107383e-07,5.4272897e-07,5.7046244e-07,1.4458257e-06,2.6258739e-07,7.9330669e-07,2.5282211e-07,1.463285e-06,2.5048713e-06,4.3093127e-08,8.0949237e-08,8.0786617e-08,1.4309353e-06,1.3127625e-06,6.1272602e-07,1.3480132e-07,6.4771291e-08,5.4009465e-08,5.9484708e-08,2.7040882e-08,5.4085366e-09,1.6225008e-08,5.4093755e-09,1.6233967e-08
94.794795,2.6587905e-08,9.5787698e-08,4.8003487e-07,4.1713391e-06,2.1178916e-06,2.028014e-05,1.1171738e-05,2.1145755e-05,1.9684744e-06,1.0458107e-06,7.2169373e-07,1.5906548e-06,7.4759259e-07,5.3323244e-07,5.6038878e-07,1.4201009e-06,2.5792103e-07,7.79206e-07,2.4832803e-07,1.4372733e-06,2.4603356e-06,4.2327161e-08,7.9510231e-08,7.9350473e-08,1.4054956e-06,1.2894258e-06,6.0183428e-07,1.3240508e-07,6.3619897e-08,5.3049368e-08,5.8427258e-08,2.6560181e-08,5.31239e-09,1.5936579e-08,5.3132139e-09,1.5945376e-08
94.894895,2.611486e-08,9.4084527e-08,4.7151474e-07,4.0976004e-06,2.08082e-06,1.9931753e-05,1.0986014e-05,2.0809226e-05,1.9378233e-06,1.028616e-06,7.0928025e-07,1.5639534e-06,7.3433465e-07,5.2389191e-07,5.5048187e-07,1.3948036e-06,2.5333229e-07,7.6533995e-07,2.4390876e-07,1.4116948e-06,2.4165421e-06,4.1573946e-08,7.8095189e-08,7.7938245e-08,1.3804793e-06,1.2664776e-06,5.9112387e-07,1.3004875e-07,6.2487677e-08,5.210526e-08,5.7387421e-08,2.6087486e-08,5.2178448e-09,1.5652954e-08,5.2186539e-09,1.5661593e-08
94.994995,2.5649567e-08,9.2409244e-08,4.6313367e-07,4.0250562e-06,2.0443377e-06,1.9588721e-05,1.0802982e-05,2.0477233e-05,1.907587e-06,1.0116823e-06,6.9706442e-07,1.537661e-06,7.2129284e-07,5.1470234e-07,5.4073636e-07,1.3699201e-06,2.488187e-07,7.5170108e-07,2.3956191e-07,1.3865356e-06,2.3734671e-06,4.0833075e-08,7.6703349e-08,7.6549173e-08,1.355873e-06,1.2439053e-06,5.8058902e-07,1.2773104e-07,6.1374021e-08,5.1176634e-08,5.6364637e-08,2.5622544e-08,5.1248503e-09,1.537398e-08,5.1256447e-09,1.5382464e-08
95.095095,2.5191787e-08,9.076098e-08,4.5488732e-07,3.953669e-06,2.008426e-06,1.9250872e-05,1.0622552e-05,2.0149615e-05,1.8777505e-06,9.9500087e-07,6.8503983e-07,1.511764e-06,7.0846033e-07,5.0565891e-07,5.3114713e-07,1.3454374e-06,2.4437791e-07,7.3828228e-07,2.3528523e-07,1.3617828e-06,2.3310883e-06,4.0104164e-08,7.533399e-08,7.5182535e-08,1.3316637e-06,1.2216971e-06,5.7022425e-07,1.2545077e-07,6.0278353e-08,5.0263007e-08,5.5358377e-08,2.5165114e-08,5.0333581e-09,1.5099514e-08,5.0341382e-09,1.5107844e-08
95.195195,2.4741289e-08,8.9138911e-08,4.4677157e-07,3.8834034e-06,1.9730673e-06,1.891804e-05,1.0444636e-05,1.9826218e-05,1.8482995e-06,9.7856335e-07,6.7320041e-07,1.4862495e-06,6.9583066e-07,4.9675708e-07,5.2170936e-07,1.321343e-06,2.4000769e-07,7.2507683e-07,2.3107658e-07,1.3374239e-06,2.2893845e-06,3.9386848e-08,7.3986426e-08,7.3837646e-08,1.3078392e-06,1.199842e-06,5.6002436e-07,1.2320678e-07,5.9200122e-08,4.9363922e-08,5.4368137e-08,2.4714965e-08,4.9433225e-09,1.4829417e-08,4.9440886e-09,1.4837598e-08
95.295295,2.4297858e-08,8.7542258e-08,4.3878253e-07,3.8142257e-06,1.9382449e-06,1.8590071e-05,1.0269155e-05,1.9506898e-05,1.8192205e-06,9.6236185e-07,6.6154044e-07,1.4611053e-06,6.833977e-07,4.8799253e-07,5.1241847e-07,1.2976252e-06,2.3570593e-07,7.1207833e-07,2.2693393e-07,1.3134471e-06,2.2483354e-06,3.8680782e-08,7.2660007e-08,7.2513858e-08,1.2843879e-06,1.1783292e-06,5.4998444e-07,1.2099799e-07,5.813881e-08,4.8478947e-08,5.3393441e-08,2.4271883e-08,4.8547001e-09,1.456356e-08,4.8554525e-09,1.4571593e-08
95.395395,2.3861288e-08,8.5970286e-08,4.3091654e-07,3.7461044e-06,1.9039429e-06,1.8266818e-05,1.0096033e-05,1.919152e-05,1.790501e-06,9.4638895e-07,6.500545e-07,1.4363198e-06,6.7115568e-07,4.7936119e-07,5.0327014e-07,1.2742731e-06,2.3147065e-07,6.992808e-07,2.2285536e-07,1.2898414e-06,2.2079222e-06,3.7985639e-08,7.1354122e-08,7.121056e-08,1.2612991e-06,1.1571488e-06,5.4009983e-07,1.1882339e-07,5.7093927e-08,4.7607673e-08,5.2433838e-08,2.3835662e-08,4.7674502e-09,1.430182e-08,4.768189e-09,1.4309708e-08
95.495495,2.3431389e-08,8.4422305e-08,4.2317014e-07,3.6790096e-06,1.8701467e-06,1.7948145e-05,9.9251983e-06,1.8879959e-05,1.762129e-06,9.3063767e-07,6.3873751e-07,1.4118823e-06,6.590992e-07,4.7085925e-07,4.9426031e-07,1.2512762e-06,2.2729997e-07,6.8667857e-07,2.1883908e-07,1.2665964e-06,2.1681271e-06,3.7301113e-08,7.0068197e-08,6.9927178e-08,1.2385623e-06,1.1362915e-06,5.303662e-07,1.1668203e-07,5.6065015e-08,4.6749717e-08,5.1488908e-08,2.3406112e-08,4.6815344e-09,1.4044082e-08,4.6822599e-09,1.4051829e-08
95.595596,2.300798e-08,8.2897669e-08,4.1554011e-07,3.6129137e-06,1.8368423e-06,1.7633923e-05,9.7565855e-06,1.8572096e-05,1.7340937e-06,9.151015e-07,6.2758472e-07,1.3877826e-06,6.4722316e-07,4.6248315e-07,4.8538521e-07,1.2286249e-06,2.2319215e-07,6.7426637e-07,2.148834e-07,1.2437024e-06,2.1289334e-06,3.6626918e-08,6.8801693e-08,6.8663175e-08,1.216168e-06,1.1157483e-06,5.2077946e-07,1.1457299e-07,5.5051642e-08,4.590472e-08,5.0558256e-08,2.2983051e-08,4.5969168e-09,1.3790238e-08,4.5976293e-09,1.3797846e-08
95.695696,2.2590896e-08,8.1395778e-08,4.0802345e-07,3.5477908e-06,1.8040169e-06,1.7324034e-05,9.5901332e-06,1.8267824e-05,1.7063849e-06,8.997744e-07,6.1659172e-07,1.3640115e-06,6.3552285e-07,4.5422954e-07,4.7664129e-07,1.2063101e-06,2.1914555e-07,6.6203929e-07,2.1098677e-07,1.2211502e-06,2.0903256e-06,3.5962788e-08,6.755411e-08,6.741805e-08,1.1941074e-06,1.0955113e-06,5.1133581e-07,1.1249545e-07,5.4053408e-08,4.507235e-08,4.9641514e-08,2.2566314e-08,4.5135639e-09,1.3540189e-08,4.5142636e-09,1.354766e-08
95.795796,2.217998e-08,7.9916074e-08,4.0061738e-07,3.4836171e-06,1.7716588e-06,1.701837e-05,9.4257855e-06,1.7967044e-05,1.6789934e-06,8.8465077e-07,6.057544e-07,1.3405603e-06,6.239939e-07,4.4609536e-07,4.6802529e-07,1.1843234e-06,2.1515868e-07,6.4999275e-07,2.0714773e-07,1.1989316e-06,2.0522893e-06,3.5308475e-08,6.6324986e-08,6.6191341e-08,1.1723721e-06,1.0755728e-06,5.0203175e-07,1.1044865e-07,5.3069943e-08,4.4252296e-08,4.8738342e-08,2.2155746e-08,4.4314449e-09,1.3293841e-08,4.4321321e-09,1.3301178e-08
95.895896,2.1775092e-08,7.8458047e-08,3.9331935e-07,3.4203704e-06,1.7397569e-06,1.6716828e-05,9.2634911e-06,1.7669666e-05,1.6519105e-06,8.6972548e-07,5.95069e-07,1.317421e-06,6.1263228e-07,4.3807778e-07,4.595342e-07,1.1626571e-06,2.1123015e-07,6.3812259e-07,2.0336495e-07,1.1770387e-06,2.0148113e-06,3.4663754e-08,6.5113893e-08,6.4982623e-08,1.1509545e-06,1.0559257e-06,4.9286404e-07,1.0843186e-07,5.2100906e-08,4.3444275e-08,4.7848428e-08,2.1751205e-08,4.3505314e-09,1.3051109e-08,4.3512062e-09,1.3058314e-08
95.995996,2.1376101e-08,7.7021229e-08,3.8612704e-07,3.3580308e-06,1.7083014e-06,1.641932e-05,9.1032037e-06,1.7375609e-05,1.6251287e-06,8.5499386e-07,5.8453209e-07,1.2945864e-06,6.0143432e-07,4.3017421e-07,4.5116526e-07,1.1413042e-06,2.0735868e-07,6.2642496e-07,1.9963721e-07,1.1554646e-06,1.9778796e-06,3.4028415e-08,6.3920443e-08,6.3791506e-08,1.1298477e-06,1.0365639e-06,4.8382972e-07,1.0644444e-07,5.1145984e-08,4.2648026e-08,4.6971484e-08,2.135256e-08,4.2707972e-09,1.2811915e-08,4.27146e-09,1.2818992e-08
96.096096,2.0982889e-08,7.5605197e-08,3.7903832e-07,3.2965802e-06,1.6772833e-06,1.6125762e-05,8.9448819e-06,1.7084801e-05,1.5986412e-06,8.404517e-07,5.7414057e-07,1.2720499e-06,5.903967e-07,4.2238231e-07,4.42916e-07,1.1202584e-06,2.0354314e-07,6.1489642e-07,1.9596341e-07,1.1342028e-06,1.9414832e-06,3.3402272e-08,6.2744283e-08,6.2617638e-08,1.1090454e-06,1.0174815e-06,4.7492614e-07,1.044858e-07,5.0204898e-08,4.1863316e-08,4.6107254e-08,2.0959695e-08,4.192219e-09,1.2576189e-08,4.19287e-09,1.2583139e-08
96.196196,2.0595352e-08,7.4209573e-08,3.7205133e-07,3.2360025e-06,1.6466947e-06,1.5836082e-05,8.7884893e-06,1.6797178e-05,1.5724418e-06,8.2609524e-07,5.6389164e-07,1.2498059e-06,5.7951643e-07,4.147e-07,4.3478419e-07,1.0995139e-06,1.997825e-07,6.0353385e-07,1.9234257e-07,1.1132477e-06,1.9056124e-06,3.2785158e-08,6.1585099e-08,6.1460704e-08,1.088542e-06,9.9867328e-07,4.6615089e-07,1.0255543e-07,4.9277393e-08,4.1089933e-08,4.5255505e-08,2.0572503e-08,4.1147757e-09,1.2343868e-08,4.1154151e-09,1.2350693e-08
96.296296,2.0209576e-08,7.2820315e-08,3.6509664e-07,3.1757139e-06,1.6162636e-06,1.5548101e-05,8.6331728e-06,1.6511952e-05,1.5464776e-06,8.1184004e-07,5.5370226e-07,1.2277125e-06,5.6869094e-07,4.0705837e-07,4.2669305e-07,1.078871e-06,1.9603946e-07,5.9222428e-07,1.8873844e-07,1.092389e-06,1.8699055e-06,3.2170881e-08,6.0431206e-08,6.0309078e-08,1.0681366e-06,9.7995458e-07,4.5741619e-07,1.0063389e-07,4.8354122e-08,4.0320074e-08,4.4407621e-08,2.0187068e-08,4.0376836e-09,1.21126e-08,4.0383112e-09,1.21193e-08
96.396396,1.9827452e-08,7.1444211e-08,3.5820781e-07,3.1159962e-06,1.5861207e-06,1.5262856e-05,8.47933e-06,1.6229458e-05,1.5207689e-06,7.9772518e-07,5.4361191e-07,1.205836e-06,5.5796955e-07,3.9949045e-07,4.1867949e-07,1.058426e-06,1.9233202e-07,5.8102226e-07,1.8516852e-07,1.0717284e-06,1.8345372e-06,3.1562434e-08,5.9288251e-08,5.9168376e-08,1.0479261e-06,9.6141446e-07,4.4876444e-07,9.8730571e-08,4.7439602e-08,3.955751e-08,4.3567767e-08,1.9805283e-08,3.9613217e-09,1.1883522e-08,3.9619376e-09,1.1890098e-08
96.496496,1.9450183e-08,7.0085571e-08,3.5140611e-07,3.057028e-06,1.5563491e-06,1.4981006e-05,8.3272121e-06,1.5949903e-05,1.4953281e-06,7.8377521e-07,5.3364558e-07,1.184218e-06,5.4738354e-07,3.9201715e-07,4.1076693e-07,1.0382397e-06,1.8867162e-07,5.6996239e-07,1.8164393e-07,1.0513302e-06,1.7996186e-06,3.0961713e-08,5.815982e-08,5.8042167e-08,1.0279719e-06,9.4310943e-07,4.4022255e-07,9.6851436e-08,4.6536704e-08,3.8804637e-08,4.2738589e-08,1.9428351e-08,3.8859304e-09,1.1657357e-08,3.8865349e-09,1.166381e-08
96.596597,1.9077687e-08,6.8744101e-08,3.4469008e-07,2.9987971e-06,1.5269428e-06,1.4702499e-05,8.1767968e-06,1.5673255e-05,1.4701522e-06,7.6998766e-07,5.2380125e-07,1.1628547e-06,5.3693063e-07,3.8463691e-07,4.0295368e-07,1.0183077e-06,1.8505745e-07,5.5904228e-07,1.7816391e-07,1.03119e-06,1.765142e-06,3.0368589e-08,5.7045667e-08,5.6930203e-08,1.0082695e-06,9.2503549e-07,4.3178867e-07,9.4996072e-08,4.5645229e-08,3.8061291e-08,4.1919907e-08,1.9056191e-08,3.8114934e-09,1.1434054e-08,3.8120866e-09,1.1440386e-08
96.696697,1.8709892e-08,6.7419547e-08,3.3805848e-07,2.9412928e-06,1.4978968e-06,1.4427295e-05,8.0280665e-06,1.5399492e-05,1.4452389e-06,7.563605e-07,5.1407722e-07,1.1417427e-06,5.2660888e-07,3.773484e-07,3.9523827e-07,9.9862633e-07,1.8148883e-07,5.4825985e-07,1.7472779e-07,1.0113039e-06,1.7311008e-06,2.9782949e-08,5.594558e-08,5.5832275e-08,9.8881524e-07,9.0718924e-07,4.2346119e-07,9.3164128e-08,4.476501e-08,3.7327332e-08,4.1111564e-08,1.868873e-08,3.7379965e-09,1.1213571e-08,3.7385786e-09,1.1219785e-08
96.796797,1.8346741e-08,6.61117e-08,3.3151026e-07,2.8845064e-06,1.4692071e-06,1.415536e-05,7.8810082e-06,1.5128599e-05,1.4205869e-06,7.4289214e-07,5.0447208e-07,1.1208796e-06,5.1641669e-07,3.7015051e-07,3.8761951e-07,9.7919239e-07,1.7796519e-07,5.3761339e-07,1.7133504e-07,9.9166897e-07,1.6974896e-06,2.9204701e-08,5.4859385e-08,5.4748209e-08,9.6960606e-07,8.8956783e-07,4.152388e-07,9.1355313e-08,4.3895905e-08,3.6602641e-08,4.0313432e-08,1.8325912e-08,3.6654281e-09,1.0995874e-08,3.6659992e-09,1.100197e-08
96.896897,1.7988187e-08,6.4820394e-08,3.2504462e-07,2.8284312e-06,1.4408706e-06,1.3886671e-05,7.7356142e-06,1.4860571e-05,1.3961956e-06,7.2958146e-07,4.9498478e-07,1.1002635e-06,5.0635279e-07,3.6304239e-07,3.8009645e-07,9.6000344e-07,1.744861e-07,5.2710155e-07,1.6798521e-07,9.7228249e-07,1.6643042e-06,2.8633769e-08,5.3786942e-08,5.3677864e-08,9.5063949e-07,8.7216901e-07,4.0712043e-07,8.9569394e-08,4.3037804e-08,3.5887127e-08,3.952541e-08,1.7967689e-08,3.5937789e-09,1.0780934e-08,3.5943391e-09,1.0786915e-08
96.996997,1.7634195e-08,6.3545505e-08,3.1866094e-07,2.7730621e-06,1.4128852e-06,1.3621212e-05,7.5918812e-06,1.4595411e-05,1.3720653e-06,7.1642776e-07,4.8561456e-07,1.0798933e-06,4.9641626e-07,3.5602342e-07,3.726684e-07,9.4105768e-07,1.710512e-07,5.1672332e-07,1.6467798e-07,9.5314265e-07,1.6315411e-06,2.80701e-08,5.2728148e-08,5.2621137e-08,9.3191369e-07,8.5499112e-07,3.9910532e-07,8.78062e-08,4.2190624e-08,3.518072e-08,3.874742e-08,1.7614027e-08,3.5230418e-09,1.0568731e-08,3.5235914e-09,1.0574598e-08
97.097097,1.7284744e-08,6.2286952e-08,3.1235884e-07,2.7183961e-06,1.3852495e-06,1.3358977e-05,7.4498108e-06,1.4333132e-05,1.3481969e-06,7.0343082e-07,4.7636098e-07,1.0597685e-06,4.866065e-07,3.4909323e-07,3.6533491e-07,9.223539e-07,1.6766029e-07,5.0647802e-07,1.6141314e-07,9.342482e-07,1.5991984e-06,2.7513656e-08,5.1682933e-08,5.157796e-08,9.1342747e-07,8.3803305e-07,3.9119293e-07,8.6065615e-08,4.135431e-08,3.4483374e-08,3.7979412e-08,1.7264903e-08,3.4532124e-09,1.035925e-08,3.4537515e-09,1.0365005e-08
97.197197,1.6939821e-08,6.1044697e-08,3.0613813e-07,2.6644319e-06,1.3579634e-06,1.309997e-05,7.3094097e-06,1.4073755e-05,1.3245925e-06,6.9059083e-07,4.6722394e-07,1.0398895e-06,4.7692326e-07,3.4225166e-07,3.580958e-07,9.0389157e-07,1.6431327e-07,4.9636535e-07,1.5819059e-07,9.1559856e-07,1.567275e-06,2.6964421e-08,5.0651267e-08,5.0548301e-08,8.9518027e-07,8.2129428e-07,3.8338304e-07,8.4347588e-08,4.0528836e-08,3.3795068e-08,3.7221362e-08,1.6920305e-08,3.3842884e-09,1.0152485e-08,3.3848172e-09,1.015813e-08
97.297297,1.6599429e-08,5.9818744e-08,2.9999885e-07,2.61117e-06,1.3310275e-06,1.2844201e-05,7.1706892e-06,1.3817312e-05,1.3012547e-06,6.7790847e-07,4.5820364e-07,1.0202571e-06,4.6736661e-07,3.3549881e-07,3.5095111e-07,8.8567079e-07,1.6101013e-07,4.8638534e-07,1.5501034e-07,8.9719378e-07,1.535771e-06,2.6422397e-08,4.963315e-08,4.9532163e-08,8.7717216e-07,8.047749e-07,3.7567565e-07,8.2652122e-08,3.9714203e-08,3.3115803e-08,3.6473271e-08,1.6580235e-08,3.31627e-09,9.9484373e-09,3.3167886e-09,9.9539738e-09
97.397397,1.6263579e-08,5.8609141e-08,2.9394126e-07,2.5586131e-06,1.3044434e-06,1.2591692e-05,7.0336654e-06,1.356384e-05,1.278187e-06,6.6538485e-07,4.493006e-07,1.0008729e-06,4.5793697e-07,3.2883501e-07,3.4390116e-07,8.676923e-07,1.5775103e-07,4.7653839e-07,1.5187252e-07,8.7903456e-07,1.5046875e-06,2.5887604e-08,4.8628623e-08,4.8529585e-08,8.5940385e-07,7.8847554e-07,3.6807107e-07,8.0979281e-08,3.8910444e-08,3.2445606e-08,3.5735169e-08,1.6244705e-08,3.2491597e-09,9.7471138e-09,3.2496684e-09,9.7525435e-09
97.497497,1.5932298e-08,5.7415979e-08,2.8796582e-07,2.5067653e-06,1.2782136e-06,1.2342471e-05,6.8983592e-06,1.3313388e-05,1.2553938e-06,6.5302152e-07,4.4051565e-07,9.8173942e-07,4.4863509e-07,3.2226084e-07,3.3694652e-07,8.4995748e-07,1.5453619e-07,4.6682522e-07,1.4877735e-07,8.6112225e-07,1.4740269e-06,2.5360082e-08,4.7637759e-08,4.7540639e-08,8.4187668e-07,7.7239744e-07,3.6056987e-07,7.932919e-08,3.8117617e-08,3.1784525e-08,3.500711e-08,1.5913741e-08,3.1829626e-09,9.5485294e-09,3.1834614e-09,9.5538541e-09
97.597598,1.5605621e-08,5.623939e-08,2.8207322e-07,2.455633e-06,1.2523416e-06,1.2096579e-05,6.7647965e-06,1.3066014e-05,1.2328803e-06,6.408205e-07,4.3184997e-07,9.6285954e-07,4.3946207e-07,3.157771e-07,3.3008798e-07,8.3246835e-07,1.5136598e-07,4.5724693e-07,1.4572518e-07,8.4345884e-07,1.4437925e-06,2.483989e-08,4.6660667e-08,4.6565437e-08,8.2459262e-07,7.565424e-07,3.5317287e-07,7.7702032e-08,3.7335811e-08,3.1132634e-08,3.4289173e-08,1.5587378e-08,3.1176858e-09,9.3527062e-09,3.118175e-09,9.3579275e-09
97.697698,1.5283597e-08,5.507955e-08,2.7626434e-07,2.4052241e-06,1.2268318e-06,1.1854061e-05,6.6330079e-06,1.2821783e-05,1.2106524e-06,6.2878423e-07,4.2330501e-07,9.4423702e-07,4.3041933e-07,3.0938485e-07,3.2332663e-07,8.1522758e-07,1.4824088e-07,4.4780494e-07,1.4271646e-07,8.2604695e-07,1.4139888e-06,2.4327104e-08,4.5697494e-08,4.5604124e-08,8.0755428e-07,7.4091281e-07,3.4588119e-07,7.6098049e-08,3.656514e-08,3.049003e-08,3.3581466e-08,1.5265665e-08,3.0533392e-09,9.1596731e-09,3.0538188e-09,9.1647927e-09
97.797798,1.4966288e-08,5.3936679e-08,2.705403e-07,2.3555485e-06,1.2016895e-06,1.1614973e-05,6.5030288e-06,1.258077e-05,1.188717e-06,6.1691563e-07,4.1488259e-07,9.2587627e-07,4.2150862e-07,3.0308535e-07,3.1666378e-07,7.9823849e-07,1.4516148e-07,4.3850105e-07,1.3975177e-07,8.0888986e-07,1.3846214e-06,2.3821823e-08,4.474842e-08,4.465688e-08,7.907649e-07,7.2551164e-07,3.3869619e-07,7.4517543e-08,3.5805752e-08,2.9856833e-08,3.288412e-08,1.4948663e-08,2.9899347e-09,8.9694664e-09,2.9904049e-09,8.9744859e-09
97.897898,1.4653764e-08,5.2811037e-08,2.6490242e-07,2.3066181e-06,1.1769211e-06,1.1379383e-05,6.3748996e-06,1.234306e-05,1.1670817e-06,6.0521806e-07,4.0658481e-07,9.077824e-07,4.1273205e-07,2.9688014e-07,3.1010099e-07,7.81505e-07,1.4212848e-07,4.2933739e-07,1.3683178e-07,7.9199149e-07,1.355697e-06,2.3324161e-08,4.3813662e-08,4.3723921e-08,7.7422836e-07,7.1034243e-07,3.3161953e-07,7.2960873e-08,3.5057817e-08,2.9233188e-08,3.2197296e-08,1.4636444e-08,2.9274868e-09,8.7821294e-09,2.9279478e-09,8.7870506e-09
97.997998,1.4346112e-08,5.170293e-08,2.5935225e-07,2.2584464e-06,1.1525339e-06,1.1147362e-05,6.2486652e-06,1.2108744e-05,1.145755e-06,5.9369531e-07,3.984141e-07,8.8996121e-07,4.0409206e-07,2.9077098e-07,3.0364008e-07,7.6503173e-07,1.3914272e-07,4.2031644e-07,1.3395729e-07,7.7535641e-07,1.3272233e-06,2.2834253e-08,4.2893471e-08,4.2805501e-08,7.5794915e-07,6.9540933e-07,3.246531e-07,7.1428462e-08,3.4321539e-08,2.8619262e-08,3.1521177e-08,1.4329091e-08,2.8660123e-09,8.5977125e-09,2.8664643e-09,8.602537e-09
98.098098,1.4043426e-08,5.0612705e-08,2.5389153e-07,2.2110489e-06,1.1285358e-06,1.0918995e-05,6.1243756e-06,1.1877925e-05,1.1247461e-06,5.8235164e-07,3.9037322e-07,8.7241919e-07,3.955914e-07,2.8475986e-07,2.9728313e-07,7.488239e-07,1.3620512e-07,4.1144104e-07,1.3112918e-07,7.5898981e-07,1.2992093e-06,2.2352253e-08,4.1988136e-08,4.1901905e-08,7.4193243e-07,6.8071704e-07,3.1779911e-07,6.9920787e-08,3.3597147e-08,2.8015248e-08,3.0855975e-08,1.4026701e-08,2.8055304e-09,8.4162734e-09,2.8059735e-09,8.4210029e-09
98.198198,1.3745814e-08,4.9540751e-08,2.4852222e-07,2.164443e-06,1.1049362e-06,1.0694372e-05,6.0020856e-06,1.1650714e-05,1.1040651e-06,5.7119176e-07,3.8246523e-07,8.5516354e-07,3.872332e-07,2.7884902e-07,2.9103246e-07,7.3288738e-07,1.3331674e-07,4.0271437e-07,1.2834848e-07,7.4289757e-07,1.271665e-06,2.1878332e-08,4.1097979e-08,4.1013458e-08,7.2618395e-07,6.6627084e-07,3.1106e-07,6.8438389e-08,3.2884901e-08,2.7421362e-08,3.0201928e-08,1.3729382e-08,2.7460627e-09,8.2378767e-09,2.7464971e-09,8.2425129e-09
98.298298,1.3453398e-08,4.8487502e-08,2.4324652e-07,2.1186479e-06,1.0817449e-06,1.0473596e-05,5.8818547e-06,1.1427229e-05,1.0837229e-06,5.602208e-07,3.7469351e-07,8.3820214e-07,3.7902089e-07,2.7304094e-07,2.8489064e-07,7.1722869e-07,1.3047876e-07,3.9413996e-07,1.2561631e-07,7.2708617e-07,1.2446014e-06,2.1412683e-08,4.0223361e-08,4.0140517e-08,7.1071014e-07,6.5207662e-07,3.0443849e-07,6.6981864e-08,3.2185087e-08,2.6837842e-08,2.9559298e-08,1.3437252e-08,2.6876332e-09,8.0625942e-09,2.688059e-09,8.0671389e-09
98.398398,1.3166309e-08,4.7453433e-08,2.3806682e-07,2.0736846e-06,1.0589731e-06,1.0256775e-05,5.7637472e-06,1.12076e-05,1.0637313e-06,5.4944438e-07,3.6706179e-07,8.2154355e-07,3.7095825e-07,2.6733832e-07,2.7886049e-07,7.0185499e-07,1.2769246e-07,3.8572171e-07,1.229339e-07,7.1156275e-07,1.2180308e-06,2.0955515e-08,3.9364675e-08,3.9283477e-08,6.9551803e-07,6.3814082e-07,2.9793759e-07,6.555187e-08,3.149802e-08,2.6264952e-08,2.8928375e-08,1.3150445e-08,2.6302681e-09,7.890505e-09,2.6306855e-09,7.8949599e-09
98.498498,1.2884689e-08,4.6439064e-08,2.3298573e-07,2.029576e-06,1.0366327e-06,1.0044028e-05,5.6478324e-06,1.0991963e-05,1.0441029e-06,5.3886854e-07,3.5957407e-07,8.0519707e-07,3.630494e-07,2.6174413e-07,2.729451e-07,6.8677408e-07,1.2495924e-07,3.7746383e-07,1.203026e-07,6.9633509e-07,1.1919664e-06,2.0507058e-08,3.8522351e-08,3.8442768e-08,6.806153e-07,6.2447048e-07,2.9156054e-07,6.4149125e-08,3.0824046e-08,2.5702979e-08,2.8309475e-08,1.2869103e-08,2.5739961e-09,7.7216951e-09,2.5744052e-09,7.726062e-09
98.598599,1.2608697e-08,4.5444954e-08,2.2800607e-07,1.986347e-06,1.0147364e-06,9.835483e-06,5.5341844e-06,1.0780466e-05,1.0248509e-06,5.2849978e-07,3.5223469e-07,7.8917264e-07,3.5529879e-07,2.5626154e-07,2.6714779e-07,6.7199439e-07,1.2228062e-07,3.6937091e-07,1.1772386e-07,6.8141164e-07,1.1664227e-06,2.006756e-08,3.7696855e-08,3.7618854e-08,6.6601025e-07,6.1107321e-07,2.8531089e-07,6.2774404e-08,3.0163537e-08,2.5152233e-08,2.770294e-08,1.2593382e-08,2.5188484e-09,7.5562577e-09,2.5192494e-09,7.5605383e-09
98.698699,1.2338497e-08,4.4471709e-08,2.2313089e-07,1.9440242e-06,9.9329818e-07,9.6312761e-06,5.4228819e-06,1.0573262e-05,1.0059897e-06,5.1834505e-07,3.4504833e-07,7.7348093e-07,3.4771122e-07,2.5089398e-07,2.6147214e-07,6.57525e-07,1.1965824e-07,3.6144789e-07,1.1519926e-07,6.6680145e-07,1.1414151e-06,1.9637288e-08,3.6888688e-08,3.6812237e-08,6.5171182e-07,5.9795719e-07,2.7919244e-07,6.1428541e-08,2.9516893e-08,2.4613048e-08,2.7109137e-08,1.2323449e-08,2.4648583e-09,7.3942933e-09,2.4652515e-09,7.3984895e-09
98.798799,1.2074271e-08,4.3519976e-08,2.1836343e-07,1.9026361e-06,9.7233272e-07,9.4315526e-06,5.3140086e-06,1.0370517e-05,9.8753412e-07,5.0841173e-07,3.3801995e-07,7.5813328e-07,3.402918e-07,2.4564512e-07,2.5592199e-07,6.4337565e-07,1.1709384e-07,3.5370004e-07,1.1273048e-07,6.5251425e-07,1.1169604e-06,1.921653e-08,3.6098388e-08,3.6023454e-08,6.3772958e-07,5.8513121e-07,2.7320926e-07,6.0112433e-08,2.8884545e-08,2.4085784e-08,2.6528461e-08,1.2059483e-08,2.4120618e-09,7.2359093e-09,2.4124472e-09,7.2400228e-09
98.898899,1.181621e-08,4.2590444e-08,2.1370717e-07,1.862213e-06,9.5185573e-07,9.2364668e-06,5.2076531e-06,1.0172404e-05,9.6950012e-07,4.9870769e-07,3.3115486e-07,7.4314176e-07,3.33046e-07,2.4051886e-07,2.5050141e-07,6.295567e-07,1.1458929e-07,3.46133e-07,1.1031931e-07,6.3856039e-07,1.0930761e-06,1.8805588e-08,3.5326527e-08,3.5253075e-08,6.2407375e-07,5.7260462e-07,2.6736569e-07,5.8827032e-08,2.8266951e-08,2.357082e-08,2.5961332e-08,1.1801675e-08,2.3604969e-09,7.0812203e-09,2.3608748e-09,7.085253e-09
98.998999,1.1564516e-08,4.1683847e-08,2.0916578e-07,1.8227871e-06,9.3188382e-07,9.0461818e-06,5.1039086e-06,9.9791032e-06,9.5190433e-07,4.892412e-07,3.2445867e-07,7.2851908e-07,3.2597962e-07,2.3551933e-07,2.4521474e-07,6.1607914e-07,1.1214657e-07,3.3875275e-07,1.0796764e-07,6.2495089e-07,1.0697811e-06,1.8404789e-08,3.4573712e-08,3.4501708e-08,6.1075516e-07,5.6038735e-07,2.6166635e-07,5.7573352e-08,2.7664596e-08,2.3068564e-08,2.5408197e-08,1.1550229e-08,2.3102044e-09,6.9303481e-09,2.3105749e-09,6.9343018e-09
99.099099,1.1319405e-08,4.0800959e-08,2.0474317e-07,1.7843927e-06,9.1243457e-07,8.8608697e-06,5.0028734e-06,9.790807e-06,9.3476423e-07,4.8002101e-07,3.179373e-07,7.142787e-07,3.1909878e-07,2.3065093e-07,2.4006658e-07,6.0295464e-07,1.0976777e-07,3.3156562e-07,1.056775e-07,6.1169739e-07,1.0470954e-06,1.8014475e-08,3.3840588e-08,3.3769996e-08,5.9778529e-07,5.4848991e-07,2.5611611e-07,5.6352465e-08,2.7077997e-08,2.2579444e-08,2.4869527e-08,1.1305358e-08,2.2612271e-09,6.7834215e-09,2.2615904e-09,6.7872982e-09
99.199199,1.1081103e-08,3.9942599e-08,2.0044345e-07,1.7470655e-06,8.9352648e-07,8.6807114e-06,4.9046503e-06,9.607715e-06,9.1809811e-07,4.7105632e-07,3.1159702e-07,7.0043473e-07,3.1240997e-07,2.2591825e-07,2.3506174e-07,5.9019548e-07,1.0745511e-07,3.2457828e-07,1.0345101e-07,5.9881218e-07,1.0250398e-06,1.7635008e-08,3.3127834e-08,3.3058619e-08,5.8517625e-07,5.3692341e-07,2.5072013e-07,5.5165503e-08,2.6507696e-08,2.2103913e-08,2.4345821e-08,1.106729e-08,2.2136105e-09,6.6405765e-09,2.2139667e-09,6.6443782e-09
99.299299,1.0849851e-08,3.9109628e-08,1.9627094e-07,1.7108433e-06,8.7517899e-07,8.5058967e-06,4.8093471e-06,9.4300356e-06,9.0192508e-07,4.6235676e-07,3.0544439e-07,6.87002e-07,3.0591999e-07,2.2132617e-07,2.3020533e-07,5.778146e-07,1.0521092e-07,3.1779778e-07,1.012904e-07,5.863082e-07,1.0036366e-06,1.7266769e-08,3.2436165e-08,3.2368289e-08,5.7294077e-07,5.2569952e-07,2.4548384e-07,5.4013656e-08,2.5954265e-08,2.1642449e-08,2.3837605e-08,1.0836263e-08,2.1674021e-09,6.5019564e-09,2.1677515e-09,6.505685e-09
99.399399,1.0625898e-08,3.830295e-08,1.9223018e-07,1.6757659e-06,8.574125e-07,8.3366246e-06,4.7170765e-06,9.2579867e-06,8.862651e-07,4.5393243e-07,2.994863e-07,6.7399603e-07,2.9963598e-07,2.1687976e-07,2.2550268e-07,5.6582555e-07,1.0303764e-07,3.1123148e-07,9.919803e-08,5.7419904e-07,9.8290899e-07,1.6910158e-08,3.1766331e-08,3.1699758e-08,5.6109223e-07,5.1483048e-07,2.4041291e-07,5.2898176e-08,2.5418306e-08,2.1195551e-08,2.3345428e-08,1.0612527e-08,2.1226521e-09,6.3677113e-09,2.1229949e-09,6.3713688e-09
99.499499,1.0409507e-08,3.7523513e-08,1.8832593e-07,1.6418748e-06,8.4024832e-07,8.1731026e-06,4.6279559e-06,9.0917947e-06,8.7113891e-07,4.4579385e-07,2.9372996e-07,6.6143301e-07,2.9356543e-07,2.1258436e-07,2.2095939e-07,5.5424257e-07,1.0093783e-07,3.0488712e-07,9.717635e-08,5.6249892e-07,9.6288126e-07,1.6565594e-08,3.1119118e-08,3.1053809e-08,5.4964463e-07,5.0432915e-07,2.3551332e-07,5.1820372e-08,2.4900446e-08,2.0763744e-08,2.2869869e-08,1.0396346e-08,2.079413e-09,6.2379986e-09,2.0797493e-09,6.2415871e-09
99.5996,1.0200952e-08,3.6772304e-08,1.8456316e-07,1.6092133e-06,8.2370872e-07,8.0155473e-06,4.5421076e-06,8.9316952e-06,8.565681e-07,4.3795202e-07,2.8818288e-07,6.4932987e-07,2.8771614e-07,2.0844554e-07,2.165813e-07,5.4308051e-07,9.8914162e-08,2.9877277e-07,9.5227934e-08,5.5122271e-07,9.4357884e-07,1.6233514e-08,3.0495348e-08,3.0431263e-08,5.3861263e-07,4.9420893e-07,2.3079129e-07,5.0781613e-08,2.4401344e-08,2.0347577e-08,2.2411531e-08,1.0187992e-08,2.0377396e-09,6.1129828e-09,2.0380696e-09,6.1165045e-09
99.6997,9.9991431e-09,3.6045353e-08,1.8092142e-07,1.5775933e-06,8.0768547e-07,7.8626851e-06,4.4585854e-06,8.7752789e-06,8.4227159e-07,4.3028861e-07,2.8279186e-07,6.3754034e-07,2.8205442e-07,2.0443262e-07,2.1234155e-07,5.3228357e-07,9.6956049e-08,2.9285659e-07,9.3342634e-08,5.4031158e-07,9.249012e-07,1.5912188e-08,2.989177e-08,2.9828876e-08,5.2793871e-07,4.8441708e-07,2.2622221e-07,4.9776483e-08,2.3918398e-08,1.9944879e-08,2.1968023e-08,9.9863805e-09,1.9974147e-09,5.9920123e-09,1.9977386e-09,5.995469e-09
99.7998,9.8020444e-09,3.533526e-08,1.7736271e-07,1.546667e-06,7.9198022e-07,7.7122122e-06,4.3757042e-06,8.6183069e-06,8.277588e-07,4.2259582e-07,2.7746166e-07,6.2580536e-07,2.7651788e-07,2.0048988e-07,2.0819072e-07,5.2174718e-07,9.5043741e-08,2.8707915e-07,9.1501528e-08,5.2965582e-07,9.0666088e-07,1.5598385e-08,2.9302323e-08,2.9240594e-08,5.175156e-07,4.7485519e-07,2.2176018e-07,4.8794885e-08,2.3446755e-08,1.9551605e-08,2.1534891e-08,9.7894855e-09,1.9580331e-09,5.8738719e-09,1.958351e-09,5.8772646e-09
99.8999,9.6095234e-09,3.4641534e-08,1.7388442e-07,1.5164084e-06,7.7657579e-07,7.5638901e-06,4.2932558e-06,8.4601883e-06,8.1295622e-07,4.1484425e-07,2.7218113e-07,6.1409125e-07,2.7110189e-07,1.9661188e-07,2.041248e-07,5.1146522e-07,9.317596e-08,2.8143664e-07,8.9703396e-08,5.1924833e-07,8.8884576e-07,1.5291897e-08,2.8726613e-08,2.8666026e-08,5.0733644e-07,4.6551697e-07,2.1740222e-07,4.7836166e-08,2.2986102e-08,1.9167493e-08,2.1111847e-08,9.5971759e-09,1.9195686e-09,5.7584828e-09,1.9198807e-09,5.7618126e-09
100,9.4204148e-09,3.3959934e-08,1.7046469e-07,1.4866164e-06,7.6135633e-07,7.4163525e-06,4.2102233e-06,8.29833e-06,7.9756111e-07,4.0690663e-07,2.6689316e-07,6.0224081e-07,2.6577043e-07,1.9276575e-07,2.0011507e-07,5.0137813e-07,9.1341397e-08,2.7589506e-07,8.7937406e-08,5.0902631e-07,8.7134852e-07,1.4990876e-08,2.816117e-08,2.8101707e-08,4.9733985e-07,4.563461e-07,2.1312208e-07,4.6894544e-08,2.2533661e-08,1.8790227e-08,2.0696339e-08,9.4082921e-09,1.8817894e-09,5.6451492e-09,1.8820956e-09,5.6484168e-09
