Time (yrs)/mid Altitude (km),225,275,325,375,425,475,525,575,625,675,725,775,825,875,925,975,1025,1075,1125,1175,1225,1275,1325,1375,1425,1475,1525,1575,1625,1675,1725,1775,1825,1875,1925,1975
0,5,18,90,778,390,3649,1931,3483,321,184,134,289,144,101,107,275,49,148,47,272,465,8,15,15,270,247,114,25,12,10,11,5,1,3,1,3
0.1001001,6.7838844,18.609484,88.761041,764.28537,383.15716,3582.1799,1895.6488,3419.1909,315.12759,180.64659,131.53838,283.70584,141.36314,99.143749,105.05024,269.96255,48.102578,145.28805,46.142451,267.02848,456.47574,7.8661675,14.727422,14.727398,265.06473,242.47191,111.9131,24.553938,11.786894,9.8265471,10.806739,4.9008923,0.98017852,2.9405355,0.98017867,2.9405371
0.2002002,8.5324105,19.206887,87.546647,750.8429,376.4508,3516.6881,1860.9992,3356.6475,309.3717,177.35972,129.12562,278.51684,138.77866,97.324347,103.13916,265.02509,47.222954,142.62988,45.301904,262.15551,448.12045,7.7349884,14.460247,14.4602,260.22737,238.03363,109.86758,24.116719,11.578012,9.6565325,10.617308,4.8037491,0.96074993,2.8822496,0.96075023,2.8822529
0.3003003,10.246279,19.79245,86.356332,737.66719,369.87795,3452.4974,1827.0372,3295.3448,303.73001,174.13807,126.76076,273.43091,136.24551,95.541063,101.26601,260.18563,46.360774,140.02442,44.478023,257.37916,439.93078,7.6064101,14.198369,14.198299,255.48596,233.68339,107.86261,23.688168,11.373271,9.4898881,10.431632,4.7085314,0.94170644,2.825119,0.94170689,2.8251239
0.4004004,11.926177,20.366406,85.189621,724.75293,363.43582,3389.5812,1793.7492,3235.258,298.20027,170.98034,124.44284,268.446,133.76267,93.79318,99.430029,255.44223,45.515692,137.47062,43.670477,252.6975,431.90344,7.4803809,13.941682,13.941591,250.83862,229.41945,105.8974,23.268112,11.172589,9.3265471,10.249636,4.615201,0.92304042,2.7691209,0.92304101,2.7691273
0.5005005,13.572777,20.928987,84.046046,712.0949,357.12171,3327.9139,1761.1218,3176.3632,292.78024,167.88528,122.17093,263.56012,131.32914,92.079995,97.630476,250.79298,44.68737,134.96747,42.878943,248.10865,424.03523,7.3568505,13.690084,13.689972,246.28347,225.24008,103.97115,22.856384,10.975885,9.1664439,10.071248,4.5237206,0.90474439,2.7142327,0.90474511,2.7142405
0.6006006,15.186741,21.480417,82.925148,699.68799,350.933,3267.4705,1729.1418,3118.6366,287.46775,164.85163,119.94412,258.77128,128.94394,90.40082,95.866632,246.23601,43.875475,132.51396,42.103102,243.61079,416.32298,7.2357691,13.443473,13.443341,241.81868,221.14362,102.08309,22.452819,10.78308,9.0095145,9.896396,4.4340535,0.88681101,2.6604325,0.88681186,2.6604417
0.7007007,16.768714,22.020917,81.826476,687.52719,344.86717,3208.2264,1697.7964,3062.0551,282.26067,161.87817,117.76151,254.07757,126.60612,88.754978,94.137787,241.76949,43.07968,130.1091,41.342644,239.20209,408.76361,7.1170884,13.201751,13.2016,237.44246,217.12842,100.23247,22.057253,10.594097,8.8556958,9.7250097,4.3461637,0.8692331,2.6076987,0.86923408,2.6077092
0.8008008,18.31933,22.550705,80.749589,675.6076,338.92173,3150.1577,1667.0729,3006.5959,277.15691,158.96372,115.62223,249.47709,124.31473,87.141809,92.443247,237.39163,42.299668,127.75193,40.597264,234.8808,401.35408,7.0007606,12.964821,12.964651,233.15306,213.19286,98.418538,21.66953,10.408861,8.7049263,9.5570205,4.2600161,0.85200362,2.5560102,0.8520047,2.5560219
0.9009009,19.839212,23.069992,79.694053,663.9244,333.09426,3093.241,1636.9591,2952.2367,272.15441,156.10709,113.52541,244.96799,122.06885,85.560664,90.782332,233.10066,41.535124,125.4415,39.866662,230.64518,394.09143,6.8867391,12.732587,12.7324,228.94876,209.33537,96.640574,21.289493,10.227297,8.5571455,9.3923612,4.175576,0.83511564,2.5053462,0.83511684,2.5053592
1.001001,21.328969,23.578987,78.659446,652.4729,327.38242,3037.4534,1607.4427,2898.9558,267.25116,153.30715,111.47021,240.54846,119.86757,84.010907,89.154375,228.89487,40.785743,123.17689,39.150546,226.49353,386.97275,6.7749783,12.504958,12.504753,224.82785,205.5544,94.897861,20.91699,10.049332,8.4122941,9.2309656,4.0928096,0.81856241,2.4556864,0.81856372,2.4557006
1.1011011,22.789197,24.077893,77.64535,641.24847,321.78388,2982.7724,1578.5119,2846.7317,262.44519,150.56277,109.45581,236.21671,117.71002,82.491914,87.55872,224.77255,40.051223,120.95719,38.448629,222.42419,379.99517,6.6654332,12.28184,12.28162,220.7887,201.84843,93.189703,20.551872,9.8748944,8.2703141,9.0727692,4.0116839,0.80233729,2.407011,0.8023387,2.4070262
1.2012012,24.220482,24.566911,76.651358,630.24661,316.29639,2929.176,1550.155,2795.5435,257.73458,147.87284,107.4814,231.97101,115.59531,81.003076,85.994728,220.73206,39.33127,118.78151,37.760628,218.43553,373.15591,6.55806,12.063146,12.06291,216.82967,198.21597,91.515412,20.193992,9.7039152,8.1311485,8.9177084,3.9321661,0.78643377,2.3593004,0.78643528,2.3593167
1.3013013,25.623397,25.046236,75.677073,619.46289,310.91773,2876.6428,1522.3608,2745.3706,253.11744,145.23628,105.54618,227.80965,113.52261,79.543793,84.46177,216.77177,38.625594,116.64897,37.086269,214.52595,366.45222,6.4528155,11.848787,11.848536,212.94919,194.65556,89.874318,19.843207,9.5363254,7.9947416,8.7657212,3.8542245,0.77084549,2.3125355,0.77084709,2.3125528
1.4014014,26.998506,25.516061,74.722101,608.89297,305.64574,2825.1515,1495.1179,2696.1929,248.59189,142.65204,103.64937,223.73094,111.49107,78.113479,82.959231,212.89009,37.933913,114.55872,36.42528,210.69387,359.88141,6.3496577,11.638677,11.638412,209.14569,191.16579,88.265762,19.499376,9.3720578,7.8610387,8.6167467,3.7778278,0.75556619,2.2666975,0.75556788,2.2667158
1.5015015,28.346358,25.976573,73.786061,598.53262,300.47831,2774.6816,1468.4155,2647.9907,244.15614,140.11908,101.79022,219.73325,109.49989,76.711558,81.486506,209.08545,37.25595,112.50992,35.777397,206.93777,353.44086,6.248545,11.432732,11.432453,205.41764,187.74523,86.689099,19.162361,9.2110465,7.7299862,8.470725,3.7029454,0.74058974,2.2217681,0.74059152,2.2217873
1.6016016,29.667495,26.427958,72.868576,588.37767,295.41334,2725.2126,1442.2428,2600.7445,239.80839,137.63638,99.96797,215.81497,107.54825,75.337468,80.043004,205.35633,36.591431,110.50175,35.142359,203.25614,347.12797,6.1494371,11.23087,11.230578,201.76354,184.39253,85.143698,18.832027,9.0532271,7.6015315,8.3275978,3.6295474,0.72591016,2.1777293,0.72591201,2.1777494
1.7017017,30.962445,26.870396,71.969278,578.42404,290.44881,2676.7249,1416.5893,2554.4355,235.54691,135.20294,98.181893,211.97451,105.63537,73.990655,78.628146,201.70123,35.940091,108.5334,34.519913,199.6475,340.94023,6.052294,11.03301,11.032705,198.18194,181.10634,83.628937,18.508243,8.8985362,7.4756231,8.1873075,3.5576041,0.71152154,2.1345634,0.71152347,2.1345843
1.8018018,32.231728,27.304064,71.087808,568.66774,285.58272,2629.1988,1391.4447,2509.0451,231.36997,132.81779,96.43127,208.21035,103.76048,72.670578,77.241362,198.11869,35.301668,106.60408,33.909807,196.1104,334.87514,5.957077,10.839072,10.838755,194.67139,177.88533,82.144211,18.190877,8.7469119,7.3522106,8.049798,3.4870869,0.69741813,2.0922531,0.69742013,2.0922748
1.9019019,33.475853,27.729137,70.22381,559.10485,280.81312,2582.6153,1366.7988,2464.5549,227.2759,130.47996,94.715397,204.52095,101.92283,71.376707,75.882096,194.60725,34.675906,104.71302,33.311799,192.64343,328.93028,5.8637477,10.648978,10.648651,191.23048,174.72821,80.688922,17.879802,8.5982932,7.2312445,7.9150142,3.4179675,0.68359427,2.0507815,0.68359634,2.0508039
2.002002,34.695318,28.145785,69.376939,549.73155,276.13809,2536.9558,1342.6419,2420.9473,223.26306,128.18852,93.033584,200.90483,100.12168,70.10852,74.549802,191.16551,34.062554,102.85947,32.725647,189.24519,323.10327,5.7722687,10.462653,10.462314,187.85784,171.63372,79.262488,17.574895,8.4526207,7.1126763,7.782902,3.3502181,0.67004441,2.0101319,0.67004655,2.010155
2.1021021,35.890612,28.554174,68.546856,540.54406,271.55575,2492.2018,1318.9641,2378.2046,219.32983,125.94254,91.385155,197.36054,98.356297,68.865509,73.243945,187.79209,33.461365,101.04267,32.151117,185.91433,317.39176,5.6826035,10.280022,10.279673,184.5521,168.60061,77.864336,17.276032,8.3098359,6.9964585,7.6534085,3.2838116,0.65676314,1.970288,0.65676534,1.9703119
2.2022022,37.062215,28.954468,67.733227,531.5387,267.06427,2448.3354,1295.756,2336.3097,215.47464,123.74113,89.769448,193.88665,96.62598,67.647173,71.963999,184.48563,32.872099,99.261897,31.587978,182.6495,311.79348,5.5947159,10.10101,10.100652,181.31194,165.62768,76.493906,16.983094,8.1698817,6.8825444,7.5264817,3.2187214,0.64374512,1.9312339,0.64374738,1.9312584
2.3023023,38.210594,29.346828,66.935725,522.71186,262.66184,2405.339,1273.0082,2295.2458,211.69593,121.58341,88.185813,190.48177,94.930028,66.453022,70.709452,181.2448,32.29452,97.51644,31.036004,179.4494,306.30617,5.5085708,9.9255478,9.9251797,178.13606,162.71371,75.150648,16.695963,8.0327018,6.7708885,7.4020709,3.1549213,0.63098513,1.8929539,0.63098745,1.892979
2.4024024,39.336212,29.731412,66.154032,514.06,258.3467,2363.1953,1250.7116,2254.9965,207.99219,119.46849,86.633614,187.14452,93.26776,65.282577,69.479798,178.06829,31.728394,95.805595,30.494975,176.31275,300.92763,5.4241337,9.7535636,9.7531866,175.02319,159.85755,73.834023,16.414525,7.8982413,6.6614459,7.280126,3.0923859,0.61847807,1.8554327,0.61848044,1.8554584
2.5025025,40.439519,30.108372,65.387834,505.57966,254.11711,2321.8875,1228.8573,2215.5455,204.36193,117.39554,85.112225,183.87356,91.638506,64.135367,68.274545,174.95484,31.173496,94.128678,29.964673,173.23828,295.65571,5.3413706,9.5849887,9.5846033,171.97207,157.05804,72.543503,16.138666,7.7664463,6.5541727,7.1605983,3.0310901,0.60621892,1.8186552,0.60622134,1.8186814
2.6026026,41.520958,30.477861,64.636824,497.26742,249.97139,2281.3989,1207.4364,2176.877,200.80369,115.36372,83.621037,180.66756,90.04161,63.01093,67.093207,171.90319,30.629602,92.485014,29.444885,170.22477,290.4883,5.2602483,9.4197555,9.4193622,168.98147,154.31407,71.278571,15.868276,7.6372639,6.4490261,7.0434398,2.9710092,0.59420276,1.7826067,0.59420522,1.7826334
2.7027027,42.580961,30.840026,63.9007,489.11996,245.90785,2241.7132,1186.4404,2138.9756,197.31605,113.37221,82.159448,177.52525,88.476429,61.908814,65.93531,168.91211,30.096494,90.873945,28.935402,167.271,285.42333,5.1807344,9.2577979,9.257397,166.05021,151.62452,70.038719,15.603246,7.5106424,6.3459637,6.9286036,2.9121191,0.58242477,1.7472727,0.58242728,1.7472999
2.8028028,43.619954,31.195013,63.179167,481.13401,241.92488,2202.8146,1165.8609,2101.826,193.8976,111.42022,80.726872,174.44536,86.942335,60.828576,64.800389,165.9804,29.573959,89.294825,28.436022,164.37579,280.45875,5.1027969,9.0990508,9.0986427,163.1771,148.98833,68.82345,15.34347,7.3865309,6.2449443,6.8160436,2.8543964,0.57088025,1.7126391,0.5708828,1.7126667
2.9029029,44.638354,31.542964,62.471937,473.30637,238.02088,2164.6874,1145.6895,2065.4132,190.54696,109.50697,79.322733,171.42664,85.438709,59.769783,63.687988,163.10688,29.061787,87.747019,27.946543,161.53798,275.5926,5.0264047,8.9434507,8.9430358,160.36098,146.40444,67.632277,15.088844,7.2648798,6.1459274,6.7057147,2.7978179,0.55956455,1.678692,0.55956714,1.67872
3.003003,45.636567,31.884018,61.778726,465.6339,234.19428,2127.3164,1125.9182,2029.7227,187.2628,107.63167,77.946466,168.46788,83.964947,58.732008,62.597661,160.29041,28.559772,86.229907,27.466768,158.75644,270.8229,4.951527,8.7909351,8.7905139,157.60073,143.87179,66.464722,14.839266,7.1456402,6.0488733,6.5975727,2.7423608,0.54847315,1.6454178,0.54847577,1.6454462
3.1031031,46.614995,32.218312,61.099256,458.11352,230.44355,2090.6864,1106.5391,1994.7402,184.0438,105.79358,76.597518,165.56789,82.520454,57.714833,61.528969,157.52983,28.067712,84.74288,26.996507,156.03004,266.14776,4.8781338,8.6414429,8.6410157,154.89525,141.38939,65.320316,14.594636,7.0287644,5.9537431,6.4915743,2.6880029,0.53760159,1.6128031,0.53760425,1.6128319
3.2032032,47.57403,32.54598,60.433254,450.74222,226.76718,2054.7829,1087.5443,1960.4516,180.88865,103.99196,75.275347,162.72551,81.104651,56.717851,60.481483,154.82406,27.585411,83.285342,26.535569,153.3577,261.56529,4.8061957,8.4949143,8.4944814,152.24343,138.95623,64.198601,14.354855,6.9142055,5.8604987,6.3876769,2.6347225,0.52694553,1.5808349,0.52694822,1.580864
3.3033033,48.514055,32.867153,59.780453,443.51704,223.16369,2019.5915,1068.9262,1926.8431,177.79611,102.22609,73.979421,159.93958,79.716966,55.740661,59.454782,152.17199,27.112675,81.856708,26.08377,150.73834,257.07366,4.7356839,8.3512903,8.3508521,149.64422,136.57134,63.099126,14.119828,6.8019175,5.7691026,6.285839,2.5824983,0.51650068,1.5495003,0.5165034,1.5495298
3.4034034,49.435449,33.18196,59.140593,436.43509,219.63165,1985.0979,1050.6774,1893.9013,174.76491,100.49526,72.709219,157.20899,78.356842,54.782868,58.448455,149.57256,26.649314,80.456405,25.64093,148.17091,252.67108,4.6665701,8.2105135,8.2100704,147.09658,134.23376,62.021452,13.889461,6.6918555,5.6795183,6.1860196,2.5313091,0.50626287,1.5187869,0.50626562,1.5188166
3.5035035,50.338579,33.490528,58.513415,429.49353,216.16963,1951.2883,1032.7906,1861.6129,171.79385,98.798773,71.464231,154.53264,77.023731,53.844089,57.462095,147.02473,26.195142,79.08387,25.206869,145.65438,248.35576,4.5988265,8.0725274,8.0720796,144.59948,131.94254,60.965145,13.66366,6.5839753,5.5917098,6.0881788,2.4811347,0.49622799,1.4886822,0.49623076,1.4887122
3.6036036,51.223808,33.792979,57.89867,422.68956,212.77626,1918.1492,1015.2585,1829.9651,168.88173,97.135944,70.243955,151.90945,75.717096,52.923945,56.495308,144.52748,25.749977,77.738554,24.781415,143.18774,244.126,4.532426,7.9372767,7.9368245,142.15192,129.69678,59.929781,13.442336,6.4782336,5.5056419,5.9922774,2.4319547,0.48639201,1.4591742,0.48639481,1.4592045
3.7037037,52.091493,34.089436,57.296109,416.02047,209.45015,1885.6673,998.07404,1798.9449,166.02738,95.506107,69.047901,149.33836,74.436411,52.022066,55.547704,142.07979,25.31364,76.419914,24.364396,140.77001,239.98007,4.4673419,7.804707,7.8042508,139.75291,127.49556,58.914946,13.225399,6.3745881,5.4212801,5.8982768,2.3837496,0.47675099,1.4302512,0.4767538,1.4302816
3.8038038,52.941979,34.380016,56.705493,409.48358,206.18998,1853.8295,981.23045,1768.5401,163.22966,93.908608,67.875589,146.81834,73.181161,51.138091,54.618904,139.68069,24.885956,75.127424,23.955645,138.40021,235.91633,4.4035482,7.6747653,7.6743054,137.40149,125.33801,57.920232,13.012762,6.2729971,5.3385905,5.8061394,2.3364999,0.46730106,1.4019014,0.4673039,1.401932
3.9039039,53.775606,34.664837,56.126584,403.07627,202.99445,1822.6231,964.72092,1738.7384,160.48744,92.342807,66.726548,144.34838,71.950843,50.271664,53.708534,137.32921,24.466754,73.860566,23.554999,136.0774,231.93316,4.3410192,7.5473996,7.5469362,135.09673,123.22326,56.945241,12.804342,6.1734201,5.2575401,5.7158285,2.2901868,0.45803845,1.3741135,0.45804131,1.3741444
4.004004,54.592712,34.944013,55.559149,396.79596,199.86227,1792.0354,948.53879,1709.5279,157.79962,90.808071,65.600313,141.92747,70.744956,49.422435,52.816227,135.0244,24.055865,72.618829,23.162296,133.80063,228.02894,4.2797299,7.4225585,7.422092,132.83768,121.15045,55.98958,12.600053,6.0758169,5.1780963,5.6273074,2.2447917,0.44895943,1.3468765,0.4489623,1.3469075
4.1041041,55.393622,35.217656,55.002961,390.64015,196.79219,1762.0544,932.67761,1680.8967,155.16512,89.303787,64.496434,139.55465,69.56302,48.590064,51.941626,132.76534,23.653125,71.401716,22.777379,131.56901,224.20211,4.2196558,7.3001923,7.2997229,130.62345,119.11877,55.052868,12.399813,5.9801486,5.1002273,5.5405411,2.2002964,0.44006037,1.3201793,0.44006325,1.3202104
4.2042042,56.178656,35.485874,54.4578,384.60637,193.78298,1732.6679,917.13101,1652.8336,152.58288,87.829352,63.414469,137.22896,68.40456,47.774218,51.084381,130.55113,23.258372,70.208741,22.400095,129.38163,220.45115,4.1607727,7.180252,7.1797799,128.45315,117.12739,54.13473,12.203544,5.8863769,5.023902,5.4554947,2.1566831,0.43133771,1.2940113,0.43134061,1.2940426
4.3043043,56.948131,35.748776,53.923443,378.69219,190.83342,1703.8641,901.89271,1625.3271,150.05187,86.384169,62.353979,134.94947,67.269105,46.974565,50.244145,128.38086,22.871448,69.039421,22.03029,127.23761,216.77454,4.103057,7.0626891,7.0622146,126.3259,115.17551,53.234795,12.011165,5.7944639,4.9490896,5.3721339,2.1139341,0.42278794,1.2683619,0.42279084,1.2683934
4.4044044,57.702354,36.006468,53.399679,372.89525,187.94233,1675.6315,886.95664,1598.3662,147.57108,84.967661,61.31454,132.71525,66.156202,46.190787,49.420583,126.25367,22.492196,67.893291,21.667818,125.13611,213.17082,4.0464856,6.9474568,6.9469801,124.24086,113.26235,52.352704,11.822601,5.7043731,4.8757602,5.2904255,2.0720326,0.41440764,1.243221,0.41441055,1.2432525
4.5045045,58.441626,36.259051,52.886297,367.21323,185.10857,1647.9588,872.31681,1571.9402,145.1395,83.57926,60.295735,130.52541,65.065403,45.422569,48.613363,124.16871,22.120467,66.769891,21.312533,123.07627,209.63855,3.9910358,6.834509,6.8340304,122.19719,111.38714,51.488103,11.637775,5.6160682,4.8038845,5.2103368,2.0309617,0.40619346,1.2185785,0.40619638,1.2186101
4.6046046,59.166247,36.506628,52.383091,361.64384,182.33098,1620.8348,857.96729,1546.0384,142.75615,82.218405,59.297152,128.37907,63.996266,44.669599,47.82216,122.12514,21.756109,65.668767,20.964292,121.05727,206.17629,3.9366854,6.7238001,6.7233197,120.19405,109.54913,50.640644,11.456612,5.5295138,4.7334334,5.1318354,1.9907048,0.39814209,1.1944244,0.39814501,1.194456
4.7047047,59.876504,36.749298,51.88986,356.18485,179.60847,1594.2487,843.90237,1520.6504,140.42009,80.884552,58.318391,126.27536,62.948364,43.931577,47.046657,120.12213,21.398977,64.589479,20.622956,119.0783,202.78266,3.8834125,6.6152859,6.614804,118.23066,107.74758,49.809989,11.279041,5.4446752,4.664379,5.0548902,1.9512459,0.39025031,1.170749,0.39025324,1.1707807
4.8048048,60.572683,36.987157,51.406405,350.83407,176.93992,1568.1898,830.1164,1495.766,138.13037,79.577165,57.359059,124.21344,61.921274,43.208206,46.286544,118.15888,21.048928,63.531596,20.288387,117.13857,199.45632,3.8311959,6.5089229,6.5084397,116.30621,105.98177,48.995804,11.104991,5.3615185,4.5966935,4.9794702,1.9125692,0.38251496,1.147543,0.3825179,1.1475747
4.9049049,61.255064,37.220303,50.932534,345.58936,174.32428,1542.6476,816.60382,1471.3752,135.88607,78.295717,56.418769,122.19247,60.914582,42.499194,45.541512,116.23459,20.70582,62.49469,19.960452,115.23729,196.19591,3.7800144,6.4046683,6.404184,114.41995,104.25098,48.197762,10.934391,5.2800101,4.5303496,4.905545,1.874659,0.37493293,1.1247969,0.37493587,1.1248286
5.005005,61.923918,37.448827,50.468055,340.44861,171.7605,1517.6119,803.35923,1447.4683,133.68629,77.039694,55.497144,120.21164,59.927883,41.804257,44.811264,114.34851,20.369517,61.478347,19.63902,113.3737,193.00014,3.7298477,6.3024804,6.3019952,112.57111,102.55453,47.415543,10.767173,5.2001176,4.4653209,4.8330852,1.8375003,0.3675012,1.1025017,0.36750413,1.1025334
5.1051051,62.579515,37.672821,50.012784,335.40977,169.24754,1493.0726,790.37731,1424.0356,131.53016,75.808594,54.593814,118.27016,58.960782,41.123115,44.095508,112.49987,20.039884,60.482159,19.32396,111.54707,189.86772,3.6806756,6.2023184,6.2018324,110.75894,100.89174,46.648834,10.60327,5.1218089,4.4015813,4.7620618,1.8010782,0.36021677,1.0806484,0.36021971,1.0806802
5.2052052,63.222119,37.892376,49.566536,330.47081,166.7844,1469.0199,777.65284,1401.0678,129.41679,74.601918,53.708413,116.36724,58.012886,40.455493,43.393953,110.68791,19.716788,59.505726,19.015147,109.75665,186.79739,3.6324784,6.1041418,6.1036552,108.98273,99.261926,45.897326,10.442616,5.0450524,4.3391052,4.692446,1.765378,0.35307673,1.0592283,0.35307966,1.05926
5.3053053,63.851984,38.107579,49.129134,325.62976,164.37009,1445.4442,765.18072,1378.5555,127.34535,73.419184,52.840588,114.50212,57.083816,39.801125,42.706319,108.91193,19.400099,58.548656,18.712457,108.00173,183.78794,3.5852368,6.0079115,6.0074245,107.24176,97.664445,45.160719,10.285148,4.9698176,4.2778675,4.6242102,1.7303854,0.34607821,1.0382327,0.34608114,1.0382644
5.4054054,64.469367,38.318517,48.700401,320.88466,162.00365,1422.336,752.95593,1356.4898,125.315,72.259915,51.989988,112.67404,56.173196,39.159746,42.032329,107.17119,19.08969,57.610564,18.415768,106.2816,180.83813,3.5389317,5.9135886,5.9131014,105.53532,96.098651,44.438716,10.1308,4.8960741,4.2178436,4.5573268,1.6960864,0.33921841,1.0176533,0.33922133,1.017685
5.5055055,65.074515,38.525275,48.280164,316.23359,159.6841,1399.6858,740.97351,1334.8617,123.32491,71.123641,51.156267,110.88226,55.280657,38.531094,41.371709,105.465,18.785435,56.69107,18.12496,104.59556,177.94679,3.4935444,5.8211351,5.8206478,103.86272,94.563908,43.731025,9.9795121,4.823792,4.1590092,4.4917687,1.662467,0.33249453,0.9974817,0.33249746,0.9975133
5.6056056,65.66767,38.727935,47.868257,311.67471,157.41053,1377.4847,729.22871,1313.6626,121.3743,70.00991,50.339094,109.12606,54.405842,37.914921,40.724198,103.79268,18.487214,55.78981,17.839917,102.94295,175.11276,3.4490569,5.7305142,5.7300269,102.22331,93.059609,43.037364,9.831223,4.7529427,4.1013411,4.4275101,1.629514,0.32590393,0.9777099,0.32590685,0.97774143
5.7057057,66.249067,38.926578,47.464515,307.20621,155.18204,1355.7239,717.71684,1292.8841,119.46239,68.918277,49.538143,107.40475,53.548403,37.310981,40.089535,102.15355,18.194908,54.906423,17.560526,101.32311,172.33492,3.4054514,5.6416898,5.6412028,100.61642,91.585152,42.357458,9.6858737,4.683498,4.0448161,4.3645252,1.5972142,0.31944397,0.95833002,0.31944688,0.95836148
5.8058058,66.818938,39.121282,47.068777,302.82631,152.99775,1334.3947,706.43333,1272.5178,117.58842,67.848309,48.753095,105.71764,52.707997,36.719031,39.467469,100.54697,17.9084,54.040558,17.286676,99.73539,169.61215,3.3627107,5.5546267,5.55414,99.041419,90.139952,41.691036,9.5434067,4.6154303,3.989412,4.3027891,1.5655548,0.31311209,0.93933438,0.31311499,0.93936575
5.9059059,67.377516,39.312129,46.680882,298.5332,150.85674,1313.4883,695.37353,1252.5554,115.7516,66.799564,47.983624,104.06403,51.884276,36.138829,38.857744,98.972263,17.627572,53.191859,17.018255,98.179139,166.94335,3.3208172,5.469289,5.4688028,97.497655,88.723412,41.037824,9.4037631,4.5487115,3.9351057,4.2422764,1.5345228,0.30690568,0.92071515,0.30690857,0.92074643
6.006006,67.925027,39.499194,46.300673,294.32516,148.75816,1292.9963,684.53298,1232.9889,113.95122,65.771619,47.229423,102.44326,51.076909,35.570141,38.260112,97.428806,17.352311,52.359985,16.755153,96.653733,164.32743,3.2797539,5.3856424,5.3851568,95.984506,87.334962,40.397559,9.266887,4.4833148,3.8818756,4.1829627,1.5041056,0.30082224,0.90246485,0.30082513,0.90249603
6.1061061,68.461685,39.682552,45.928,290.20055,146.70118,1272.9106,673.90743,1213.8105,112.18654,64.764071,46.490192,100.85467,50.285577,35.012742,37.67434,95.915989,17.08251,51.544608,16.497269,95.158571,161.76338,3.2395048,5.303654,5.3031692,94.501379,85.974056,39.769989,9.1327245,4.4192146,3.8297007,4.1248247,1.4742914,0.2948594,0.88457631,0.29486227,0.88460738
6.2062062,68.987704,39.862274,45.562716,286.15771,144.685,1253.2233,663.49265,1195.0127,110.45689,63.776518,45.765639,99.29765,49.509965,34.46641,37.100195,94.433208,16.81806,50.745404,16.244498,93.69306,159.25017,3.2000538,5.2232914,5.2228074,93.047682,84.640153,39.154866,9.0012224,4.3563854,3.7785604,4.0678394,1.4450683,0.28901477,0.86704244,0.28901763,0.8670734
6.3063063,69.50329,40.038432,45.204677,282.19505,142.7088,1233.9266,653.28452,1176.588,108.76156,62.808569,45.055475,97.77157,48.749765,33.930929,36.537448,92.979876,16.558858,49.962058,15.996742,92.256621,156.7868,3.1613855,5.1445226,5.1440396,91.62284,83.332725,38.551945,8.8723285,4.2948024,3.7284343,4.0119842,1.4164247,0.28328605,0.8498563,0.2832889,0.84988713
6.4064064,70.008665,40.211101,44.853729,278.31089,140.77176,1215.0123,643.2787,1158.5285,107.09984,61.859811,44.359398,96.27578,48.004652,33.40607,35.98586,91.555372,16.304792,49.194235,15.753895,90.848641,154.37224,3.1234832,5.0673143,5.0668324,90.226246,82.051215,37.96097,8.7459883,4.2344393,3.6793012,3.9572355,1.3883485,0.27767081,0.83301058,0.27767365,0.83304128
6.5065065,70.504023,40.380347,44.509738,274.50371,138.87311,1196.4729,633.47128,1140.8272,105.47108,60.929875,43.677137,94.809696,47.274336,32.891629,35.445216,90.159141,16.055765,48.441637,15.515862,89.468573,152.00554,3.0863323,4.9916364,4.9911556,88.857356,80.795123,37.381712,8.6221523,4.1752726,3.6311419,3.9035718,1.3608288,0.27216686,0.81649872,0.27216968,0.81652929
6.6066066,70.989562,40.546239,44.172565,270.77201,137.01211,1178.3012,623.85838,1123.4771,103.87463,60.018393,43.00842,93.372736,46.558525,32.387401,34.915302,88.790629,15.811677,47.703966,15.28255,88.11587,149.68576,3.0499181,4.9174588,4.9169793,87.515626,79.563953,36.81394,8.5007717,4.117279,3.5839374,3.8509719,1.3338546,0.26677202,0.80031421,0.26677483,0.80034462
6.7067067,71.465474,40.708842,43.842079,267.11431,135.18801,1160.4899,614.43619,1106.4714,102.30986,59.125001,42.352981,91.964328,45.856936,31.893186,34.395906,87.449291,15.572431,46.980929,15.053865,86.789996,147.41198,3.0142261,4.8447523,4.8442741,86.200525,78.357213,36.257431,8.3817983,4.0604355,3.537669,3.799415,1.3074153,0.26148415,0.7844506,0.26148695,0.78448087
6.8068068,71.931947,40.868219,43.518146,263.52915,133.4001,1143.032,605.20095,1089.8031,100.77615,58.249344,41.710559,90.583908,45.169287,31.408786,33.886822,86.134593,15.337932,46.272237,14.829717,85.490424,145.18331,2.979242,4.7734877,4.7730111,84.911528,77.174425,35.711961,8.2651846,4.0047194,3.4923182,3.7488806,1.2815003,0.25630114,0.7689016,0.25630393,0.76893171
6.9069069,72.389183,41.024441,43.200629,260.015,131.6476,1125.92,596.14871,1073.4652,99.272838,57.391045,41.080878,89.230883,44.495284,30.933994,33.387831,84.845969,15.10808,45.577588,14.610009,84.216595,142.99878,2.944951,4.7036348,4.7031596,83.648082,76.01508,35.177297,8.1508809,3.9501069,3.4478656,3.699347,1.2560985,0.25122079,0.75366055,0.25122356,0.7536905
7.007007,72.837355,41.177566,42.889406,256.57051,129.92984,1109.1473,587.27599,1057.4514,97.799348,56.549777,40.463697,87.904733,43.834667,30.468627,32.898742,83.582926,14.882786,44.896714,14.394657,82.968023,140.85755,2.9113399,4.6351666,4.6346931,82.409702,74.878735,34.653235,8.0388433,3.896577,3.4042943,3.6507953,1.2312003,0.24624114,0.73872161,0.24624389,0.73875139
7.1071071,73.276642,41.327655,42.584353,253.19431,128.24614,1092.7072,578.57926,1041.7553,96.355091,55.725202,39.858769,86.604928,43.187173,30.0125,32.41936,82.344958,14.661962,44.229345,14.183577,81.744211,138.75878,2.8783953,4.5680559,4.5675841,81.195895,73.764935,34.139565,7.9290271,3.8441084,3.3615868,3.6032062,1.2067957,0.24136021,0.72407883,0.24136295,0.72410844
7.2072072,73.707219,41.474768,42.28535,249.88506,126.59584,1076.5932,570.05506,1026.3707,94.939495,54.916994,39.265853,85.330949,42.552542,29.56543,31.949494,81.131573,14.445518,43.575216,13.976682,80.544671,136.70164,2.846104,4.5022762,4.5018061,80.006177,72.673238,33.636085,7.8213889,3.7926804,3.3197262,3.5565607,1.182875,0.23657607,0.70972641,0.23657879,0.70975583
7.3073073,74.12926,41.618965,41.992274,246.64142,124.97825,1060.7988,561.69994,1011.2914,93.551985,54.124825,38.684708,84.08228,41.930517,29.127237,31.488954,79.942279,14.233367,42.934061,13.773891,79.368919,134.68528,2.8144531,4.4378007,4.4373325,78.840068,71.603203,33.142589,7.7158849,3.742272,3.2786956,3.51084,1.1594286,0.23188677,0.69565853,0.23188947,0.69568777
7.4074074,74.542941,41.760306,41.705003,243.46204,123.39271,1045.3173,553.51041,996.51101,92.191981,53.348362,38.115091,82.858396,41.320839,28.697736,31.037546,78.776578,14.025421,42.305613,13.575118,78.216463,132.70887,2.7834294,4.3746025,4.3741362,77.697078,70.55438,32.658872,7.6124712,3.6928623,3.2384779,3.4660249,1.1364465,0.22729036,0.68186932,0.22729305,0.68189838
7.5075075,74.948422,41.898845,41.423427,240.34568,121.83861,1030.1429,545.4833,982.02382,90.858955,52.587305,37.556782,81.658822,40.723268,28.276762,30.595095,77.634016,13.821599,41.689628,13.380286,77.086857,130.77165,2.7530207,4.3126572,4.3121929,76.576765,69.526364,32.184746,7.5111078,3.6444321,3.1990574,3.4220982,1.1139201,0.22278507,0.66835344,0.22278774,0.66838231
7.6076076,75.345865,42.034637,41.147434,237.29111,120.31532,1015.2693,537.6154,967.82407,89.552377,51.841351,37.009556,80.483078,40.137568,27.864146,30.161426,76.514138,13.62182,41.08586,13.189318,75.979651,128.87283,2.723215,4.25194,4.2514778,75.478682,68.518744,31.720022,7.4117541,3.5969621,3.1604184,3.3790423,1.0918402,0.21836909,0.65510552,0.21837174,0.65513419
7.7077077,75.735427,42.167737,40.876913,234.2971,118.82224,1000.6908,529.90358,953.90611,88.271727,51.110202,36.473197,79.330695,39.563504,27.459723,29.736366,75.416498,13.426005,40.494071,13.002138,74.894406,127.01167,2.6940005,4.192427,4.1919669,74.402392,67.531121,31.264517,7.3143709,3.5504335,3.1225457,3.3368402,1.0701982,0.21404067,0.64212029,0.21404331,0.64214876
7.8078078,76.117268,42.298199,40.611754,231.36245,117.35876,986.40136,522.34469,940.26421,87.016478,50.393558,35.947484,78.201199,39.00084,27.063328,29.319739,74.340645,13.234072,39.914016,12.818669,73.830675,125.18741,2.6653651,4.1340936,4.1336356,73.347453,66.563087,30.818042,7.218918,3.5048272,3.0854237,3.2954746,1.0489851,0.20979805,0.62939242,0.20980066,0.62942069
7.9079079,76.491544,42.426077,40.351848,228.48593,115.92427,972.39508,514.93563,926.8928,85.786116,49.691126,35.4322,77.094126,38.449344,26.674797,28.911375,73.286136,13.045944,39.345458,12.638836,72.788025,123.39929,2.6372972,4.0769161,4.0764603,72.313433,65.614248,30.380415,7.1253566,3.4601246,3.0490372,3.2549285,1.0281923,0.20563948,0.61691672,0.20564207,0.61694478
8.008008,76.858402,42.551419,40.097094,225.66644,114.51823,958.66652,507.67351,913.78664,84.580162,49.002631,34.927145,76.009043,37.908802,26.29398,28.511115,72.252561,12.861547,38.788176,12.462568,71.766047,121.64662,2.6097858,4.020872,4.0204185,71.299929,64.684232,29.951466,7.0336501,3.4163081,3.013372,3.2151861,1.0078116,0.20156334,0.60468832,0.20156592,0.60471617
8.1081081,77.217986,42.674277,39.847391,222.90285,113.14006,945.21023,500.55543,900.94053,83.398134,48.327799,34.432118,74.945516,37.378998,25.920723,28.118799,71.239507,12.680808,38.241948,12.289796,70.764337,119.9287,2.58282,3.9659393,3.965488,70.306535,63.772669,29.531024,6.943762,3.3733604,2.9784139,3.1762316,0.98783504,0.19756801,0.59270235,0.19757057,0.59273
8.2082082,77.57044,42.794699,39.60264,220.19406,111.78923,932.02086,493.57857,888.34937,82.239564,47.666362,33.94692,73.903123,36.85972,25.554879,27.734271,70.246571,12.503655,37.706557,12.120451,69.782495,118.24486,2.556389,3.9120959,3.911647,69.332858,62.879197,29.118922,6.8556567,3.3312645,2.9441491,3.1380497,0.96825459,0.19365192,0.58095407,0.19365445,0.5809815
8.3083083,77.915917,42.912736,39.362734,217.5389,110.46514,919.09269,486.73991,876.00766,81.103948,47.018032,33.471342,72.881408,36.350742,25.196288,27.357364,69.273321,12.330011,37.18177,11.95446,68.820096,116.59436,2.5304814,3.8593186,3.8588722,68.378475,62.003428,28.714981,6.769296,3.2900021,2.9105628,3.1006236,0.94906178,0.18981335,0.56943838,0.18981587,0.5694656
8.4084084,78.254551,43.028436,39.12758,214.93634,109.16729,906.42066,480.03676,863.9106,79.99084,46.382555,33.005197,71.87997,35.851864,24.84481,26.987931,68.319375,12.159807,36.667382,11.791757,67.876764,114.97655,2.5050871,3.8075868,3.8071427,67.443012,61.145018,28.319043,6.6846459,3.249557,2.8776417,3.0639388,0.93024911,0.18605081,0.55815077,0.18605331,0.55817777
8.5085085,78.586474,43.141843,38.897086,212.38535,107.89515,893.99984,473.46651,852.05346,78.899809,45.759684,32.548302,70.89842,35.362893,24.500308,26.625827,67.384362,11.992979,36.163193,11.63228,66.952132,113.39081,2.4801961,3.7568803,3.7564387,66.526104,60.303634,27.930955,6.6016738,3.2099135,2.845373,3.0279811,0.91180929,0.18236283,0.54708686,0.18236531,0.54711364
8.6086086,78.911817,43.253002,38.671162,209.88494,106.64824,881.82532,467.02657,840.43155,77.830421,45.149172,32.100478,69.936366,34.883633,24.162645,26.270908,66.46791,11.829459,35.669004,11.475965,66.045834,111.83651,2.4557987,3.7071791,3.70674,65.627389,59.478943,27.550561,6.5203467,3.171056,2.8137441,2.9927361,0.89373499,0.17874797,0.53624228,0.17875042,0.53626883
8.7087087,79.23071,43.361957,38.449717,207.4341,105.42606,869.89228,460.71439,829.04027,76.782255,44.550777,31.661546,68.993429,34.413895,23.831687,25.923035,65.569657,11.669184,35.184618,11.322751,65.157512,110.31303,2.4318852,3.6584636,3.658027,64.74651,58.670617,27.177714,6.4406325,3.132969,2.7827425,2.95819,0.8760191,0.17520478,0.52561273,0.17520722,0.52563906
8.8088088,79.543276,43.46875,38.232666,205.03189,104.22812,858.19604,454.52749,817.87514,75.754896,43.964264,31.231334,68.069235,33.953493,23.507304,25.582071,64.68925,11.512089,34.709847,11.172577,64.286816,108.81978,2.4084462,3.6107145,3.6102805,63.883122,57.87834,26.812265,6.3624999,3.0956377,2.7523558,2.9243293,0.85865465,0.17173188,0.51519405,0.1717343,0.51522016
8.9089089,79.849643,43.573425,38.019919,202.67733,103.05395,846.73186,448.46337,806.93164,74.747931,43.389396,30.809667,67.163409,33.502241,23.189365,25.247877,63.82633,11.358113,34.244497,11.025382,63.433395,107.35615,2.3854722,3.5639126,3.5634812,63.036874,57.10179,26.454066,6.2859173,3.059047,2.7225719,2.8911402,0.84163463,0.16832787,0.50498203,0.16833027,0.50500791
9.009009,80.149955,43.676032,37.811378,200.36931,101.90299,835.49433,442.51916,796.20461,73.760882,42.825901,30.396346,66.275524,33.059925,22.877719,24.920296,62.98049,11.207181,33.788348,10.881098,62.596846,105.92146,2.3629524,3.5180359,3.5176071,62.207367,56.340601,26.10295,6.2108486,3.0231795,2.6933768,2.8586071,0.824951,0.16499114,0.49497184,0.16499351,0.49499749
9.1091091,80.444315,43.776605,37.60697,198.10703,100.77485,824.47959,436.69281,785.69034,72.793409,42.273584,29.991228,65.40527,32.626392,22.572258,24.599213,62.151438,11.059242,33.341245,10.739674,61.776882,104.5152,2.340879,3.4730685,3.4726423,61.394315,55.59451,25.758795,6.1372679,2.988023,2.6647603,2.8267187,0.80859803,0.16172054,0.48516005,0.16172289,0.48518547
9.2092092,80.73284,43.875184,37.406614,195.88961,99.669068,813.68327,430.98202,775.38466,71.84513,41.732226,29.594152,64.552304,32.20147,22.272862,24.284503,61.338846,10.914237,32.903009,10.601054,60.973176,103.13683,2.3192433,3.4289927,3.4285691,60.597395,54.863221,25.421464,6.0651461,2.9535635,2.6367111,2.7954625,0.79256924,0.15851477,0.47554277,0.1585171,0.47556796
9.3093093,81.015643,43.971809,37.210231,193.71616,98.585221,803.10112,425.38453,765.28352,70.915671,41.201614,29.204962,63.716288,31.784992,21.979411,23.976041,60.542391,10.772109,32.473468,10.465184,60.185413,101.78579,2.2980367,3.385791,3.3853701,59.816294,54.146447,25.090825,5.9944549,2.9197874,2.6092183,2.7648262,0.77685833,0.15537258,0.46611621,0.15537489,0.46614117
9.4094094,81.292835,44.066516,37.017745,191.58583,97.522882,792.72899,419.89816,755.38295,70.004666,40.681541,28.823505,62.896893,31.376792,21.691792,23.673706,59.761762,10.632803,32.052454,10.332011,59.413284,100.46156,2.277251,3.3434466,3.3430283,59.050705,53.443906,24.766749,5.9251664,2.8866816,2.5822709,2.7347977,0.76145914,0.15229273,0.45687668,0.15229502,0.45690142
9.5095095,81.564524,44.159343,36.82908,189.4978,96.481636,782.56285,414.52076,745.67909,69.111761,40.171802,28.449632,62.093799,30.976712,21.409891,23.37738,58.996653,10.496264,31.639802,10.201483,58.656489,99.163634,2.2568781,3.3019429,3.3015274,58.300328,52.755324,24.449109,5.8572537,2.8542331,2.5558586,2.7053654,0.74636568,0.14927403,0.4478206,0.1492763,0.44784509
9.6096096,81.830834,44.250332,36.644151,187.45111,95.461009,772.59805,409.24988,736.16751,68.236548,39.672165,28.083171,61.306638,30.584569,21.133579,23.086927,58.246715,10.36243,31.235324,10.073539,57.914682,97.891406,2.2369087,3.2612612,3.2608483,57.564823,52.080386,24.137759,5.790686,2.8224271,2.5299693,2.6765159,0.73157106,0.1463151,0.43894382,0.14631735,0.43896808
9.7097097,82.091875,44.339522,36.462881,185.44492,94.460576,762.83044,404.08333,726.84425,67.378663,39.182422,27.723971,60.535081,30.200199,20.862742,22.802227,57.511635,10.231244,30.838853,9.9481279,57.187554,96.644351,2.2173344,3.2213843,3.2209742,56.843881,51.418812,23.832572,5.7254353,2.7912504,2.5045923,2.6482371,0.71706914,0.14341471,0.43024265,0.14341693,0.43026669
9.8098098,82.347742,44.426943,36.285204,183.4785,93.479979,753.25653,399.01925,717.70595,66.537796,38.702397,27.371902,59.778851,29.823464,20.597282,22.523177,56.791149,10.102661,30.450244,9.8252034,56.474845,95.422021,2.1981482,3.182298,3.1818906,56.137244,50.770364,23.533436,5.6614785,2.7606919,2.4797183,2.6205189,0.70285471,0.14057182,0.42171398,0.14057402,0.42173778
9.9099099,82.598535,44.512631,36.111051,181.55107,92.518829,743.87251,394.05563,708.749,65.713615,38.2319,27.026823,59.037647,29.454213,20.337094,22.249666,56.08497,9.976629,30.069346,9.7047172,55.776272,94.223933,2.1793426,3.1439869,3.1435823,55.444632,50.134784,23.240234,5.59879,2.7307394,2.4553376,2.5933504,0.68892214,0.13778529,0.41335443,0.13778747,0.413378
10.01001,82.844353,44.596619,35.940352,179.66188,91.576748,734.67471,389.19052,699.96986,64.905796,37.770744,26.6886,58.311176,29.092301,20.082074,21.981587,55.39282,9.8530983,29.696007,9.5866218,55.091561,93.049616,2.1609102,3.1064359,3.106034,54.765772,49.511823,22.95285,5.5373453,2.7013811,2.4314406,2.5667208,0.67526596,0.13505405,0.40516071,0.13505621,0.40518404
10.11011,83.085292,44.67894,35.773041,177.81019,90.653367,725.6595,384.42202,691.3651,64.114022,37.31875,26.357099,57.599153,28.737586,19.832123,21.718834,54.714427,9.7320206,29.330081,9.470871,54.420443,91.89861,2.1428436,3.0696302,3.0692311,54.100398,48.901236,22.671171,5.4771204,2.6726056,2.4080179,2.5406197,0.66188082,0.13237701,0.39712962,0.13237915,0.39715272
10.21021,83.321447,44.759626,35.609053,175.99527,89.748326,716.82339,379.74826,682.93136,63.337983,36.875741,26.032191,56.901299,28.389929,19.587144,21.461306,54.049527,9.6133488,28.971426,9.3574196,53.762657,90.770466,2.125136,3.0335556,3.0331592,53.44825,48.302786,22.395089,5.4180917,2.6444016,2.3850604,2.515037,0.64876151,0.12975314,0.38925802,0.12975526,0.38928089
10.31031,83.552938,44.838719,35.448304,174.2162,88.861161,708.16182,375.16685,674.66429,62.57728,36.441489,25.713708,56.217254,28.049151,19.347009,21.208868,53.397776,9.4970217,28.619858,9.2462094,53.117865,89.664605,2.1077781,2.9981935,2.9977999,52.808992,47.716163,22.12446,5.3602289,2.6167546,2.3625564,2.4899596,0.63590129,0.12718109,0.38154188,0.12718318,0.38156451
10.41041,83.77984,44.916244,35.290741,172.47239,87.991583,699.67199,370.67629,666.56122,61.831667,36.015852,25.401547,55.546796,27.715141,19.111641,20.96144,52.758963,9.3830017,28.275261,9.1372042,52.485856,88.580667,2.0907643,2.9635323,2.9631415,52.182417,47.141177,21.859198,5.3035132,2.5896557,2.3404984,2.4653792,0.62329598,0.12466002,0.37397868,0.12466209,0.37400108
10.510511,84.002244,44.992233,35.136301,170.76316,87.139248,691.35053,366.27479,658.61892,61.100846,35.598662,25.095584,54.889657,27.387766,18.880947,20.718923,52.132834,9.2712433,27.9375,9.0303607,51.866382,87.518222,2.074088,2.9295585,2.9291704,51.568276,46.5776,21.599196,5.2479221,2.5630942,2.3188778,2.4412862,0.61094058,0.12218893,0.36656543,0.12219098,0.36658759
10.610611,84.220238,45.066714,34.984925,169.08782,86.303817,683.19413,361.96063,650.83424,60.384529,35.189753,24.795696,54.245576,27.066895,18.654834,20.48122,51.519139,9.1617024,27.60644,8.9256368,51.259195,86.476851,2.0577424,2.8962585,2.8958732,50.966325,46.025209,21.344352,5.1934337,2.5370594,2.297686,2.4176709,0.59883021,0.11976685,0.35929919,0.11976888,0.35932113
10.710711,84.433907,45.139718,34.836552,167.44572,85.484962,675.1996,357.73209,643.20411,59.682433,34.788964,24.501767,53.614299,26.752402,18.433213,20.248238,50.917637,9.0543358,27.281951,8.822991,50.664057,85.456142,2.0417212,2.8636191,2.8632366,50.376326,45.483785,21.094565,5.1400264,2.5115412,2.2769146,2.3945242,0.58696009,0.11739282,0.35217711,0.11739483,0.35219881
10.810811,84.643335,45.211273,34.691123,165.83622,84.682362,667.36378,353.58752,635.72555,58.994282,34.396137,24.213679,52.995577,26.444164,18.215997,20.019886,50.328091,8.9491014,26.963905,8.7223831,50.080735,84.455695,2.0260181,2.8316277,2.8312479,49.798049,44.953117,20.849738,5.0876793,2.4865295,2.2565555,2.3718368,0.57532557,0.11506591,0.34519639,0.11506789,0.34521786
10.910911,84.848613,45.28141,34.548578,164.25861,83.895672,659.68331,349.52513,628.39531,58.31978,34.011103,23.93131,52.389143,26.142046,18.003093,19.796064,49.750247,8.8459537,26.652166,8.6237699,49.508978,83.475081,2.0106263,2.8002704,2.7998934,49.231243,44.432974,20.609764,5.0363699,2.4620137,2.2366,2.3495992,0.56392165,0.11278512,0.33835403,0.11278708,0.33837527
11.011011,85.049831,45.350159,34.408851,162.71221,83.124541,652.15477,345.54311,621.21015,57.658627,33.633691,23.654532,51.794725,25.845914,17.794405,19.576673,49.183846,8.744847,26.346596,8.5271075,48.94853,82.513862,1.9955389,2.7695333,2.7691591,48.675657,43.923127,20.374538,4.9860754,2.4379827,2.2170392,2.3278013,0.55274326,0.11054943,0.33164698,0.11055137,0.33166799
11.111111,85.24706,45.417546,34.271894,161.19646,82.368697,644.7755,341.64006,614.16752,57.010587,33.263766,23.383249,51.212114,25.555664,17.58986,19.361636,48.628689,8.6457454,26.047085,8.4323616,48.399195,81.5717,1.9807507,2.7394056,2.7390341,48.131093,43.423393,20.143976,4.9367779,2.414428,2.1978661,2.3064355,0.54178644,0.10835806,0.32507288,0.10835998,0.32509366
11.211211,85.440379,45.483598,34.137652,159.71076,81.62784,637.54257,337.81443,607.26461,56.375405,32.901183,23.117351,50.641077,25.271179,17.389376,19.150867,48.084555,8.5486096,25.753515,8.3394947,47.860754,80.64822,1.9662557,2.7098752,2.7095064,47.597336,42.933576,19.917987,4.888458,2.3913405,2.1790732,2.2854933,0.53104686,0.10621013,0.31862912,0.10621203,0.31864967
11.311311,85.629865,45.548339,34.006072,158.25453,80.901678,630.45313,334.0647,600.49871,55.752829,32.545797,22.856734,50.081387,24.992347,17.192874,18.944283,47.551228,8.4534012,25.46577,8.2484701,47.332994,79.743057,1.9520482,2.6809305,2.6805645,47.074174,42.45348,19.696481,4.8410965,2.3687108,2.160653,2.2649665,0.52052027,0.10410481,0.31231316,0.10410669,0.31233348
11.411411,85.815591,45.611796,33.877104,156.82719,80.189924,623.50437,330.38941,593.86714,55.142613,32.197468,22.601295,49.532825,24.719058,17.000276,18.741802,47.028497,8.3600828,25.183736,8.159252,46.815708,78.855856,1.9381227,2.6525602,2.6521969,46.561401,41.982918,19.479371,4.7946749,2.3465302,2.1425983,2.2448469,0.51020253,0.10204125,0.3061225,0.10204311,0.3061426
11.511512,85.997631,45.673993,33.750695,155.42819,79.492302,616.6936,326.7871,587.36732,54.54452,31.856061,22.350934,48.995174,24.451204,16.811507,18.543344,46.516158,8.2686178,24.907304,8.0718055,46.308693,77.986269,1.9244737,2.6247531,2.6243926,46.058816,41.521704,19.266572,4.7491749,2.32479,2.124902,2.2251267,0.5000896,0.10001866,0.30005474,0.1000205,0.30007461
11.611612,86.17607,45.73496,33.626786,154.05685,78.808476,610.01754,323.25606,580.99612,53.958261,31.521411,22.10553,48.468176,24.188657,16.626476,18.348815,46.013966,8.1789625,24.636341,7.9860888,45.811707,77.133882,1.9110947,2.597496,2.5971381,45.566179,41.069618,19.057983,4.7045748,2.3034797,2.1075557,2.2057964,0.49017666,0.09803606,0.29410696,0.098037879,0.29412661
11.711712,86.350976,45.79472,33.505331,152.71267,78.138196,603.47374,319.79498,574.75119,53.383622,31.193395,21.864994,47.951637,23.931319,16.445115,18.158144,45.521734,8.0910837,24.370747,7.9020702,45.324566,76.298379,1.8979807,2.5707787,2.5704236,45.083307,40.626493,18.853526,4.6608581,2.2825915,2.090553,2.186849,0.48046005,0.09609273,0.28827699,0.096094528,0.28829641
11.811812,86.522415,45.853295,33.386284,151.39514,77.481204,597.05969,316.40254,568.63015,52.820382,30.871887,21.629232,47.445357,23.679093,16.267354,17.971255,45.039273,8.0049478,24.110421,7.8197175,44.847085,75.47944,1.8851268,2.5445911,2.5442387,44.610016,40.19216,18.653123,4.6180082,2.2621174,2.0738873,2.1682772,0.47093605,0.094187923,0.28256258,0.0941897,0.28258178
11.911912,86.690454,45.910709,33.269597,150.10374,76.83724,590.77284,313.0774,562.63057,52.268317,30.55676,21.398152,46.949137,23.431877,16.093123,17.788077,44.566393,7.9205207,23.855258,7.7389982,44.379073,74.676742,1.8725277,2.5189229,2.5185731,44.146118,39.766445,18.456695,4.5760081,2.2420493,2.0575521,2.1500737,0.4616009,0.092320884,0.27696147,0.09232264,0.27698045
12.012012,86.855161,45.966984,33.155225,148.83795,76.206051,584.61074,309.81824,556.75007,51.727211,30.247889,21.171662,46.462778,23.189575,15.922353,17.608536,44.102906,7.8377692,23.60516,7.6598805,43.920348,73.889969,1.8601786,2.4937638,2.4934167,43.69143,39.349181,18.264165,4.5348412,2.2223793,2.0415409,2.1322312,0.45245091,0.090490878,0.27147147,0.090492615,0.27149023
12.112112,87.016599,46.022143,33.043123,147.59728,75.587389,578.57095,306.62379,550.98637,51.19685,29.945154,20.949672,45.986092,22.95209,15.754977,17.432562,43.64863,7.7566607,23.360027,7.5823334,43.470728,73.118812,1.8480747,2.4691041,2.4687597,43.245774,38.940205,18.075456,4.4944913,2.2030997,2.0258476,2.1147429,0.44348251,0.08869719,0.26609042,0.088698906,0.26610896
12.212212,87.17484,46.076209,32.933241,146.38118,74.980982,572.65081,303.49263,545.33688,50.677,29.64842,20.732085,45.518864,22.719317,15.59092,17.260077,43.203364,7.6771593,23.119751,7.5063225,43.030015,72.362929,1.8362105,2.4449328,2.444591,42.808951,38.539335,17.890486,4.4549407,2.184202,2.010465,2.0976008,0.43469172,0.086939025,0.26081593,0.086940721,0.26083426
12.312312,87.329971,46.129213,32.825518,145.18899,74.386492,566.84704,300.42303,539.7985,50.167373,29.357522,20.51878,45.060837,22.491128,15.430092,17.090985,42.766861,7.599221,22.884199,7.4318058,42.597965,71.621903,1.8245795,2.4212365,2.4208974,42.38072,38.146348,17.709153,4.4161675,2.1656756,1.9953847,2.0807957,0.42607369,0.08521541,0.2556451,0.085217086,0.25566321
12.412412,87.482032,46.181167,32.719927,144.02039,73.803771,561.15818,297.41422,534.36983,49.667841,29.072388,20.309703,44.611894,22.267464,15.272452,16.925243,42.339011,7.5228263,22.653312,7.3587645,42.17447,70.895548,1.8131789,2.3980094,2.3976729,41.960974,37.761148,17.531409,4.3781619,2.1475161,1.980603,2.0643232,0.41762625,0.083525914,0.25057663,0.08352757,0.25059452
12.512513,87.631081,46.232093,32.616428,142.87493,73.23259,555.58198,294.46501,529.04872,49.178206,28.792905,20.104772,44.171857,22.048236,15.117938,16.762787,41.919644,7.4479451,22.426998,7.2871699,41.759362,70.183578,1.802004,2.3752422,2.3749083,41.549546,37.38358,17.357186,4.3409089,2.1297161,1.966114,2.0481768,0.40934607,0.08186987,0.24560851,0.081871507,0.24562619
12.612613,87.777179,46.28201,32.514978,141.75216,72.672724,550.11628,291.57424,523.83309,48.698277,28.518962,19.903905,43.740555,21.83336,14.966488,16.603553,41.508597,7.3745478,22.20517,7.2169939,41.352479,69.485712,1.7910505,2.352926,2.3525948,41.146275,37.013497,17.186416,4.304394,2.1122688,1.951912,2.0323503,0.4012299,0.08024663,0.2407388,0.080248247,0.24075627
12.712713,87.920381,46.330938,32.415539,140.65165,72.123956,544.75892,288.74079,518.72091,48.227866,28.250455,19.707026,43.317818,21.622751,14.818045,16.447478,41.105708,7.302606,21.98774,7.1482091,40.953662,68.80168,1.7803141,2.3310522,2.3307235,40.751004,36.650756,17.019031,4.2686029,2.0951673,1.9379915,2.0168375,0.3932746,0.078655562,0.23596561,0.078657159,0.23598287
12.812813,88.060743,46.378895,32.318073,139.57296,71.586073,539.50785,285.96357,513.71019,47.766791,27.987277,19.514056,42.903483,21.416326,14.67255,16.294501,40.710821,7.2320918,21.774625,7.080789,40.562758,68.131217,1.7697908,2.3096123,2.3092861,40.36358,36.295214,16.854967,4.2335217,2.078405,1.9243471,2.0016323,0.38547708,0.07709605,0.23128709,0.077097628,0.23130414
12.912913,88.198318,46.425901,32.222541,138.51569,71.058869,534.36104,283.24149,508.79901,47.314876,27.729329,19.324923,42.497389,21.214008,14.529948,16.144565,40.323785,7.1629781,21.565743,7.0147076,40.179615,67.474066,1.7594764,2.288598,2.2882744,39.983854,35.946736,16.69416,4.1991371,2.0619755,1.9109736,1.986729,0.37783435,0.075567497,0.22670144,0.075569056,0.22671828
13.013013,88.33316,46.471972,32.128908,137.47943,70.542143,529.31655,280.57354,503.98551,46.871949,27.476512,19.139553,42.099382,21.015718,14.390184,15.997612,39.944452,7.0952388,21.361014,6.94994,39.804089,66.829977,1.749367,2.2680014,2.2676804,39.611681,35.60519,16.536551,4.165436,2.0458726,1.8978659,1.9721219,0.37034351,0.074069322,0.22220693,0.074070862,0.22222356
13.113113,88.465318,46.517127,32.037138,136.46379,70.035702,524.37247,277.95871,499.26786,46.437842,27.228731,18.957878,41.709312,20.821381,14.253205,15.853587,39.572679,7.0288481,21.160361,6.8864616,39.436038,66.198708,1.7394588,2.2478148,2.2474962,39.246921,35.270446,16.382079,4.1324056,2.0300901,1.8850191,1.9578055,0.36300175,0.072600961,0.21780186,0.072602482,0.21781829
13.213213,88.594842,46.561381,31.947198,135.4684,69.539357,519.52696,275.39602,494.64432,46.012394,26.985893,18.77983,41.327033,20.630926,14.118961,15.712436,39.208327,6.9637815,20.963709,6.8242489,39.075326,65.580024,1.7297482,2.2280305,2.2277145,38.889439,34.94238,16.230687,4.1000337,2.0146223,1.8724284,1.9437744,0.35580632,0.071161869,0.21348459,0.071163371,0.21350082
13.313313,88.721833,46.604771,31.859016,134.49247,69.052719,514.77623,272.88347,490.11126,45.595271,26.747809,18.605267,40.952243,20.444202,13.987345,15.574047,38.851111,6.8999879,20.770905,6.7632531,38.721669,64.973441,1.7202276,2.2086332,2.2083196,38.538954,34.620735,16.082257,4.068295,1.999457,1.8600839,1.9300178,0.34875161,0.069750919,0.20925176,0.069752402,0.20926778
13.413413,88.846329,46.647307,31.772567,133.53572,68.575642,510.11886,270.42029,485.66731,45.186348,26.514406,18.434139,40.584832,20.261154,13.858319,15.438381,38.500922,6.8374483,20.581891,6.703456,38.374962,64.378776,1.710894,2.189617,2.1893059,38.19536,34.305413,15.936744,4.0371799,1.9845896,1.8479819,1.9165313,0.34183549,0.068367688,0.20510208,0.068369153,0.20511791
13.513514,88.96836,46.689002,31.68783,132.59791,68.108015,505.55375,268.00592,481.31143,44.785529,26.285629,18.266405,40.224711,20.081737,13.731852,15.305404,38.157679,6.7761478,20.396621,6.6448435,38.035123,63.79589,1.7017453,2.1709775,2.1706688,37.858577,33.996341,15.794113,4.0066811,1.9700168,1.8361196,1.903312,0.33505635,0.067011852,0.20103458,0.067013299,0.20105021
13.613614,89.087972,46.72987,31.604772,131.6787,67.649657,501.07913,265.63942,477.04194,44.39266,26.061391,18.101999,39.871741,19.905883,13.607894,15.175065,37.821248,6.7160629,20.215025,6.5873929,37.702021,63.224558,1.692778,2.1527074,2.1524011,37.528475,33.6934,15.65431,3.9767868,1.9557327,1.8244925,1.8903547,0.32841155,0.065682886,0.19704769,0.065684315,0.19706313
13.713714,89.205213,46.769928,31.523362,130.77771,67.20039,496.69328,263.31988,472.8572,44.007587,25.841604,17.940859,39.525787,19.733523,13.486399,15.047315,37.491499,6.6571703,20.037033,6.5310821,37.375527,62.66456,1.6839886,2.1347997,2.1344958,37.204925,33.396472,15.51728,3.9474856,1.941732,1.8130959,1.8776544,0.32189855,0.064380279,0.19313989,0.06438169,0.19315512
13.813814,89.320125,46.80919,31.443568,129.89461,66.760045,492.39453,261.04641,468.75559,43.630166,25.626186,17.782923,39.186715,19.564593,13.36732,14.922103,37.168307,6.5994476,19.862577,6.4758898,37.055518,62.115682,1.6753737,2.1172476,2.1169461,36.887806,33.105444,15.382973,3.9187662,1.9280093,1.8019257,1.8652062,0.31551487,0.063103536,0.18930967,0.063104929,0.18932471
13.913914,89.432753,46.847672,31.365361,129.02908,66.328456,488.18127,258.81816,464.73559,43.260253,25.415054,17.628131,38.854398,19.399027,13.250611,14.799384,36.85155,6.5428731,19.69159,6.421795,36.741873,61.577718,1.6669301,2.1000445,2.0997454,36.576997,32.820207,15.251336,3.8906179,1.9145595,1.7909775,1.8530055,0.3092581,0.061852175,0.1855556,0.06185355,0.18557045
14.014014,89.543138,46.885387,31.28871,128.18077,65.90546,484.05192,256.63429,460.79569,42.897711,25.208129,17.476426,38.528712,19.236764,13.13623,14.679111,36.541109,6.4874256,19.524009,6.3687776,36.434474,61.050467,1.6586547,2.083184,2.0828872,36.272383,32.540654,15.122321,3.8630301,1.9013775,1.7802474,1.8410478,0.3031259,0.060625729,0.18187627,0.060627086,0.18189094
14.114114,89.651322,46.922351,31.213589,127.34939,65.490902,480.00495,254.494,456.93443,42.542405,25.005336,17.32775,38.209534,19.077744,13.024133,14.561239,36.23687,6.4330846,19.359773,6.316818,36.133208,60.533735,1.6505444,2.0666598,2.0663653,35.973849,32.266682,14.99588,3.8359927,1.8884584,1.7697313,1.8293285,0.29711603,0.059423746,0.17827033,0.059425086,0.17828481
14.214214,89.757343,46.958575,31.139969,126.53462,65.084632,476.03889,252.39651,453.1504,42.194206,24.8066,17.182051,37.89675,18.921909,12.914281,14.445726,35.93872,6.3798304,19.198821,6.2658973,35.837966,60.027332,1.6425963,2.0504659,2.0501738,35.681289,31.99819,14.871967,3.8094958,1.8757976,1.7594254,1.8178435,0.29122627,0.058245788,0.17473647,0.058247111,0.17475076
14.314314,89.861253,46.994079,31.067815,125.73608,64.686454,472.15184,250.34082,449.44179,41.852946,24.611826,17.039258,37.590208,18.769183,12.806619,14.332516,35.646518,6.3276374,19.041076,6.215991,35.548605,59.531017,1.6348064,2.0345946,2.0343047,35.39456,31.73505,14.750523,3.7835267,1.863389,1.7493247,1.8065873,0.28545382,0.057091291,0.17127299,0.057092597,0.1712871
14.414414,89.963161,47.028897,30.997053,124.95294,64.295951,468.33973,248.32475,445.8047,41.518268,24.420809,16.89922,37.289585,18.619407,12.701035,14.221491,35.359954,6.2764508,18.886373,6.1670469,35.264822,59.044269,1.6271668,2.0190292,2.0187416,35.113362,31.476985,14.631421,3.7580582,1.8512196,1.7394188,1.795548,0.27979262,0.055959045,0.16787626,0.055960334,0.16789019
14.514515,90.063048,47.063026,30.927692,124.18531,63.913188,464.60318,246.34866,442.23974,41.190226,24.233581,16.761962,36.994931,18.472604,12.597547,14.112668,35.079078,6.2262791,18.734737,6.119073,34.986666,58.56717,1.6196786,2.0037723,2.003487,34.837742,31.224039,14.514679,3.7330945,1.8392913,1.7297092,1.7847274,0.27424362,0.054849238,0.16454685,0.054850511,0.1645606
14.614615,90.160956,47.096479,30.859707,123.43291,63.538016,460.94074,244.41178,438.74552,40.868695,24.05007,16.627429,36.706132,18.328718,12.496113,14.006005,34.80378,6.1771029,18.58611,6.0720507,34.714026,58.099532,1.6123389,1.988818,1.9885349,34.567593,30.976113,14.400253,3.7086259,1.8275997,1.7201921,1.7741215,0.26880466,0.053761439,0.16128347,0.053762694,0.16129703
14.714715,90.25692,47.129267,30.793071,122.69544,63.170289,457.351,242.51334,435.32069,40.553548,23.870203,16.495569,36.423076,18.187692,12.396696,13.901461,34.533953,6.128903,18.440433,6.0259618,34.446798,57.641176,1.6051449,1.9741604,1.9738796,34.302809,30.733111,14.288099,3.6846429,1.81614,1.710864,1.763726,0.26347362,0.052695225,0.15808484,0.052696465,0.15809822
14.814815,90.350978,47.161404,30.727759,121.97261,62.809867,453.83257,240.65263,431.96393,40.244665,23.693912,16.366332,36.145654,18.049473,12.299256,13.798996,34.269493,6.081661,18.297652,5.9807886,34.184879,57.191925,1.5980938,1.9597941,1.9595154,34.043289,30.494939,14.178173,3.6611364,1.804908,1.7017211,1.753537,0.25824848,0.05165019,0.15494974,0.051651413,0.15496295
14.914915,90.443166,47.192902,30.663745,121.26416,62.456613,450.38413,238.82893,428.67397,39.941928,23.52113,16.239669,35.873759,17.914008,12.203756,13.698571,34.0103,6.0353588,18.157711,5.936514,33.92817,56.75161,1.591183,1.9457134,1.9454369,33.788935,30.261507,14.070433,3.6380974,1.7938994,1.69276,1.7435506,0.25312723,0.050625934,0.15187699,0.050627141,0.15189002
15.015015,90.533518,47.223773,30.601006,120.56982,62.110394,447.00437,237.04156,425.44956,39.645223,23.351791,16.115531,35.607289,17.781246,12.110161,13.600148,33.756275,5.9899791,18.020557,5.8931212,33.676574,56.320063,1.5844098,1.9319132,1.9316388,33.539649,30.032727,13.96484,3.6155171,1.78311,1.6839774,1.733763,0.24810796,0.049622074,0.14886541,0.049623265,0.14887828
15.115115,90.622069,47.254029,30.539518,119.88932,61.77108,443.69202,235.28985,422.2895,39.35444,23.185833,15.993873,35.346144,17.651136,12.018435,13.503689,33.507323,5.9455049,17.88614,5.850594,33.429997,55.897123,1.5777717,1.9183882,1.9181159,33.29534,29.808514,13.861353,3.5933873,1.7725358,1.6753699,1.7241707,0.24318879,0.048638233,0.1459139,0.048639408,0.14592659
15.215215,90.70885,47.28368,30.479259,119.22242,61.438547,440.44587,233.57316,419.19263,39.069471,23.023193,15.874649,35.090228,17.523631,11.928545,13.409161,33.263354,5.9019198,17.754411,5.8089168,33.188348,55.482636,1.5712662,1.9051334,1.9048633,33.055917,29.588784,13.759934,3.5716997,1.7621728,1.6669344,1.71477,0.2383679,0.04767405,0.14302136,0.047675209,0.14303389
15.315315,90.793894,47.312737,30.420206,118.56888,61.112672,437.26474,231.89085,416.15781,38.790211,22.863814,15.757816,34.839447,17.398684,11.840457,13.316527,33.024276,5.8592078,17.62532,5.7680743,32.951539,55.076449,1.5648911,1.8921441,1.8918761,32.821292,29.373457,13.660547,3.5504465,1.7520174,1.6586679,1.7055575,0.23364354,0.046729172,0.14018674,0.046730316,0.1401991
15.415415,90.877274,47.341226,30.362309,117.92812,60.793173,434.14584,230.24146,413.18239,38.516418,22.707555,15.643271,34.593581,17.276186,11.754094,13.225706,32.789882,5.8173317,17.498755,5.728031,32.719363,54.678209,1.5586407,1.8794089,1.879143,32.591261,29.162346,13.563104,3.529609,1.7420607,1.650563,1.6965252,0.2290116,0.045802777,0.13740757,0.045803906,0.13741976
15.515516,90.959024,47.369158,30.305544,117.29989,60.479922,431.08795,228.62434,410.26518,38.247982,22.554354,15.530968,34.352531,17.156088,11.669423,13.136664,32.560077,5.7762749,17.374667,5.6887709,32.491728,54.287758,1.5525125,1.8669228,1.8666589,32.365731,28.955365,13.467567,3.5091791,1.7322987,1.6426167,1.6876696,0.22447023,0.044894497,0.13468274,0.04489561,0.13469476
15.615616,91.039153,47.396536,30.249904,116.68411,60.172882,428.0907,227.0393,407.40587,37.984872,22.404193,15.420896,34.116271,17.038375,11.586433,13.049389,32.334836,5.7360326,17.25304,5.6502895,32.268608,53.90505,1.5465059,1.8546842,1.8544223,32.144678,28.752493,13.373926,3.4891543,1.7227303,1.6348279,1.6789895,0.22001891,0.044004227,0.13201194,0.044005325,0.1320238
15.715716,91.117693,47.423371,30.195368,116.08056,59.871935,425.15293,225.48572,404.60331,37.726985,22.257014,15.313011,33.884708,16.923003,11.505091,12.963848,32.11407,5.6965891,17.133827,5.6125717,32.049916,53.529935,1.5406185,1.8426885,1.8424286,31.928014,28.553648,13.282142,3.4695268,1.7133517,1.6271937,1.6704817,0.2156559,0.043131619,0.12939412,0.043132702,0.12940582
15.815816,91.194673,47.449673,30.141915,115.48898,59.576963,422.27349,223.96299,401.85643,37.474222,22.11276,15.20727,33.657751,16.809925,11.425367,12.880006,31.897693,5.6579289,17.016982,5.5756029,31.835566,53.162268,1.534848,1.8309309,1.8306731,31.715655,28.358754,13.192181,3.450289,1.7041593,1.619711,1.6621427,0.2113795,0.042276333,0.12682827,0.042277402,0.12683982
15.915916,91.270124,47.475453,30.089523,114.90916,59.287851,419.45127,222.47052,399.16416,37.226483,21.971374,15.103633,33.435312,16.699098,11.347229,12.797832,31.685621,5.6200373,16.902459,5.5393688,31.625476,52.801907,1.5291921,1.819407,1.8191511,31.507518,28.167735,13.104008,3.4314335,1.6951496,1.612377,1.6539695,0.20718806,0.041438039,0.1243134,0.041439094,0.12432479
16.016016,91.344075,47.50072,30.038174,114.34087,59.00449,416.68519,221.00775,396.52547,36.983675,21.832803,15.00206,33.217306,16.590479,11.270648,12.717294,31.477772,5.5828996,16.790215,5.5038555,31.419565,52.448714,1.5236488,1.8081123,1.8078583,31.303525,27.980518,13.01759,3.4129531,1.686319,1.6051888,1.6459587,0.20307997,0.040616416,0.12184854,0.040617456,0.12185977
16.116116,91.416553,47.525484,29.987847,113.78389,58.726771,413.97419,219.57411,393.93935,36.745704,21.696993,14.902512,33.003649,16.484027,11.195593,12.638361,31.274068,5.5465017,16.680207,5.4690495,31.217755,52.102554,1.5182158,1.7970424,1.7967904,31.103597,27.797031,12.932892,3.3948406,1.6776643,1.5981438,1.6381075,0.19905368,0.039811152,0.11943276,0.039812178,0.11944384
16.216216,91.487586,47.549754,29.938524,113.23802,58.454589,411.31726,218.16907,391.40483,36.512482,21.563894,14.804952,32.794261,16.379702,11.122037,12.561004,31.074431,5.5108299,16.572394,5.4349377,31.01997,51.763297,1.5128912,1.7861933,1.7859432,30.907659,27.617206,12.849883,3.3770893,1.6691822,1.5912392,1.6304128,0.19510767,0.039021944,0.11706514,0.039022955,0.11707607
16.316316,91.557201,47.57354,29.890185,112.70305,58.187845,408.7134,216.7921,388.92097,36.28392,21.433455,14.709343,32.589064,16.277464,11.049952,12.485193,30.878788,5.4758708,16.466734,5.4015073,30.826136,51.430816,1.507673,1.7755609,1.7753126,30.715637,27.440975,12.768533,3.3596926,1.6608695,1.5844726,1.6228717,0.19124046,0.038248497,0.11474481,0.038249495,0.11475559
16.416416,91.625426,47.596851,29.842812,112.17876,57.926425,406.16154,215.44263,386.48672,36.059924,21.305622,14.615645,32.387971,16.177271,10.979308,12.410898,30.687056,5.4416101,16.363185,5.3687445,30.636172,51.104974,1.502559,1.7651408,1.7648944,30.527453,27.268266,12.688808,3.3426433,1.6527227,1.577841,1.6154813,0.18745045,0.03749049,0.1124708,0.037491474,0.11248143
16.516517,91.692333,47.619712,29.796353,111.6646,57.670054,403.65896,214.11923,384.0995,35.840256,21.18026,14.523759,32.190769,16.079017,10.91003,12.338038,30.49903,5.4080111,16.261636,5.3366144,30.449878,50.785424,1.4975437,1.7549219,1.7546773,30.342905,27.098893,12.610622,3.3259232,1.6447333,1.5713375,1.6082335,0.18373362,0.036747119,0.1102407,0.036748089,0.11025118
16.616617,91.757915,47.64212,29.750815,111.16062,57.418764,401.20598,212.82207,381.75962,35.624944,21.057385,14.433697,31.997482,15.982713,10.842127,12.266624,30.314737,5.3750784,16.162101,5.3051213,30.267276,50.472208,1.4926278,1.7449055,1.7446627,30.162017,26.93288,12.533986,3.3095345,1.6369022,1.5649629,1.6011293,0.18009046,0.03601848,0.10805479,0.036019437,0.10806512
16.716717,91.822197,47.664083,29.70618,110.66664,57.172457,398.80164,211.55063,379.46617,35.413904,20.936948,14.345422,31.808035,15.888322,10.775572,12.196627,30.134102,5.3427988,16.064539,5.2742527,30.088295,50.165202,1.4878094,1.7350877,1.7348468,29.984719,26.77016,12.45887,3.2934707,1.6292264,1.5587147,1.594166,0.17651951,0.035304286,0.10591222,0.035305229,0.1059224
16.816817,91.885204,47.685611,29.66243,110.18245,56.931035,396.44501,210.30442,377.21823,35.207052,20.818902,14.258901,31.622353,15.795807,10.710339,12.12802,29.957055,5.3111599,15.968914,5.2439965,29.912865,49.864287,1.4830866,1.7254646,1.7252255,29.81094,26.610671,12.385244,3.2777256,1.6217028,1.5525904,1.5873408,0.17301939,0.034604256,0.10381214,0.034605187,0.10382218
16.916917,91.94696,47.706712,29.619548,109.70788,56.694404,394.13515,209.08295,375.01493,35.004308,20.7032,14.174099,31.440364,15.705132,10.646403,12.060776,29.783527,5.2801491,15.875187,5.2143409,29.740917,49.569344,1.4784576,1.7160326,1.7157952,29.640613,26.454349,12.31308,3.262293,1.6143286,1.5465877,1.580651,0.16958873,0.03391812,0.10175374,0.033919037,0.10176364
17.017017,92.00749,47.727394,29.577518,109.24273,56.462474,391.87118,207.88575,372.85542,34.805594,20.589799,14.090984,31.261997,15.616261,10.583738,11.994869,29.613451,5.2497546,15.783323,5.1852746,29.572385,49.28026,1.4739205,1.7067879,1.7065523,29.473673,26.301135,12.242349,3.247167,1.6071008,1.5407042,1.5740942,0.16622622,0.033245611,0.099736218,0.033246515,0.099745985
17.117117,92.066816,47.747664,29.536324,108.78682,56.235156,389.65223,206.71236,370.73888,34.610833,20.478655,14.009524,31.087183,15.52916,10.522321,11.930274,29.446761,5.2199647,15.693286,5.1567862,29.407205,48.996925,1.4694737,1.697727,1.6974931,29.310054,26.150969,12.173025,3.2323417,1.6000168,1.5349376,1.5676676,0.16293055,0.032586473,0.097758812,0.032587365,0.097768441
17.217217,92.124962,47.767531,29.495949,108.34,56.012363,387.47745,205.56234,368.6645,34.419951,20.369725,13.929687,30.915857,15.443797,10.462128,11.866966,29.283393,5.1907681,15.605042,5.1288652,29.245314,48.71923,1.4651153,1.6888465,1.6886143,29.149695,26.003795,12.105082,3.2178116,1.5930737,1.5292859,1.561369,0.15970049,0.031940455,0.095820767,0.031941334,0.095830261
17.317317,92.181949,47.787002,29.45638,107.90208,55.794012,385.34605,204.43525,366.6315,34.232878,20.262969,13.851445,30.747953,15.360139,10.403137,11.804922,29.123288,5.1621538,15.518558,5.1015008,29.086651,48.447072,1.4608439,1.6801431,1.6799126,28.992536,25.859556,12.038493,3.2035712,1.5862691,1.5237469,1.555196,0.15653481,0.031307315,0.093921355,0.031308182,0.093930715
17.417417,92.237797,47.806085,29.417601,107.4729,55.580021,383.25721,203.33068,364.63912,34.049542,20.158346,13.774767,30.583408,15.278154,10.345326,11.744118,28.966384,5.1341111,15.433802,5.0746831,28.931157,48.18035,1.4566578,1.6716135,1.6713846,28.838518,25.718201,11.973235,3.1896152,1.5796004,1.5183184,1.5491462,0.15343235,0.030686817,0.092059871,0.030687672,0.092069098
17.517518,92.292549,47.824792,29.379583,107.05216,55.370236,381.20943,202.24783,362.68592,33.869812,20.055781,13.699598,30.422104,15.197784,10.288652,11.68451,28.812567,5.1066199,15.350712,5.0483925,28.77872,47.91887,1.452554,1.6632515,1.6630242,28.687529,25.579625,11.909259,3.1759335,1.5730628,1.5129966,1.5432153,0.15039085,0.030078514,0.090234968,0.030079356,0.090244064
17.617618,92.34623,47.843134,29.342309,106.63964,55.164551,379.20167,201.18614,360.77091,33.693596,19.955222,13.6259,30.263958,15.118987,10.233088,11.626068,28.661761,5.0796661,15.269247,5.0226158,28.629262,47.6625,1.4485304,1.6550529,1.6548273,28.539493,25.44376,11.846534,3.1625192,1.5666529,1.5077789,1.5374003,0.1474088,0.029482097,0.088445727,0.029482928,0.088454694
17.717718,92.398848,47.861112,29.305773,106.23529,54.962942,377.2337,200.1455,358.89387,33.520874,19.856658,13.553664,30.108951,15.041754,10.178626,11.568785,28.513947,5.0532466,15.189397,4.99735,28.482766,47.41121,1.4445865,1.6470168,1.6467928,28.394393,25.310589,11.785052,3.1493708,1.56037,1.5026645,1.5317006,0.14448582,0.028897497,0.086691935,0.028898316,0.086700774
17.817818,92.450423,47.878734,29.269962,105.83896,54.765329,375.30475,199.12549,357.05406,33.351577,19.760049,13.482862,29.957024,14.966056,10.125245,11.512639,28.369067,5.0273511,15.11113,4.9725851,28.339174,47.164902,1.4407208,1.6391399,1.6389175,28.252172,25.180059,11.724789,3.1364829,1.5542117,1.4976515,1.5261138,0.14162078,0.028324485,0.084972905,0.028325292,0.084981618
17.917918,92.500975,47.896007,29.23486,105.45049,54.571635,373.41406,198.12572,355.25077,33.185641,19.665358,13.413466,29.808115,14.891861,10.072924,11.457607,28.227065,5.0019694,15.034416,4.9483115,28.198431,46.92348,1.4369318,1.6314194,1.6311985,28.112773,25.05212,11.665722,3.1238507,1.5481755,1.4927379,1.5206378,0.13881256,0.027762837,0.083287969,0.027763632,0.083296557
18.018018,92.550523,47.912937,29.200456,105.06973,54.381787,371.56092,197.1458,353.48329,33.023001,19.572548,13.34545,29.662169,14.819142,10.021643,11.403669,28.087886,4.9770918,14.959225,4.9245199,28.060483,46.686851,1.4332181,1.623852,1.6236327,27.976144,24.926723,11.607827,3.1114693,1.5422592,1.4879219,1.5152705,0.13606009,0.027212337,0.081636478,0.027213122,0.081644943
18.118118,92.599087,47.92953,29.166735,104.69654,54.195712,369.74459,196.18536,351.75096,32.863594,19.481584,13.278787,29.519129,14.747871,9.9713831,11.350804,27.951476,4.9527087,14.885529,4.9012011,27.925276,46.454924,1.4295781,1.6164351,1.6162173,27.842233,24.80382,11.551083,3.099334,1.5364604,1.4832016,1.5100098,0.1333623,0.026672776,0.080017801,0.026673549,0.080026144
18.218218,92.646686,47.945794,29.133685,104.33077,54.013338,367.96441,195.24404,350.05311,32.707361,19.392431,13.213452,29.37894,14.678021,9.9221242,11.298992,27.817783,4.928811,14.8133,4.8783463,27.79276,46.227612,1.4260106,1.6091657,1.6089495,27.710987,24.683363,11.495468,3.0874401,1.530777,1.4785752,1.5048538,0.13071819,0.026143948,0.078431324,0.026144709,0.078439547
18.318318,92.693336,47.961733,29.101293,103.97229,53.834598,366.21971,194.32147,348.38911,32.554242,19.305056,13.149421,29.24155,14.609565,9.8738481,11.248213,27.686758,4.9053896,14.742511,4.855947,27.662884,46.004829,1.4225141,1.6020412,1.6018264,27.582359,24.565308,11.440962,3.0757832,1.5252068,1.4740409,1.4998005,0.12812674,0.025625655,0.076876453,0.025626406,0.076884557
18.418418,92.739055,47.977354,29.069548,103.62096,53.659426,364.50982,193.41733,346.75834,32.404182,19.219427,13.086669,29.106907,14.542478,9.8265368,11.198449,27.558352,4.8824358,14.673135,4.8339949,27.535601,45.786493,1.4190875,1.5950588,1.5948455,27.4563,24.449611,11.387544,3.0643589,1.5197478,1.4695972,1.4948481,0.12558702,0.025117705,0.075352611,0.025118445,0.075360598
18.518519,92.783859,47.992663,29.038437,103.27666,53.487757,362.83414,192.53127,345.1602,32.257124,19.135511,13.025174,28.974963,14.476735,9.780173,11.149681,27.432517,4.8599413,14.605146,4.8124818,27.410864,45.572523,1.4157294,1.5882161,1.5880043,27.332764,24.336229,11.335194,3.0531631,1.514398,1.4652423,1.4899947,0.12309808,0.024619913,0.073859241,0.024620642,0.073867112
18.618619,92.827812,48.007681,29.007919,102.93891,53.319353,361.19034,191.66207,343.59248,32.112865,19.053193,12.96485,28.845533,14.412244,9.7346922,11.101841,27.309078,4.8378748,14.538452,4.791378,27.2885,45.362623,1.4124351,1.5815035,1.5812932,27.211579,24.225005,11.28384,3.0421803,1.5091499,1.4609702,1.4852336,0.12065647,0.024131588,0.072394274,0.024132307,0.072402031
18.718719,92.870896,48.022402,28.978003,102.60783,53.154277,359.57903,190.81006,342.05576,31.971459,18.972504,12.90572,28.718666,14.349031,9.6901116,11.054948,27.188083,4.8162447,14.473076,4.7706914,27.168554,45.156873,1.409206,1.5749237,1.5747147,27.092792,24.115982,11.233501,3.0314146,1.5040056,1.4567826,1.4805666,0.11826313,0.023652915,0.070958262,0.023653623,0.070965906
18.818819,92.913128,48.036832,28.94868,102.2833,52.992469,357.9996,189.97491,340.54946,31.832852,18.893412,12.847762,28.594314,14.287071,9.6464143,11.008983,27.069485,4.7950427,14.408995,4.7504143,27.050983,44.955194,1.4060408,1.568474,1.5682664,26.976356,24.009117,11.184159,3.020862,1.498963,1.4526778,1.4759919,0.11591713,0.023183712,0.069550659,0.023184409,0.069558192
18.918919,92.954523,48.050976,28.919936,101.9652,52.833863,356.45145,189.1563,339.07301,31.696992,18.815887,12.790952,28.47243,14.22634,9.6035834,10.96393,26.953238,4.7742606,14.346182,4.7305386,26.93574,44.757508,1.4029383,1.562152,1.5619458,26.862228,23.904369,11.135794,3.0105182,1.4940203,1.4486544,1.4715078,0.11361759,0.022723798,0.068170924,0.022724485,0.068178347
19.019019,92.995099,48.06484,28.891763,101.6534,52.678402,354.93399,188.35392,337.62584,31.563825,18.739901,12.73527,28.352965,14.166814,9.5616025,10.91977,26.839298,4.7538907,14.284615,4.711057,26.822781,44.56374,1.3998973,1.5559553,1.5557505,26.750364,23.801699,11.088387,3.0003795,1.4891755,1.4447106,1.4671126,0.11136361,0.022272998,0.066818531,0.022273675,0.066825845
19.119119,93.034869,48.078429,28.864148,101.34778,52.526024,353.44664,187.56746,336.20739,31.433303,18.665423,12.680695,28.235876,14.108472,9.5204556,10.876488,26.727622,4.733925,14.22427,4.6919619,26.712063,44.373817,1.3969166,1.5498816,1.5496781,26.640721,23.701067,11.041922,2.990442,1.4844269,1.4408451,1.4628045,0.10915434,0.021831141,0.065492967,0.021831808,0.065500174
19.219219,93.073849,48.091748,28.837082,101.04824,52.376675,351.98884,186.79664,334.81715,31.305375,18.592426,12.627205,28.121118,14.051292,9.4801275,10.834066,26.618168,4.7143562,14.165125,4.6732464,26.603546,44.187668,1.3939951,1.5439285,1.5437264,26.533258,23.602436,10.996379,2.9807019,1.4797726,1.4370564,1.4585821,0.10698897,0.021398062,0.064193738,0.02139872,0.064200839
19.319319,93.112054,48.104802,28.810555,100.75466,52.230297,350.56006,186.04116,333.45459,31.179995,18.520884,12.574781,28.008649,13.995252,9.4406031,10.792489,26.510896,4.6951771,14.107157,4.6549034,26.497189,44.005224,1.3911318,1.538094,1.5378931,26.427935,23.505769,10.951744,2.9711556,1.475211,1.4333431,1.4544437,0.10486669,0.020973602,0.062920365,0.020974251,0.062927361
19.419419,93.149497,48.117595,28.784557,100.46694,52.086839,349.15978,185.30075,332.11921,31.057117,18.450769,12.523404,27.898427,13.940331,9.4018681,10.751743,26.405765,4.6763805,14.050345,4.6369262,26.392953,43.826419,1.3883256,1.5323757,1.5321762,26.324715,23.411032,10.907998,2.9617998,1.4707403,1.4297038,1.4503878,0.10278673,0.020557606,0.061672382,0.020558245,0.061679275
19.51952,93.186191,48.130133,28.759078,100.18496,51.946249,347.78749,184.57515,330.81055,30.936696,18.382057,12.473056,27.790413,13.88651,9.3639084,10.711811,26.302739,4.6579599,13.99467,4.6193085,26.290802,43.651187,1.3855756,1.5267718,1.5265736,26.223559,23.318189,10.865128,2.952631,1.466359,1.4261373,1.4464129,0.10074833,0.020149924,0.060449342,0.020150553,0.060456134
19.61962,93.22215,48.14242,28.73411,99.908638,51.808476,346.44271,183.86409,329.52813,30.818691,18.314724,12.423718,27.684568,13.833771,9.3267106,10.672681,26.201781,4.6399086,13.94011,4.6020439,26.190697,43.479468,1.3828806,1.5212802,1.5210832,26.124433,23.227209,10.823116,2.9436459,1.4620655,1.4226423,1.4425177,0.098750793,0.019750412,0.059250812,0.019751032,0.059257503
19.71972,93.257387,48.154459,28.709644,99.637868,51.673473,345.12496,183.16734,328.27151,30.703059,18.248745,12.375374,27.580856,13.782093,9.2902617,10.634338,26.102855,4.6222204,13.886648,4.5851265,26.092606,43.311201,1.3802398,1.515899,1.5157033,26.027301,23.138059,10.78195,2.9348415,1.4578583,1.4192175,1.4387008,0.096793405,0.019358931,0.058076375,0.019359541,0.058082966
19.81982,93.291933,48.166263,28.685657,99.372401,51.541114,343.83303,182.48423,327.03952,30.589694,18.18406,12.327977,27.479179,13.73143,9.2545276,10.596747,26.005869,4.6048787,13.834234,4.5685405,25.996436,43.14623,1.3776507,1.5106232,1.5104287,25.932072,23.050656,10.74159,2.9262096,1.4537335,1.4158598,1.4349587,0.094874347,0.018975115,0.056924935,0.018975717,0.056931429
19.91992,93.325823,48.177843,28.662126,99.111979,51.41127,342.56565,181.81411,325.83094,30.478484,18.120605,12.281482,27.379438,13.681731,9.2194735,10.559871,25.910728,4.5878667,13.782816,4.5522697,25.902094,42.984394,1.3751109,1.5054476,1.5052543,25.838655,22.964915,10.701997,2.9177416,1.4496871,1.4125659,1.4312877,0.092991756,0.018598594,0.055795376,0.018599186,0.055801773
20.02002,93.359042,48.189194,28.63906,98.856712,51.283997,341.32337,181.15726,324.64631,30.369477,18.058407,12.235909,27.281675,13.633018,9.1851143,10.523726,25.817474,4.5711916,13.732416,4.5363211,25.80962,42.825763,1.3726213,1.5003745,1.5001825,25.747088,22.880873,10.663188,2.9094414,1.4457208,1.4093372,1.4276893,0.091146434,0.018229525,0.054688177,0.018230109,0.054694479
20.12012,93.391603,48.200319,28.616452,98.606503,51.159246,340.1057,180.51343,323.48517,30.262631,17.997443,12.191241,27.185853,13.585272,9.1514369,10.488297,25.72607,4.5548471,13.683015,4.5206886,25.718979,42.670275,1.3701811,1.495402,1.4952111,25.657337,22.798498,10.625148,2.9013056,1.4418331,1.4061725,1.4241623,0.089337673,0.01786777,0.053602917,0.017868345,0.053609125
20.22022,93.423518,48.211224,28.594292,98.361257,51.03697,338.9122,179.88237,322.34707,30.157906,17.937689,12.147459,27.091937,13.538475,9.1184285,10.453572,25.636481,4.538827,13.634595,4.5053662,25.630136,42.517871,1.3677893,1.490528,1.4903383,25.569368,22.717757,10.587863,2.8933312,1.4380225,1.4030706,1.4207052,0.08756479,0.01751319,0.052539182,0.017513756,0.052545297
20.32032,93.454799,48.221913,28.572572,98.120882,50.917123,337.7424,179.26386,321.2316,30.055263,17.879124,12.104549,26.999889,13.492609,9.0860767,10.419538,25.548675,4.5231252,13.587137,4.4903483,25.543058,42.368495,1.365445,1.4857509,1.4855624,25.483148,22.638622,10.551318,2.8855152,1.4342877,1.4000302,1.4173167,0.085827119,0.017165652,0.051496575,0.01716621,0.051502598
20.42042,93.485458,48.232388,28.551284,97.88529,50.79966,336.59588,178.65765,320.13833,29.954663,17.821724,12.062493,26.909677,13.447658,9.0543695,10.386181,25.462617,4.5077359,13.540623,4.4756292,25.457712,42.222091,1.3631474,1.4810689,1.4808814,25.398644,22.561062,10.515501,2.8778548,1.4306271,1.3970504,1.4139957,0.084124014,0.016825028,0.050474708,0.016825578,0.050480641
20.520521,93.515506,48.242655,28.530421,97.654392,50.684538,335.47221,178.06353,319.06686,29.856069,17.76547,12.021277,26.821267,13.403604,9.0232952,10.35349,25.378278,4.4926535,13.495037,4.4612036,25.374069,42.078605,1.3608956,1.4764801,1.4762938,25.315826,22.485048,10.480398,2.870347,1.4270395,1.39413,1.4107408,0.082454853,0.016491192,0.049473206,0.016491734,0.049479051
20.620621,93.544954,48.252717,28.509974,97.428107,50.571717,334.371,177.48129,318.01682,29.759447,17.71034,11.980886,26.734626,13.360432,8.9928425,10.321453,25.295626,4.4778725,13.450362,4.4470661,25.292096,41.937985,1.3586887,1.4719831,1.4717978,25.234664,22.410555,10.445997,2.8629892,1.4235235,1.3912679,1.407551,0.080819032,0.016164025,0.048491709,0.016164558,0.048497466
20.720721,93.573812,48.262578,28.489937,97.206353,50.461154,333.29184,176.9107,316.98781,29.66476,17.656316,11.941304,26.649725,13.318127,8.9630006,10.290058,25.214631,4.4633877,13.406581,4.4332119,25.211765,41.800182,1.3565261,1.467576,1.4673919,25.155129,22.337554,10.412284,2.8557788,1.420078,1.3884631,1.4044251,0.079215967,0.015843409,0.047529866,0.015843934,0.047535536
20.820821,93.602091,48.27224,28.470302,96.989053,50.352813,332.23436,176.35159,315.97948,29.571977,17.603377,11.902519,26.566532,13.276673,8.933759,10.259294,25.135265,4.4491939,13.363681,4.419636,25.133048,41.665147,1.3544069,1.4632575,1.4630745,25.077192,22.266021,10.379249,2.8487132,1.4167016,1.3857146,1.4013619,0.077645097,0.015529231,0.04658734,0.015529749,0.046592924
20.920921,93.629799,48.281708,28.451063,96.776131,50.246654,331.19819,175.80374,314.99149,29.481065,17.551507,11.864516,26.48502,13.236056,8.9051075,10.229151,25.057501,4.4352863,13.321645,4.4063337,25.055917,41.532833,1.3523304,1.4590261,1.4588441,25.000827,22.19593,10.346879,2.84179,1.4133933,1.3830215,1.3983604,0.076105879,0.015221384,0.045663805,0.015221894,0.045669304
21.021021,93.656948,48.290984,28.432213,96.567516,50.142643,330.18298,175.26698,314.0235,29.391993,17.500687,11.827284,26.40516,13.196262,8.8770365,10.199618,24.981312,4.4216601,13.28046,4.3933005,24.980347,41.403196,1.3502959,1.4548802,1.4546992,24.926008,22.127258,10.315165,2.8350068,1.4101519,1.3803829,1.3954197,0.074597792,0.014919764,0.044758948,0.014920266,0.044764365
21.121121,93.683586,48.300086,28.413717,96.362824,50.040588,329.18687,174.74031,313.07371,29.304597,17.450823,11.790752,26.326805,13.157218,8.849494,10.170641,24.906558,4.4082902,13.24005,4.3805125,24.906199,41.275996,1.3482997,1.4508123,1.4506323,24.852597,22.059879,10.284047,2.8283513,1.4069715,1.377794,1.3925342,0.073118063,0.014623815,0.043871107,0.014624309,0.043876442
21.221221,93.709705,48.309011,28.395582,96.162122,49.940523,328.21018,174.22392,312.14246,29.218905,17.401932,11.754933,26.24998,13.118937,8.8224891,10.142229,24.833263,4.3951811,13.200428,4.3679738,24.833495,41.151277,1.3463424,1.4468236,1.4466447,24.780618,21.993813,10.253535,2.8218254,1.4038531,1.3752555,1.389705,0.071667177,0.014333635,0.043000571,0.014334122,0.043005824
21.321321,93.735305,48.317758,28.377807,95.965399,49.842442,327.25286,173.71777,311.22968,29.134914,17.354011,11.719826,26.174682,13.081416,8.7960206,10.114381,24.761423,4.3823321,13.161592,4.3556838,24.762234,41.02903,1.3444239,1.4429141,1.4427362,24.710067,21.929059,10.223629,2.815429,1.4007965,1.3727673,1.3869319,0.070245061,0.014049209,0.042147298,0.014049688,0.042152471
21.421421,93.760398,48.326332,28.360384,95.772582,49.746308,326.31454,173.22166,310.33503,29.052592,17.307043,11.685417,26.100882,13.044642,8.7700782,10.087087,24.691011,4.3697382,13.123527,4.3436378,24.692388,40.909211,1.3425435,1.4390822,1.4389053,24.640918,21.86559,10.194317,2.8091595,1.3978006,1.3703285,1.3842138,0.068851169,0.013770427,0.041310959,0.013770899,0.041316054
21.521522,93.784993,48.334736,28.343308,95.583595,49.652084,325.39487,172.73542,309.45817,28.971906,17.261009,11.651692,26.028551,13.0086,8.744652,10.060335,24.622,4.3573946,13.086218,4.3318312,24.623929,40.791772,1.3407005,1.4353264,1.4351505,24.573144,21.803384,10.165587,2.8030147,1.3948642,1.3679382,1.3815498,0.067484971,0.013497185,0.040491236,0.01349765,0.040496253
21.621622,93.809098,48.342972,28.326571,95.398367,49.559734,324.4935,172.25886,308.59876,28.892826,17.215891,11.618639,25.957662,12.973276,8.7197324,10.034117,24.554364,4.3452968,13.049652,4.3202595,24.556833,40.676669,1.3388941,1.4316454,1.4314704,24.506719,21.742416,10.137429,2.7969921,1.3919862,1.3655954,1.3789387,0.066145949,0.013229377,0.039687819,0.013229835,0.039692759
21.721722,93.832722,48.351045,28.310168,95.21683,49.469225,323.61009,171.7918,307.75649,28.815323,17.171673,11.586246,25.888189,12.938657,8.69531,10.008421,24.488077,4.33344,13.013815,4.3089184,24.491074,40.563861,1.3371238,1.4280376,1.4278636,24.441619,21.682664,10.109832,2.7910894,1.3891656,1.3632993,1.3763796,0.064833603,0.012966905,0.038900408,0.012967356,0.038905273
21.821822,93.855876,48.358956,28.294092,95.038916,49.380522,322.74431,171.33406,306.93104,28.739368,17.128339,11.554501,25.820106,12.904731,8.6713758,9.9832384,24.423116,4.32182,12.978694,4.2978037,24.426627,40.453303,1.3353888,1.4245019,1.4243288,24.377819,21.624105,10.082786,2.7853046,1.3864013,1.361049,1.3738717,0.063547449,0.012709672,0.038128711,0.012710116,0.038133502
21.921922,93.878566,48.366709,28.278337,94.86456,49.293593,321.89586,170.88547,306.12211,28.664933,17.085872,11.523391,25.753388,12.871485,8.6479211,9.9585602,24.359455,4.3104326,12.944275,4.2869114,24.36347,40.344958,1.3336884,1.4210369,1.4208648,24.315296,21.566718,10.056281,2.7796356,1.3836923,1.3588437,1.3714138,0.062287017,0.012457583,0.037372448,0.01245802,0.037377165
22.022022,93.900802,48.374307,28.262899,94.6937,49.208407,321.06441,170.44589,305.32941,28.591992,17.044257,11.492906,25.68801,12.838907,8.6249373,9.9343772,24.297072,4.2992735,12.910546,4.2762375,24.301579,40.238784,1.3320222,1.4176414,1.4174702,24.254028,21.510483,10.030307,2.7740801,1.3810375,1.3566827,1.3690053,0.061051852,0.012210547,0.036631346,0.012210977,0.03663599
22.122122,93.92259,48.381752,28.247771,94.526274,49.124934,320.24969,170.01515,304.55265,28.520518,17.00348,11.463034,25.623949,12.806985,8.6024163,9.910681,24.235946,4.2883389,12.877496,4.2657782,24.240933,40.134745,1.3303895,1.4143142,1.4141438,24.193992,21.455379,10.004856,2.7686364,1.3784362,1.3545651,1.3666451,0.059841515,0.011968477,0.03590514,0.011968901,0.035909714
22.222222,93.943939,48.389047,28.232947,94.362224,49.043144,319.45139,169.59309,303.79157,28.450486,16.963526,11.433766,25.561184,12.775709,8.5803502,9.8874631,24.176054,4.2776249,12.845113,4.2555299,24.18151,40.032804,1.3287897,1.411054,1.4108845,24.135168,21.401387,9.9799183,2.7633025,1.3758873,1.3524902,1.3643326,0.058655585,0.011731288,0.035193578,0.011731705,0.035198081
22.322322,93.964864,48.396197,28.218419,94.201441,48.962983,318.669,169.17944,303.04566,28.38185,16.924369,11.405082,25.499671,12.745056,8.5587242,9.864708,24.117356,4.2671243,12.813375,4.2454857,24.12327,39.932893,1.3272218,1.4078588,1.4076901,24.077516,21.34847,9.9554772,2.7580747,1.3733891,1.3504566,1.3620661,0.057493266,0.011498822,0.034496184,0.011499233,0.034500617
22.422422,93.985396,48.403212,28.204163,94.04367,48.884324,317.90126,168.77355,302.31372,28.314501,16.885945,11.376936,25.439312,12.714979,8.5375037,9.8423795,24.059759,4.2568205,12.782231,4.2356297,24.066121,39.834854,1.3256833,1.4047234,1.4045556,24.020945,21.296546,9.9314939,2.7529449,1.3709378,1.3484611,1.359842,0.056352719,0.01127071,0.033811852,0.011271114,0.033816217
22.522523,94.005521,48.410089,28.19019,93.889026,48.807224,317.14874,168.3757,301.59631,28.248487,16.848285,11.349348,25.380153,12.685499,8.5167046,9.8204942,24.003305,4.2467211,12.751705,4.2259691,24.010106,39.738759,1.3241752,1.4016501,1.4014832,23.965496,21.245652,9.9079863,2.7479169,1.3685351,1.3465051,1.3576621,0.055234784,0.01104712,0.033141088,0.011047519,0.033145385
22.622623,94.025247,48.416829,28.176494,93.73745,48.731654,316.41116,167.98575,300.89314,28.183785,16.811371,11.322309,25.32217,12.656605,8.4963188,9.7990434,23.947973,4.2368221,12.721785,4.2165003,23.955202,39.64457,1.3226971,1.3986379,1.3984718,23.911148,21.195768,9.8849451,2.7429885,1.36618,1.344588,1.3555254,0.054139023,0.010827966,0.032483628,0.010828358,0.032487859
22.722723,94.044582,48.423436,28.16307,93.588883,48.657583,315.68822,167.60354,300.20393,28.120367,16.775192,11.295807,25.265341,12.628286,8.4763382,9.7780189,23.893741,4.2271197,12.69246,4.2072194,23.901388,39.552251,1.3212484,1.3956854,1.3955202,23.85788,21.146875,9.8623614,2.738158,1.3638716,1.3427089,1.3534311,0.053065011,0.010613161,0.031839217,0.010613547,0.031843383
22.822823,94.063532,48.429911,28.149912,93.443267,48.584985,314.97964,167.22893,299.52843,28.05821,16.739732,11.269833,25.209643,12.600531,8.4567552,9.7574126,23.840588,4.2176101,12.663717,4.1981229,23.848644,39.461766,1.3198284,1.3927916,1.3926272,23.805671,21.098954,9.8402265,2.7334235,1.3616092,1.3408671,1.3513784,0.052012336,0.010402623,0.031207609,0.010403003,0.03121171
22.922923,94.082106,48.436258,28.137016,93.300547,48.51383,314.28516,166.86178,298.86637,27.997291,16.704978,11.244376,25.155056,12.573329,8.4375623,9.7372165,23.788493,4.2082898,12.635546,4.1892074,23.796948,39.373081,1.3184366,1.3899554,1.3897917,23.754501,21.051987,9.8185319,2.7287832,1.3593917,1.339062,1.3493665,0.050980596,0.010196273,0.030588562,0.010196647,0.030592599
23.023023,94.100309,48.442478,28.124377,93.16067,48.444093,313.60452,166.50193,298.21751,27.937585,16.670917,11.219427,25.101558,12.54667,8.4187523,9.717423,23.737438,4.1991551,12.607936,4.1804695,23.746283,39.286162,1.3170726,1.3871756,1.3870127,23.704351,21.005955,9.7972695,2.7242352,1.3572184,1.3372929,1.3473947,0.049969402,0.0099940317,0.029981842,0.0099944001,0.029985817
23.123123,94.11815,48.448574,28.11199,93.023582,48.375747,312.93745,166.14927,297.5816,27.879072,16.637536,11.194976,25.04913,12.520544,8.400318,9.6980248,23.687402,4.1902028,12.580877,4.171906,23.696628,39.200977,1.3157358,1.3844513,1.3842892,23.655202,20.960843,9.7764312,2.719778,1.3550885,1.335559,1.3454622,0.048978376,0.009795824,0.029387223,0.0097961867,0.029391136
23.223223,94.135634,48.454548,28.099851,92.889234,48.308766,312.28371,165.80366,296.9584,27.821728,16.604822,11.171015,24.997752,12.494942,8.3822526,9.6790146,23.638367,4.1814294,12.554359,4.1635135,23.647965,39.117494,1.3144257,1.3817814,1.3816201,23.607035,20.916633,9.7560095,2.7154099,1.3530011,1.3338597,1.3435683,0.048007151,0.0096015768,0.028804486,0.0096019338,0.028808337
23.323323,94.152768,48.460403,28.087955,92.757575,48.243127,311.64307,165.46497,296.34769,27.765534,16.572765,11.147534,24.947406,12.469853,8.3645497,9.6603855,23.590316,4.1728318,12.528372,4.1552892,23.600278,39.035684,1.3131419,1.379165,1.3790044,23.559834,20.873308,9.7359968,2.7111293,1.3509555,1.3321945,1.3417124,0.047055374,0.0094112192,0.028233416,0.0094115706,0.028237208
23.423423,94.169559,48.46614,28.076297,92.62856,48.178806,311.01529,165.13308,295.74925,27.710469,16.541352,11.124525,24.898073,12.445268,8.3472027,9.6421308,23.543231,4.1644069,12.502907,4.1472301,23.553547,38.955515,1.3118838,1.3766012,1.3764413,23.513582,20.830854,9.716386,2.7069346,1.348951,1.3305627,1.3398937,0.046122703,0.0092246827,0.027673811,0.0092250286,0.027677543
23.523524,94.186011,48.471762,28.064874,92.502142,48.11578,310.40015,164.80788,295.16287,27.656513,16.510571,11.101981,24.849735,12.42118,8.3302055,9.6242439,23.497095,4.1561517,12.477955,4.1393332,23.507758,38.876961,1.3106511,1.3740889,1.3739298,23.468261,20.789256,9.6971701,2.7028243,1.3469868,1.3289638,1.3381116,0.045208806,0.0090419011,0.02712547,0.0090422417,0.027129144
23.623624,94.202146,48.477275,28.053672,92.378163,48.053969,309.79688,164.48895,294.58781,27.603598,16.480386,11.079872,24.802332,12.397558,8.3135366,9.6067025,23.45185,4.1480557,12.453485,4.1315886,23.462852,38.799922,1.3094422,1.3716251,1.3714667,23.423815,20.74846,9.678325,2.6987934,1.3450605,1.3273957,1.3363639,0.044312538,0.0088626454,0.026587706,0.0088629806,0.026591323
23.723724,94.217969,48.482682,28.042685,92.256577,47.993352,309.20526,164.17619,294.02385,27.551706,16.450783,11.05819,24.755846,12.374393,8.2971901,9.5895,23.40748,4.1401162,12.429487,4.1239937,23.418813,38.724371,1.3082566,1.3692089,1.3690512,23.380228,20.708452,9.6598437,2.6948402,1.3431714,1.3258579,1.3346499,0.043433572,0.00868685,0.026060324,0.00868718,0.026063883
23.823824,94.233479,48.487982,28.031917,92.1374,47.933936,308.62536,163.86962,293.47108,27.500843,16.421768,11.036939,24.710283,12.351687,8.2811679,9.5726387,23.36399,4.132334,12.405965,4.1165492,23.375647,38.650316,1.3070944,1.3668405,1.3666835,23.337505,20.669238,9.6417287,2.6909654,1.3413198,1.3243506,1.3329699,0.042572019,0.0085145373,0.025543389,0.0085148621,0.025546893
23.923924,94.248682,48.493176,28.021362,92.020585,47.875698,308.05696,163.56913,292.92927,27.450989,16.393328,11.016109,24.665626,12.329433,8.2654639,9.5561121,23.321364,4.1247062,12.382909,4.1092523,23.333337,38.57773,1.3059554,1.3645191,1.3643628,23.29563,20.630801,9.6239728,2.6871674,1.3395048,1.3228731,1.3313232,0.041727544,0.0083456402,0.025036701,0.0083459599,0.02504015
24.024024,94.263583,48.498268,28.011016,91.906087,47.818615,307.49983,163.2746,292.39822,27.402125,16.365454,10.995694,24.621856,12.307621,8.2500719,9.5399136,23.279584,4.1172297,12.360311,4.1021003,23.291866,38.506583,1.3048389,1.3622438,1.3620881,23.254585,20.593128,9.6065693,2.6834448,1.3377259,1.321425,1.3297091,0.04089982,0.0081800934,0.024540064,0.0081804081,0.024543459
24.124124,94.278188,48.503259,28.000876,91.793863,47.762666,306.95378,162.98593,291.87772,27.354232,16.338133,10.975684,24.578958,12.286243,8.234986,9.524037,23.238635,4.1099018,12.338162,4.0950902,23.251219,38.436849,1.3037446,1.3600136,1.3598586,23.214357,20.556203,9.5895115,2.6797961,1.3359823,1.3200056,1.3281271,0.040088531,0.0080178335,0.024053288,0.0080181433,0.024056629
24.224224,94.292503,48.50815,27.990937,91.68387,47.707829,306.41857,162.703,291.36758,27.307292,16.311356,10.956073,24.536915,12.265292,8.2202005,9.5084765,23.198501,4.1027196,12.316453,4.0882196,23.21138,38.368502,1.3026721,1.3578277,1.3576734,23.174929,20.520012,9.5727928,2.6762199,1.3342733,1.3186144,1.3265766,0.039293368,0.007858799,0.023576188,0.0078591039,0.023579476
24.324324,94.306532,48.512944,27.981196,91.576067,47.654084,305.89403,162.4257,290.8676,27.261287,16.285113,10.936853,24.495711,12.244758,8.2057098,9.493226,23.159168,4.0956805,12.295177,4.0814858,23.172334,38.301515,1.3016209,1.3556854,1.3555317,23.136286,20.484543,9.556407,2.6727149,1.3325984,1.3172509,1.3250569,0.038514034,0.0077029303,0.023108585,0.0077032303,0.023111821
24.424424,94.320283,48.517642,27.971649,91.470413,47.601411,305.37994,162.15393,290.3776,27.2162,16.259394,10.918017,24.455331,12.224635,8.1915086,9.47828,23.12062,4.0887818,12.274325,4.0748862,23.134067,38.235865,1.3005907,1.3535858,1.3534327,23.098414,20.449781,9.5403481,2.6692799,1.3309568,1.3159146,1.3235675,0.03775024,0.0075501694,0.022650305,0.0075504647,0.022653491
24.524525,94.333758,48.522247,27.962293,91.36687,47.54979,304.87613,161.8876,289.89739,27.172014,16.234189,10.899558,24.415759,12.204914,8.1775916,9.4636329,23.082843,4.0820209,12.25389,4.0684186,23.096565,38.171526,1.299581,1.3515282,1.3513757,23.0613,20.415715,9.5246101,2.6659134,1.3293481,1.314605,1.3221079,0.037001704,0.0074004604,0.022201182,0.0074007511,0.022204317
24.624625,94.346964,48.526759,27.953125,91.2654,47.499203,304.38241,161.6266,289.42681,27.128714,16.209489,10.88147,24.376982,12.18559,8.1639538,9.4492795,23.045823,4.0753956,12.233864,4.0620805,23.059814,38.108475,1.2985916,1.3495117,1.3493599,23.024929,20.382331,9.5091873,2.6626144,1.3277716,1.3133216,1.3206775,0.036268158,0.0072537494,0.021761052,0.0072540354,0.021764137
24.724725,94.359904,48.531181,27.94414,91.165968,47.449631,303.89861,161.37084,288.96568,27.086285,16.185287,10.863745,24.338986,12.166654,8.1505903,9.4352145,23.009548,4.0689033,12.214241,4.0558697,23.023801,38.046691,1.2976221,1.3475358,1.3473845,22.98929,20.349617,9.4940743,2.6593816,1.3262267,1.312064,1.3192758,0.035549341,0.0071099839,0.021329758,0.0071102654,0.021332795
24.824825,94.372584,48.535514,27.935337,91.068536,47.401058,303.42454,161.12023,288.51384,27.04471,16.161571,10.846377,24.301756,12.148101,8.1374961,9.4214329,22.974005,4.0625418,12.195012,4.0497839,22.988512,37.986149,1.2966721,1.3455996,1.3454489,22.954367,20.317563,9.4792654,2.6562139,1.3247129,1.3108317,1.3179023,0.034844984,0.0069691108,0.020907142,0.0069693878,0.02091013
24.924925,94.385028,48.539766,27.926697,90.972922,47.35339,302.95932,160.8743,288.07044,27.00391,16.138298,10.829334,24.265222,12.129894,8.1246465,9.4079085,22.939124,4.0562989,12.176143,4.0438116,22.953882,37.926737,1.2957398,1.3436995,1.3435495,22.920097,20.286107,9.4647328,2.6531053,1.3232274,1.3096224,1.3165544,0.034153763,0.0068308648,0.020492407,0.0068311375,0.020495348
25.025025,94.397225,48.543934,27.918229,90.8792,47.306666,302.5033,160.63324,287.63581,26.963919,16.115487,10.812629,24.229413,12.112049,8.1120516,9.3946522,22.904935,4.0501797,12.157647,4.0379576,22.919938,37.868501,1.2948259,1.341837,1.3416876,22.886505,20.255273,9.4504879,2.6500582,1.3217713,1.308437,1.3152332,0.033476225,0.0066953554,0.020085882,0.0066956237,0.020088776
25.125125,94.409181,48.54802,27.909928,90.787334,47.260867,302.05633,160.39696,287.2098,26.924721,16.093128,10.796255,24.194316,12.094557,8.0997067,9.3816586,22.871425,4.0441817,12.139517,4.0322196,22.886666,37.811419,1.2939302,1.3400115,1.3398625,22.85358,20.225051,9.4365252,2.6470715,1.320344,1.3072751,1.3139382,0.032812105,0.0065625297,0.019687408,0.0065627938,0.019690256
25.225225,94.4209,48.552024,27.901792,90.69729,47.215977,301.61821,160.16536,286.79225,26.886301,16.071213,10.780206,24.159915,12.077414,8.0876069,9.3689229,22.838579,4.0383027,12.121747,4.0265953,22.854054,37.755468,1.2930522,1.3382221,1.3380737,22.821307,20.195428,9.4228394,2.6441439,1.318945,1.3061363,1.3126689,0.032161149,0.0064323368,0.019296832,0.0064325967,0.019299635
25.325325,94.432387,48.555949,27.893817,90.609032,47.171977,301.18878,159.93836,286.38298,26.848643,16.049733,10.764476,24.1262,12.060611,8.0757476,9.3564402,22.806386,4.0325403,12.10433,4.0210826,22.822088,37.700627,1.2921917,1.3364682,1.3363204,22.789675,20.166394,9.4094252,2.6412745,1.3175737,1.30502,1.3114247,0.031523108,0.0063047269,0.018914005,0.0063049826,0.018916763
25.425425,94.443645,48.559796,27.886001,90.522527,47.128851,300.76789,159.71587,285.98185,26.811735,16.02868,10.74906,24.093155,12.044143,8.0641243,9.3442057,22.774834,4.0268925,12.087259,4.0156795,22.790758,37.646876,1.2913482,1.3347492,1.3346019,22.758672,20.137936,9.3962775,2.6384621,1.3162297,1.3039259,1.3102052,0.030897741,0.0061796518,0.018538782,0.0061799034,0.018541496
25.525526,94.454679,48.563567,27.87834,90.437743,47.086583,300.35538,159.4978,285.58871,26.775561,16.008046,10.73395,24.06077,12.028004,8.0527326,9.3322149,22.74391,4.0213571,12.070527,4.0103839,22.760052,37.594194,1.2905215,1.3330643,1.3329176,22.728286,20.110045,9.3833914,2.6357056,1.3149125,1.3028536,1.30901,0.030284814,0.0060570647,0.018171024,0.0060573123,0.018173695
25.625626,94.465493,48.567262,27.870832,90.354648,47.045158,299.95108,159.28409,285.20341,26.740109,15.987825,10.719143,24.029032,12.012186,8.0415683,9.3204632,22.713603,4.0159321,12.054129,4.0051938,22.729957,37.542562,1.2897113,1.3314131,1.3312668,22.698506,20.082711,9.3707622,2.6330041,1.3136214,1.3018026,1.3078387,0.0296841,0.0059369204,0.017810594,0.005937164,0.017813222
25.725726,94.476092,48.570883,27.863473,90.273213,47.00456,299.55486,159.07464,284.8258,26.705365,15.968007,10.704631,23.99793,11.996686,8.0306274,9.3089465,22.683902,4.0106155,12.038059,4.0001074,22.700463,37.491961,1.2889173,1.3297948,1.3296491,22.669322,20.055922,9.3583852,2.6303565,1.3123562,1.3007726,1.3066907,0.029095382,0.0058191751,0.01745736,0.0058194149,0.017459946
25.825826,94.486478,48.574433,27.856262,90.193408,46.964774,299.16658,158.86939,284.45577,26.671317,15.948587,10.690411,23.967452,11.981496,8.0199058,9.2976606,22.654797,4.0054053,12.022311,3.9951229,22.67156,37.442373,1.2881392,1.3282089,1.3280637,22.640721,20.02967,9.3462561,2.6277619,1.3111163,1.2997633,1.3055657,0.028518447,0.0057037865,0.017111197,0.0057040225,0.017113742
25.925926,94.496656,48.577911,27.849196,90.115205,46.925788,298.78609,158.66826,284.09316,26.637954,15.929557,10.676476,23.937587,11.966613,8.0093999,9.2866015,22.626277,4.0002998,12.006879,3.9902384,22.643237,37.393781,1.2873767,1.3266548,1.3265101,22.612696,20.003946,9.3343705,2.6252194,1.3099013,1.2987742,1.3044632,0.027953091,0.0055907138,0.016771982,0.005590946,0.016774486
26.026026,94.506629,48.581318,27.842272,90.038576,46.887586,298.41326,158.47119,283.73787,26.605263,15.910911,10.662823,23.908325,11.952029,7.9991059,9.2757653,22.598332,3.9952971,11.991757,3.9854523,22.615485,37.346166,1.2866296,1.325132,1.3249878,22.585235,19.978739,9.3227242,2.6227281,1.3087107,1.297805,1.303383,0.027399118,0.0054799177,0.016439596,0.0054801461,0.01644206
26.126126,94.51641,48.584661,27.835481,89.963421,46.850119,298.0476,158.2779,283.38941,26.573201,15.892624,10.649433,23.879628,11.937727,7.9890103,9.2651377,22.570925,3.9903907,11.976927,3.9807583,22.588266,37.299468,1.2858968,1.3236386,1.3234948,22.558302,19.954018,9.311302,2.6202847,1.3075431,1.2968544,1.3023235,0.026855801,0.0053712529,0.016113604,0.0053714776,0.016116028
26.226226,94.52601,48.587941,27.828816,89.889658,46.813347,297.68872,158.0882,283.04741,26.541733,15.874676,10.636291,23.851464,11.923691,7.9791019,9.2547071,22.544026,3.9855752,11.962371,3.9761512,22.561552,37.253635,1.2851776,1.3221727,1.3220295,22.531869,19.929755,9.3000914,2.6178866,1.3063971,1.2959215,1.3012837,0.026322545,0.0052646001,0.015793648,0.0052648213,0.015796033
26.326326,94.535421,48.591157,27.822283,89.81735,46.777299,297.33692,157.90224,282.71216,26.510887,15.857082,10.623408,23.823856,11.909932,7.9693892,9.2444824,22.517658,3.9808546,11.948103,3.971635,22.535364,37.208705,1.2844726,1.3207358,1.320593,22.505957,19.905971,9.2891019,2.6155358,1.3052736,1.295007,1.3002644,0.025799802,0.0051600501,0.01548,0.0051602677,0.015482347
26.426426,94.544646,48.594309,27.815878,89.746468,46.741963,296.99206,157.71995,282.38353,26.48065,15.839836,10.610781,23.796795,11.896445,7.9598685,9.2344597,22.491812,3.9762273,11.934116,3.9672079,22.509693,37.164662,1.2837815,1.3193273,1.3191849,22.480556,19.882656,9.2783293,2.6132313,1.3041724,1.2941105,1.2992651,0.025287374,0.005057563,0.015172542,0.0050577771,0.015174851
26.526527,94.553689,48.597399,27.8096,89.676986,46.707324,296.65401,157.54126,282.0614,26.45101,15.822931,10.598403,23.770269,11.883225,7.9505362,9.2246351,22.466477,3.9716914,11.920406,3.9628683,22.48453,37.121489,1.2831041,1.3179465,1.3178047,22.455658,19.859802,9.2677695,2.6109724,1.3030929,1.2932317,1.2982856,0.024785068,0.0049571004,0.014871156,0.0049573111,0.014873428
26.626627,94.562553,48.600428,27.803446,89.608879,46.673372,296.32265,157.36611,281.74564,26.421958,15.806361,10.586271,23.74427,11.870267,7.9413889,9.2150052,22.441643,3.9672453,11.906967,3.9586145,22.459864,37.07917,1.2824401,1.3165931,1.3164517,22.431253,19.8374,9.2574187,2.6087582,1.3020347,1.2923703,1.2973255,0.024292698,0.0048586251,0.014575733,0.0048588324,0.014577968
26.726727,94.571242,48.603397,27.797414,89.542122,46.640092,295.99786,157.19443,281.43615,26.393482,15.79012,10.574379,23.718788,11.857567,7.9324232,9.2055663,22.417303,3.9628874,11.893794,3.9544451,22.435687,37.03769,1.2817892,1.3152665,1.3151255,22.407331,19.815443,9.247273,2.6065878,1.3009976,1.291526,1.2963844,0.023810085,0.0047621011,0.014286163,0.004762305,0.014288362
26.826827,94.579758,48.606307,27.791502,89.47669,46.607473,295.67952,157.02616,281.13281,26.365572,15.774201,10.562724,23.693813,11.84512,7.9236358,9.196315,22.393446,3.958616,11.880883,3.9503585,22.411991,36.997033,1.2811512,1.3139663,1.3138257,22.383885,19.793922,9.2373289,2.6044606,1.299981,1.2906984,1.295462,0.023337054,0.0046674936,0.014002343,0.0046676942,0.014004506
26.926927,94.588104,48.609159,27.785707,89.41256,46.575503,295.36752,156.86125,280.83551,26.338218,15.7586,10.551302,23.669337,11.832921,7.9150237,9.187248,22.370065,3.9544297,11.868229,3.9463533,22.388766,36.957185,1.280526,1.3126919,1.3125517,22.360906,19.772829,9.2275827,2.6023757,1.2989846,1.2898873,1.294558,0.022873438,0.004574769,0.013724171,0.0045749664,0.0137263
27.027027,94.596284,48.611955,27.780028,89.349711,46.544171,295.06174,156.69962,280.54416,26.31141,15.743311,10.540108,23.645351,11.820967,7.9065839,9.1783622,22.347151,3.950327,11.855828,3.942428,22.366005,36.918133,1.2799132,1.311443,1.3113032,22.338386,19.752158,9.2180311,2.6003324,1.2980082,1.2890924,1.293672,0.022419075,0.0044838951,0.013451552,0.0044840893,0.013453646
27.127127,94.6043,48.614694,27.774463,89.28812,46.513467,294.7621,156.54124,280.25864,26.28514,15.728328,10.529139,23.621847,11.809252,7.8983133,9.1696546,22.324697,3.9463064,11.843675,3.9385813,22.343699,36.879863,1.2793127,1.310219,1.3100797,22.316317,19.731901,9.2086708,2.5983301,1.2970513,1.2883134,1.2928037,0.02197381,0.0043948408,0.013184391,0.0043950318,0.013186451
27.227227,94.612155,48.617378,27.76901,89.227767,46.48338,294.46847,156.38604,279.97886,26.259398,15.713647,10.51839,23.598816,11.797774,7.8902093,9.1611221,22.302695,3.9423668,11.831767,3.934812,22.321842,36.842363,1.2787243,1.3090197,1.3088808,22.294692,19.712051,9.1994987,2.5963679,1.2961136,1.2875501,1.2919529,0.021537494,0.0043075762,0.012922599,0.0043077642,0.012924626
27.327327,94.619851,48.620008,27.763666,89.168632,46.453901,294.18077,156.23397,279.70474,26.234177,15.699263,10.507859,23.576252,11.786527,7.8822693,9.1527621,22.281137,3.9385067,11.820099,3.9311187,22.300426,36.805619,1.2781478,1.3078446,1.3077061,22.273504,19.692603,9.1905118,2.5944454,1.2951949,1.2868022,1.2911193,0.021109983,0.0042220728,0.012666091,0.0042222577,0.012668085
27.427427,94.627392,48.622585,27.758431,89.110696,46.425019,293.89891,156.08499,279.43618,26.209468,15.685171,10.497542,23.554147,11.77551,7.8744905,9.1445718,22.260018,3.9347249,11.808668,3.9275004,22.279445,36.76962,1.277583,1.3066933,1.3065552,22.252746,19.673548,9.1817071,2.5925619,1.2942947,1.2860694,1.2903025,0.020691141,0.0041383032,0.012414784,0.0041384851,0.012416746
27.527528,94.634778,48.625109,27.753303,89.053941,46.396726,293.6228,155.93905,279.1731,26.185262,15.671366,10.487436,23.532494,11.764718,7.8668707,9.1365487,22.239329,3.9310202,11.79747,3.9239559,22.258891,36.734355,1.2770296,1.3055655,1.3054277,22.232411,19.654883,9.173082,2.5907168,1.293413,1.2853516,1.2895025,0.020280837,0.0040562412,0.0121686,0.0040564201,0.01217053
27.627628,94.642014,48.627581,27.74828,88.99835,46.369013,293.35235,155.7961,278.91542,26.161554,15.657845,10.477538,23.511287,11.754148,7.8594075,9.1286903,22.219066,3.9273916,11.786501,3.920484,22.238759,36.699813,1.2764877,1.3044608,1.3043234,22.212493,19.636601,9.1646338,2.5889095,1.2925493,1.2846485,1.2887188,0.019878947,0.0039758619,0.011927465,0.003976038,0.011929363
27.727728,94.649116,48.630008,27.743349,88.94378,46.34181,293.08686,155.65578,278.66248,26.138282,15.644573,10.467821,23.49047,11.743772,7.8520815,9.1209763,22.199175,3.9238296,11.775735,3.9170759,22.218997,36.665905,1.2759556,1.3033764,1.3032394,22.192941,19.618654,9.1563407,2.5871354,1.2917015,1.2839583,1.2879495,0.019484433,0.003896958,0.011690755,0.0038971312,0.011692622
27.827828,94.65609,48.632392,27.738508,88.890196,46.315097,292.82618,155.518,278.41411,26.11543,15.631541,10.458281,23.47003,11.733585,7.8448881,9.1134018,22.179644,3.9203319,11.765162,3.9137294,22.199591,36.632611,1.2754332,1.3023116,1.3021749,22.173743,19.601032,9.1481976,2.5853934,1.290869,1.2832806,1.2871941,0.019097049,0.00381948,0.011458323,0.0038196504,0.01146016
27.927928,94.662926,48.634728,27.733762,88.83767,46.288913,292.57065,155.38294,278.17065,26.093031,15.618766,10.448929,23.449996,11.723599,7.8378371,9.1059771,22.160499,3.9169035,11.754799,3.9104491,22.18057,36.599974,1.2749211,1.3012678,1.3011315,22.154924,19.583758,9.1402153,2.5836858,1.2900529,1.2826162,1.2864536,0.018717319,0.003743533,0.011230484,0.0037437006,0.011232291
28.028028,94.669627,48.637018,27.72911,88.786184,46.263247,292.32017,155.25055,277.93201,26.071075,15.606245,10.439763,23.430359,11.713812,7.830926,9.0986996,22.141733,3.9135429,11.744641,3.9072337,22.161924,36.567982,1.2744192,1.3002447,1.3001087,22.136478,19.566827,9.1323911,2.582012,1.289253,1.2819651,1.2857278,0.018345104,0.0036690888,0.011007153,0.0036692537,0.01100893
28.128128,94.676195,48.639262,27.72455,88.735719,46.23809,292.07466,155.12079,277.69811,26.049555,15.593973,10.430779,23.411113,11.704219,7.8241522,9.0915664,22.123341,3.910249,11.734684,3.904082,22.143649,36.536625,1.2739272,1.2992419,1.2991063,22.118398,19.550231,9.124722,2.5803714,1.288469,1.2813268,1.2850164,0.017980267,0.0035961204,0.010788249,0.0035962825,0.010789998
28.228228,94.682633,48.641462,27.72008,88.686256,46.213433,291.83403,154.99361,277.46886,26.028463,15.581944,10.421974,23.39225,11.694817,7.8175132,9.0845751,22.105314,3.9070205,11.724926,3.900993,22.125736,36.505891,1.273445,1.298259,1.2981237,22.100677,19.533965,9.1172053,2.5787633,1.2877005,1.2807012,1.2843191,0.017622677,0.0035246013,0.010573694,0.0035247608,0.010575414
28.328328,94.688943,48.643618,27.7157,88.637778,46.189267,291.5982,154.86896,277.24419,26.007791,15.570156,10.413344,23.373764,11.685603,7.8110066,9.0777232,22.087646,3.9038564,11.715361,3.8979655,22.108181,36.475769,1.2729724,1.2972956,1.2971607,22.083309,19.518023,9.1098383,2.5771873,1.2869474,1.2800881,1.2836357,0.017272208,0.0034545063,0.010363411,0.0034546632,0.010365103
28.428428,94.695126,48.645731,27.711407,88.590269,46.165583,291.36707,154.7468,277.024,25.987533,15.558603,10.404888,23.355649,11.676574,7.8046303,9.0710083,22.070332,3.9007554,11.705988,3.8949985,22.090976,36.446249,1.2725092,1.2963515,1.2962169,22.066288,19.5024,9.1026185,2.5756428,1.2862092,1.2794872,1.2829659,0.016928737,0.0033858111,0.010157327,0.0033859654,0.010158991
28.528529,94.701186,48.647802,27.7072,88.543711,46.142374,291.14058,154.62709,276.80823,25.967681,15.547282,10.396601,23.337898,11.667726,7.798382,9.0644281,22.053366,3.8977167,11.696803,3.8920909,22.074115,36.41732,1.2720553,1.2954264,1.2952921,22.049609,19.487089,9.0955433,2.5741292,1.2854859,1.2788983,1.2823096,0.016592147,0.003318492,0.0099553713,0.0033186438,0.0099570082
28.628629,94.707124,48.649831,27.703078,88.498089,46.119632,290.91864,154.50979,276.5968,25.948229,15.53619,10.388481,23.320505,11.659057,7.7922597,9.0579803,22.036741,3.8947391,11.687802,3.8892418,22.057594,36.388972,1.2716106,1.2945198,1.2943858,22.033265,19.472087,9.0886104,2.5726461,1.2847771,1.2783213,1.2816664,0.016262324,0.0032525265,0.0097574767,0.0032526759,0.0097590867
28.728729,94.712942,48.651819,27.699039,88.453389,46.097349,290.70118,154.39486,276.38964,25.92917,15.525321,10.380525,23.303465,11.650563,7.7862613,9.0516629,22.020452,3.8918216,11.678983,3.8864503,22.041406,36.361197,1.2711748,1.2936315,1.2934978,22.017251,19.457388,9.0818176,2.5711929,1.2840826,1.277756,1.2810363,0.015939162,0.0031878931,0.0095635779,0.0031880399,0.0095651615
28.828829,94.718642,48.653767,27.695082,88.409595,46.075518,290.48814,154.28227,276.18669,25.910498,15.514674,10.372732,23.286771,11.642242,7.7803848,9.0454738,22.004494,3.8889634,11.670343,3.8837154,22.025547,36.333986,1.2707479,1.2927613,1.2926279,22.001562,19.442988,9.0751627,2.5697692,1.2834022,1.2772021,1.2804189,0.015622556,0.0031245708,0.0093736128,0.0031247153,0.0093751704
28.928929,94.724225,48.655675,27.691206,88.366695,46.054133,290.27944,154.17197,275.98789,25.892208,15.504244,10.365097,23.27042,11.634092,7.7746285,9.0394112,21.988862,3.8861635,11.66188,3.8810363,22.010012,36.30733,1.2703296,1.2919088,1.2917757,21.986194,19.428881,9.0686435,2.5683745,1.2827357,1.2766595,1.2798141,0.015312407,0.00306254,0.009187522,0.0030626821,0.009189054
29.029029,94.729694,48.657544,27.687409,88.324675,46.033186,290.07503,154.06394,275.79317,25.874293,15.494028,10.35762,23.254405,11.626109,7.7689905,9.033473,21.973552,3.883421,11.65359,3.8784122,21.994795,36.28122,1.26992,1.2910738,1.290941,21.971141,19.415064,9.062258,2.5670084,1.2820829,1.276128,1.2792217,0.01500862,0.0030017817,0.0090052487,0.0030019215,0.0090067555
29.129129,94.735051,48.659375,27.683691,88.283523,46.012672,289.87484,153.95813,275.60247,25.856749,15.484024,10.350298,23.238722,11.618292,7.7634693,9.0276576,21.958558,3.8807353,11.645472,3.8758423,21.979892,36.255649,1.2695188,1.290256,1.2901235,21.956399,19.401533,9.0560045,2.5656706,1.2814436,1.2756076,1.2786416,0.014711106,0.0029422779,0.008826739,0.0029424154,0.008828221
29.229229,94.740296,48.661167,27.68005,88.243226,45.992585,289.67881,153.85453,275.41575,25.83957,15.474228,10.343128,23.223367,11.610638,7.7580632,9.0219634,21.943877,3.8781054,11.637522,3.8733258,21.9653,36.230611,1.269126,1.2894553,1.2893231,21.941964,19.388283,9.0498811,2.5643606,1.2808175,1.2750979,1.2780735,0.014419779,0.0028840117,0.0086519418,0.0028841469,0.0086533994
29.329329,94.745449,48.662928,27.676472,88.203631,45.972848,289.4862,153.75274,275.23228,25.822691,15.464603,10.336083,23.20828,11.603117,7.7527513,9.0163683,21.929451,3.8755213,11.629711,3.8708532,21.950962,36.206008,1.26874,1.2886685,1.2885365,21.92778,19.375263,9.0438643,2.5630734,1.2802024,1.2745971,1.2775153,0.014133526,0.00282676,0.0084801884,0.002826893,0.008481622
29.429429,94.750508,48.664657,27.67296,88.164762,45.953472,289.29712,153.65281,275.05218,25.806122,15.455155,10.329168,23.19347,11.595735,7.7475371,9.0108759,21.91529,3.8729846,11.622043,3.8684259,21.936886,36.181856,1.2683611,1.2878961,1.2877644,21.913856,19.362483,9.0379578,2.5618098,1.2795985,1.2741055,1.2769674,0.013852519,0.0027705578,0.0083115832,0.0027706886,0.0083129932
29.52953,94.755467,48.666351,27.669518,88.126665,45.934481,289.1118,153.55487,274.87565,25.789881,15.445894,10.32239,23.178955,11.5885,7.7424265,9.0054926,21.901411,3.8704983,11.614528,3.8660468,21.92309,36.158184,1.2679897,1.287139,1.2870076,21.900209,19.349956,9.0321685,2.5605713,1.2790066,1.2736237,1.2764303,0.013577087,0.0027154706,0.0081463232,0.0027155993,0.0081477099
29.62963,94.760327,48.668012,27.666144,88.089324,45.915867,288.93015,153.45887,274.70263,25.773964,15.436818,10.315748,23.16473,11.581409,7.7374177,9.0002164,21.887807,3.8680614,11.607161,3.863715,21.909568,36.134982,1.2676257,1.286397,1.2862659,21.886833,19.337679,9.0264943,2.5593574,1.2784265,1.2731514,1.2759038,0.013307128,0.0026614778,0.0079843462,0.0026616043,0.00798571
29.72973,94.76509,48.66964,27.662837,88.052726,45.897624,288.75212,153.36479,274.53306,25.758364,15.427923,10.309237,23.150789,11.57446,7.7325088,8.9950453,21.874475,3.865673,11.599942,3.8614296,21.896315,36.112241,1.2672689,1.2856697,1.2855389,21.873723,19.325645,9.020933,2.5581676,1.2778579,1.2726885,1.2753879,0.013042539,0.0026085593,0.0078255921,0.0026086837,0.0078269333
29.82983,94.769759,48.671236,27.659596,88.016858,45.879744,288.57764,153.27258,274.36688,25.743075,15.419205,10.302857,23.137127,11.567649,7.727698,8.9899774,21.861409,3.8633323,11.592866,3.8591897,21.883326,36.089954,1.2669193,1.284957,1.2848264,21.860875,19.313852,9.0154826,2.5570015,1.2773006,1.2722349,1.2748822,0.012783225,0.0025566957,0.0076700025,0.002556818,0.0076713216
29.92993,94.774334,48.672799,27.65642,87.981706,45.862222,288.40665,153.18221,274.20402,25.728092,15.410662,10.296605,23.123739,11.560975,7.7229835,8.9850109,21.848604,3.8610383,11.585932,3.8569946,21.870597,36.068112,1.2665766,1.2842585,1.2841281,21.848283,19.302294,9.0101412,2.5558588,1.2767545,1.2717903,1.2743867,0.012529092,0.0025058681,0.0075175212,0.0025059884,0.0075188184
30.03003,94.778818,48.674331,27.653307,87.947258,45.845051,288.23909,153.09366,274.04442,25.71341,15.402291,10.290478,23.11062,11.554436,7.7183637,8.9801439,21.836056,3.8587903,11.579137,3.8548435,21.858123,36.046707,1.2662408,1.283574,1.2834438,21.835944,19.290968,9.0049067,2.554739,1.2762193,1.2713546,1.2739011,0.012280048,0.0024560584,0.0073680936,0.0024561768,0.0073693694
30.13013,94.783211,48.675833,27.650257,87.913503,45.828225,288.07489,153.00688,273.88804,25.699023,15.394088,10.284475,23.097766,11.548028,7.713837,8.9753749,21.823761,3.8565875,11.572478,3.8527356,21.845899,36.025732,1.2659118,1.2829032,1.2827733,21.823853,19.27987,8.9997774,2.5536416,1.2756949,1.2709277,1.2734252,0.012036005,0.0024072492,0.0072216672,0.0024073656,0.0072229218
30.23023,94.787517,48.677304,27.647268,87.880427,45.811737,287.914,152.92186,273.7348,25.684926,15.38605,10.278593,23.085172,11.54175,7.7094017,8.970702,21.811714,3.8544291,11.565953,3.8506702,21.833922,36.00518,1.2655893,1.2822459,1.2821163,21.812005,19.268995,8.9947514,2.5525663,1.275181,1.2705093,1.2729589,0.011796881,0.0023594234,0.0070781913,0.0023595379,0.0070794252
30.33033,94.791735,48.678745,27.64434,87.848021,45.795584,287.75636,152.83855,273.58468,25.671115,15.378175,10.27283,23.072834,11.535599,7.7050563,8.9661238,21.799911,3.8523144,11.559561,3.8486466,21.822187,35.985044,1.2652734,1.281602,1.2814725,21.800398,19.258341,8.9898272,2.5515129,1.2746776,1.2700995,1.272502,0.011562592,0.002312565,0.0069376173,0.0023126776,0.0069388306
30.43043,94.795867,48.680158,27.641472,87.816273,45.779758,287.60193,152.75694,273.4376,25.657585,15.370461,10.267185,23.060748,11.529574,7.7007994,8.9616387,21.788348,3.8502427,11.553298,3.8466641,21.81069,35.965316,1.264964,1.2809711,1.2808419,21.789026,19.247903,8.985003,2.5504808,1.2741843,1.2696979,1.2720544,0.011333062,0.0022666582,0.0067998983,0.0022667689,0.0068010915
30.530531,94.799915,48.681541,27.638662,87.785172,45.764256,287.45065,152.677,273.29353,25.644331,15.362905,10.261655,23.048909,11.523672,7.6966296,8.9572452,21.777021,3.8482133,11.547164,3.844722,21.799428,35.945991,1.2646608,1.2803531,1.2802241,21.777886,19.237678,8.9802772,2.5494697,1.2737011,1.2693046,1.271616,0.011108216,0.0022216882,0.0066649893,0.002221797,0.0066661627
30.630631,94.80388,48.682896,27.635909,87.75471,45.749071,287.30248,152.5987,273.15242,25.63135,15.355503,10.25624,23.037314,11.517892,7.6925456,8.952942,21.765927,3.8462255,11.541155,3.8428198,21.788397,35.927063,1.2643639,1.2797477,1.279619,21.766975,19.227663,8.9756485,2.5484794,1.2732279,1.2689193,1.2711865,0.010887981,0.0021776405,0.0065328475,0.0021777475,0.0065340014
30.730731,94.807763,48.684223,27.633214,87.724876,45.7342,287.15736,152.52201,273.01422,25.618637,15.348255,10.250936,23.02596,11.512232,7.6885461,8.9487276,21.755062,3.8442787,11.53527,3.8409569,21.777594,35.908524,1.264073,1.2791549,1.2790263,21.756289,19.217855,8.9711152,2.5475096,1.2727644,1.268542,1.270766,0.01067229,0.0021345015,0.0064034318,0.0021346068,0.0064045665
30.830831,94.811566,48.685523,27.630574,87.695661,45.719638,287.01526,152.44692,272.8789,25.606188,15.341158,10.245742,23.014842,11.506689,7.6846298,8.9446009,21.744424,3.8423724,11.529508,3.8391327,21.767015,35.890371,1.2637883,1.2785744,1.278446,21.745825,19.20825,8.9666761,2.5465599,1.2723105,1.2681725,1.2703541,0.010461077,0.0020922581,0.0062767029,0.0020923616,0.0062778187
30.930931,94.815304,48.6868,27.627979,87.666943,45.705323,286.87557,152.3731,272.74588,25.593951,15.334181,10.240637,23.003914,11.501241,7.6807802,8.9405443,21.733966,3.8404985,11.523843,3.8373394,21.756615,35.872526,1.2635083,1.2780037,1.2778756,21.735539,19.198809,8.9623124,2.5456263,1.2718643,1.2678093,1.2699492,0.010253451,0.0020507322,0.0061521264,0.002050834,0.0061532236
31.031031,94.818971,48.688053,27.625433,87.638771,45.69128,286.73854,152.30069,272.61539,25.581947,15.327337,10.23563,22.993194,11.495897,7.677004,8.9365649,21.723707,3.8386602,11.518286,3.8355803,21.746414,35.85502,1.2632337,1.2774439,1.2773159,21.725449,19.189547,8.9580316,2.5447104,1.2714266,1.2674529,1.2695521,0.010049772,0.0020099959,0.0060299186,0.002010096,0.0060309975
31.131131,94.822565,48.689282,27.622938,87.611158,45.677517,286.60423,152.22972,272.48749,25.570182,15.32063,10.230722,22.982689,11.49066,7.673303,8.9326646,21.713652,3.8368585,11.51284,3.833856,21.736415,35.837862,1.2629646,1.2768952,1.2767674,21.715558,19.180469,8.9538359,2.5438128,1.2709976,1.2671037,1.2691628,0.0098501378,0.0019700683,0.0059101368,0.0019701667,0.0059111978
31.231231,94.826088,48.690485,27.620493,87.584094,45.664026,286.47259,152.16015,272.36214,25.558651,15.314056,10.225912,22.972393,11.485527,7.6696757,8.928842,21.703797,3.8350926,11.507502,3.8321661,21.726615,35.821045,1.2627008,1.2763574,1.2762298,21.705865,19.171572,8.9497236,2.542933,1.2705772,1.2667614,1.2687812,0.0096544696,0.001930934,0.005792735,0.0019310307,0.0057937782
31.331331,94.82954,48.691665,27.618096,87.557568,45.650804,286.34357,152.09198,272.23929,25.547349,15.307613,10.221197,22.962303,11.480496,7.6661207,8.9250954,21.694139,3.8333618,11.50227,3.8305098,21.717009,35.804562,1.2624422,1.2758303,1.2757029,21.696364,19.162851,8.9456931,2.5420707,1.2701651,1.2664259,1.2684073,0.0094626932,0.001892578,0.0056776683,0.0018926732,0.0056786941
31.431431,94.832924,48.692822,27.615747,87.531571,45.637846,286.21712,152.02516,272.11888,25.536273,15.301299,10.216577,22.952415,11.475566,7.6626368,8.9214235,21.684673,3.8316655,11.497142,3.8288864,21.707595,35.788408,1.2621888,1.2753137,1.2751865,21.687053,19.154305,8.9417429,2.5412255,1.2697612,1.2660971,1.2680407,0.0092747363,0.001854986,0.0055648933,0.0018550796,0.0055659019
31.531532,94.836241,48.693955,27.613445,87.506092,45.625146,286.09319,151.95967,272.00088,25.525419,15.295111,10.21205,22.942725,11.470735,7.6592225,8.917825,21.675397,3.8300031,11.492116,3.8272955,21.698369,35.772575,1.2619405,1.2748074,1.2746804,21.677927,19.145928,8.9378714,2.5403973,1.2693653,1.2657749,1.2676815,0.0090905284,0.0018181438,0.0054543677,0.0018182358,0.0054553595
31.631632,94.839491,48.695066,27.611189,87.481122,45.6127,285.97174,151.8955,271.88524,25.514781,15.289047,10.207613,22.933229,11.466001,7.6558767,8.9142985,21.666306,3.8283739,11.487191,3.8257364,21.689327,35.757059,1.2616971,1.2743112,1.2741844,21.668984,19.13772,8.9340774,2.5395856,1.2689774,1.265459,1.2673295,0.0089100019,0.0017820378,0.0053460509,0.0017821283,0.0053470261
31.731732,94.842676,48.696154,27.608978,87.456653,45.600503,285.85273,151.83261,271.77192,25.504358,15.283104,10.203266,22.923925,11.461363,7.6525981,8.9108427,21.657397,3.8267773,11.482365,3.8242085,21.680467,35.741854,1.2614586,1.2738249,1.2736983,21.66022,19.129676,8.9303594,2.5387901,1.2685973,1.2651496,1.2669845,0.0087330908,0.001746655,0.0052399034,0.0017467439,0.0052408623
31.831832,94.845797,48.697221,27.606811,87.432674,45.588551,285.7361,151.77098,271.66088,25.494143,15.277282,10.199006,22.914808,11.456817,7.6493855,8.9074564,21.648668,3.8252129,11.477636,3.8227113,21.671784,35.726954,1.2612249,1.2733485,1.273222,21.651632,19.121793,8.9267161,2.5380106,1.2682247,1.2648463,1.2666465,0.0085597318,0.0017119826,0.0051358872,0.00171207,0.00513683
31.931932,94.848855,48.698266,27.604689,87.409179,45.57684,285.62182,151.7106,271.55208,25.484135,15.271576,10.194832,22.905876,11.452364,7.6462378,8.9041384,21.640114,3.8236799,11.473002,3.8212442,21.663276,35.712354,1.2609959,1.2728816,1.2727553,21.643216,19.114069,8.9231461,2.5372468,1.2678597,1.2645491,1.2663152,0.0083898636,0.0016780083,0.0050339655,0.0016780943,0.0050348926
32.032032,94.851852,48.69929,27.602609,87.386159,45.565366,285.50986,151.65144,271.44548,25.47433,15.265987,10.190743,22.897126,11.448001,7.6431539,8.9008875,21.631734,3.822178,11.468462,3.8198068,21.65494,35.698049,1.2607715,1.2724241,1.272298,21.634971,19.106502,8.9196483,2.5364985,1.2675021,1.264258,1.2659907,0.0082234274,0.0016447205,0.004934103,0.0016448051,0.0049350145
32.132132,94.854787,48.700294,27.600571,87.363605,45.554124,285.40016,151.59348,271.34104,25.464723,15.260511,10.186737,22.888554,11.443727,7.6401328,8.8977026,21.623524,3.8207065,11.464013,3.8183986,21.646773,35.684034,1.2605516,1.271976,1.27185,21.626894,19.099088,8.9162214,2.5357653,1.2671517,1.2639727,1.2656727,0.0080603664,0.0016121077,0.0048362657,0.0016121909,0.0048371618
32.232232,94.857663,48.701277,27.598574,87.34151,45.543112,285.2927,151.5367,271.23874,25.455313,15.255147,10.182812,22.880157,11.439541,7.6371733,8.8945826,21.615481,3.819265,11.459656,3.817019,21.638773,35.670304,1.2603363,1.2715369,1.2714111,21.618981,19.091825,8.9128644,2.5350471,1.2668084,1.2636933,1.2653612,0.0079006263,0.0015801591,0.0047404208,0.0015802409,0.0047413019
32.332332,94.86048,48.702239,27.596619,87.319868,45.532324,285.18744,151.48108,271.13853,25.446096,15.249893,10.178969,22.871933,11.43544,7.6342746,8.8915266,21.607604,3.8178531,11.455387,3.8156677,21.630936,35.656855,1.2601254,1.2711069,1.2709812,21.611229,19.08471,8.909576,2.5343435,1.2664722,1.2634195,1.2650561,0.0077441547,0.0015488642,0.0046465371,0.0015489446,0.0046474034
32.432432,94.86324,48.703182,27.594704,87.298671,45.521759,285.08435,151.42661,271.04039,25.437068,15.244747,10.175205,22.86388,11.431425,7.6314358,8.8885336,21.599888,3.8164702,11.451207,3.8143442,21.623261,35.643683,1.2599188,1.2706856,1.2705601,21.603638,19.077742,8.9063554,2.5336545,1.2661429,1.2631515,1.2647573,0.0075909018,0.0015182131,0.0045545846,0.0015182921,0.0045554364
32.532533,94.865952,48.704109,27.592821,87.277831,45.511372,284.98299,151.37306,270.9439,25.428193,15.239688,10.171504,22.855962,11.427477,7.6286449,8.885591,21.592303,3.8151106,11.447097,3.813043,21.615714,35.630733,1.2597156,1.2702715,1.2701461,21.596174,19.070892,8.903189,2.532977,1.2658191,1.2628879,1.2644635,0.0074402312,0.0014880784,0.0044641816,0.0014881561,0.004465019
32.632633,94.868612,48.705018,27.590975,87.257399,45.501188,284.88362,151.32055,270.8493,25.419492,15.234729,10.167876,22.848201,11.423607,7.6259087,8.882706,21.584867,3.8137776,11.443067,3.8117673,21.608316,35.618036,1.2595165,1.2698655,1.2697403,21.588856,19.064175,8.9000845,2.5323128,1.2655017,1.2626295,1.2641754,0.0072925082,0.0014585333,0.004375547,0.0014586097,0.0043763704
32.732733,94.871219,48.705909,27.589165,87.237372,45.491206,284.78622,151.26909,270.75658,25.410964,15.229867,10.16432,22.840594,11.419814,7.623227,8.8798782,21.577577,3.812471,11.439118,3.8105168,21.601064,35.605591,1.2593213,1.2694675,1.2693424,21.581683,19.057592,8.8970416,2.5316617,1.2651905,1.2623762,1.2638931,0.00714771,0.0014295731,0.0042886674,0.0014296482,0.0042894769
32.832833,94.873774,48.706783,27.587391,87.217741,45.481421,284.69074,151.21864,270.6657,25.402605,15.225103,10.160835,22.833138,11.416096,7.6205985,8.8771066,21.570433,3.8111904,11.435246,3.8092911,21.593955,35.593392,1.25913,1.2690775,1.2689525,21.574652,19.051139,8.8940589,2.5310236,1.2648855,1.2621279,1.2636163,0.0070057809,0.0014011868,0.0042035092,0.0014012606,0.0042043051
32.932933,94.876279,48.707639,27.585653,87.1985,45.471831,284.59716,151.1692,270.57662,25.394412,15.220433,10.15742,22.825831,11.412453,7.6180223,8.87439,21.56343,3.8099351,11.431451,3.8080898,21.586988,35.581435,1.2589425,1.2686951,1.2685703,21.567761,19.044814,8.8911354,2.5303981,1.2645866,1.2618845,1.263345,0.0068666667,0.0013733634,0.00412004,0.001373436,0.0041208225
33.033033,94.878734,48.708478,27.583949,87.179641,45.462431,284.50544,151.12074,270.48932,25.386382,15.215856,10.154072,22.818671,11.408882,7.6154975,8.8717274,21.556567,3.8087048,11.427732,3.8069123,21.580159,35.569715,1.2587587,1.2683203,1.2681956,21.561006,19.038615,8.88827,2.5297851,1.2642936,1.261646,1.2630791,0.0067303152,0.0013460926,0.0040382284,0.001346164,0.0040389977
33.133133,94.88114,48.7093,27.582279,87.161157,45.453218,284.41555,151.07325,270.40375,25.378512,15.211371,10.150791,22.811653,11.405383,7.6130231,8.8691178,21.549841,3.807499,11.424087,3.8057582,21.573466,35.558228,1.2585785,1.267953,1.2678285,21.554386,19.032539,8.8854616,2.5291842,1.2640064,1.2614122,1.2628185,0.0065966755,0.0013193642,0.003958044,0.0013194344,0.0039588003
33.233233,94.883498,48.710106,27.580642,87.143041,45.444189,284.32745,151.0267,270.31989,25.370799,15.206975,10.147576,22.804776,11.401954,7.6105981,8.8665603,21.543248,3.8063172,11.420514,3.8046271,21.566906,35.546971,1.2584019,1.2675931,1.2674686,21.547898,19.026584,8.8827091,2.5285953,1.263725,1.2611831,1.2625631,0.0064656988,0.0012931683,0.0038794573,0.0012932373,0.0038802008
33.333333,94.885809,48.710896,27.579038,87.125288,45.43534,284.24111,150.98108,270.23771,25.363241,15.202667,10.144425,22.798038,11.398593,7.6082217,8.8640539,21.536788,3.8051591,11.417013,3.8035186,21.560477,35.535937,1.2582289,1.2672403,1.2671159,21.54154,19.020748,8.8800117,2.5280182,1.2634492,1.2609585,1.2623128,0.0063373377,0.0012674956,0.00380244,0.0012675635,0.003803171
33.433433,94.888074,48.71167,27.577466,87.107889,45.426669,284.15649,150.93638,270.15718,25.355834,15.198446,10.141338,22.791435,11.395301,7.6058931,8.8615978,21.530457,3.8040241,11.413582,3.8024324,21.554177,35.525125,1.2580594,1.2668945,1.2667703,21.535308,19.015029,8.8773683,2.5274526,1.2631789,1.2607385,1.2620675,0.0062115466,0.0012423369,0.0037269647,0.0012424036,0.0037276833
33.533534,94.890293,48.712428,27.575925,87.09084,45.418171,284.07358,150.89258,270.07827,25.348576,15.19431,10.138313,22.784965,11.392075,7.6036115,8.8591911,21.524254,3.802912,11.41022,3.8013679,21.548004,35.51453,1.2578932,1.2665558,1.2664317,21.529202,19.009425,8.8747779,2.5268984,1.262914,1.2605228,1.2618272,0.0060882814,0.0012176834,0.003653005,0.001217749,0.0036537115
33.633634,94.892467,48.713171,27.574416,87.074135,45.409845,283.99234,150.84966,270.00095,25.341465,15.190257,10.135349,22.778627,11.388914,7.6013759,8.8568329,21.518175,3.8018223,11.406926,3.8003249,21.541955,35.504149,1.2577304,1.2662238,1.2660998,21.523219,19.003934,8.8722398,2.5263553,1.2626545,1.2603116,1.2615917,0.0059675001,0.0011935267,0.0035805356,0.0011935912,0.0035812301
33.733734,94.894598,48.7139,27.572937,87.057768,45.401688,283.91274,150.8076,269.92519,25.334498,15.186287,10.132446,22.772418,11.385817,7.5991858,8.8545225,21.51222,3.8007546,11.403698,3.799303,21.536028,35.493977,1.2575709,1.2658985,1.2657747,21.517357,18.998553,8.869753,2.5258233,1.2624002,1.2601045,1.2613609,0.0058491619,0.0011698586,0.0035095321,0.001169922,0.0035102149
33.833834,94.896685,48.714613,27.571488,87.041733,45.393696,283.83476,150.76641,269.85098,25.327673,15.182397,10.129601,22.766336,11.382784,7.5970403,8.8522591,21.506386,3.7997086,11.400536,3.7983019,21.530222,35.484012,1.2574146,1.2655799,1.2654562,21.511614,18.993283,8.8673168,2.525302,1.2621511,1.2599017,1.2611348,0.0057332281,0.0011466714,0.0034399712,0.0011467337,0.0034406424
33.933934,94.89873,48.715312,27.570069,87.026025,45.385867,283.75838,150.72605,269.77829,25.320988,15.178588,10.126815,22.760379,11.379813,7.5949388,8.850042,21.500672,3.7986841,11.397438,3.7973212,21.524534,35.47425,1.2572615,1.2652678,1.2651441,21.505988,18.98812,8.8649303,2.5247914,1.261907,1.2597031,1.2609134,0.0056196614,0.0011239577,0.0033718306,0.0011240189,0.0033724904
34.034034,94.900733,48.715996,27.568679,87.010637,45.378197,283.68354,150.68652,269.70707,25.314439,15.174855,10.124086,22.754543,11.376903,7.5928801,8.8478699,21.495073,3.7976803,11.394404,3.7963605,21.518962,35.464686,1.2571116,1.264962,1.2648384,21.500477,18.983061,8.8625922,2.5242912,1.261668,1.2595084,1.2606964,0.0055083985,0.0011017046,0.0033050723,0.0011017649,0.003305721
34.134134,94.902703,48.71667,27.567311,86.995505,45.370656,283.60996,150.64765,269.63705,25.307999,15.171186,10.121403,22.748806,11.374042,7.590856,8.8457342,21.489568,3.7966933,11.39142,3.7954158,21.513483,35.455283,1.2569641,1.2646613,1.2645379,21.495057,18.978087,8.8602932,2.5237993,1.2614329,1.2593171,1.2604831,0.0053989963,0.0010798238,0.0032394304,0.001079883,0.0032400681
34.234234,94.904634,48.71733,27.565971,86.980673,45.363264,283.53783,150.60954,269.56841,25.301687,15.167589,10.118772,22.743183,11.371237,7.5888719,8.8436407,21.484173,3.7957258,11.388495,3.7944897,21.508112,35.446064,1.2568196,1.2643666,1.2642432,21.489745,18.973212,8.8580397,2.5233171,1.2612025,1.2591295,1.260274,0.0052917545,0.001058375,0.0031750848,0.0010584332,0.0031757116
34.334334,94.906526,48.717976,27.564658,86.966134,45.356017,283.46712,150.57219,269.50113,25.2955,15.164063,10.116194,22.737672,11.368489,7.5869273,8.8415887,21.478883,3.7947775,11.385628,3.793582,21.502847,35.437028,1.2566779,1.2640776,1.2639544,21.484537,18.968433,8.8558307,2.5228445,1.2609766,1.2589456,1.260069,0.0051866322,0.0010373502,0.0031120109,0.0010374073,0.0031126271
34.434434,94.908382,48.718611,27.56337,86.951882,45.348914,283.39782,150.53558,269.43519,25.289436,15.160608,10.113668,22.73227,11.365795,7.5850212,8.8395773,21.473699,3.7938479,11.382818,3.7926922,21.497686,35.428171,1.256539,1.2637944,1.2636713,21.479433,18.963748,8.8536654,2.5223812,1.2607552,1.2587653,1.259868,0.00508359,0.0010167413,0.003050185,0.0010167975,0.0030507908
34.534535,94.9102,48.719232,27.562108,86.937913,45.341952,283.32989,150.49969,269.37055,25.283492,15.157221,10.111191,22.726976,11.363155,7.5831531,8.8376058,21.468618,3.7929367,11.380063,3.7918201,21.492628,35.419489,1.2564029,1.2635169,1.2633938,21.474429,18.959156,8.851543,2.5219271,1.2605381,1.2585886,1.2596711,0.0049825896,0.00099654082,0.0029895842,0.00099659609,0.0029901797
34.634635,94.911982,48.719841,27.560871,86.924221,45.335128,283.26331,150.46452,269.3072,25.277666,15.153901,10.108764,22.721789,11.360567,7.5813223,8.8356735,21.463638,3.7920437,11.377363,3.7909653,21.48767,35.41098,1.2562694,1.2632448,1.2631218,21.469525,18.954656,8.8494628,2.521482,1.2603254,1.2584155,1.259478,0.0048835938,0.00097674128,0.0029301863,0.00097679561,0.0029307716
34.734735,94.913729,48.720438,27.559658,86.910801,45.32844,283.19805,150.43005,269.24511,25.271957,15.150648,10.106386,22.716705,11.358032,7.579528,8.8337797,21.458757,3.7911684,11.374717,3.7901275,21.482811,35.402639,1.2561387,1.2629781,1.2628552,21.464718,18.950244,8.847424,2.5210458,1.2601169,1.2582457,1.2592888,0.0047865671,0.00095733555,0.0028719697,0.00095738896,0.0028725451
34.834835,94.915441,48.721024,27.55847,86.89765,45.321886,283.1341,150.39627,269.18427,25.266361,15.14746,10.104055,22.711723,11.355547,7.5777696,8.8319237,21.453973,3.7903106,11.372124,3.7893064,21.478048,35.394465,1.2560105,1.2627168,1.262594,21.460008,18.945921,8.8454258,2.5206183,1.2599126,1.2580794,1.2591034,0.0046914749,0.00093831674,0.0028149139,0.00093836923,0.0028154795
34.934935,94.917119,48.721597,27.557305,86.884761,45.315462,283.07142,150.36316,269.12464,25.260878,15.144336,10.101771,22.706842,11.353112,7.5760465,8.8301048,21.449285,3.78947,11.369583,3.7885017,21.473381,35.386454,1.2558849,1.2624606,1.2623379,21.455391,18.941685,8.8434675,2.5201993,1.2597124,1.2579164,1.2589217,0.004598284,0.0009196782,0.0027589989,0.00091972981,0.0027595548
35.035035,94.918764,48.722159,27.556164,86.87213,45.309167,283.01001,150.33072,269.06621,25.255506,15.141275,10.099533,22.702059,11.350727,7.5743582,8.8283225,21.444692,3.7886462,11.367092,3.7877132,21.468808,35.378604,1.2557618,1.2622096,1.262087,21.450867,18.937533,8.8415486,2.5197887,1.2595161,1.2577566,1.2587436,0.0045069627,0.00090141356,0.0027042056,0.00090146429,0.0027047521
35.135135,94.920375,48.72271,27.555046,86.859754,45.302999,282.94983,150.29893,269.00896,25.250241,15.138276,10.09734,22.697374,11.348389,7.572704,8.8265762,21.440191,3.7878391,11.364652,3.7869406,21.464326,35.370912,1.2556412,1.2619637,1.2618412,21.446434,18.933465,8.8396683,2.5193864,1.2593239,1.2576001,1.2585691,0.0044174802,0.0008835167,0.0026505156,0.00088356657,0.0026510528
35.235235,94.921953,48.723249,27.55395,86.847629,45.296956,282.89087,150.26779,268.95286,25.245084,15.135337,10.095192,22.692784,11.3461,7.5710834,8.8248652,21.435781,3.7870482,11.362261,3.7861836,21.459935,35.363376,1.2555231,1.2617228,1.2616003,21.442091,18.929479,8.837826,2.5189922,1.2591355,1.2574467,1.2583982,0.0043298072,0.00086598175,0.0025979113,0.00086603076,0.0025984393
35.335335,94.9235,48.723778,27.552877,86.83575,45.291036,282.8331,150.23727,268.89791,25.240031,15.132459,10.093088,22.688288,11.343857,7.5694959,8.823189,21.431461,3.7862735,11.359919,3.785442,21.455634,35.355992,1.2554073,1.2614867,1.2613643,21.437836,18.925574,8.8360212,2.5186061,1.2589509,1.2572965,1.2582307,0.0042439156,0.00084880309,0.0025463759,0.00084885127,0.0025468949
35.435435,94.925014,48.724296,27.551826,86.824113,45.285237,282.77652,150.20739,268.84409,25.235082,15.129639,10.091027,22.683885,11.341661,7.567941,8.8215471,21.427229,3.7855146,11.357624,3.7847155,21.45142,35.348759,1.2552939,1.2612555,1.2611331,21.433667,18.921749,8.8342533,2.5182278,1.2587701,1.2571493,1.2580666,0.0041597787,0.00083197537,0.0024958933,0.00083202273,0.0024964035
35.535536,94.926498,48.724803,27.550796,86.812716,45.279557,282.7211,150.17812,268.79137,25.230236,15.126878,10.089009,22.679573,11.33951,7.5664182,8.819939,21.423085,3.7847713,11.355377,3.784004,21.447293,35.341675,1.2551829,1.261029,1.2609067,21.429585,18.918003,8.8325217,2.5178573,1.2585931,1.2570051,1.2579059,0.0040773709,0.00081549348,0.0024464482,0.00081554003,0.0024469497
35.635636,94.927953,48.7253,27.549786,86.801537,45.273986,282.66675,150.14941,268.73967,25.225482,15.12417,10.087029,22.675344,11.3374,7.5649247,8.8183618,21.41902,3.7840423,11.353173,3.7833061,21.443245,35.334727,1.255074,1.2608068,1.2606846,21.42558,18.914328,8.8308233,2.5174939,1.2584194,1.2568637,1.2577483,0.0039965431,0.00079932758,0.0023979511,0.00079937334,0.002398444
35.735736,94.929389,48.725791,27.54879,86.790511,45.268491,282.61314,150.12109,268.68868,25.220793,15.121499,10.085077,22.671174,11.33532,7.5634517,8.8168062,21.415011,3.7833232,11.350999,3.7826178,21.439252,35.327874,1.2549665,1.2605877,1.2604656,21.421631,18.910704,8.8291482,2.5171355,1.2582481,1.2567243,1.2575928,0.0039168231,0.00078338328,0.0023501187,0.00078342825,0.0023506032
35.835836,94.930796,48.726272,27.547813,86.7797,45.263103,282.56057,150.09332,268.63868,25.216196,15.118881,10.083163,22.667085,11.33328,7.5620075,8.8152809,21.41108,3.7826182,11.348867,3.7819428,21.435337,35.321153,1.2548612,1.2603729,1.2602508,21.417758,18.90715,8.8275056,2.516784,1.2580801,1.2565875,1.2574404,0.0038386518,0.00076774868,0.0023032154,0.00076779289,0.0023036916
35.935936,94.932176,48.726743,27.546855,86.769099,45.25782,282.50902,150.0661,268.58965,25.211689,15.116313,10.081287,22.663077,11.331281,7.5605915,8.8137852,21.407225,3.7819268,11.346777,3.781281,21.431498,35.314564,1.2547579,1.2601622,1.2600402,21.41396,18.903665,8.825895,2.5164394,1.2579154,1.2564534,1.2572909,0.0037620006,0.00075241814,0.0022572243,0.00075246159,0.0022576924
36.036036,94.93353,48.727206,27.545916,86.758704,45.252639,282.45848,150.0394,268.54158,25.20727,15.113796,10.079447,22.659147,11.32932,7.5592032,8.8123187,21.403446,3.781249,11.344728,3.7806321,21.427734,35.308103,1.2546566,1.2599557,1.2598337,21.410236,18.900248,8.8243157,2.5161015,1.2577539,1.256322,1.2571444,0.0036868425,0.00073738621,0.0022121291,0.00073742891,0.0022125891
36.136136,94.934856,48.72766,27.544995,86.748513,45.24756,282.40893,150.01323,268.49445,25.202937,15.111328,10.077643,22.655295,11.327398,7.5578422,8.8108809,21.399741,3.7805843,11.342718,3.7799959,21.424044,35.301767,1.2545573,1.2597531,1.2596313,21.406585,18.896897,8.8227673,2.5157702,1.2575956,1.2561931,1.2570007,0.0036131512,0.00072264764,0.0021679139,0.00072268961,0.002168366
36.236236,94.936157,48.728104,27.544092,86.73852,45.242581,282.36035,149.98757,268.44825,25.198689,15.108908,10.075875,22.651519,11.325514,7.5565079,8.8094713,21.396108,3.7799327,11.340748,3.7793721,21.420425,35.295556,1.2544599,1.2595546,1.2594327,21.403005,18.893613,8.8212492,2.5154454,1.2574404,1.2560667,1.2568598,0.0035409015,0.00070819742,0.0021245637,0.00070823867,0.002125008
36.336336,94.937433,48.72854,27.543207,86.728724,45.237699,282.31272,149.96242,268.40295,25.194525,15.106537,10.074142,22.647817,11.323668,7.5552,8.8080894,21.392546,3.7792939,11.338817,3.7787605,21.416878,35.289466,1.2543645,1.2593599,1.2592381,21.399496,18.890392,8.8197608,2.515127,1.2572882,1.2559428,1.2567217,0.0034700695,0.00069403072,0.0020820641,0.00069407126,0.0020825008
36.436436,94.938683,48.728967,27.542339,86.719121,45.232913,282.26602,149.93776,268.35855,25.190443,15.104212,10.072443,22.64419,11.321858,7.5539179,8.8067347,21.389055,3.7786677,11.336923,3.778161,21.4134,35.283497,1.2542709,1.2591691,1.2590473,21.396055,18.887235,8.8183018,2.5148148,1.257139,1.2558213,1.2565863,0.0034006321,0.00068014294,0.0020404012,0.00068018279,0.0020408305
36.536537,94.939908,48.729386,27.541489,86.709707,45.228222,282.22026,149.91358,268.31503,25.186442,15.101933,10.070777,22.640634,11.320084,7.5526613,8.8054068,21.385633,3.7780538,11.335067,3.7775734,21.409991,35.277645,1.2541792,1.258982,1.2588603,21.392683,18.884141,8.8168716,2.5145088,1.2569927,1.2557022,1.2564535,0.0033325673,0.0006665297,0.001999562,0.00066656886,0.0019999838
36.636637,94.941109,48.729797,27.540655,86.700481,45.223624,282.1754,149.88989,268.27237,25.182521,15.0997,10.069146,22.63715,11.318345,7.5514298,8.8041053,21.382279,3.7774522,11.333248,3.7769974,21.40665,35.271909,1.2540893,1.2587986,1.258677,21.389377,18.881108,8.8154698,2.5142088,1.2568494,1.2555855,1.2563234,0.0032658541,0.00065318679,0.0019595337,0.00065322529,0.0019599483
36.736737,94.942287,48.730199,27.539838,86.691439,45.219118,282.13144,149.86668,268.23057,25.178678,15.097511,10.067547,22.633736,11.316642,7.550223,8.8028299,21.378992,3.7768626,11.331465,3.7764329,21.403376,35.266288,1.2540012,1.2586189,1.2584974,21.386137,18.878135,8.8140961,2.5139149,1.2567089,1.2554712,1.2561959,0.0032004729,0.00064011026,0.0019203046,0.0006401481,0.0019207121
36.836837,94.94344,48.730594,27.539038,86.682578,45.214702,282.08836,149.84393,268.1896,25.174913,15.095367,10.06598,22.630392,11.314973,7.5490406,8.8015801,21.375771,3.7762848,11.329719,3.7758798,21.400167,35.26078,1.2539149,1.2584429,1.2583214,21.382963,18.875222,8.8127499,2.5136269,1.2565712,1.2553591,1.256071,0.0031364046,0.00062729634,0.0018818633,0.00062733353,0.0018822637
36.936937,94.94457,48.73098,27.538253,86.673897,45.210376,282.04615,149.82164,268.14947,25.171225,15.093267,10.064445,22.627116,11.313338,7.5478822,8.8003556,21.372616,3.7757187,11.328007,3.7753378,21.397023,35.255383,1.2538303,1.2582703,1.2581489,21.379852,18.872368,8.8114309,2.5133447,1.2564363,1.2552493,1.2559486,0.0030736316,0.00061474148,0.0018441991,0.00061477803,0.0018445927
37.037037,94.945678,48.731358,27.537485,86.665392,45.206138,282.0048,149.7998,268.11016,25.167611,15.091209,10.062942,22.623907,11.311737,7.5467476,8.7991561,21.369525,3.7751642,11.32633,3.7748069,21.393943,35.250095,1.2537474,1.2581013,1.2579799,21.376805,18.869572,8.8101388,2.5130682,1.2563042,1.2551417,1.2558287,0.0030121372,0.00060244234,0.0018073022,0.00060247826,0.0018076889
37.137137,94.946762,48.731729,27.536732,86.657062,45.201987,281.96431,149.77841,268.07166,25.164072,15.089194,10.061469,22.620765,11.310169,7.5456364,8.7979813,21.366497,3.774621,11.324688,3.7742869,21.390927,35.244917,1.2536663,1.2579358,1.2578144,21.37382,18.866833,8.8088732,2.5127974,1.2561748,1.2550364,1.2557112,0.0029519057,0.00059039579,0.0017711629,0.00059043108,0.0017715431
37.237237,94.947824,48.732092,27.535995,86.648905,45.197922,281.92465,149.75747,268.03396,25.160607,15.087221,10.060028,22.617689,11.308634,7.5445484,8.7968309,21.363533,3.7740892,11.32308,3.7737777,21.387973,35.239845,1.2535868,1.2577737,1.2576524,21.370897,18.864152,8.8076339,2.5125322,1.2560481,1.2549332,1.2555962,0.0028929226,0.0005785989,0.0017357727,0.00057863359,0.0017361463
37.337337,94.948864,48.732448,27.535274,86.640918,45.193942,281.88582,149.73697,267.99705,25.157215,15.085289,10.058617,22.614678,11.307132,7.5434833,8.7957046,21.36063,3.7735684,11.321505,3.7732792,21.38508,35.23488,1.253509,1.257615,1.2574937,21.368035,18.861526,8.8064205,2.5122726,1.255924,1.2548322,1.2554836,0.0028351742,0.00056704898,0.0017011233,0.00056708307,0.0017014905
37.437437,94.949882,48.732795,27.534567,86.633101,45.190047,281.84782,149.7169,267.96092,25.153894,15.083398,10.057236,22.611731,11.305661,7.5424409,8.7946021,21.357789,3.7730587,11.319964,3.7727912,21.382249,35.23002,1.2534329,1.2574596,1.2573384,21.365234,18.858956,8.8052328,2.5120185,1.2558025,1.2547333,1.2553734,0.0027786481,0.00055574352,0.0016672074,0.00055577702,0.0016675682
37.537538,94.950878,48.733136,27.533876,86.625451,45.186235,281.81063,149.69726,267.92557,25.150645,15.081549,10.055885,22.608848,11.304223,7.5414209,8.7935234,21.35501,3.77256,11.318456,3.7723137,21.379479,35.225263,1.2533583,1.2573076,1.2571864,21.362492,18.856441,8.8040706,2.5117698,1.2556837,1.2546365,1.2552655,0.0027233329,0.00054468024,0.0016340179,0.00054471316,0.0016343725
37.637638,94.951852,48.733469,27.5332,86.617967,45.182506,281.77425,149.67805,267.89099,25.147467,15.079739,10.054563,22.606029,11.302815,7.5404233,8.7924681,21.35229,3.772072,11.316981,3.7718465,21.376769,35.22061,1.2532854,1.2571589,1.2570377,21.35981,18.85398,8.8029336,2.5115266,1.2555674,1.2545419,1.25516,0.0026692181,0.00053385705,0.0016015487,0.00053388941,0.0016018972
37.737738,94.952805,48.733795,27.532539,86.610648,45.178859,281.73867,149.65926,267.85717,25.14436,15.07797,10.053271,22.603273,11.30144,7.5394478,8.791436,21.349631,3.7715949,11.315538,3.7713896,21.374118,35.216059,1.2532141,1.2570134,1.2568923,21.357188,18.851574,8.8018216,2.5112886,1.2554537,1.2544493,1.2550568,0.0026162945,0.0005232721,0.0015697943,0.0005233039,0.0015701368
37.837838,94.953737,48.734113,27.531892,86.603493,45.175293,281.70388,149.6409,267.82411,25.141322,15.07624,10.052008,22.600579,11.300095,7.5384942,8.7904271,21.347031,3.7711284,11.314127,3.770943,21.371527,35.21161,1.2531444,1.2568712,1.2567501,21.354623,18.849221,8.8007345,2.511056,1.2553425,1.2543588,1.2549559,0.0025645538,0.00051292373,0.0015387495,0.00051295498,0.0015390861
37.937938,94.954662,48.73443,27.53125,86.596383,45.17175,281.66932,149.62265,267.79126,25.138303,15.074522,10.050752,22.597902,11.298759,7.5375466,8.7894246,21.344448,3.7706648,11.312726,3.7704991,21.368952,35.207189,1.2530752,1.2567299,1.2566088,21.352075,18.846884,8.7996542,2.5108249,1.2552321,1.2542689,1.2548556,0.0025131408,0.0005026409,0.0015079014,0.00050267162,0.0015082322
38.038038,94.955572,48.734741,27.530618,86.589392,45.168266,281.63533,149.6047,267.75896,25.135334,15.072832,10.049518,22.59527,11.297445,7.536615,8.7884388,21.341907,3.770209,11.311347,3.7700627,21.36642,35.202842,1.2530071,1.256591,1.2564699,21.349569,18.844585,8.798592,2.5105976,1.2551234,1.2541804,1.254757,0.0024625872,0.00049252996,0.001477569,0.00049256015,0.001477894
38.138138,94.956465,48.735046,27.529999,86.582537,45.164851,281.60201,149.58711,267.72729,25.132425,15.071176,10.048309,22.59269,11.296158,7.5357017,8.7874723,21.339417,3.7697621,11.309996,3.7696348,21.363938,35.19858,1.2529403,1.2564548,1.2563337,21.347112,18.842331,8.7975506,2.5103748,1.2550169,1.2540937,1.2546604,0.0024130223,0.00048261677,0.0014478298,0.00048264643,0.0014481492
38.238238,94.95734,48.735345,27.529392,86.575817,45.161502,281.56935,149.56986,267.69624,25.129572,15.069552,10.047123,22.590162,11.294896,7.5348065,8.7865248,21.336975,3.769324,11.308671,3.7692154,21.361504,35.194401,1.2528748,1.2563212,1.2562002,21.344703,18.840121,8.7965296,2.5101563,1.2549125,1.2540087,1.2545656,0.0023644301,0.00047289811,0.0014186741,0.00047292726,0.001418988
38.338338,94.958198,48.735638,27.528797,86.56923,45.15822,281.53732,149.55295,267.66581,25.126776,15.06796,10.045961,22.587684,11.293659,7.533929,8.785596,21.334582,3.7688946,11.307373,3.7688042,21.359118,35.190305,1.2528107,1.2561903,1.2560693,21.342342,18.837955,8.7955288,2.5099422,1.2548102,1.2539254,1.2544727,0.002316795,0.00046337089,0.0013900928,0.00046339953,0.0013904013
38.438438,94.959038,48.735926,27.528213,86.562772,45.155002,281.50593,149.53638,267.63599,25.124035,15.066401,10.044822,22.585255,11.292446,7.533069,8.7846856,21.332236,3.7684736,11.3061,3.7684011,21.356779,35.186289,1.2527478,1.256062,1.255941,21.340027,18.835832,8.7945477,2.5097323,1.2547099,1.2538437,1.2543817,0.0022701025,0.00045403217,0.001362077,0.00045406032,0.0013623801
38.538539,94.959862,48.736207,27.527641,86.556444,45.151849,281.47517,149.52014,267.60676,25.12135,15.064872,10.043706,22.582876,11.291259,7.5322262,8.7837933,21.329937,3.768061,11.304852,3.768006,21.354487,35.182354,1.2526861,1.2559362,1.2558153,21.337759,18.833751,8.7935861,2.5095265,1.2546115,1.2537637,1.2542924,0.0022243384,0.00044487916,0.0013346183,0.00044490682,0.0013349161
38.638639,94.96067,48.736483,27.527081,86.550241,45.148758,281.44502,149.50422,267.57811,25.118718,15.063374,10.042612,22.580545,11.290095,7.5314004,8.782919,21.327684,3.7676567,11.30363,3.7676189,21.352241,35.178496,1.2526257,1.255813,1.255692,21.335535,18.831711,8.7926438,2.5093249,1.2545152,1.2536852,1.254205,0.0021794896,0.00043590919,0.0013077087,0.00043593637,0.0013080014
38.738739,94.961461,48.736754,27.526532,86.544164,45.14573,281.41548,149.48862,267.55004,25.116139,15.061907,10.041541,22.578262,11.288955,7.5305914,8.7820622,21.325476,3.7672605,11.302432,3.7672395,21.35004,35.174717,1.2525665,1.2556922,1.2555713,21.333356,18.829712,8.7917205,2.5091274,1.2544207,1.2536083,1.2541193,0.0021355434,0.00042711976,0.0012813408,0.00042714647,0.0012816283
38.838839,94.962236,48.737019,27.525994,86.53821,45.142763,281.38654,149.47335,267.52255,25.113613,15.060469,10.040491,22.576025,11.287838,7.5297989,8.7812228,21.323314,3.7668724,11.301258,3.7668679,21.347883,35.171014,1.2525085,1.2555739,1.255453,21.331222,18.827754,8.7908158,2.5089338,1.2543282,1.253533,1.2540353,0.0020924881,0.00041850851,0.0012555073,0.00041853475,0.0012557899
38.938939,94.962996,48.737278,27.525467,86.532378,45.139857,281.35819,149.45838,267.49561,25.111139,15.059061,10.039463,22.573835,11.286745,7.5290227,8.7804007,21.321195,3.7664922,11.300108,3.7665038,21.345771,35.167387,1.2524517,1.2554579,1.2553371,21.329131,18.825836,8.7899297,2.5087442,1.2542376,1.2534592,1.2539531,0.0020503125,0.00041007319,0.0012302017,0.00041009898,0.0012304793
39.039039,94.963739,48.737533,27.524951,86.526665,45.137011,281.33043,149.44372,267.46924,25.108716,15.057682,10.038457,22.571691,11.285674,7.5282626,8.7795955,21.31912,3.7661198,11.298982,3.7661473,21.343702,35.163834,1.2523961,1.2553444,1.2552236,21.327082,18.823958,8.7890618,2.5085585,1.2541489,1.253387,1.2538725,0.0020090061,0.00040181175,0.0012054177,0.00040183708,0.0012056905
39.139139,94.964468,48.737782,27.524446,86.521072,45.134224,281.30324,149.42937,267.44341,25.106344,15.056332,10.037472,22.569592,11.284626,7.5275185,8.7788071,21.317089,3.7657553,11.29788,3.7657981,21.341676,35.160355,1.2523416,1.2552333,1.2551124,21.325077,18.822118,8.788212,2.5083767,1.254062,1.2533162,1.2537937,0.0019685595,0.00039372223,0.0011811494,0.00039374712,0.0011814175
39.239239,94.965181,48.738025,27.523951,86.515596,45.131496,281.27663,149.41532,267.41813,25.104022,15.055011,10.036507,22.567537,11.283601,7.5267901,8.7780353,21.3151,3.7653983,11.2968,3.7654564,21.339693,35.156949,1.2522883,1.2551244,1.2550036,21.323113,18.820317,8.78738,2.5081987,1.2539769,1.253247,1.2537164,0.0019289634,0.00038580284,0.0011573916,0.0003858273,0.0011576549
39.339339,94.965878,48.738264,27.523467,86.510237,45.128826,281.25058,149.40157,267.39339,25.101749,15.053718,10.035564,22.565528,11.282597,7.5260774,8.7772799,21.313154,3.765049,11.295744,3.7651219,21.337752,35.153616,1.2522361,1.2550179,1.2548971,21.321192,18.818555,8.7865658,2.5080245,1.2538936,1.2531792,1.2536409,0.0018902098,0.00037805194,0.0011341391,0.00037807597,0.0011343979
39.439439,94.966561,48.738497,27.522993,86.504994,45.126213,281.2251,149.38812,267.36919,25.099526,15.052454,10.034641,22.563562,11.281615,7.5253802,8.7765409,21.31125,3.7647072,11.294711,3.7647946,21.335853,35.150354,1.252185,1.2549137,1.2547929,21.319311,18.81683,8.7857691,2.507854,1.2538122,1.2531129,1.2535669,0.001852291,0.00037046801,0.0011113876,0.00037049162,0.0011116419
39.53954,94.967229,48.738726,27.52253,86.499865,45.123658,281.20017,149.37496,267.34551,25.097352,15.051217,10.033738,22.56164,11.280656,7.5246983,8.775818,21.309388,3.7643729,11.2937,3.7644744,21.333995,35.147164,1.252135,1.2548118,1.254691,21.317472,18.815143,8.7849898,2.5076873,1.2537325,1.253048,1.2534946,0.0018152003,0.00036304969,0.001089133,0.00036307289,0.0010893828
39.63964,94.967882,48.738949,27.522077,86.494849,45.121159,281.17579,149.36209,267.32236,25.095226,15.050007,10.032856,22.559761,11.279717,7.5240317,8.7751112,21.307567,3.764046,11.292711,3.7641614,21.332178,35.144044,1.2520862,1.2547121,1.2545913,21.315673,18.813493,8.7842278,2.5075242,1.2536545,1.2529845,1.2534239,0.0017789314,0.00035579576,0.0010673715,0.00035581856,0.001067617
39.73974,94.968521,48.739167,27.521634,86.489947,45.118716,281.15197,149.34952,267.29974,25.093148,15.048825,10.031993,22.557926,11.2788,7.5233803,8.7744204,21.305787,3.7637265,11.291745,3.7638554,21.330402,35.140994,1.2520385,1.2546147,1.2544939,21.313914,18.811881,8.7834829,2.5073649,1.2535784,1.2529225,1.2533547,0.0017434792,0.00034870514,0.0010460999,0.00034872755,0.0010463411
39.83984,94.969144,48.73938,27.521201,86.485157,45.11633,281.12869,149.33723,267.27763,25.091118,15.047671,10.031151,22.556133,11.277905,7.5227439,8.7737454,21.304048,3.7634143,11.2908,3.7635564,21.328667,35.138014,1.2519918,1.2545195,1.2543987,21.312196,18.810305,8.7827551,2.5072091,1.2535039,1.2528619,1.2532872,0.0017088388,0.0003417769,0.0010253154,0.00034179892,0.0010255525
39.93994,94.969753,48.739589,27.520778,86.480478,45.113999,281.10595,149.32523,267.25605,25.089136,15.046543,10.030329,22.554382,11.277031,7.5221225,8.7730862,21.302349,3.7631094,11.289878,3.7632644,21.326973,35.135104,1.2519463,1.2544265,1.2543057,21.310518,18.808766,8.7820443,2.507057,1.2534312,1.2528028,1.2532212,0.0016750063,0.00033501025,0.0010050157,0.00033503188,0.0010052487
40.04004,94.970348,48.739792,27.520366,86.475911,45.111724,281.08376,149.31351,267.23498,25.087201,15.045443,10.029526,22.552675,11.276178,7.521516,8.7724427,21.300691,3.7628118,11.288978,3.7629793,21.325318,35.132262,1.2519018,1.2543357,1.254215,21.30888,18.807264,8.7813504,2.5069086,1.2533603,1.252745,1.2531568,0.0016419785,0.00032840454,0.00098519887,0.0003284258,0.00098542775
40.14014,94.970936,48.739993,27.519958,86.471396,45.109474,281.06181,149.30193,267.21415,25.085289,15.044355,10.028733,22.550986,11.275334,7.5209165,8.7718065,21.299052,3.7625175,11.288088,3.7626975,21.323683,35.129453,1.2518578,1.254246,1.2541253,21.30726,18.805778,8.7806643,2.5067618,1.2532901,1.2526879,1.2530931,0.0016093264,0.00032187395,0.00096560736,0.00032189484,0.00096583226
40.24024,94.97152,48.740193,27.519553,86.466915,45.107242,281.04004,149.29044,267.19347,25.08339,15.043276,10.027945,22.549311,11.274498,7.5203215,8.7711751,21.297426,3.7622255,11.287205,3.7624178,21.32206,35.126665,1.2518142,1.2541569,1.2540362,21.305652,18.804304,8.7799834,2.5066161,1.2532205,1.2526312,1.2530299,0.00157692,0.00031539252,0.00094616332,0.00031541304,0.00094638428
40.34034,94.972092,48.740388,27.519156,86.462523,45.105054,281.01869,149.27917,267.17321,25.08153,15.042218,10.027174,22.54767,11.273678,7.5197384,8.7705563,21.295831,3.7619393,11.286339,3.7621437,21.320469,35.123933,1.2517714,1.2540696,1.2539489,21.304076,18.802859,8.7793161,2.5064733,1.2531523,1.2525756,1.252968,0.0015451598,0.00030904033,0.00092710699,0.00030906049,0.00092732409
40.44044,94.972652,48.74058,27.518767,86.458219,45.102909,280.99778,149.26814,267.15336,25.079707,15.041182,10.026418,22.546062,11.272874,7.5191671,8.7699499,21.294269,3.7616588,11.285491,3.7618751,21.31891,35.121255,1.2517295,1.2539841,1.2538634,21.302532,18.801443,8.7786622,2.5063334,1.2530854,1.2525212,1.2529073,0.0015140347,0.00030281517,0.00090843176,0.00030283498,0.00090864505
40.540541,94.973201,48.740767,27.518386,86.454002,45.100808,280.97728,149.25732,267.1339,25.077922,15.040166,10.025677,22.544487,11.272087,7.5186075,8.7693557,21.292738,3.7613839,11.28466,3.7616118,21.317382,35.11863,1.2516884,1.2539003,1.2537795,21.301018,18.800055,8.7780213,2.5061963,1.2530199,1.2524678,1.2528478,0.0014835341,0.00029671491,0.00089013123,0.00029673438,0.00089034079
40.640641,94.973739,48.740951,27.518013,86.449869,45.098749,280.9572,149.24672,267.11484,25.076172,15.039171,10.024952,22.542944,11.271317,7.5180592,8.7687734,21.291238,3.7611146,11.283845,3.7613539,21.315885,35.116059,1.2516482,1.2538181,1.2536974,21.299535,18.798696,8.7773934,2.506062,1.2529557,1.2524155,1.2527895,0.0014536479,0.00029073751,0.00087219928,0.00029075664,0.00087240517
40.740741,94.974267,48.741132,27.517647,86.44582,45.096732,280.93753,149.23634,267.09617,25.074458,15.038197,10.024241,22.541433,11.270562,7.5175221,8.768203,21.289769,3.7608508,11.283047,3.7611012,21.314418,35.113539,1.2516088,1.2537377,1.2536169,21.298082,18.797363,8.7767782,2.5059303,1.2528927,1.2523643,1.2527324,0.0014243661,0.00028488102,0.00085463003,0.00028489981,0.00085483231
40.840841,94.974783,48.741308,27.517289,86.441853,45.094756,280.91825,149.22617,267.07788,25.072779,15.037242,10.023545,22.539954,11.269823,7.516996,8.7676442,21.288329,3.7605923,11.282265,3.7608536,21.312981,35.111071,1.2515701,1.2536588,1.2535381,21.296658,18.796058,8.7761754,2.5058014,1.2528311,1.2523141,1.2526765,0.0013956794,0.00027914355,0.00083741785,0.00027916201,0.00083761658
40.940941,94.975289,48.741481,27.516938,86.437968,45.09282,280.89937,149.2162,267.05996,25.071134,15.036308,10.022864,22.538505,11.269099,7.5164808,8.7670968,21.286919,3.7603391,11.2815,3.7606111,21.311573,35.108653,1.2515323,1.2535816,1.2534609,21.295263,18.794779,8.775585,2.5056751,1.2527707,1.252265,1.2526217,0.0013675789,0.00027352331,0.00082055735,0.00027354145,0.0008207526
41.041041,94.975785,48.741651,27.516594,86.434162,45.090925,280.88088,149.20644,267.04241,25.069524,15.035392,10.022196,22.537087,11.26839,7.5159763,8.7665608,21.285538,3.7600911,11.28075,3.7603735,21.310194,35.106284,1.2514953,1.2535059,1.2533852,21.293897,18.793527,8.7750068,2.5055513,1.2527116,1.2522169,1.252568,0.0013400559,0.00026801859,0.00080404341,0.00026803641,0.00080423523
41.141141,94.97627,48.741817,27.516257,86.430435,45.089068,280.86277,149.19689,267.02523,25.067947,15.034496,10.021543,22.535699,11.267696,7.5154824,8.7660358,21.284185,3.7598483,11.280015,3.7601409,21.308844,35.103965,1.251459,1.2534319,1.2533111,21.292559,18.7923,8.7744404,2.5054302,1.2526537,1.2521697,1.2525155,0.0013131025,0.00026262776,0.00078787114,0.00026264527,0.00078805959
41.241241,94.976745,48.741979,27.515927,86.426786,45.08725,280.84504,149.18753,267.00841,25.066403,15.033619,10.020903,22.53434,11.267017,7.5149989,8.7655218,21.282861,3.7596105,11.279296,3.7599132,21.307522,35.101693,1.2514234,1.2533593,1.2532386,21.291249,18.791099,8.7738859,2.5053115,1.252597,1.2521235,1.252464,0.0012867107,0.00025734928,0.00077203592,0.00025736648,0.00077222106
41.341341,94.977211,48.742138,27.515605,86.423213,45.08547,280.82768,149.17837,266.99194,25.064892,15.03276,10.020278,22.533011,11.266353,7.5145256,8.7650186,21.281565,3.7593777,11.278592,3.7596902,21.306228,35.09947,1.2513887,1.2532883,1.2531676,21.289966,18.789923,8.7733431,2.5051954,1.2525415,1.2520783,1.2524136,0.0012608734,0.00025218169,0.00075653335,0.00025219859,0.00075671524
41.441441,94.977666,48.742294,27.515289,86.419716,45.083728,280.81069,149.16941,266.97582,25.063413,15.031919,10.019665,22.53171,11.265703,7.5140625,8.7645261,21.280296,3.7591499,11.277903,3.759472,21.304961,35.097293,1.2513546,1.2532188,1.2530981,21.28871,18.788772,8.7728117,2.5050817,1.2524871,1.2520341,1.2523643,0.0012355836,0.00024712361,0.00074135931,0.00024714021,0.00074153801
41.541542,94.978112,48.742446,27.51498,86.416294,45.082024,280.79406,149.16064,266.96005,25.061966,15.031097,10.019066,22.530438,11.265067,7.5136095,8.7640441,21.279055,3.7589269,11.277228,3.7592584,21.303721,35.095163,1.2513213,1.2531508,1.25303,21.287481,18.787646,8.7722917,2.5049704,1.252434,1.2519908,1.252316,0.0012108348,0.00024217374,0.00072650991,0.00024219005,0.00072668547
41.641642,94.978548,48.742596,27.514677,86.412946,45.080356,280.7778,149.15206,266.94462,25.06055,15.030293,10.01848,22.529194,11.264445,7.5131663,8.7635727,21.27784,3.7587088,11.276568,3.7590494,21.302508,35.093079,1.2512887,1.2530843,1.2529635,21.286279,18.786544,8.771783,2.5048616,1.2523819,1.2519485,1.2522688,0.0011866211,0.00023733088,0.00071198152,0.0002373469,0.000712154
41.741742,94.978974,48.742741,27.514381,86.409672,45.078725,280.76189,149.14366,266.92953,25.059166,15.029507,10.017907,22.527978,11.263837,7.512733,8.7631115,21.276652,3.7584955,11.275923,3.758845,21.301321,35.09104,1.2512568,1.2530192,1.2528984,21.285103,18.785466,8.7712853,2.5047551,1.2523311,1.251907,1.2522226,0.0011629368,0.00023259389,0.00069777076,0.00023260964,0.00069794021
41.841842,94.979391,48.742884,27.514092,86.406469,45.07713,280.74633,149.13545,266.91478,25.057813,15.028738,10.017347,22.52679,11.263243,7.5123094,8.7626606,21.275491,3.7582868,11.275292,3.7586452,21.300161,35.089046,1.2512257,1.2529555,1.2528347,21.283952,18.784411,8.7707987,2.504651,1.2522813,1.2518665,1.2521775,0.0011397766,0.00022796174,0.00068387448,0.0002279772,0.00068404096
41.941942,94.979799,48.743023,27.513809,86.403339,45.07557,280.73112,149.12743,266.90036,25.05649,15.027987,10.0168,22.525628,11.262662,7.5118954,8.7622198,21.274355,3.7580829,11.274675,3.7584498,21.299027,35.087097,1.2511952,1.2528933,1.2527725,21.282828,18.783381,8.770323,2.5045493,1.2522327,1.2518269,1.2521333,0.0011171357,0.00022343345,0.00067028982,0.00022344865,0.00067045338
42.042042,94.980197,48.74316,27.513533,86.40028,45.074046,280.71626,149.11959,266.88627,25.055198,15.027253,10.016265,22.524494,11.262095,7.5114909,8.761789,21.273246,3.7578836,11.274072,3.7582589,21.297918,35.085192,1.2511654,1.2528325,1.2527117,21.281728,18.782373,8.7698581,2.5044498,1.2521851,1.2517882,1.2520902,0.0010950098,0.00021900816,0.00065701413,0.00021902309,0.00065717482
42.142142,94.980586,48.743293,27.513263,86.397291,45.072558,280.70174,149.11193,266.87251,25.053935,15.026536,10.015743,22.523387,11.261542,7.511096,8.7613683,21.272162,3.7576889,11.273483,3.7580724,21.296835,35.083331,1.2511363,1.2527731,1.2526522,21.280655,18.781389,8.769404,2.5043526,1.2521387,1.2517504,1.252048,0.0010733949,0.00021468507,0.00064404502,0.00021469973,0.0006442029
42.242242,94.980967,48.743423,27.512999,86.394373,45.071104,280.68757,149.10446,266.85907,25.052703,15.025836,10.015234,22.522307,11.261001,7.5107104,8.7609574,21.271104,3.7574988,11.272908,3.7578903,21.295778,35.081514,1.2511079,1.2527151,1.2525942,21.279606,18.780428,8.7689605,2.5042578,1.2520933,1.2517135,1.2520068,0.0010522873,0.00021046346,0.00063138037,0.00021047787,0.00063153549
42.342342,94.981339,48.74355,27.512741,86.391515,45.069681,280.67369,149.09713,266.84591,25.051496,15.025151,10.014735,22.52125,11.260473,7.510333,8.7605552,21.270068,3.7573127,11.272345,3.7577119,21.294742,35.079734,1.2510801,1.2526583,1.2525374,21.278579,18.779487,8.7685262,2.5041648,1.2520489,1.2516773,1.2519665,0.0010316193,0.00020632975,0.00061897943,0.00020634391,0.00061913183
42.442442,94.98171,48.743677,27.512483,86.388663,45.06826,280.65983,149.08982,266.83278,25.050292,15.024467,10.014237,22.520194,11.259945,7.5099562,8.7601536,21.269033,3.7571269,11.271783,3.7575339,21.293708,35.077958,1.2510524,1.2526016,1.2524807,21.277553,18.778548,8.7680928,2.5040721,1.2520046,1.2516412,1.2519263,0.0010109887,0.00020220351,0.00060660089,0.00020221742,0.00060675061
42.542543,94.982074,48.743801,27.512231,86.385867,45.066868,280.64625,149.08266,266.81991,25.049112,15.023797,10.013749,22.51916,11.259428,7.5095871,8.7597601,21.26802,3.7569448,11.271232,3.7573595,21.292695,35.076217,1.2510252,1.252546,1.2524251,21.276549,18.777627,8.767668,2.5039812,1.2519612,1.2516059,1.2518869,0.00099077222,0.00019816012,0.00059447089,0.00019817379,0.00059461797
42.642643,94.982431,48.743923,27.511983,86.383129,45.065504,280.63295,149.07565,266.8073,25.047956,15.023141,10.013272,22.518148,11.258921,7.5092256,8.7593745,21.267027,3.7567664,11.270692,3.7571885,21.291703,35.074511,1.2509985,1.2524916,1.2523707,21.275564,18.776725,8.7672517,2.5038922,1.2519186,1.2515712,1.2518482,0.00097096209,0.000194198,0.00058258467,0.00019421142,0.00058272917
42.742743,94.982781,48.744043,27.511741,86.380445,45.064167,280.61991,149.06877,266.79495,25.046823,15.022498,10.012804,22.517157,11.258425,7.5088714,8.7589967,21.266054,3.7565916,11.270163,3.757021,21.29073,35.07284,1.2509724,1.2524382,1.2523173,21.274599,18.775841,8.7668439,2.5038049,1.2518769,1.2515373,1.2518104,0.0009515506,0.0001903156,0.00057093765,0.00019032879,0.00057107959
42.842843,94.983123,48.74416,27.511503,86.377815,45.062857,280.60714,149.06203,266.78284,25.045714,15.021868,10.012346,22.516186,11.25794,7.5085244,8.7586265,21.2651,3.7564203,11.269645,3.7568569,21.289777,35.071202,1.2509468,1.2523859,1.252265,21.273653,18.774975,8.7664442,2.5037194,1.251836,1.251504,1.2517733,0.00093253033,0.00018651145,0.00055952536,0.00018652441,0.0005596648
42.942943,94.983459,48.744275,27.511271,86.375239,45.061574,280.59462,149.05543,266.77099,25.044627,15.021252,10.011897,22.515235,11.257464,7.5081846,8.7582639,21.264166,3.7562525,11.269137,3.7566961,21.288843,35.069596,1.2509217,1.2523347,1.2522138,21.272726,18.774126,8.7660526,2.5036357,1.251796,1.2514714,1.251737,0.00091389411,0.00018278411,0.0005483435,0.00018279684,0.00054848048
43.043043,94.983787,48.744387,27.511043,86.372714,45.060317,280.58236,149.04897,266.75937,25.043562,15.020647,10.011457,22.514305,11.256998,7.5078518,8.7579086,21.263251,3.7560881,11.26864,3.7565386,21.287928,35.068024,1.2508972,1.2522845,1.2521636,21.271818,18.773294,8.765669,2.5035536,1.2517568,1.2514395,1.2517013,0.000895635,0.0001791322,0.00053738791,0.0001791447,0.00053752247
43.143143,94.98411,48.744498,27.510819,86.370241,45.059085,280.57035,149.04263,266.74799,25.042519,15.020056,10.011027,22.513393,11.256542,7.5075258,8.7575605,21.262355,3.755927,11.268153,3.7563842,21.287032,35.066483,1.2508731,1.2522354,1.2521144,21.270929,18.772479,8.7652931,2.5034732,1.2517183,1.2514082,1.2516665,0.00087774631,0.00017555437,0.00052665458,0.00017556665,0.00052678676
43.243243,94.984425,48.744605,27.5106,86.367818,45.057878,280.55858,149.03643,266.73685,25.041498,15.019476,10.010605,22.512501,11.256096,7.5072065,8.7572195,21.261477,3.7557692,11.267675,3.756233,21.286154,35.064973,1.2508495,1.2521872,1.2520662,21.270057,18.77168,8.7649249,2.5033944,1.2516807,1.2513775,1.2516323,0.00086022162,0.00017204934,0.00051613964,0.0001720614,0.00051626949
43.343343,94.984734,48.744711,27.510386,86.365445,45.056696,280.54706,149.03035,266.72593,25.040497,15.018909,10.010192,22.511628,11.255659,7.5068939,8.7568855,21.260616,3.7556147,11.267208,3.7560849,21.285293,35.063494,1.2508264,1.25214,1.252019,21.269203,18.770898,8.7645642,2.5033172,1.2516438,1.2513475,1.2515988,0.00084305471,0.00016861587,0.00050583938,0.00016862772,0.00050596693
43.443443,94.985037,48.744815,27.510176,86.36312,45.055539,280.53577,149.0244,266.71524,25.039518,15.018353,10.009788,22.510773,11.255231,7.5065878,8.7565583,21.259774,3.7554633,11.266749,3.7559399,21.284451,35.062046,1.2508038,1.2520938,1.2519728,21.268366,18.770132,8.7642108,2.5032416,1.2516077,1.2513181,1.251566,0.00082623963,0.00016525277,0.00049575022,0.00016526441,0.00049587552
43.543544,94.985334,48.744916,27.50997,86.360843,45.054405,280.52471,149.01857,266.70477,25.038558,15.017809,10.009393,22.509937,11.254812,7.5062881,8.7562379,21.258949,3.755315,11.266301,3.7557978,21.283625,35.060627,1.2507817,1.2520485,1.2519275,21.267547,18.769382,8.7638648,2.5031676,1.2515723,1.2512893,1.2515339,0.00080977069,0.00016195889,0.00048586874,0.00016197033,0.00048599183
43.643644,94.985624,48.745015,27.509769,86.358614,45.053294,280.51388,149.01286,266.69452,25.037619,15.017276,10.009005,22.509118,11.254402,7.5059947,8.7559242,21.258141,3.7551698,11.265861,3.7556586,21.282817,35.059237,1.25076,1.2520042,1.2518831,21.266744,18.768647,8.7635259,2.5030951,1.2515376,1.2512611,1.2515024,0.00079364241,0.00015873315,0.00047619166,0.00015874439,0.00047631258
43.743744,94.985909,48.745113,27.509571,86.35643,45.052207,280.50328,149.00727,266.68448,25.0367,15.016755,10.008626,22.508317,11.254001,7.5057076,8.755617,21.25735,3.7550277,11.265431,3.7555224,21.282025,35.057876,1.2507387,1.2519608,1.2518397,21.265958,18.767927,8.763194,2.5030241,1.2515037,1.2512334,1.2514716,0.00077784958,0.00015557451,0.00046671585,0.00015558554,0.00046683464
43.843844,94.986187,48.745208,27.509378,86.354293,45.051142,280.4929,149.0018,266.67465,25.0358,15.016245,10.008255,22.507533,11.253609,7.5054265,8.7553162,21.256575,3.7548885,11.26501,3.755389,21.28125,35.056544,1.2507179,1.2519183,1.2517972,21.265188,18.767222,8.7628691,2.5029546,1.2514705,1.2512064,1.2514415,0.00076238724,0.00015248196,0.00045743834,0.0001524928,0.00045755502
43.943944,94.98646,48.745301,27.509189,86.3522,45.0501,280.48274,148.99644,266.66503,25.034919,15.015746,10.007893,22.506766,11.253225,7.5051515,8.7550218,21.255817,3.7547522,11.264598,3.7552584,21.280492,35.05524,1.2506976,1.2518767,1.2517555,21.264435,18.766532,8.762551,2.5028866,1.251438,1.2511799,1.251412,0.00074725065,0.00014945456,0.00044835628,0.00014946521,0.0004484709
44.044044,94.986726,48.745392,27.509004,86.350152,45.049081,280.4728,148.9912,266.65562,25.034057,15.015257,10.007538,22.506017,11.25285,7.5048824,8.7547337,21.255075,3.7546189,11.264194,3.7551306,21.279749,35.053963,1.2506777,1.251836,1.2517148,21.263697,18.765857,8.7622397,2.50282,1.2514062,1.251154,1.2513831,0.00073243532,0.00014649141,0.00043946698,0.00014650188,0.00043957958
44.144144,94.986987,48.745482,27.508823,86.348148,45.048083,280.46306,148.98607,266.64641,25.033214,15.014779,10.00719,22.505284,11.252483,7.5046192,8.7544517,21.254349,3.7544884,11.263799,3.7550055,21.279023,35.052713,1.2506582,1.2517961,1.2516749,21.262975,18.765196,8.7619351,2.5027548,1.251375,1.2511286,1.2513548,0.00071793703,0.00014359168,0.0004307679,0.00014360196,0.00043087852
44.244244,94.987243,48.745569,27.508646,86.346187,45.047106,280.45354,148.98105,266.63741,25.032389,15.014312,10.006851,22.504567,11.252124,7.5043618,8.7541759,21.253639,3.7543607,11.263413,3.7548831,21.278311,35.05149,1.2506391,1.2517571,1.2516359,21.262268,18.764549,8.761637,2.5026911,1.2513445,1.2511038,1.2513271,0.00070375179,0.00014075456,0.00042225666,0.00014076465,0.00042236532
44.344344,94.987493,48.745655,27.508473,86.344269,45.046151,280.44423,148.97614,266.6286,25.031582,15.013855,10.006519,22.503867,11.251773,7.5041101,8.753906,21.252944,3.7542358,11.263035,3.7547634,21.277616,35.050294,1.2506204,1.251719,1.2515977,21.261577,18.763916,8.7613454,2.5026287,1.2513147,1.2510796,1.2513001,0.00068987584,0.00013797929,0.00041393099,0.00013798921,0.00041403774
44.444444,94.987737,48.745738,27.508303,86.342393,45.045217,280.43512,148.97134,266.61998,25.030794,15.013408,10.006195,22.503182,11.25143,7.5038641,8.7536422,21.252265,3.7541137,11.262665,3.7546464,21.276936,35.049124,1.2506022,1.2516817,1.2515604,21.2609,18.763297,8.7610602,2.5025677,1.2512856,1.2510558,1.2512736,0.00067630568,0.00013526519,0.0004057888,0.00013527493,0.00040589367
44.544545,94.987976,48.74582,27.508138,86.340559,45.044304,280.42622,148.96665,266.61156,25.030023,15.012971,10.005878,22.502514,11.251095,7.5036236,8.7533842,21.2516,3.7539943,11.262304,3.7545319,21.276271,35.04798,1.2505844,1.2516452,1.2515239,21.260239,18.762692,8.7607814,2.502508,1.2512571,1.2510326,1.2512477,0.00066303806,0.00013261159,0.00039782813,0.00013262117,0.00039793116
44.644645,94.988213,48.745901,27.507974,86.338742,45.043399,280.4174,148.962,266.60322,25.029259,15.012539,10.005564,22.501852,11.250763,7.5033855,8.7531287,21.250942,3.753876,11.261946,3.7544186,21.275612,35.046847,1.2505667,1.2516091,1.2514878,21.259584,18.762092,8.7605052,2.502449,1.2512288,1.2510096,1.2512221,0.00064989593,0.0001299831,0.00038994276,0.0001299925,0.00039004397
44.744745,94.988446,48.745981,27.507812,86.336955,45.042509,280.40873,148.95743,266.59501,25.028509,15.012114,10.005255,22.501202,11.250437,7.5031514,8.7528774,21.250295,3.7537597,11.261594,3.7543071,21.274964,35.045733,1.2505493,1.2515736,1.2514522,21.25894,18.761503,8.7602336,2.5023909,1.251201,1.250987,1.2511969,0.00063696892,0.00012739763,0.00038218646,0.00012740687,0.00038228588
44.844845,94.988674,48.746059,27.507654,86.335204,45.041637,280.40022,148.95295,266.58697,25.027773,15.011697,10.004953,22.500564,11.250118,7.5029219,8.752631,21.249661,3.7536457,11.261249,3.7541978,21.274328,35.04464,1.2505323,1.2515388,1.2514174,21.258308,18.760924,8.7599673,2.5023339,1.2511738,1.2509649,1.2511722,0.00062429718,0.00012486321,0.00037458333,0.00012487229,0.00037468098
44.944945,94.988897,48.746135,27.507499,86.333487,45.040782,280.39189,148.94855,266.57909,25.027052,15.011289,10.004656,22.49994,11.249805,7.5026971,8.7523896,21.249039,3.7535339,11.26091,3.7540906,21.273706,35.043569,1.2505156,1.2515046,1.2513832,21.257688,18.760358,8.7597062,2.5022781,1.2511471,1.2509431,1.251148,0.00061187574,0.00012237886,0.00036713038,0.00012238777,0.0003672263
45.045045,94.989117,48.74621,27.507347,86.331803,45.039944,280.38372,148.94425,266.57137,25.026345,15.010889,10.004366,22.499329,11.249499,7.5024769,8.7521529,21.24843,3.7534244,11.260579,3.7539856,21.273095,35.042518,1.2504992,1.2514711,1.2513497,21.257081,18.759802,8.7594504,2.5022233,1.251121,1.2509218,1.2511242,0.00059969982,0.00011994361,0.00035982474,0.00011995236,0.00035991896
45.145145,94.989332,48.746284,27.507198,86.330154,45.039123,280.37571,148.94003,266.5638,25.025653,15.010497,10.004082,22.498731,11.249199,7.5022611,8.7519209,21.247833,3.753317,11.260254,3.7538826,21.272497,35.041489,1.2504832,1.2514383,1.2513169,21.256485,18.759257,8.7591995,2.5021697,1.2510953,1.250901,1.2511009,0.00058776479,0.00011755654,0.00035266363,0.00011756514,0.00035275618
45.245245,94.989542,48.746356,27.507052,86.328537,45.038318,280.36786,148.93589,266.55638,25.024974,15.010113,10.003803,22.498145,11.248905,7.5020497,8.7516935,21.247247,3.7532117,11.259935,3.7537817,21.27191,35.04048,1.2504675,1.2514062,1.2512847,21.255902,18.758723,8.7589537,2.5021171,1.2510702,1.2508805,1.2510781,0.0005760662,0.00011521675,0.00034564439,0.0001152252,0.0003457353
45.345345,94.989749,48.746426,27.506909,86.326952,45.037529,280.36017,148.93184,266.54911,25.024309,15.009737,10.003531,22.497571,11.248617,7.5018425,8.7514707,21.246674,3.7531086,11.259623,3.7536828,21.271335,35.039491,1.2504521,1.2513747,1.2512531,21.255329,18.7582,8.7587127,2.5020656,1.2510456,1.2508604,1.2510558,0.00056459976,0.0001129234,0.00033876445,0.0001129317,0.00033885374
45.445445,94.989951,48.746496,27.506768,86.325398,45.036756,280.35263,148.92787,266.54199,25.023658,15.009369,10.003264,22.497009,11.248335,7.5016396,8.7512523,21.246111,3.7530075,11.259317,3.7535859,21.270772,35.038521,1.250437,1.2513438,1.2512222,21.254768,18.757687,8.7584765,2.502015,1.2510214,1.2508408,1.2510338,0.00055336136,0.00011067566,0.00033202133,0.00011068382,0.00033210904
45.545546,94.99015,48.746563,27.506631,86.323876,45.035998,280.34524,148.92398,266.53501,25.02302,15.009008,10.003002,22.496458,11.248059,7.5014408,8.7510382,21.24556,3.7529084,11.259017,3.7534909,21.270219,35.037571,1.2504222,1.2513135,1.2511919,21.254218,18.757184,8.758245,2.5019655,1.2509978,1.2508215,1.2510124,0.00054234706,0.00010847274,0.00032541267,0.00010848075,0.00032549882
45.645646,94.990344,48.74663,27.506496,86.322384,45.035255,280.338,148.92016,266.52817,25.022394,15.008654,10.002746,22.49592,11.247789,7.5012461,8.7508285,21.245021,3.7528113,11.258723,3.7533978,21.269678,35.036639,1.2504077,1.2512838,1.2511622,21.253679,18.756691,8.7580182,2.501917,1.2509746,1.2508026,1.2509913,0.00053155309,0.00010631389,0.00031893621,0.00010632176,0.00031902083
45.745746,94.990534,48.746695,27.506364,86.320922,45.034527,280.3309,148.91642,266.52147,25.021782,15.008308,10.002495,22.495392,11.247525,7.5010554,8.7506229,21.244491,3.7527162,11.258435,3.7533066,21.269148,35.035726,1.2503934,1.2512548,1.2511331,21.253151,18.756208,8.7577958,2.5018695,1.2509519,1.2507841,1.2509707,0.00052097584,0.00010419838,0.00031258978,0.00010420611,0.0003126729
45.845846,94.990721,48.746759,27.506234,86.31949,45.033814,280.32395,148.91276,266.5149,25.021182,15.007968,10.002249,22.494876,11.247266,7.5008687,8.7504216,21.243973,3.752623,11.258153,3.7532172,21.268628,35.034832,1.2503795,1.2512263,1.2511046,21.252633,18.755734,8.757578,2.5018229,1.2509296,1.250766,1.2509505,0.00051061187,0.00010212553,0.00030637132,0.00010213312,0.00030645296
45.945946,94.990904,48.746822,27.506108,86.318086,45.033115,280.31714,148.90917,266.50847,25.020594,15.007636,10.002008,22.494371,11.247012,7.5006858,8.7502243,21.243465,3.7525316,11.257876,3.7531296,21.268119,35.033955,1.2503659,1.2511984,1.2510766,21.252126,18.75527,8.7573646,2.5017772,1.2509078,1.2507482,1.2509307,0.00050045793,0.00010009469,0.00030027888,0.00010010214,0.00030035908
46.046046,94.991083,48.746883,27.505984,86.316711,45.032431,280.31047,148.90566,266.50217,25.020019,15.007311,10.001773,22.493877,11.246764,7.5005068,8.7500311,21.242968,3.7524422,11.257605,3.7530438,21.26762,35.033097,1.2503525,1.251171,1.2510493,21.251629,18.754816,8.7571555,2.5017325,1.2508864,1.2507308,1.2509113,0.00049051092,9.810523e-05,0.0002943106,9.8112552e-05,0.00029438937
46.146146,94.991259,48.746943,27.505862,86.315365,45.031761,280.30394,148.90222,266.496,25.019455,15.006993,10.001542,22.493393,11.246522,7.5003315,8.7498418,21.242481,3.7523546,11.25734,3.7529598,21.267131,35.032255,1.2503394,1.2511442,1.2510224,21.251141,18.754371,8.7569507,2.5016887,1.2508655,1.2507138,1.2508922,0.00048076791,9.6156575e-05,0.00028846473,9.6163767e-05,0.0002885421
46.246246,94.99143,48.747002,27.505743,86.314046,45.031104,280.29754,148.89885,266.48996,25.018903,15.006681,10.001317,22.49292,11.246284,7.50016,8.7496565,21.242004,3.7522688,11.25708,3.7528775,21.266652,35.031432,1.2503266,1.251118,1.2509962,21.250664,18.753935,8.7567502,2.5016458,1.250845,1.2506971,1.2508736,0.00047122616,9.4248172e-05,0.00028273961,9.4255237e-05,0.0002828156
46.346346,94.991599,48.747059,27.505626,86.312755,45.030461,280.29127,148.89555,266.48405,25.018363,15.006376,10.001096,22.492458,11.246052,7.4999921,8.749475,21.241537,3.7521848,11.256826,3.752797,21.266184,35.030625,1.2503141,1.2510923,1.2509705,21.250197,18.753507,8.7565538,2.5016038,1.2508249,1.2506808,1.2508554,0.00046188308,9.2379504e-05,0.00027713369,9.2386443e-05,0.00027720834
46.446446,94.991763,48.747116,27.505512,86.311491,45.029832,280.28514,148.89232,266.47826,25.017835,15.006078,10.00088,22.492006,11.245825,7.4998278,8.7492973,21.24108,3.7521025,11.256577,3.7527181,21.265725,35.029835,1.2503018,1.2510672,1.2509453,21.249739,18.753089,8.7563615,2.5015627,1.2508052,1.2506648,1.2508376,0.00045273625,9.0550088e-05,0.00027164553,9.0556904e-05,0.00027171885
46.546547,94.991925,48.747171,27.5054,86.310253,45.029216,280.27913,148.88916,266.4726,25.017318,15.005786,10.000669,22.491563,11.245603,7.4996672,8.7491235,21.240632,3.752022,11.256333,3.7526409,21.265276,35.029061,1.2502898,1.2510426,1.2509206,21.249291,18.75268,8.7561733,2.5015225,1.250786,1.2506491,1.2508201,0.00044378344,8.8759476e-05,0.00026627377,8.8766171e-05,0.0002663458
46.646647,94.992082,48.747225,27.505291,86.309042,45.028614,280.27326,148.88607,266.46706,25.016812,15.005501,10.000462,22.491131,11.245386,7.4995101,8.7489534,21.240194,3.7519433,11.256095,3.7525653,21.264836,35.028305,1.250278,1.2510185,1.2508965,21.248853,18.752279,8.7559892,2.5014831,1.2507672,1.2506338,1.250803,0.00043502257,8.7007252e-05,0.00026101718,8.7013829e-05,0.00026108793
46.746747,94.992237,48.747278,27.505184,86.307858,45.028024,280.26751,148.88304,266.46164,25.016318,15.005221,10.000261,22.490709,11.245174,7.4993565,8.7487869,21.239766,3.7518662,11.255861,3.7524914,21.264406,35.027564,1.2502665,1.2509949,1.2508729,21.248423,18.751887,8.755809,2.5014446,1.2507488,1.2506188,1.2507863,0.00042645174,8.5293037e-05,0.00025587462,8.5299497e-05,0.00025594412
46.846847,94.992389,48.74733,27.505078,86.306692,45.027444,280.26186,148.88006,266.45631,25.015831,15.004947,10.000062,22.490294,11.244965,7.4992053,8.7486231,21.239344,3.7517904,11.255631,3.7524187,21.263983,35.026835,1.2502552,1.2509717,1.2508497,21.248001,18.751501,8.7556316,2.5014066,1.2507306,1.250604,1.2507698,0.00041801198,8.3605038e-05,0.0002508107,8.3611385e-05,0.00025087897
46.946947,94.992539,48.747381,27.504974,86.305538,45.02687,280.25626,148.87712,266.45103,25.015349,15.004675,9.9998659,22.489884,11.244759,7.4990558,8.748461,21.238927,3.7517153,11.255404,3.7523467,21.263564,35.026114,1.250244,1.2509488,1.2508267,21.247582,18.751119,8.7554561,2.5013691,1.2507127,1.2505894,1.2507536,0.00040966588,8.1935771e-05,0.00024580298,8.1942004e-05,0.00024587003
47.047047,94.992687,48.747431,27.504872,86.304407,45.026307,280.25077,148.87423,266.44586,25.014878,15.004409,9.9996735,22.489482,11.244557,7.4989093,8.7483021,21.238519,3.7516418,11.255181,3.7522761,21.263153,35.025406,1.250233,1.2509263,1.2508042,21.247172,18.750745,8.7552841,2.5013323,1.2506951,1.2505751,1.2507376,0.00040148155,8.0298858e-05,0.00024089232,8.0304981e-05,0.00024095817
47.147147,94.992831,48.747481,27.504772,86.303298,45.025755,280.24539,148.8714,266.44079,25.014415,15.004148,9.9994851,22.489088,11.244359,7.4987658,8.7481463,21.238118,3.7515696,11.254963,3.7522069,21.26275,35.024713,1.2502222,1.2509042,1.2507821,21.24677,18.750377,8.7551154,2.5012963,1.2506779,1.2505611,1.250722,0.00039345612,7.8693727e-05,0.000236077,7.869974e-05,0.00023614168
47.247247,94.992973,48.747529,27.504674,86.302211,45.025213,280.24012,148.86862,266.43582,25.013962,15.003893,9.9993005,22.488703,11.244165,7.4986251,8.7479936,21.237725,3.7514989,11.254749,3.7521391,21.262355,35.024032,1.2502117,1.2508826,1.2507604,21.246375,18.750017,8.7549499,2.5012609,1.250661,1.2505473,1.2507066,0.00038558684,7.7119826e-05,0.00023135537,7.7125732e-05,0.0002314189
47.347347,94.993112,48.747577,27.504577,86.301144,45.024683,280.23495,148.8659,266.43094,25.013517,15.003642,9.9991197,22.488325,11.243975,7.4984873,8.7478438,21.237339,3.7514296,11.254539,3.7520725,21.261968,35.023365,1.2502013,1.2508614,1.2507392,21.245988,18.749664,8.7547877,2.5012262,1.2506444,1.2505338,1.2506916,0.00037787108,7.5576632e-05,0.00022672586,7.5582432e-05,0.00022678825
47.447447,94.993248,48.747624,27.504483,86.300099,45.024163,280.22988,148.86323,266.42617,25.013082,15.003397,9.9989426,22.487956,11.24379,7.4983523,8.747697,21.236962,3.7513616,11.254333,3.7520073,21.261588,35.022711,1.2501912,1.2508406,1.2507183,21.245609,18.749317,8.7546287,2.5011922,1.2506282,1.2505206,1.2506768,0.00037030635,7.4063643e-05,0.00022218697,7.406934e-05,0.00022224825
47.547548,94.993382,48.747669,27.50439,86.299074,45.023653,280.22491,148.86062,266.42148,25.012655,15.003157,9.9987691,22.487594,11.243608,7.49822,8.747553,21.236591,3.751295,11.254131,3.7519434,21.261216,35.02207,1.2501812,1.2508202,1.2506979,21.245237,18.748978,8.7544727,2.5011589,1.2506122,1.2505076,1.2506623,0.00036289027,7.2580383e-05,0.00021773726,7.2585979e-05,0.00021779744
47.647648,94.993513,48.747714,27.5043,86.29807,45.023153,280.22003,148.85805,266.4169,25.012237,15.002921,9.9985992,22.48724,11.24343,7.4980904,8.7474119,21.236228,3.7512296,11.253933,3.7518807,21.260851,35.021441,1.2501715,1.2508002,1.2506779,21.244872,18.748644,8.7543199,2.5011262,1.2505966,1.2504949,1.2506482,0.00035562057,7.1126403e-05,0.00021337539,7.1131899e-05,0.0002134345
47.747748,94.993641,48.747758,27.504211,86.297085,45.022663,280.21526,148.85554,266.4124,25.011827,15.00269,9.9984329,22.486894,11.243255,7.4979635,8.7472737,21.235873,3.7511656,11.253739,3.7518193,21.260494,35.020825,1.2501619,1.2507806,1.2506582,21.244514,18.748318,8.7541701,2.5010942,1.2505813,1.2504824,1.2506343,0.00034849514,6.9701275e-05,0.00020910007,6.9706673e-05,0.00020915813
47.847848,94.993767,48.747801,27.504124,86.29612,45.022183,280.21058,148.85308,266.40799,25.011426,15.002465,9.99827,22.486555,11.243085,7.4978392,8.7471382,21.235524,3.7511029,11.253549,3.7517591,21.260143,35.020221,1.2501525,1.2507614,1.250639,21.244163,18.747998,8.7540232,2.5010628,1.2505663,1.2504702,1.2506206,0.00034151195,6.8304598e-05,0.00020491011,6.83099e-05,0.00020496712
47.947948,94.99389,48.747843,27.504038,86.295175,45.021712,280.206,148.85067,266.40368,25.011033,15.002243,9.9981105,22.486223,11.242918,7.4977175,8.7470054,21.235183,3.7510414,11.253363,3.7517001,21.259799,35.019629,1.2501434,1.2507426,1.2506202,21.243819,18.747684,8.7538794,2.501032,1.2505516,1.2504582,1.2506073,0.00033466913,6.6935996e-05,0.00020080437,6.6941202e-05,0.00020086036
48.048048,94.994011,48.747885,27.503955,86.294248,45.021251,280.2015,148.8483,266.39945,25.010648,15.002027,9.9979545,22.485899,11.242754,7.4975984,8.7468753,21.234848,3.7509812,11.25318,3.7516423,21.259463,35.019049,1.2501344,1.2507242,1.2506017,21.243482,18.747377,8.7537384,2.5010019,1.2505372,1.2504465,1.2505942,0.00032796492,6.5595115e-05,0.00019678179,6.5600228e-05,0.00019683678
48.148148,94.994129,48.747925,27.503873,86.293341,45.0208,280.1971,148.84599,266.39531,25.010271,15.001815,9.9978018,22.485581,11.242595,7.4974817,8.7467479,21.23452,3.7509222,11.253001,3.7515856,21.259133,35.01848,1.2501256,1.2507061,1.2505836,21.243152,18.747076,8.7536003,2.5009724,1.2505231,1.250435,1.2505814,0.00032139768,6.4281628e-05,0.00019284139,6.428665e-05,0.0001928954
48.248248,94.994245,48.747965,27.503792,86.292452,45.020358,280.19279,148.84372,266.39126,25.009902,15.001607,9.9976525,22.485271,11.242438,7.4973676,8.7466232,21.2342,3.7508644,11.252826,3.7515302,21.25881,35.017923,1.2501169,1.2506884,1.2505659,21.242828,18.746781,8.753465,2.5009434,1.2505093,1.2504238,1.2505689,0.00031496589,6.2995233e-05,0.00018898227,6.3000166e-05,0.00018903532
48.348348,94.994358,48.748004,27.503714,86.291582,45.019925,280.18858,148.8415,266.38729,25.009541,15.001404,9.9975064,22.484968,11.242286,7.497256,8.746501,21.233885,3.7508079,11.252655,3.7514759,21.258494,35.017378,1.2501085,1.2506711,1.2505485,21.242511,18.746492,8.7533326,2.5009151,1.2504957,1.2504127,1.2505566,0.00030866817,6.1735652e-05,0.00018520358,6.1740496e-05,0.00018525569
48.448448,94.994469,48.748042,27.503637,86.29073,45.019501,280.18445,148.83933,266.38341,25.009188,15.001206,9.9973635,22.484672,11.242136,7.4971468,8.7463815,21.233578,3.7507525,11.252487,3.7514228,21.258184,35.016844,1.2501002,1.2506542,1.2505315,21.242201,18.746209,8.753203,2.5008874,1.2504825,1.250402,1.2505445,0.00030250324,6.050263e-05,0.00018150458,6.0507388e-05,0.00018155575
48.548549,94.994578,48.748079,27.503562,86.289896,45.019086,280.18041,148.83721,266.37961,25.008843,15.001012,9.9972239,22.484383,11.241991,7.49704,8.7462645,21.233277,3.7506984,11.252323,3.7513708,21.257881,35.016322,1.2500922,1.2506376,1.2505149,21.241897,18.745932,8.7530761,2.5008603,1.2504695,1.2503914,1.2505328,0.00029646997,5.929594e-05,0.00017788457,5.9300613e-05,0.00017793483
48.648649,94.994684,48.748115,27.503488,86.289081,45.01868,280.17645,148.83513,266.3759,25.008505,15.000822,9.9970875,22.4841,11.241848,7.4969357,8.74615,21.232983,3.7506454,11.252162,3.7513199,21.257585,35.01581,1.2500842,1.2506214,1.2504986,21.241599,18.745661,8.7529519,2.5008338,1.2504568,1.2503811,1.2505213,0.00029056732,5.8115377e-05,0.00017434294,5.8119967e-05,0.0001743923
48.748749,94.994788,48.748151,27.503416,86.288283,45.018284,280.17259,148.83309,266.37226,25.008175,15.000637,9.9969543,22.483824,11.241709,7.4968337,8.7460381,21.232695,3.7505935,11.252005,3.7512701,21.257294,35.01531,1.2500765,1.2506055,1.2504827,21.241308,18.745395,8.7528305,2.5008078,1.2504444,1.250371,1.25051,0.00028479442,5.6960762e-05,0.00017087915,5.696527e-05,0.00017092763
48.848849,94.99489,48.748186,27.503345,86.287504,45.017896,280.16881,148.83111,266.36871,25.007852,15.000456,9.9968242,22.483555,11.241574,7.4967342,8.7459287,21.232414,3.7505429,11.251851,3.7512215,21.257011,35.014821,1.2500689,1.25059,1.2504671,21.241024,18.745136,8.7527118,2.5007824,1.2504323,1.2503611,1.250499,0.00027915048,5.5831941e-05,0.00016749274,5.5836369e-05,0.00016754036
48.948949,94.994989,48.74822,27.503277,86.286742,45.017517,280.16511,148.82917,266.36524,25.007537,15.000279,9.9966973,22.483293,11.241441,7.496637,8.7458218,21.232139,3.7504934,11.251701,3.7511739,21.256734,35.014343,1.2500616,1.2505748,1.2504519,21.240745,18.744883,8.7525958,2.5007577,1.2504205,1.2503515,1.2504882,0.00027363485,5.4728783e-05,0.00016418332,5.4733132e-05,0.00016423009
49.049049,94.995087,48.748253,27.503209,86.285995,45.017145,280.1615,148.82727,266.36185,25.007228,15.000106,9.9965731,22.483037,11.241312,7.4965418,8.745717,21.23187,3.7504449,11.251554,3.7511274,21.256462,35.013874,1.2500543,1.2505599,1.250437,21.240473,18.744634,8.7524821,2.5007334,1.2504089,1.250342,1.2504777,0.00026823157,5.3648095e-05,0.00016094131,5.3652366e-05,0.00016098725
49.149149,94.995185,48.748287,27.503141,86.285237,45.016768,280.15782,148.82533,266.3584,25.006915,14.99993,9.9964468,22.482776,11.24118,7.4964451,8.7456106,21.231596,3.7503956,11.251405,3.75108,21.256186,35.013398,1.250047,1.2505448,1.2504219,21.240195,18.744382,8.7523667,2.5007087,1.2503971,1.2503324,1.250467,0.00026274105,5.2549958e-05,0.00015764696,5.2554153e-05,0.00015769206
49.249249,94.995283,48.74832,27.503073,86.284492,45.016398,280.15421,148.82344,266.35501,25.006607,14.999758,9.9963229,22.48252,11.241051,7.4963501,8.7455061,21.231327,3.7503472,11.251258,3.7510336,21.255915,35.012931,1.2500397,1.25053,1.250407,21.239923,18.744134,8.7522533,2.5006844,1.2503855,1.250323,1.2504565,0.00025735064,5.1471844e-05,0.00015441267,5.1475962e-05,0.00015445695
49.349349,94.995378,48.748353,27.503007,86.283761,45.016034,280.15067,148.82157,266.35168,25.006305,14.999588,9.9962014,22.482269,11.240925,7.496257,8.7454035,21.231064,3.7502997,11.251114,3.750988,21.25565,35.012472,1.2500327,1.2505155,1.2503924,21.239656,18.743891,8.7521419,2.5006607,1.2503741,1.2503137,1.2504461,0.00025205877,5.041344e-05,0.00015123751,5.0417484e-05,0.00015128099
49.449449,94.995471,48.748385,27.502943,86.283043,45.015677,280.14719,148.81975,266.34842,25.006009,14.999422,9.9960823,22.482024,11.2408,7.4961657,8.7453028,21.230805,3.7502531,11.250973,3.7509432,21.255388,35.012022,1.2500257,1.2505012,1.2503781,21.239393,18.743652,8.7520327,2.5006373,1.2503629,1.2503046,1.250436,0.000246864,4.9374456e-05,0.0001481206,4.9378427e-05,0.0001481633
49.54955,94.995563,48.748416,27.502879,86.282339,45.015327,280.14378,148.81795,266.34521,25.005718,14.999259,9.9959655,22.481783,11.240679,7.4960761,8.745204,21.230551,3.7502073,11.250834,3.7508993,21.255132,35.011579,1.2500189,1.2504872,1.250364,21.239136,18.743417,8.7519254,2.5006144,1.250352,1.2502957,1.2504261,0.00024176496,4.8354618e-05,0.00014506114,4.8358517e-05,0.00014510306
49.64965,94.995653,48.748447,27.502817,86.281647,45.014983,280.14043,148.81619,266.34207,25.005433,14.9991,9.995851,22.481547,11.24056,7.4959883,8.745107,21.230302,3.7501624,11.250698,3.7508561,21.254881,35.011145,1.2500122,1.2504734,1.2503502,21.238882,18.743187,8.7518201,2.5005919,1.2503412,1.250287,1.2504163,0.00023676038,4.7353672e-05,0.00014205835,4.73575e-05,0.00014209952
49.74975,94.995742,48.748477,27.502755,86.280969,45.014645,280.13714,148.81446,266.33899,25.005153,14.998943,9.9957388,22.481316,11.240443,7.4959022,8.7450118,21.230057,3.7501184,11.250564,3.7508138,21.254634,35.010719,1.2500056,1.2504599,1.2503367,21.238634,18.742961,8.7517168,2.5005698,1.2503307,1.2502784,1.2504067,0.00023184908,4.6371383e-05,0.00013911153,4.6375142e-05,0.00013915195
49.84985,94.995829,48.748507,27.502695,86.280303,45.014314,280.13391,148.81277,266.33596,25.004879,14.99879,9.9956289,22.48109,11.240329,7.4958178,8.7449185,21.229817,3.7500751,11.250433,3.7507723,21.254391,35.010301,1.2499992,1.2504467,1.2503234,21.23839,18.742739,8.7516154,2.5005481,1.2503203,1.2502699,1.2503973,0.00022702998,4.5407535e-05,0.00013622004,4.5411225e-05,0.00013625972
49.94995,94.995914,48.748536,27.502636,86.27965,45.013989,280.13075,148.81111,266.333,25.00461,14.998639,9.9955212,22.480869,11.240217,7.4957351,8.7448269,21.229582,3.7500327,11.250305,3.7507315,21.254154,35.00989,1.2499928,1.2504336,1.2503103,21.23815,18.742521,8.7515159,2.5005269,1.2503102,1.2502617,1.2503881,0.0002223021,4.4461929e-05,0.00013338327,4.4465553e-05,0.00013342222
50.05005,94.995997,48.748565,27.502578,86.27901,45.013671,280.12765,148.80948,266.33009,25.004346,14.998492,9.9954157,22.480653,11.240108,7.4956541,8.744737,21.229351,3.7499911,11.250178,3.7506916,21.25392,35.009488,1.2499866,1.2504209,1.2502976,21.237915,18.742307,8.7514183,2.500506,1.2503002,1.2502536,1.250379,0.00021766453,4.3534389e-05,0.00013060069,4.3537946e-05,0.00013063894
50.15015,94.996079,48.748593,27.502522,86.278381,45.013358,280.1246,148.80788,266.32724,25.004088,14.998347,9.9953124,22.480441,11.240001,7.4955747,8.7446489,21.229125,3.7499503,11.250055,3.7506524,21.253692,35.009093,1.2499805,1.2504084,1.250285,21.237685,18.742097,8.7513226,2.5004856,1.2502904,1.2502456,1.2503702,0.00021311648,4.2624752e-05,0.00012787183,4.2628245e-05,0.00012790938
50.25025,94.99616,48.74862,27.502466,86.277765,45.013052,280.12162,148.80631,266.32444,25.003834,14.998206,9.9952113,22.480233,11.239896,7.4954969,8.7445626,21.228903,3.7499104,11.249933,3.750614,21.253467,35.008705,1.2499746,1.2503961,1.2502727,21.237459,18.741892,8.7512288,2.5004655,1.2502809,1.2502378,1.2503615,0.00020865725,4.173288e-05,0.00012519625,4.1736309e-05,0.00012523312
50.35035,94.996238,48.748647,27.502411,86.277162,45.012752,280.11869,148.80477,266.3217,25.003586,14.998067,9.9951123,22.480031,11.239793,7.4954207,8.7444779,21.228685,3.7498712,11.249814,3.7505763,21.253247,35.008325,1.2499687,1.2503841,1.2502606,21.237237,18.74169,8.7511368,2.5004459,1.2502715,1.2502302,1.2503529,0.00020428623,4.0858649e-05,0.0001225736,4.0862015e-05,0.0001226098
50.45045,94.996316,48.748674,27.502358,86.27657,45.012458,280.11583,148.80327,266.31902,25.003344,14.997932,9.9950155,22.479833,11.239693,7.4953462,8.7443949,21.228472,3.7498328,11.249698,3.7505394,21.253032,35.007953,1.249963,1.2503723,1.2502488,21.237019,18.741493,8.7510466,2.5004266,1.2502623,1.2502227,1.2503446,0.0002000029,4.0001957e-05,0.00012000357,4.0005262e-05,0.0001200391
50.550551,94.996391,48.7487,27.502306,86.27599,45.012169,280.11302,148.8018,266.31639,25.003106,14.997799,9.9949208,22.479639,11.239595,7.4952733,8.7443137,21.228264,3.7497951,11.249584,3.7505032,21.252821,35.007588,1.2499574,1.2503608,1.2502372,21.236806,18.741299,8.7509583,2.5004078,1.2502533,1.2502153,1.2503364,0.00019580683,3.9162719e-05,0.0001174859,3.9165963e-05,0.00011752078
50.650651,94.996465,48.748725,27.502254,86.275423,45.011887,280.11027,148.80035,266.31382,25.002873,14.997669,9.9948282,22.47945,11.239499,7.495202,8.7442341,21.228059,3.7497583,11.249472,3.7504678,21.252614,35.007231,1.2499519,1.2503495,1.2502259,21.236597,18.741109,8.7508719,2.5003893,1.2502444,1.2502081,1.2503284,0.00019169771,3.834087e-05,0.00011502039,3.8344055e-05,0.00011505463
50.750751,94.996538,48.74875,27.502204,86.274867,45.011611,280.10758,148.79894,266.3113,25.002646,14.997543,9.9947377,22.479266,11.239406,7.4951323,8.7441563,21.227859,3.7497222,11.249362,3.7504332,21.252412,35.006881,1.2499465,1.2503384,1.2502148,21.236392,18.740923,8.7507872,2.5003712,1.2502358,1.2502011,1.2503205,0.0001876753,3.7536363e-05,0.00011260691,3.753949e-05,0.00011264053
50.850851,94.996609,48.748774,27.502155,86.274324,45.011341,280.10495,148.79756,266.30884,25.002423,14.997419,9.9946494,22.479086,11.239314,7.4950641,8.7440801,21.227664,3.749687,11.249255,3.7503993,21.252213,35.006539,1.2499413,1.2503276,1.2502039,21.236192,18.740741,8.7507043,2.5003535,1.2502273,1.2501942,1.2503129,0.00018373945,3.6749171e-05,0.00011024537,3.675224e-05,0.00011027837
50.950951,94.996678,48.748798,27.502107,86.273792,45.011076,280.10238,148.79621,266.30644,25.002206,14.997298,9.9945632,22.47891,11.239225,7.4949976,8.7440056,21.227473,3.7496525,11.249151,3.7503661,21.25202,35.006204,1.2499361,1.250317,1.2501932,21.235996,18.740563,8.7506233,2.5003362,1.2502191,1.2501875,1.2503054,0.00017989014,3.5979284e-05,0.00010793575,3.5982297e-05,0.00010796815
51.051051,94.996746,48.748821,27.50206,86.273272,45.010818,280.09986,148.79489,266.30408,25.001993,14.997179,9.9944791,22.478739,11.239139,7.4949327,8.7439328,21.227286,3.7496188,11.249048,3.7503337,21.25183,35.005876,1.2499311,1.2503067,1.2501829,21.235804,18.740389,8.7505441,2.5003193,1.250211,1.2501809,1.250298,0.0001761274,3.5226712e-05,0.00010567808,3.5229671e-05,0.00010570988
51.151151,94.996812,48.748844,27.502014,86.272765,45.010566,280.0974,148.7936,266.30179,25.001786,14.997064,9.9943971,22.478573,11.239054,7.4948694,8.7438616,21.227103,3.7495858,11.248948,3.750302,21.251645,35.005556,1.2499262,1.2502965,1.2501727,21.235616,18.740219,8.7504667,2.5003028,1.2502031,1.2501745,1.2502908,0.00017245137,3.4491486e-05,0.00010347243,3.449439e-05,0.00010350366
51.251251,94.996877,48.748866,27.50197,86.272269,45.010319,280.095,148.79234,266.29955,25.001584,14.996952,9.9943172,22.478411,11.238972,7.4948076,8.7437922,21.226925,3.7495537,11.248851,3.7502711,21.251464,35.005243,1.2499214,1.2502867,1.2501628,21.235433,18.740053,8.7503911,2.5002866,1.2501954,1.2501682,1.2502838,0.00016886231,3.3773651e-05,0.00010131897,3.3776502e-05,0.00010134962
51.351351,94.99694,48.748888,27.501926,86.271786,45.010079,280.09266,148.79111,266.29736,25.001387,14.996842,9.9942395,22.478254,11.238892,7.4947475,8.7437245,21.226751,3.7495223,11.248756,3.750241,21.251288,35.004938,1.2499167,1.250277,1.2501531,21.235254,18.739891,8.7503174,2.5002709,1.2501878,1.2501621,1.250277,0.00016536054,3.3073275e-05,9.9217876e-05,3.3076074e-05,9.9247969e-05
51.451451,94.997001,48.748909,27.501883,86.271314,45.009845,280.09038,148.78992,266.29524,25.001195,14.996736,9.994164,22.478101,11.238814,7.494689,8.7436585,21.226582,3.7494918,11.248663,3.7502115,21.251116,35.004641,1.2499122,1.2502676,1.2501437,21.23508,18.739733,8.7502455,2.5002556,1.2501805,1.2501561,1.2502703,0.00016194649,3.2390444e-05,9.7169417e-05,3.2393192e-05,9.7198961e-05
51.551552,94.997061,48.748929,27.501842,86.270855,45.009616,280.08816,148.78875,266.29316,25.001008,14.996632,9.9940905,22.477953,11.238739,7.4946321,8.7435942,21.226417,3.749462,11.248572,3.7501829,21.250948,35.004351,1.2499077,1.2502585,1.2501345,21.234909,18.739579,8.7501755,2.5002406,1.2501734,1.2501503,1.2502639,0.00015862068,3.1725261e-05,9.5173903e-05,3.1727959e-05,9.520291e-05
51.651652,94.997119,48.748949,27.501802,86.270408,45.009394,280.086,148.78762,266.29115,25.000827,14.996532,9.9940193,22.477809,11.238666,7.4945769,8.7435316,21.226256,3.749433,11.248484,3.750155,21.250785,35.004068,1.2499034,1.2502496,1.2501255,21.234744,18.739428,8.7501073,2.500226,1.2501664,1.2501446,1.2502575,0.00015538372,3.107785e-05,9.3231704e-05,3.1080499e-05,9.3260184e-05
51.751752,94.997176,48.748969,27.501762,86.269974,45.009178,280.08389,148.78652,266.28919,25.000651,14.996434,9.9939503,22.477671,11.238595,7.4945233,8.7434708,21.2261,3.7494049,11.248399,3.7501279,21.250627,35.003793,1.2498992,1.2502409,1.2501168,21.234582,18.739282,8.750041,2.5002119,1.2501596,1.2501391,1.2502514,0.00015223634,3.0448352e-05,9.1343246e-05,3.0450954e-05,9.137121e-05
51.851852,94.997231,48.748987,27.501724,86.269551,45.008969,280.08185,148.78545,266.28729,25.00048,14.99634,9.9938834,22.477537,11.238527,7.4944714,8.7434117,21.225949,3.7493775,11.248316,3.7501016,21.250472,35.003527,1.2498951,1.2502325,1.2501083,21.234425,18.73914,8.7499766,2.5001982,1.2501531,1.2501337,1.2502454,0.00014917932,2.983693e-05,8.9509011e-05,2.9839484e-05,8.953647e-05
51.951952,94.997285,48.749006,27.501687,86.269142,45.008765,280.07987,148.78441,266.28545,25.000314,14.996248,9.9938188,22.477407,11.238461,7.4944212,8.7433544,21.225802,3.749351,11.248235,3.7500761,21.250323,35.003267,1.2498912,1.2502244,1.2501001,21.234273,18.739002,8.7499142,2.5001848,1.2501467,1.2501286,1.2502396,0.00014621358,2.9243762e-05,8.7729539e-05,2.9246271e-05,8.7756504e-05
52.052052,94.997336,48.749023,27.501652,86.268745,45.008568,280.07795,148.7834,266.28366,25.000154,14.99616,9.9937565,22.477283,11.238398,7.4943726,8.7432989,21.22566,3.7493253,11.248157,3.7500513,21.250178,35.003016,1.2498874,1.2502165,1.2500922,21.234125,18.738869,8.7498536,2.5001719,1.2501405,1.2501235,1.250234,0.0001433401,2.8669047e-05,8.6005426e-05,2.8671511e-05,8.6031908e-05
52.152152,94.997387,48.749041,27.501616,86.268354,45.008374,280.07606,148.78241,266.28191,24.999996,14.996073,9.9936952,22.477161,11.238335,7.4943249,8.7432442,21.22552,3.7493,11.24808,3.750027,21.250035,35.002769,1.2498836,1.2502087,1.2500843,21.233979,18.738737,8.749794,2.5001592,1.2501344,1.2501186,1.2502285,0.00014050814,2.8102637e-05,8.4306226e-05,2.8105056e-05,8.4332231e-05
52.252252,94.997442,48.74906,27.501579,86.267938,45.008167,280.07405,148.78136,266.28003,24.999827,14.995979,9.9936293,22.477028,11.238268,7.4942736,8.7431859,21.22537,3.749273,11.247998,3.750001,21.249883,35.002505,1.2498796,1.2502004,1.250076,21.233824,18.738597,8.7497304,2.5001456,1.250128,1.2501133,1.2502226,0.00013749066,2.7499123e-05,8.2495714e-05,2.7501497e-05,8.2521237e-05
52.352352,94.997495,48.749078,27.501542,86.267529,45.007964,280.07207,148.78032,266.27819,24.999662,14.995888,9.9935647,22.476899,11.238202,7.4942235,8.7431287,21.225224,3.7492465,11.247917,3.7499755,21.249734,35.002246,1.2498756,1.2501922,1.2500678,21.233672,18.738459,8.749668,2.5001323,1.2501216,1.2501081,1.2502168,0.00013453028,2.6907028e-05,8.071946e-05,2.6909358e-05,8.0744508e-05
52.452452,94.997547,48.749096,27.501506,86.267128,45.007765,280.07013,148.77931,266.27639,24.9995,14.995798,9.9935016,22.476773,11.238137,7.4941743,8.7430726,21.22508,3.7492205,11.247838,3.7499505,21.249587,35.001993,1.2498717,1.2501842,1.2500597,21.233522,18.738324,8.7496068,2.5001192,1.2501154,1.250103,1.2502112,0.00013162636,2.6326226e-05,7.8977086e-05,2.6328513e-05,7.9001667e-05
52.552553,94.997599,48.749113,27.50147,86.266735,45.007569,280.06823,148.77831,266.27462,24.999341,14.995711,9.9934398,22.476649,11.238074,7.4941262,8.7430176,21.224939,3.749195,11.247761,3.749926,21.249443,35.001744,1.249868,1.2501764,1.2500519,21.233375,18.738191,8.7495468,2.5001064,1.2501092,1.2500981,1.2502056,0.00012877834,2.5756604e-05,7.7268248e-05,2.5758848e-05,7.7292371e-05
52.652653,94.997649,48.749131,27.501435,86.266349,45.007378,280.06637,148.77733,266.27289,24.999186,14.995625,9.9933793,22.476529,11.238013,7.4940791,8.7429636,21.2248,3.7491701,11.247685,3.7499019,21.249303,35.001499,1.2498642,1.2501687,1.2500441,21.233231,18.738061,8.749488,2.5000939,1.2501032,1.2500932,1.2502002,0.00012598568,2.5198055e-05,7.5592631e-05,2.5200257e-05,7.5616303e-05
52.752753,94.997698,48.749148,27.501401,86.265972,45.00719,280.06454,148.77638,266.27119,24.999033,14.995541,9.9933202,22.476411,11.237953,7.494033,8.7429107,21.224665,3.7491456,11.247611,3.7498783,21.249164,35.00126,1.2498606,1.2501612,1.2500365,21.23309,18.737934,8.7494303,2.5000816,1.2500974,1.2500884,1.2501948,0.00012324793,2.4650487e-05,7.3949955e-05,2.4652648e-05,7.3973184e-05
52.852853,94.997747,48.749164,27.501368,86.265601,45.007006,280.06275,148.77544,266.26952,24.998884,14.995459,9.9932624,22.476296,11.237894,7.4939879,8.7428589,21.224532,3.7491216,11.247538,3.7498552,21.249029,35.001025,1.249857,1.2501538,1.2500291,21.232952,18.737808,8.7493737,2.5000695,1.2500916,1.2500837,1.2501896,0.00012056465,2.4113815e-05,7.2339968e-05,2.4115936e-05,7.2362762e-05
52.952953,94.997794,48.74918,27.501335,86.265238,45.006826,280.06099,148.77452,266.2679,24.998738,14.995379,9.993206,22.476184,11.237837,7.4939438,8.7428082,21.224402,3.7490981,11.247466,3.7498326,21.248896,35.000795,1.2498535,1.2501466,1.2500218,21.232816,18.737686,8.7493183,2.5000577,1.2500859,1.2500791,1.2501845,0.0001179355,2.3587967e-05,7.0762452e-05,2.3590048e-05,7.0784819e-05
53.053053,94.997841,48.749196,27.501303,86.264883,45.006649,280.05927,148.77362,266.2663,24.998595,14.9953,9.9931508,22.476075,11.237781,7.4939007,8.7427584,21.224275,3.7490751,11.247396,3.7498104,21.248766,35.000569,1.2498501,1.2501395,1.2500147,21.232682,18.737566,8.749264,2.5000461,1.2500804,1.2500746,1.2501794,0.00011536015,2.3072881e-05,6.921722e-05,2.3074923e-05,6.9239168e-05
53.153153,94.997886,48.749212,27.501271,86.264535,45.006476,280.05759,148.77274,266.26474,24.998456,14.995223,9.993097,22.475969,11.237726,7.4938586,8.7427097,21.22415,3.7490526,11.247328,3.7497887,21.248639,35.000348,1.2498467,1.2501325,1.2500077,21.232552,18.737448,8.7492109,2.5000348,1.250075,1.2500702,1.2501745,0.00011283834,2.2568504e-05,6.7704117e-05,2.2570508e-05,6.7725653e-05
53.253253,94.99793,48.749227,27.501241,86.264194,45.006307,280.05595,148.77188,266.26321,24.998319,14.995148,9.9930445,22.475865,11.237673,7.4938174,8.7426621,21.224028,3.7490305,11.247261,3.7497675,21.248514,35.000132,1.2498435,1.2501257,1.2500009,21.232424,18.737332,8.7491588,2.5000237,1.2500697,1.2500658,1.2501697,0.00011036988,2.2074796e-05,6.6223019e-05,2.2076762e-05,6.6244151e-05
53.353353,94.997974,48.749242,27.501211,86.263861,45.006142,280.05433,148.77103,266.26172,24.998186,14.995075,9.9929932,22.475764,11.237621,7.4937773,8.7426155,21.223909,3.7490089,11.247195,3.7497467,21.248392,34.99992,1.2498402,1.2501191,1.2499942,21.232299,18.737219,8.7491079,2.5000128,1.2500645,1.2500616,1.250165,0.00010795461,2.1591726e-05,6.4773834e-05,2.1593655e-05,6.4794568e-05
53.453453,94.998017,48.749257,27.501181,86.263535,45.00598,280.05276,148.77021,266.26026,24.998055,14.995004,9.9929433,22.475666,11.237571,7.4937381,8.7425699,21.223792,3.7489878,11.247131,3.7497264,21.248273,34.999713,1.2498371,1.2501126,1.2499876,21.232176,18.737109,8.7490581,2.5000022,1.2500594,1.2500575,1.2501604,0.00010559242,2.1119273e-05,6.3356501e-05,2.1121166e-05,6.3376846e-05
53.553554,94.998058,48.749271,27.501152,86.263216,45.005821,280.05122,148.7694,266.25884,24.997928,14.994934,9.9928946,22.47557,11.237522,7.4936998,8.7425254,21.223678,3.7489672,11.247068,3.7497065,21.248156,34.99951,1.249834,1.2501062,1.2499812,21.232056,18.737001,8.7490094,2.4999918,1.2500545,1.2500534,1.2501559,0.00010328327,2.0657429e-05,6.1970992e-05,2.0659286e-05,6.1990954e-05
53.653654,94.998099,48.749285,27.501124,86.262905,45.005667,280.04972,148.76862,266.25744,24.997804,14.994866,9.9928473,22.475478,11.237474,7.4936626,8.7424819,21.223567,3.7489471,11.247007,3.7496871,21.248042,34.999312,1.249831,1.2501,1.2499749,21.231938,18.736895,8.7489618,2.4999816,1.2500496,1.2500495,1.2501515,0.00010102717,2.0206193e-05,6.061731e-05,2.0208016e-05,6.0636897e-05
53.753754,94.998138,48.749298,27.501097,86.262601,45.005516,280.04825,148.76785,266.25609,24.997683,14.9948,9.9928012,22.475388,11.237428,7.4936263,8.7424394,21.223458,3.7489274,11.246947,3.7496681,21.24793,34.999118,1.2498281,1.2500939,1.2499688,21.231823,18.736792,8.7489154,2.4999717,1.2500449,1.2500456,1.2501472,9.8824161e-05,1.9765578e-05,5.9295488e-05,1.9767366e-05,5.9314706e-05
53.853854,94.998177,48.749312,27.50107,86.262304,45.005369,280.04681,148.7671,266.25476,24.997565,14.994735,9.9927564,22.475301,11.237383,7.493591,8.7423979,21.223353,3.7489083,11.246888,3.7496496,21.247822,34.998929,1.2498253,1.250088,1.2499628,21.231711,18.736691,8.74887,2.4999621,1.2500403,1.2500419,1.250143,9.6674367e-05,1.9335605e-05,5.8005593e-05,1.933736e-05,5.802445e-05
53.953954,94.998215,48.749325,27.501044,86.262015,45.005225,280.04542,148.76637,266.25347,24.99745,14.994673,9.992713,22.475216,11.23734,7.4935567,8.7423575,21.223249,3.7488896,11.246832,3.7496316,21.247716,34.998745,1.2498225,1.2500823,1.249957,21.231602,18.736592,8.7488258,2.4999526,1.2500358,1.2500382,1.2501389,9.4577946e-05,1.8916307e-05,5.6747722e-05,1.8918029e-05,5.6766226e-05
54.054054,94.998252,48.749337,27.501019,86.261733,45.005085,280.04406,148.76566,266.25222,24.997338,14.994612,9.9926708,22.475135,11.237298,7.4935234,8.7423182,21.223149,3.7488713,11.246776,3.749614,21.247612,34.998565,1.2498198,1.2500766,1.2499513,21.231495,18.736496,8.7487827,2.4999435,1.2500314,1.2500346,1.2501349,9.2535114e-05,1.8507727e-05,5.5522005e-05,1.8509417e-05,5.5540162e-05
54.154154,94.998288,48.74935,27.500994,86.261458,45.004949,280.04273,148.76497,266.251,24.99723,14.994553,9.99263,22.475056,11.237257,7.4934911,8.7422798,21.223051,3.7488536,11.246722,3.7495969,21.247511,34.99839,1.2498171,1.2500712,1.2499458,21.23139,18.736403,8.7487407,2.4999345,1.2500271,1.2500312,1.250131,9.0546138e-05,1.8109919e-05,5.4328602e-05,1.8111577e-05,5.4346419e-05
54.254254,94.998323,48.749362,27.50097,86.261192,45.004817,280.04144,148.7643,266.24981,24.997124,14.994496,9.9925904,22.47498,11.237218,7.4934597,8.7422426,21.222956,3.7488364,11.246669,3.7495803,21.247413,34.998219,1.2498146,1.2500658,1.2499404,21.231289,18.736311,8.7486999,2.4999258,1.2500229,1.2500278,1.2501272,8.8611341e-05,1.7722946e-05,5.3167706e-05,1.7724574e-05,5.3185191e-05
54.354354,94.998356,48.749373,27.500946,86.260932,45.004688,280.04019,148.76364,266.24866,24.997022,14.994441,9.9925522,22.474907,11.23718,7.4934294,8.7422064,21.222863,3.7488196,11.246618,3.7495641,21.247318,34.998053,1.2498121,1.2500607,1.2499352,21.23119,18.736223,8.7486602,2.4999174,1.2500189,1.2500245,1.2501236,8.6731095e-05,1.7346885e-05,5.2039542e-05,1.7348481e-05,5.2056701e-05
54.454454,94.998389,48.749384,27.500924,86.26068,45.004563,280.03898,148.76301,266.24754,24.996923,14.994387,9.9925154,22.474837,11.237143,7.4934001,8.7421713,21.222774,3.7488034,11.246569,3.7495484,21.247226,34.997892,1.2498097,1.2500556,1.2499301,21.231093,18.736136,8.7486216,2.4999091,1.250015,1.2500213,1.25012,8.4905827e-05,1.6981819e-05,5.0944364e-05,1.6983386e-05,5.0961205e-05
54.554555,94.998421,48.749395,27.500902,86.260436,45.004442,280.0378,148.7624,266.24646,24.996828,14.994335,9.9924799,22.474769,11.237108,7.4933718,8.7421372,21.222687,3.7487876,11.246521,3.7495332,21.247136,34.997735,1.2498073,1.2500508,1.2499252,21.231,18.736053,8.7485843,2.4999012,1.2500112,1.2500182,1.2501165,8.3136015e-05,1.6627844e-05,4.9882461e-05,1.6629382e-05,4.989899e-05
54.654655,94.998452,48.749406,27.50088,86.2602,45.004325,280.03666,148.7618,266.24541,24.996735,14.994286,9.9924458,22.474705,11.237075,7.4933445,8.7421043,21.222603,3.7487724,11.246474,3.7495185,21.247049,34.997584,1.2498051,1.250046,1.2499204,21.230909,18.735972,8.7485481,2.4998935,1.2500075,1.2500152,1.2501132,8.1422192e-05,1.6285068e-05,4.8854152e-05,1.6286578e-05,4.8870375e-05
54.754755,94.998482,48.749416,27.50086,86.259971,45.004211,280.03556,148.76123,266.2444,24.996646,14.994238,9.992413,22.474643,11.237043,7.4933183,8.7420724,21.222521,3.7487576,11.246429,3.7495042,21.246965,34.997437,1.2498029,1.2500415,1.2499158,21.230821,18.735893,8.7485131,2.499886,1.2500039,1.2500123,1.25011,7.9764941e-05,1.5953606e-05,4.7859786e-05,1.5955088e-05,4.7875712e-05
54.854855,94.998511,48.749426,27.50084,86.259751,45.004102,280.0345,148.76067,266.24343,24.99656,14.994192,9.9923817,22.474585,11.237012,7.4932931,8.7420417,21.222443,3.7487434,11.246386,3.7494905,21.246884,34.997295,1.2498008,1.2500371,1.2499114,21.230736,18.735817,8.7484793,2.4998788,1.2500005,1.2500095,1.2501068,7.81649e-05,1.5633586e-05,4.6899746e-05,1.5635042e-05,4.6915382e-05
54.954955,94.998539,48.749436,27.50082,86.259538,45.003997,280.03347,148.76014,266.2425,24.996478,14.994148,9.9923517,22.474529,11.236983,7.493269,8.742012,21.222368,3.7487297,11.246344,3.7494772,21.246805,34.997158,1.2497987,1.2500328,1.2499071,21.230654,18.735744,8.7484467,2.4998719,1.2499972,1.2500068,1.2501038,7.6622759e-05,1.5325147e-05,4.5974447e-05,1.5326576e-05,4.5989799e-05
55.055055,94.998565,48.749445,27.500802,86.259334,45.003895,280.03249,148.75963,266.2416,24.996399,14.994105,9.9923232,22.474477,11.236955,7.493246,8.7419836,21.222295,3.7487165,11.246304,3.7494645,21.24673,34.997027,1.2497968,1.2500287,1.2499029,21.230575,18.735673,8.7484153,2.4998652,1.249994,1.2500042,1.2501009,7.5139259e-05,1.5028437e-05,4.5084333e-05,1.502984e-05,4.5099408e-05
55.155155,94.998591,48.749454,27.500784,86.259137,45.003798,280.03154,148.75914,266.24074,24.996324,14.994065,9.9922962,22.474427,11.236929,7.493224,8.7419563,21.222226,3.7487039,11.246265,3.7494522,21.246657,34.9969,1.2497949,1.2500248,1.2498989,21.230498,18.735605,8.7483852,2.4998588,1.2499909,1.2500017,1.2500981,7.3715198e-05,1.4743614e-05,4.4229882e-05,1.4744992e-05,4.4244688e-05
55.255255,94.998617,48.749463,27.500767,86.258941,45.003701,280.0306,148.75864,266.23987,24.996248,14.994025,9.9922691,22.474378,11.236903,7.4932021,8.7419289,21.222156,3.7486912,11.246227,3.74944,21.246585,34.996773,1.249793,1.2500209,1.249895,21.230422,18.735537,8.7483551,2.4998524,1.2499879,1.2499992,1.2500954,7.2290093e-05,1.4458583e-05,4.3374805e-05,1.4459936e-05,4.3389344e-05
55.355355,94.998645,48.749472,27.500747,86.258727,45.003594,280.02956,148.75811,266.23893,24.996165,14.993981,9.9922388,22.474321,11.236874,7.4931777,8.7418991,21.22208,3.7486774,11.246184,3.7494266,21.246506,34.996635,1.249791,1.2500166,1.2498906,21.230339,18.735463,8.7483222,2.4998454,1.2499845,1.2499965,1.2500923,7.0736479e-05,1.4147849e-05,4.2442623e-05,1.4149177e-05,4.2456887e-05
55.455455,94.998672,48.749482,27.500728,86.258517,45.00349,280.02855,148.75758,266.23801,24.996084,14.993937,9.9922094,22.474267,11.236845,7.4931539,8.7418698,21.222006,3.7486639,11.246143,3.7494136,21.246429,34.9965,1.249789,1.2500124,1.2498864,21.230258,18.735391,8.7482901,2.4998386,1.2499813,1.2499938,1.2500894,6.9215897e-05,1.3843722e-05,4.153026e-05,1.3845025e-05,4.1544254e-05
55.555556,94.998699,48.749491,27.50071,86.258312,45.003389,280.02756,148.75707,266.2371,24.996005,14.993895,9.9921807,22.474214,11.236817,7.4931308,8.7418413,21.221933,3.7486507,11.246103,3.7494008,21.246353,34.996368,1.249787,1.2500083,1.2498822,21.230178,18.73532,8.7482587,2.4998319,1.2499781,1.2499912,1.2500864,6.7727852e-05,1.3546103e-05,4.0637419e-05,1.3547381e-05,4.065115e-05
55.655656,94.998725,48.7495,27.500692,86.258111,45.003289,280.0266,148.75656,266.23622,24.995927,14.993853,9.9921528,22.474162,11.23679,7.4931082,8.7418133,21.221862,3.7486378,11.246063,3.7493883,21.246279,34.996239,1.2497851,1.2500043,1.2498782,21.2301,18.73525,8.7482279,2.4998253,1.2499749,1.2499887,1.2500836,6.6271876e-05,1.3254898e-05,3.976382e-05,1.3256152e-05,3.9777291e-05
55.755756,94.998751,48.749509,27.500674,86.257915,45.003192,280.02565,148.75607,266.23536,24.995852,14.993813,9.9921257,22.474113,11.236764,7.4930862,8.7417859,21.221792,3.7486251,11.246025,3.749376,21.246207,34.996112,1.2497832,1.2500004,1.2498742,21.230024,18.735182,8.7481977,2.4998189,1.2499719,1.2499862,1.2500808,6.4847519e-05,1.2970016e-05,3.8909193e-05,1.2971247e-05,3.8922408e-05
55.855856,94.998776,48.749517,27.500657,86.257723,45.003097,280.02473,148.75559,266.23452,24.995778,14.993774,9.9920993,22.474065,11.236739,7.4930648,8.7417592,21.221724,3.7486128,11.245987,3.7493641,21.246136,34.995988,1.2497814,1.2499965,1.2498703,21.229949,18.735116,8.7481683,2.4998127,1.2499689,1.2499837,1.2500781,6.3454354e-05,1.2691374e-05,3.8073281e-05,1.269258e-05,3.8086246e-05
55.955956,94.998801,48.749526,27.50064,86.257535,45.003004,280.02382,148.75512,266.23369,24.995706,14.993736,9.9920736,22.474018,11.236714,7.4930439,8.7417331,21.221658,3.7486007,11.24595,3.7493523,21.246066,34.995866,1.2497796,1.2499928,1.2498665,21.229876,18.73505,8.7481395,2.4998065,1.2499659,1.2499814,1.2500754,6.2091974e-05,1.2418888e-05,3.725584e-05,1.2420072e-05,3.726856e-05
56.056056,94.998825,48.749534,27.500623,86.257352,45.002913,280.02294,148.75466,266.23289,24.995636,14.993699,9.9920487,22.473973,11.236691,7.4930236,8.7417075,21.221593,3.7485889,11.245914,3.7493409,21.245998,34.995748,1.2497778,1.2499891,1.2498628,21.229804,18.734986,8.7481113,2.4998005,1.2499631,1.249979,1.2500728,6.0759996e-05,1.2152483e-05,3.6456641e-05,1.2153645e-05,3.6469119e-05
56.156156,94.998848,48.749542,27.500607,86.257172,45.002824,280.02208,148.75421,266.23211,24.995567,14.993663,9.9920246,22.47393,11.236668,7.4930038,8.7416825,21.22153,3.7485773,11.245878,3.7493297,21.245932,34.995631,1.2497761,1.2499855,1.2498591,21.229733,18.734924,8.7480837,2.4997947,1.2499603,1.2499768,1.2500703,5.9458057e-05,1.1892086e-05,3.5675465e-05,1.1893226e-05,3.5687707e-05
56.256256,94.998871,48.74955,27.500591,86.256997,45.002737,280.02123,148.75377,266.23134,24.9955,14.993627,9.9920011,22.473888,11.236645,7.4929846,8.7416581,21.221468,3.7485661,11.245844,3.7493188,21.245867,34.995518,1.2497744,1.249982,1.2498555,21.229664,18.734863,8.7480568,2.499789,1.2499575,1.2499745,1.2500678,5.8185815e-05,1.1637629e-05,3.4912108e-05,1.1638747e-05,3.4924118e-05
56.356356,94.998893,48.749558,27.500576,86.256826,45.002652,280.02041,148.75335,266.23059,24.995435,14.993593,9.9919784,22.473848,11.236624,7.4929659,8.7416343,21.221407,3.7485551,11.24581,3.7493081,21.245804,34.995407,1.2497728,1.2499786,1.2498521,21.229597,18.734803,8.7480305,2.4997834,1.2499549,1.2499724,1.2500654,5.6942951e-05,1.1389047e-05,3.4166378e-05,1.1390144e-05,3.4178161e-05
56.456456,94.998915,48.749565,27.500561,86.256658,45.002569,280.01961,148.75293,266.22986,24.995372,14.99356,9.9919564,22.473809,11.236603,7.4929478,8.7416111,21.221348,3.7485443,11.245777,3.7492977,21.245742,34.995298,1.2497712,1.2499752,1.2498487,21.229531,18.734744,8.7480048,2.4997779,1.2499523,1.2499702,1.250063,5.5729168e-05,1.1146282e-05,3.3438097e-05,1.1147358e-05,3.3449656e-05
56.556557,94.998937,48.749572,27.500546,86.256495,45.002489,280.01882,148.75252,266.22915,24.99531,14.993528,9.991935,22.473772,11.236583,7.4929301,8.7415884,21.221291,3.7485338,11.245745,3.7492875,21.245681,34.995192,1.2497697,1.249972,1.2498453,21.229466,18.734687,8.7479797,2.4997726,1.2499497,1.2499682,1.2500607,5.4544188e-05,1.0909277e-05,3.2727097e-05,1.0910333e-05,3.2738438e-05
56.656657,94.998957,48.74958,27.500532,86.256336,45.00241,280.01805,148.75212,266.22846,24.995251,14.993496,9.9919144,22.473736,11.236564,7.492913,8.7415662,21.221235,3.7485236,11.245714,3.7492776,21.245622,34.995088,1.2497681,1.2499688,1.2498421,21.229403,18.734631,8.7479552,2.4997674,1.2499472,1.2499661,1.2500584,5.3387757e-05,1.0677983e-05,3.2033228e-05,1.0679019e-05,3.2044353e-05
56.756757,94.998978,48.749587,27.500518,86.25618,45.002333,280.01731,148.75174,266.22779,24.995192,14.993466,9.9918944,22.473701,11.236545,7.4928964,8.7415446,21.22118,3.7485136,11.245683,3.7492679,21.245565,34.994987,1.2497667,1.2499657,1.2498389,21.229341,18.734577,8.7479313,2.4997623,1.2499448,1.2499642,1.2500562,5.2259641e-05,1.0452352e-05,3.1356348e-05,1.0453368e-05,3.1367263e-05
56.856857,94.998998,48.749593,27.500504,86.256029,45.002258,280.01658,148.75136,266.22713,24.995136,14.993436,9.9918752,22.473668,11.236528,7.4928804,8.7415236,21.221127,3.7485039,11.245653,3.7492585,21.245508,34.994888,1.2497652,1.2499626,1.2498358,21.22928,18.734523,8.747908,2.4997573,1.2499424,1.2499622,1.2500541,5.115963e-05,1.0232341e-05,3.069633e-05,1.0233338e-05,3.0707039e-05
56.956957,94.999017,48.7496,27.500491,86.255881,45.002185,280.01587,148.75099,266.22649,24.99508,14.993408,9.9918566,22.473637,11.236511,7.4928648,8.7415031,21.221075,3.7484944,11.245624,3.7492493,21.245454,34.994791,1.2497638,1.2499597,1.2498328,21.229221,18.734471,8.7478853,2.4997525,1.2499401,1.2499604,1.250052,5.0087532e-05,1.0017914e-05,3.0053061e-05,1.0018892e-05,3.0063568e-05
57.057057,94.999036,48.749607,27.500478,86.255737,45.002114,280.01518,148.75063,266.22587,24.995027,14.99338,9.9918386,22.473607,11.236494,7.4928497,8.7414831,21.221025,3.7484852,11.245596,3.7492403,21.2454,34.994697,1.2497625,1.2499568,1.2498299,21.229164,18.734421,8.7478631,2.4997478,1.2499379,1.2499585,1.2500499,4.9043179e-05,9.8090356e-06,2.9426439e-05,9.8099954e-06,2.9436748e-05
57.157157,94.999054,48.749613,27.500465,86.255597,45.002044,280.01451,148.75029,266.22527,24.994975,14.993353,9.9918214,22.473578,11.236478,7.4928352,8.7414637,21.220975,3.7484762,11.245569,3.7492316,21.245348,34.994605,1.2497611,1.249954,1.249827,21.229107,18.734371,8.7478416,2.4997432,1.2499357,1.2499567,1.250048,4.8026424e-05,9.6056771e-06,2.8816376e-05,9.6066189e-06,2.8826492e-05
57.257257,94.999072,48.749619,27.500453,86.255461,45.001977,280.01385,148.74995,266.22468,24.994925,14.993328,9.9918048,22.47355,11.236464,7.4928211,8.7414448,21.220928,3.7484675,11.245542,3.7492231,21.245297,34.994516,1.2497599,1.2499513,1.2498242,21.229052,18.734323,8.7478206,2.4997388,1.2499336,1.249955,1.250046,4.7037142e-05,9.4078133e-06,2.8222797e-05,9.4087375e-06,2.8232723e-05
57.357357,94.999089,48.749625,27.500441,86.255329,45.001911,280.01322,148.74962,266.22412,24.994876,14.993303,9.9917889,22.473525,11.236449,7.4928076,8.7414264,21.220881,3.748459,11.245516,3.7492149,21.245248,34.994429,1.2497586,1.2499486,1.2498215,21.228999,18.734276,8.7478002,2.4997345,1.2499315,1.2499533,1.2500441,4.6075229e-05,9.2154235e-06,2.7645639e-05,9.2163305e-06,2.7655381e-05
57.457457,94.999106,48.749631,27.500429,86.2552,45.001848,280.0126,148.7493,266.22356,24.994829,14.993279,9.9917736,22.4735,11.236436,7.4927945,8.7414085,21.220836,3.7484508,11.24549,3.7492069,21.2452,34.994344,1.2497574,1.249946,1.2498189,21.228946,18.73423,8.7477803,2.4997303,1.2499295,1.2499517,1.2500423,4.5140602e-05,9.0284912e-06,2.7084854e-05,9.0293813e-06,2.7094414e-05
57.557558,94.999123,48.749636,27.500418,86.255075,45.001786,280.012,148.74899,266.22303,24.994784,14.993256,9.991759,22.473477,11.236423,7.4927819,8.7413912,21.220793,3.7484428,11.245466,3.7491991,21.245153,34.994262,1.2497562,1.2499435,1.2498163,21.228895,18.734185,8.747761,2.4997262,1.2499276,1.2499501,1.2500405,4.4233202e-05,8.8470042e-06,2.6540405e-05,8.8478778e-06,2.6549788e-05
57.657658,94.999138,48.749642,27.500407,86.254954,45.001726,280.01142,148.74869,266.22251,24.99474,14.993233,9.991745,22.473455,11.236411,7.4927699,8.7413745,21.220751,3.7484351,11.245442,3.7491915,21.245108,34.994182,1.2497551,1.2499411,1.2498139,21.228846,18.734142,8.7477423,2.4997222,1.2499257,1.2499486,1.2500388,4.3352988e-05,8.6709547e-06,2.6012267e-05,8.6718123e-06,2.6021477e-05
57.757758,94.999154,48.749647,27.500396,86.254837,45.001668,280.01086,148.7484,266.22201,24.994698,14.993212,9.9917317,22.473435,11.236399,7.4927583,8.7413582,21.22071,3.7484276,11.245419,3.7491842,21.245064,34.994104,1.249754,1.2499387,1.2498114,21.228798,18.734099,8.7477242,2.4997184,1.2499238,1.2499471,1.2500372,4.2499943e-05,8.5003393e-06,2.5500432e-05,8.5011811e-06,2.5509473e-05
57.857858,94.999169,48.749652,27.500386,86.254723,45.001612,280.01032,148.74812,266.22153,24.994657,14.993192,9.9917191,22.473416,11.236388,7.4927472,8.7413425,21.22067,3.7484203,11.245397,3.7491771,21.245022,34.994029,1.2497529,1.2499364,1.2498091,21.228751,18.734059,8.7477067,2.4997147,1.2499221,1.2499456,1.2500355,4.1674072e-05,8.3351586e-06,2.5004901e-05,8.3359851e-06,2.5013777e-05
57.957958,94.999183,48.749657,27.500376,86.254613,45.001558,280.00979,148.74785,266.22107,24.994618,14.993172,9.9917071,22.473398,11.236378,7.4927367,8.7413273,21.220632,3.7484133,11.245375,3.7491703,21.244981,34.993956,1.2497518,1.2499342,1.2498068,21.228705,18.734019,8.7476897,2.4997111,1.2499203,1.2499442,1.250034,4.08754e-05,8.1754179e-06,2.4525689e-05,8.1762294e-06,2.4534404e-05
58.058058,94.999197,48.749662,27.500367,86.254507,45.001506,280.00929,148.74759,266.22062,24.99458,14.993154,9.9916958,22.473382,11.236369,7.4927266,8.7413126,21.220595,3.7484065,11.245354,3.7491637,21.244941,34.993885,1.2497509,1.2499321,1.2498047,21.228661,18.73398,8.7476733,2.4997076,1.2499187,1.2499429,1.2500325,4.0103973e-05,8.0211265e-06,2.4062825e-05,8.0219234e-06,2.4071383e-05
58.158158,94.99921,48.749667,27.500357,86.254405,45.001455,280.0088,148.74734,266.22019,24.994544,14.993136,9.9916851,22.473368,11.23636,7.492717,8.7412985,21.22056,3.7484,11.245334,3.7491573,21.244902,34.993817,1.2497499,1.24993,1.2498025,21.228618,18.733943,8.7476574,2.4997042,1.2499171,1.2499416,1.250031,3.9359862e-05,7.8722983e-06,2.361635e-05,7.8730809e-06,2.3624755e-05
58.258258,94.999223,48.749671,27.500349,86.254306,45.001406,280.00833,148.7471,266.21978,24.99451,14.993119,9.9916751,22.473354,11.236352,7.4927079,8.7412849,21.220526,3.7483937,11.245315,3.7491512,21.244865,34.993751,1.249749,1.2499281,1.2498005,21.228576,18.733907,8.7476422,2.499701,1.2499155,1.2499403,1.2500296,3.8643155e-05,7.7289512e-06,2.3186319e-05,7.72972e-06,2.3194575e-05
58.358358,94.999236,48.749676,27.50034,86.254207,45.001358,280.00785,148.74686,266.21936,24.994475,14.993102,9.991665,22.473341,11.236344,7.4926987,8.7412712,21.220492,3.7483874,11.245295,3.749145,21.244828,34.993685,1.249748,1.2499261,1.2497985,21.228535,18.733871,8.7476268,2.4996978,1.249914,1.2499391,1.2500282,3.792201e-05,7.5847165e-06,2.2753624e-05,7.5854714e-06,2.2761732e-05
58.458458,94.99925,48.74968,27.50033,86.254103,45.001306,280.00735,148.7466,266.21892,24.994438,14.993084,9.991654,22.473325,11.236335,7.4926889,8.7412567,21.220456,3.7483808,11.245275,3.7491385,21.244789,34.993615,1.2497471,1.249924,1.2497963,21.228491,18.733833,8.7476107,2.4996944,1.2499124,1.2499377,1.2500267,3.7164089e-05,7.4331263e-06,2.2298863e-05,7.4338672e-06,2.230682e-05
58.558559,94.999263,48.749685,27.500321,86.254001,45.001256,280.00687,148.74635,266.21849,24.994402,14.993067,9.9916434,22.47331,11.236327,7.4926793,8.7412426,21.22042,3.7483743,11.245255,3.7491322,21.244751,34.993547,1.2497461,1.2499219,1.2497942,21.228448,18.733796,8.7475949,2.499691,1.2499108,1.2499364,1.2500253,3.6422862e-05,7.2848753e-06,2.185412e-05,7.2856023e-06,2.1861928e-05
58.658659,94.999276,48.749689,27.500312,86.253902,45.001207,280.00639,148.7461,266.21808,24.994368,14.993049,9.9916332,22.473297,11.236318,7.49267,8.7412289,21.220386,3.748368,11.245235,3.749126,21.244713,34.99348,1.2497452,1.2499199,1.2497921,21.228406,18.73376,8.7475794,2.4996878,1.2499092,1.2499352,1.2500239,3.5697937e-05,7.1398846e-06,2.1419157e-05,7.1405981e-06,2.142682e-05
58.758759,94.999289,48.749694,27.500303,86.253804,45.001159,280.00592,148.74587,266.21767,24.994334,14.993033,9.9916233,22.473283,11.236311,7.4926611,8.7412154,21.220352,3.7483617,11.245216,3.7491199,21.244676,34.993415,1.2497443,1.249918,1.2497901,21.228365,18.733724,8.7475643,2.4996846,1.2499077,1.2499339,1.2500225,3.4988929e-05,6.9980775e-06,2.0993745e-05,6.9987777e-06,2.1001265e-05
58.858859,94.999302,48.749698,27.500295,86.253709,45.001112,280.00547,148.74563,266.21727,24.9943,14.993017,9.9916138,22.473271,11.236303,7.4926524,8.7412022,21.220319,3.7483557,11.245197,3.749114,21.24464,34.993351,1.2497434,1.249916,1.2497882,21.228325,18.733689,8.7475495,2.4996814,1.2499062,1.2499327,1.2500211,3.4295465e-05,6.8593792e-06,2.0577659e-05,6.8600664e-06,2.0585038e-05
58.958959,94.999314,48.749702,27.500286,86.253616,45.001066,280.00502,148.7454,266.21688,24.994268,14.993001,9.9916047,22.47326,11.236296,7.492644,8.7411893,21.220287,3.7483498,11.245179,3.7491082,21.244605,34.993288,1.2497425,1.2499142,1.2497862,21.228285,18.733655,8.7475351,2.4996784,1.2499047,1.2499315,1.2500198,3.3617179e-05,6.7237168e-06,2.0170681e-05,6.7243912e-06,2.0177923e-05
59.059059,94.999326,48.749707,27.500278,86.253524,45.001021,280.00459,148.74518,266.2165,24.994237,14.992986,9.9915959,22.473249,11.236289,7.4926358,8.7411768,21.220256,3.748344,11.245161,3.7491025,21.244571,34.993227,1.2497416,1.2499123,1.2497843,21.228246,18.733621,8.7475209,2.4996754,1.2499033,1.2499303,1.2500185,3.2953718e-05,6.5910194e-06,1.9772597e-05,6.5916812e-06,1.9779704e-05
59.159159,94.999338,48.749711,27.50027,86.253435,45.000977,280.00416,148.74496,266.21613,24.994206,14.992972,9.9915875,22.473239,11.236283,7.4926279,8.7411644,21.220225,3.7483383,11.245143,3.7490969,21.244537,34.993167,1.2497408,1.2499105,1.2497825,21.228208,18.733588,8.7475071,2.4996725,1.2499019,1.2499292,1.2500172,3.2304737e-05,6.461218e-06,1.9383202e-05,6.4618674e-06,1.9390176e-05
59.259259,94.999349,48.749715,27.500262,86.253348,45.000934,280.00375,148.74475,266.21577,24.994177,14.992957,9.9915794,22.473229,11.236277,7.4926203,8.7411524,21.220195,3.7483328,11.245126,3.7490915,21.244504,34.993108,1.24974,1.2499088,1.2497807,21.22817,18.733556,8.7474935,2.4996696,1.2499005,1.2499281,1.250016,3.16699e-05,6.3342455e-06,1.9002293e-05,6.3348828e-06,1.9009137e-05
59.359359,94.99936,48.749718,27.500255,86.253263,45.000892,280.00334,148.74454,266.21542,24.994148,14.992944,9.9915717,22.473221,11.236271,7.4926129,8.7411406,21.220166,3.7483274,11.245109,3.7490862,21.244472,34.99305,1.2497392,1.2499071,1.2497789,21.228133,18.733524,8.7474803,2.4996668,1.2498992,1.249927,1.2500148,3.1048881e-05,6.2100369e-06,1.8629675e-05,6.2106624e-06,1.8636392e-05
59.459459,94.999371,48.749722,27.500247,86.253179,45.000851,280.00294,148.74434,266.21507,24.994119,14.99293,9.9915643,22.473213,11.236266,7.4926057,8.7411291,21.220138,3.7483221,11.245093,3.749081,21.24444,34.992994,1.2497384,1.2499054,1.2497771,21.228097,18.733493,8.7474673,2.4996641,1.2498979,1.2499259,1.2500136,3.0441366e-05,6.0885291e-06,1.826516e-05,6.0891429e-06,1.8271751e-05
59.55956,94.999382,48.749726,27.50024,86.253098,45.00081,280.00256,148.74414,266.21474,24.994092,14.992918,9.9915571,22.473205,11.236261,7.4925988,8.7411179,21.22011,3.7483169,11.245077,3.7490759,21.244409,34.992938,1.2497377,1.2499037,1.2497754,21.228062,18.733463,8.7474546,2.4996614,1.2498966,1.2499249,1.2500124,2.9847049e-05,5.9696608e-06,1.7908563e-05,5.9702633e-06,1.7915032e-05
59.65966,94.999393,48.74973,27.500232,86.253018,45.000771,280.00218,148.74395,266.21441,24.994065,14.992905,9.9915503,22.473199,11.236257,7.4925921,8.7411069,21.220083,3.7483118,11.245061,3.749071,21.244379,34.992884,1.2497369,1.2499021,1.2497738,21.228027,18.733433,8.7474422,2.4996588,1.2498954,1.2499239,1.2500113,2.9265632e-05,5.8533729e-06,1.7559707e-05,5.8539642e-06,1.7566056e-05
59.75976,94.999403,48.749733,27.500225,86.25294,45.000733,280.0018,148.74376,266.21409,24.99404,14.992893,9.9915438,22.473193,11.236252,7.4925857,8.7410961,21.220056,3.7483069,11.245046,3.7490661,21.244349,34.99283,1.2497362,1.2499006,1.2497721,21.227992,18.733404,8.74743,2.4996562,1.2498942,1.2499229,1.2500102,2.8696831e-05,5.739608e-06,1.721842e-05,5.7401883e-06,1.7224651e-05
59.85986,94.999413,48.749737,27.500219,86.252863,45.000695,280.00144,148.74357,266.21378,24.994014,14.992882,9.9915376,22.473187,11.236248,7.4925794,8.7410856,21.22003,3.7483021,11.245031,3.7490613,21.24432,34.992778,1.2497355,1.249899,1.2497705,21.227959,18.733375,8.7474181,2.4996537,1.249893,1.2499219,1.2500091,2.8140367e-05,5.6283109e-06,1.6884536e-05,5.6288805e-06,1.6890652e-05
59.95996,94.999423,48.74974,27.500212,86.252789,45.000658,280.00109,148.74339,266.21347,24.99399,14.992871,9.9915317,22.473182,11.236245,7.4925734,8.7410753,21.220005,3.7482973,11.245016,3.7490567,21.244292,34.992727,1.2497348,1.2498975,1.249769,21.227926,18.733347,8.7474065,2.4996513,1.2498918,1.249921,1.250008,2.7595975e-05,5.5194281e-06,1.6557895e-05,5.5199872e-06,1.6563898e-05
60.06006,94.999432,48.749743,27.500205,86.252716,45.000622,280.00074,148.74321,266.21317,24.993966,14.99286,9.991526,22.473178,11.236241,7.4925676,8.7410652,21.21998,3.7482927,11.245002,3.7490522,21.244264,34.992677,1.2497341,1.249896,1.2497674,21.227893,18.733319,8.747395,2.4996489,1.2498906,1.24992,1.250007,2.7063398e-05,5.4129083e-06,1.6238343e-05,5.413457e-06,1.6244234e-05
60.16016,94.999442,48.749747,27.500199,86.252644,45.000587,280.0004,148.74304,266.21288,24.993943,14.992849,9.9915207,22.473174,11.236238,7.492562,8.7410554,21.219956,3.7482882,11.244988,3.7490477,21.244237,34.992628,1.2497335,1.2498946,1.2497659,21.227861,18.733292,8.7473839,2.4996465,1.2498895,1.2499191,1.2500059,2.6542386e-05,5.3087019e-06,1.592573e-05,5.3092404e-06,1.5931513e-05
60.26026,94.999451,48.74975,27.500193,86.252574,45.000553,280.00007,148.74287,266.2126,24.99392,14.992839,9.9915156,22.473171,11.236235,7.4925566,8.7410458,21.219932,3.7482838,11.244974,3.7490434,21.24421,34.99258,1.2497328,1.2498932,1.2497645,21.22783,18.733265,8.747373,2.4996442,1.2498884,1.2499182,1.2500049,2.6032704e-05,5.2067613e-06,1.5619916e-05,5.20729e-06,1.5625592e-05
60.36036,94.99946,48.749753,27.500186,86.252506,45.000519,279.99974,148.74271,266.21233,24.993898,14.99283,9.9915107,22.473169,11.236233,7.4925514,8.7410364,21.219909,3.7482795,11.244961,3.7490391,21.244184,34.992532,1.2497322,1.2498918,1.249763,21.227799,18.733239,8.7473623,2.499642,1.2498874,1.2499173,1.250004,2.5534123e-05,5.1070411e-06,1.5320762e-05,5.10756e-06,1.5326334e-05
60.46046,94.999469,48.749756,27.50018,86.252439,45.000486,279.99943,148.74255,266.21206,24.993877,14.99282,9.9915061,22.473167,11.23623,7.4925464,8.7410272,21.219886,3.7482753,11.244948,3.7490349,21.244158,34.992486,1.2497316,1.2498904,1.2497616,21.227769,18.733214,8.7473518,2.4996398,1.2498863,1.2499165,1.250003,2.5046425e-05,5.0094975e-06,1.5028137e-05,5.010007e-06,1.5033607e-05
60.560561,94.999477,48.749759,27.500174,86.252374,45.000454,279.99912,148.74239,266.2118,24.993856,14.992811,9.9915018,22.473165,11.236228,7.4925416,8.7410182,21.219864,3.7482712,11.244935,3.7490309,21.244133,34.992441,1.249731,1.2498891,1.2497602,21.227739,18.733188,8.7473416,2.4996376,1.2498853,1.2499157,1.2500021,2.4569401e-05,4.914089e-06,1.4741918e-05,4.9145891e-06,1.4747288e-05
60.660661,94.999486,48.749762,27.500169,86.25231,45.000423,279.99881,148.74224,266.21154,24.993836,14.992803,9.9914977,22.473164,11.236227,7.492537,8.7410094,21.219843,3.7482671,11.244922,3.7490269,21.244108,34.992396,1.2497304,1.2498878,1.2497589,21.22771,18.733164,8.7473315,2.4996355,1.2498843,1.2499148,1.2500012,2.4102854e-05,4.8207756e-06,1.4461985e-05,4.8212666e-06,1.4467256e-05
60.760761,94.999494,48.749765,27.500163,86.252247,45.000392,279.99852,148.74209,266.21129,24.993817,14.992794,9.9914939,22.473164,11.236225,7.4925325,8.7410008,21.219822,3.7482632,11.24491,3.749023,21.244084,34.992353,1.2497298,1.2498866,1.2497576,21.227681,18.73314,8.7473217,2.4996335,1.2498833,1.249914,1.2500003,2.3646593e-05,4.7295197e-06,1.4188223e-05,4.7300018e-06,1.4193399e-05
60.860861,94.999502,48.749767,27.500158,86.252186,45.000362,279.99823,148.74194,266.21105,24.993798,14.992786,9.9914903,22.473164,11.236224,7.4925283,8.7409924,21.219801,3.7482594,11.244898,3.7490192,21.244061,34.99231,1.2497293,1.2498853,1.2497563,21.227653,18.733116,8.7473121,2.4996314,1.2498823,1.2499133,1.2499994,2.3200439e-05,4.6402855e-06,1.3920526e-05,4.6407588e-06,1.3925609e-05
60.960961,94.99951,48.74977,27.500152,86.252126,45.000333,279.99794,148.7418,266.21081,24.99378,14.992779,9.9914869,22.473164,11.236223,7.4925242,8.7409842,21.219781,3.7482556,11.244886,3.7490155,21.244038,34.992268,1.2497287,1.2498841,1.249755,21.227625,18.733092,8.7473028,2.4996295,1.2498814,1.2499125,1.2499985,2.2764224e-05,4.5530389e-06,1.3658793e-05,4.5535038e-06,1.3663783e-05
61.061061,94.999518,48.749773,27.500147,86.252068,45.000304,279.99767,148.74166,266.21058,24.993762,14.992771,9.9914838,22.473165,11.236222,7.4925203,8.7409762,21.219762,3.748252,11.244875,3.7490118,21.244015,34.992227,1.2497282,1.2498829,1.2497538,21.227597,18.73307,8.7472936,2.4996276,1.2498805,1.2499117,1.2499977,2.2337788e-05,4.4677482e-06,1.3402926e-05,4.4682047e-06,1.3407827e-05
61.161161,94.999525,48.749775,27.500142,86.252011,45.000276,279.9974,148.74152,266.21036,24.993745,14.992764,9.9914809,22.473167,11.236222,7.4925165,8.7409684,21.219743,3.7482484,11.244863,3.7490083,21.243993,34.992187,1.2497277,1.2498818,1.2497525,21.227571,18.733047,8.7472846,2.4996257,1.2498796,1.249911,1.2499969,2.192098e-05,4.3843832e-06,1.3152837e-05,4.3848316e-06,1.315765e-05
61.261261,94.999533,48.749778,27.500137,86.251955,45.000249,279.99714,148.74139,266.21014,24.993728,14.992757,9.9914782,22.473169,11.236221,7.4925129,8.7409607,21.219724,3.7482449,11.244852,3.7490048,21.243971,34.992147,1.2497272,1.2498806,1.2497514,21.227544,18.733025,8.7472758,2.4996238,1.2498787,1.2499103,1.2499961,2.151366e-05,4.302916e-06,1.2908441e-05,4.3033564e-06,1.2913168e-05
61.361361,94.99954,48.74978,27.500132,86.2519,45.000222,279.99688,148.74126,266.20993,24.993712,14.992751,9.9914757,22.473171,11.236221,7.4925095,8.7409533,21.219706,3.7482415,11.244842,3.7490014,21.24395,34.992109,1.2497267,1.2498795,1.2497502,21.227518,18.733004,8.7472672,2.499622,1.2498778,1.2499096,1.2499953,2.1115699e-05,4.2233204e-06,1.2669659e-05,4.223753e-06,1.2674303e-05
61.461461,94.999547,48.749783,27.500127,86.251846,45.000196,279.99662,148.74113,266.20972,24.993696,14.992745,9.9914733,22.473173,11.236221,7.4925062,8.7409458,21.219689,3.7482381,11.244831,3.7489981,21.243929,34.99207,1.2497262,1.2498784,1.249749,21.227493,18.732982,8.7472587,2.4996203,1.249877,1.2499089,1.2499945,2.072058e-05,4.1442935e-06,1.2432584e-05,4.1447184e-06,1.2437145e-05
61.561562,94.999554,48.749785,27.500122,86.251792,45.000169,279.99637,148.741,266.20951,24.99368,14.992738,9.9914709,22.473176,11.236221,7.4925028,8.7409384,21.219671,3.7482347,11.24482,3.7489947,21.243908,34.992032,1.2497257,1.2498773,1.2497479,21.227467,18.732961,8.7472502,2.4996185,1.2498761,1.2499082,1.2499938,2.0325681e-05,4.0653106e-06,1.2195641e-05,4.0657276e-06,1.2200118e-05
61.661662,94.999561,48.749788,27.500117,86.251739,45.000143,279.99612,148.74088,266.2093,24.993665,14.992732,9.9914687,22.473179,11.236221,7.4924996,8.7409312,21.219653,3.7482314,11.24481,3.7489914,21.243887,34.991994,1.2497252,1.2498763,1.2497467,21.227441,18.73294,8.7472418,2.4996167,1.2498753,1.2499075,1.249993,1.9938054e-05,3.987782e-06,1.196306e-05,3.9881914e-06,1.1967455e-05
61.761762,94.999568,48.74979,27.500113,86.251687,45.000118,279.99587,148.74075,266.2091,24.993649,14.992726,9.9914666,22.473182,11.236222,7.4924965,8.740924,21.219636,3.7482282,11.2448,3.7489882,21.243867,34.991957,1.2497247,1.2498752,1.2497456,21.227416,18.732919,8.7472336,2.499615,1.2498745,1.2499069,1.2499923,1.9557518e-05,3.9116716e-06,1.1734734e-05,3.9120735e-06,1.1739049e-05
61.861862,94.999575,48.749793,27.500108,86.251636,45.000093,279.99563,148.74063,266.2089,24.993635,14.992721,9.9914647,22.473185,11.236222,7.4924935,8.740917,21.219619,3.748225,11.24479,3.748985,21.243847,34.991921,1.2497243,1.2498742,1.2497445,21.227392,18.732898,8.7472256,2.4996133,1.2498737,1.2499062,1.2499915,1.9183898e-05,3.8369446e-06,1.1510558e-05,3.8373391e-06,1.1514794e-05
61.961962,94.999581,48.749795,27.500104,86.251586,45.000068,279.99539,148.74051,266.20871,24.99362,14.992715,9.9914629,22.473189,11.236223,7.4924906,8.7409102,21.219603,3.7482219,11.24478,3.7489819,21.243828,34.991885,1.2497238,1.2498731,1.2497434,21.227367,18.732878,8.7472176,2.4996117,1.2498729,1.2499056,1.2499908,1.881703e-05,3.763568e-06,1.1290433e-05,3.7639553e-06,1.1294591e-05
62.062062,94.999588,48.749797,27.500099,86.251537,45.000044,279.99516,148.7404,266.20852,24.993606,14.99271,9.9914613,22.473193,11.236224,7.4924878,8.7409034,21.219587,3.7482188,11.24477,3.7489788,21.243808,34.991849,1.2497234,1.2498721,1.2497424,21.227343,18.732858,8.7472098,2.49961,1.2498721,1.2499049,1.2499901,1.8456756e-05,3.6915102e-06,1.1074265e-05,3.6918904e-06,1.1078346e-05
62.162162,94.999594,48.749799,27.500095,86.251488,45.00002,279.99493,148.74028,266.20834,24.993592,14.992705,9.9914599,22.473198,11.236225,7.4924852,8.7408968,21.219571,3.7482158,11.244761,3.7489758,21.243789,34.991814,1.249723,1.2498711,1.2497413,21.22732,18.732839,8.7472022,2.4996084,1.2498714,1.2499043,1.2499894,1.8102926e-05,3.6207414e-06,1.0861963e-05,3.6211146e-06,1.086597e-05
62.262262,94.9996,48.749802,27.500091,86.251441,44.999997,279.99471,148.74017,266.20815,24.993579,14.9927,9.9914586,22.473203,11.236226,7.4924826,8.7408903,21.219555,3.7482128,11.244751,3.7489728,21.243771,34.99178,1.2497225,1.2498702,1.2497403,21.227296,18.732819,8.7471946,2.4996069,1.2498706,1.2499037,1.2499887,1.7755399e-05,3.5512331e-06,1.0653443e-05,3.5515995e-06,1.0657376e-05
62.362362,94.999607,48.749804,27.500086,86.251394,44.999974,279.99449,148.74006,266.20798,24.993566,14.992695,9.9914574,22.473208,11.236227,7.4924802,8.7408839,21.21954,3.7482099,11.244742,3.7489699,21.243752,34.991746,1.2497221,1.2498692,1.2497393,21.227273,18.7328,8.7471873,2.4996053,1.2498699,1.2499031,1.249988,1.741404e-05,3.4829587e-06,1.0448624e-05,3.4833184e-06,1.0452485e-05
62.462462,94.999613,48.749806,27.500082,86.251348,44.999952,279.99428,148.73995,266.2078,24.993554,14.992691,9.9914564,22.473213,11.236229,7.4924779,8.7408776,21.219525,3.7482071,11.244733,3.7489671,21.243734,34.991713,1.2497217,1.2498683,1.2497383,21.22725,18.732782,8.74718,2.4996038,1.2498692,1.2499025,1.2499874,1.7078725e-05,3.4158928e-06,1.0247431e-05,3.4162459e-06,1.0251222e-05
62.562563,94.999619,48.749808,27.500078,86.251303,44.99993,279.99407,148.73985,266.20763,24.993541,14.992687,9.9914555,22.473219,11.23623,7.4924757,8.7408715,21.219511,3.7482043,11.244724,3.7489643,21.243717,34.991681,1.2497213,1.2498674,1.2497373,21.227228,18.732763,8.7471728,2.4996023,1.2498684,1.2499019,1.2499867,1.6749334e-05,3.3500119e-06,1.0049793e-05,3.3503585e-06,1.0053514e-05
62.662663,94.999624,48.74981,27.500074,86.251259,44.999908,279.99386,148.73974,266.20747,24.993529,14.992683,9.9914547,22.473224,11.236232,7.4924735,8.7408654,21.219496,3.7482016,11.244716,3.7489616,21.243699,34.991648,1.2497209,1.2498665,1.2497364,21.227205,18.732745,8.7471658,2.4996009,1.2498677,1.2499014,1.2499861,1.6425757e-05,3.285294e-06,9.8556438e-06,3.2856342e-06,9.859296e-06
62.762763,94.99963,48.749812,27.50007,86.251215,44.999887,279.99365,148.73964,266.2073,24.993518,14.992679,9.9914541,22.473231,11.236234,7.4924715,8.7408595,21.219482,3.7481989,11.244707,3.7489589,21.243682,34.991617,1.2497205,1.2498656,1.2497354,21.227183,18.732727,8.7471589,2.4995994,1.2498671,1.2499008,1.2499855,1.6107892e-05,3.2217185e-06,9.6649216e-06,3.2220525e-06,9.6685069e-06
62.862863,94.999636,48.749814,27.500066,86.251173,44.999866,279.99345,148.73954,266.20714,24.993506,14.992675,9.9914536,22.473237,11.236236,7.4924696,8.7408537,21.219468,3.7481962,11.244699,3.7489562,21.243665,34.991585,1.2497201,1.2498647,1.2497345,21.227162,18.732709,8.7471521,2.499598,1.2498664,1.2499003,1.2499849,1.5795646e-05,3.1592666e-06,9.4775702e-06,3.1595945e-06,9.4810896e-06
62.962963,94.999641,48.749816,27.500063,86.251131,44.999846,279.99326,148.73945,266.20699,24.993495,14.992672,9.9914532,22.473244,11.236238,7.4924678,8.740848,21.219455,3.7481936,11.244691,3.7489536,21.243649,34.991555,1.2497198,1.2498639,1.2497336,21.22714,18.732692,8.7471455,2.4995966,1.2498657,1.2498997,1.2499843,1.548893e-05,3.097921e-06,9.2935374e-06,3.0982428e-06,9.2969922e-06
63.063063,94.999647,48.749818,27.500059,86.25109,44.999826,279.99306,148.73935,266.20684,24.993485,14.992668,9.991453,22.473251,11.23624,7.492466,8.7408424,21.219442,3.7481911,11.244683,3.748951,21.243632,34.991524,1.2497194,1.249863,1.2497327,21.227119,18.732675,8.7471389,2.4995953,1.2498651,1.2498992,1.2499837,1.5187667e-05,3.0376659e-06,9.1127762e-06,3.0379818e-06,9.1161676e-06
63.163163,94.999652,48.749819,27.500055,86.251049,44.999806,279.99288,148.73926,266.20669,24.993474,14.992665,9.9914529,22.473258,11.236242,7.4924644,8.7408368,21.219429,3.7481886,11.244675,3.7489485,21.243616,34.991494,1.249719,1.2498622,1.2497318,21.227098,18.732658,8.7471325,2.4995939,1.2498644,1.2498987,1.2499831,1.4891785e-05,2.9784871e-06,8.935244e-06,2.9787973e-06,8.9385733e-06
63.263263,94.999657,48.749821,27.500052,86.25101,44.999787,279.99269,148.73916,266.20654,24.993464,14.992662,9.9914529,22.473265,11.236245,7.4924628,8.7408314,21.219416,3.7481862,11.244667,3.7489461,21.2436,34.991465,1.2497187,1.2498614,1.2497309,21.227078,18.732641,8.7471261,2.4995926,1.2498638,1.2498982,1.2499825,1.4601222e-05,2.9203722e-06,8.7609032e-06,2.9206767e-06,8.7641714e-06
63.363363,94.999663,48.749823,27.500048,86.250971,44.999768,279.99251,148.73907,266.2064,24.993454,14.992659,9.991453,22.473273,11.236248,7.4924614,8.7408261,21.219404,3.7481838,11.244659,3.7489437,21.243585,34.991436,1.2497184,1.2498606,1.2497301,21.227057,18.732624,8.7471199,2.4995913,1.2498632,1.2498977,1.249982,1.4315923e-05,2.8633101e-06,8.5897207e-06,2.863609e-06,8.592929e-06
63.463463,94.999668,48.749825,27.500045,86.250933,44.999749,279.99233,148.73899,266.20626,24.993445,14.992656,9.9914532,22.473281,11.23625,7.49246,8.7408209,21.219392,3.7481814,11.244652,3.7489413,21.24357,34.991408,1.249718,1.2498598,1.2497292,21.227037,18.732608,8.7471138,2.4995901,1.2498626,1.2498972,1.2499814,1.4035841e-05,2.8072914e-06,8.4216683e-06,2.8075848e-06,8.4248179e-06
63.563564,94.999673,48.749827,27.500041,86.250895,44.999731,279.99215,148.7389,266.20612,24.993436,14.992654,9.9914536,22.473289,11.236253,7.4924587,8.7408158,21.21938,3.7481791,11.244644,3.748939,21.243555,34.99138,1.2497177,1.249859,1.2497284,21.227017,18.732592,8.7471078,2.4995888,1.249862,1.2498967,1.2499809,1.3760936e-05,2.7523082e-06,8.2567225e-06,2.7525963e-06,8.2598144e-06
63.663664,94.999678,48.749828,27.500038,86.250858,44.999713,279.99198,148.73881,266.20599,24.993427,14.992651,9.9914541,22.473297,11.236256,7.4924575,8.7408108,21.219368,3.7481769,11.244637,3.7489367,21.24354,34.991352,1.2497174,1.2498583,1.2497276,21.226998,18.732576,8.7471019,2.4995876,1.2498614,1.2498962,1.2499803,1.3491177e-05,2.6983543e-06,8.0948644e-06,2.6986371e-06,8.0978998e-06
63.763764,94.999682,48.74983,27.500035,86.250822,44.999695,279.99181,148.73873,266.20586,24.993418,14.992649,9.9914547,22.473306,11.236259,7.4924564,8.7408059,21.219357,3.7481747,11.24463,3.7489344,21.243525,34.991325,1.2497171,1.2498575,1.2497268,21.226978,18.732561,8.7470961,2.4995864,1.2498609,1.2498958,1.2499798,1.3226541e-05,2.6454249e-06,7.93608e-06,2.6457026e-06,7.93906e-06
63.863864,94.999687,48.749832,27.500032,86.250787,44.999678,279.99165,148.73865,266.20573,24.99341,14.992647,9.9914554,22.473315,11.236262,7.4924554,8.7408011,21.219346,3.7481725,11.244623,3.7489322,21.243511,34.991298,1.2497167,1.2498568,1.249726,21.226959,18.732545,8.7470904,2.4995852,1.2498603,1.2498953,1.2499793,1.2967013e-05,2.5935171e-06,7.7803599e-06,2.5937897e-06,7.7832857e-06
63.963964,94.999692,48.749833,27.500029,86.250752,44.999661,279.99149,148.73857,266.20561,24.993401,14.992645,9.9914562,22.473324,11.236266,7.4924545,8.7407964,21.219335,3.7481704,11.244616,3.7489301,21.243497,34.991272,1.2497164,1.2498561,1.2497252,21.22694,18.73253,8.7470849,2.4995841,1.2498598,1.2498949,1.2499788,1.2712583e-05,2.5426292e-06,7.6276996e-06,2.5428968e-06,7.6305722e-06
64.064064,94.999696,48.749835,27.500026,86.250718,44.999645,279.99133,148.73849,266.20549,24.993394,14.992644,9.9914571,22.473333,11.236269,7.4924536,8.7407917,21.219324,3.7481683,11.24461,3.748928,21.243483,34.991246,1.2497161,1.2498554,1.2497245,21.226922,18.732515,8.7470794,2.499583,1.2498592,1.2498944,1.2499783,1.2463254e-05,2.4927613e-06,7.4780993e-06,2.493024e-06,7.4809197e-06
64.164164,94.999701,48.749836,27.500023,86.250685,44.999629,279.99117,148.73842,266.20537,24.993386,14.992642,9.9914582,22.473343,11.236273,7.4924529,8.7407872,21.219314,3.7481663,11.244603,3.7489259,21.24347,34.991221,1.2497159,1.2498547,1.2497237,21.226903,18.732501,8.747074,2.4995819,1.2498587,1.249894,1.2499778,1.2219032e-05,2.4439149e-06,7.3315637e-06,2.444173e-06,7.334333e-06
64.264264,94.999705,48.749838,27.50002,86.250652,44.999613,279.99102,148.73834,266.20526,24.993379,14.992641,9.9914594,22.473353,11.236277,7.4924522,8.7407828,21.219304,3.7481643,11.244597,3.7489239,21.243457,34.991196,1.2497156,1.2498541,1.249723,21.226885,18.732486,8.7470688,2.4995808,1.2498582,1.2498936,1.2499774,1.1979935e-05,2.3960935e-06,7.1881024e-06,2.3963468e-06,7.1908218e-06
64.364364,94.999709,48.749839,27.500017,86.25062,44.999597,279.99087,148.73827,266.20515,24.993372,14.992639,9.9914607,22.473363,11.23628,7.4924516,8.7407785,21.219294,3.7481624,11.244591,3.7489219,21.243444,34.991171,1.2497153,1.2498534,1.2497223,21.226868,18.732472,8.7470636,2.4995797,1.2498577,1.2498932,1.2499769,1.1745985e-05,2.3493016e-06,7.0477299e-06,2.3495504e-06,7.0504003e-06
64.464464,94.999713,48.749841,27.500014,86.250589,44.999582,279.99073,148.7382,266.20504,24.993365,14.992638,9.9914621,22.473373,11.236284,7.4924512,8.7407742,21.219285,3.7481605,11.244584,3.74892,21.243431,34.991147,1.249715,1.2498528,1.2497216,21.22685,18.732458,8.7470586,2.4995787,1.2498572,1.2498928,1.2499765,1.1517214e-05,2.3035456e-06,6.9104652e-06,2.30379e-06,6.9130876e-06
64.564565,94.999717,48.749842,27.500011,86.250558,44.999567,279.99058,148.73813,266.20493,24.993358,14.992637,9.9914634,22.473383,11.236288,7.4924506,8.74077,21.219275,3.7481586,11.244578,3.748918,21.243418,34.991123,1.2497148,1.2498521,1.2497209,21.226832,18.732444,8.7470535,2.4995776,1.2498567,1.2498924,1.249976,1.1286013e-05,2.2573034e-06,6.7717418e-06,2.2575433e-06,6.7743164e-06
64.664665,94.999722,48.749844,27.500008,86.250526,44.999551,279.99044,148.73806,266.20482,24.993351,14.992636,9.9914647,22.473393,11.236292,7.49245,8.7407656,21.219265,3.7481566,11.244572,3.748916,21.243405,34.991098,1.2497145,1.2498515,1.2497202,21.226814,18.73243,8.7470484,2.4995766,1.2498562,1.2498919,1.2499755,1.1052531e-05,2.2106052e-06,6.6316502e-06,2.2108406e-06,6.6341769e-06
64.764765,94.999726,48.749845,27.500006,86.250495,44.999536,279.99029,148.73798,266.20471,24.993345,14.992635,9.991466,22.473403,11.236296,7.4924495,8.7407614,21.219256,3.7481547,11.244566,3.7489141,21.243392,34.991074,1.2497142,1.2498508,1.2497194,21.226797,18.732416,8.7470433,2.4995755,1.2498557,1.2498915,1.2499751,1.0822639e-05,2.1646251e-06,6.493713e-06,2.1648562e-06,6.4961928e-06
64.864865,94.99973,48.749847,27.500003,86.250464,44.999521,279.99015,148.73791,266.2046,24.993338,14.992634,9.9914675,22.473413,11.2363,7.492449,8.7407572,21.219246,3.7481529,11.24456,3.7489122,21.24338,34.99105,1.249714,1.2498502,1.2497188,21.226779,18.732402,8.7470384,2.4995745,1.2498552,1.2498911,1.2499746,1.0596314e-05,2.1193582e-06,6.3579153e-06,2.119585e-06,6.3603489e-06
64.964965,94.999734,48.749848,27.5,86.250434,44.999507,279.99001,148.73785,266.2045,24.993332,14.992633,9.991469,22.473424,11.236304,7.4924486,8.7407531,21.219237,3.748151,11.244554,3.7489103,21.243367,34.991027,1.2497137,1.2498495,1.2497181,21.226762,18.732389,8.7470334,2.4995735,1.2498547,1.2498907,1.2499742,1.0373535e-05,2.0748007e-06,6.2242456e-06,2.0750232e-06,6.2266338e-06
65.065065,94.999738,48.749849,27.499997,86.250404,44.999492,279.98987,148.73778,266.20439,24.993326,14.992632,9.9914706,22.473434,11.236308,7.4924483,8.740749,21.219228,3.7481492,11.244548,3.7489085,21.243355,34.991004,1.2497135,1.2498489,1.2497174,21.226745,18.732375,8.7470286,2.4995725,1.2498542,1.2498904,1.2499738,1.015429e-05,2.03095e-06,6.0926963e-06,2.0311683e-06,6.0950398e-06
65.165165,94.999742,48.749851,27.499995,86.250374,44.999478,279.98973,148.73771,266.20429,24.99332,14.992631,9.9914722,22.473445,11.236312,7.492448,8.740745,21.219219,3.7481475,11.244542,3.7489066,21.243343,34.990981,1.2497132,1.2498483,1.2497167,21.226728,18.732362,8.7470238,2.4995715,1.2498538,1.24989,1.2499733,9.938572e-06,1.9878047e-06,5.9632632e-06,1.988019e-06,5.9655629e-06
65.265265,94.999746,48.749852,27.499992,86.250346,44.999464,279.9896,148.73765,266.2042,24.993314,14.99263,9.991474,22.473456,11.236316,7.4924478,8.7407411,21.21921,3.7481457,11.244537,3.7489049,21.243331,34.990958,1.249713,1.2498477,1.2497161,21.226711,18.732349,8.7470192,2.4995706,1.2498533,1.2498896,1.2499729,9.7263801e-06,1.9453646e-06,5.8359459e-06,1.9455749e-06,5.8382024e-06
65.365365,94.999749,48.749853,27.49999,86.250317,44.99945,279.98947,148.73758,266.2041,24.993308,14.99263,9.9914758,22.473467,11.236321,7.4924476,8.7407373,21.219202,3.748144,11.244531,3.7489031,21.243319,34.990936,1.2497127,1.2498471,1.2497154,21.226694,18.732335,8.7470145,2.4995696,1.2498529,1.2498892,1.2499725,9.5177198e-06,1.9036309e-06,5.7107476e-06,1.9038373e-06,5.7129617e-06
65.465465,94.999753,48.749855,27.499987,86.250289,44.999437,279.98934,148.73752,266.20401,24.993303,14.99263,9.9914777,22.473478,11.236325,7.4924475,8.7407335,21.219194,3.7481423,11.244526,3.7489014,21.243308,34.990914,1.2497125,1.2498466,1.2497148,21.226678,18.732323,8.74701,2.4995687,1.2498524,1.2498889,1.2499721,9.3126024e-06,1.8626058e-06,5.587675e-06,1.8628083e-06,5.5898475e-06
65.565566,94.999757,48.749856,27.499985,86.250262,44.999423,279.98921,148.73746,266.20391,24.993298,14.992629,9.9914797,22.47349,11.23633,7.4924474,8.7407298,21.219185,3.7481407,11.24452,3.7488997,21.243296,34.990892,1.2497123,1.249846,1.2497142,21.226662,18.73231,8.7470055,2.4995678,1.249852,1.2498885,1.2499717,9.1110453e-06,1.8222928e-06,5.4667386e-06,1.8224915e-06,5.4688702e-06
65.665666,94.99976,48.749857,27.499982,86.250235,44.99941,279.98909,148.7374,266.20382,24.993293,14.992629,9.9914818,22.473501,11.236334,7.4924474,8.7407261,21.219177,3.7481391,11.244515,3.748898,21.243285,34.990871,1.249712,1.2498454,1.2497135,21.226646,18.732297,8.7470011,2.4995669,1.2498516,1.2498882,1.2499713,8.913072e-06,1.7826966e-06,5.3479525e-06,1.7828915e-06,5.3500439e-06
65.765766,94.999764,48.749858,27.49998,86.250209,44.999398,279.98897,148.73734,266.20374,24.993288,14.992629,9.9914839,22.473513,11.236339,7.4924475,8.7407226,21.21917,3.7481375,11.24451,3.7488964,21.243274,34.990849,1.2497118,1.2498449,1.2497129,21.22663,18.732285,8.7469968,2.499566,1.2498511,1.2498878,1.2499709,8.718712e-06,1.743823e-06,5.2313345e-06,1.7440143e-06,5.2333865e-06
65.865866,94.999767,48.74986,27.499978,86.250183,44.999385,279.98885,148.73728,266.20365,24.993283,14.992629,9.9914861,22.473525,11.236344,7.4924476,8.7407191,21.219162,3.7481359,11.244505,3.7488948,21.243263,34.990829,1.2497116,1.2498444,1.2497123,21.226614,18.732273,8.7469926,2.4995651,1.2498507,1.2498875,1.2499706,8.528001e-06,1.7056793e-06,5.1169059e-06,1.705867e-06,5.1189191e-06
65.965966,94.999771,48.749861,27.499975,86.250157,44.999373,279.98873,148.73723,266.20357,24.993279,14.992629,9.9914884,22.473537,11.236349,7.4924478,8.7407156,21.219155,3.7481344,11.2445,3.7488932,21.243253,34.990808,1.2497114,1.2498438,1.2497117,21.226598,18.732261,8.7469884,2.4995643,1.2498503,1.2498872,1.2499702,8.3409806e-06,1.6682738e-06,5.0046917e-06,1.6684579e-06,5.0066668e-06
66.066066,94.999774,48.749862,27.499973,86.250132,44.999361,279.98862,148.73717,266.20349,24.993274,14.99263,9.9914908,22.473549,11.236354,7.492448,8.7407122,21.219147,3.748133,11.244495,3.7488916,21.243242,34.990788,1.2497112,1.2498433,1.2497112,21.226583,18.732249,8.7469844,2.4995635,1.2498499,1.2498868,1.2499698,8.1576986e-06,1.6316159e-06,4.8947206e-06,1.6317965e-06,4.8966583e-06
66.166166,94.999777,48.749863,27.499971,86.250108,44.999349,279.9885,148.73712,266.20341,24.99327,14.99263,9.9914933,22.473562,11.236359,7.4924484,8.740709,21.21914,3.7481315,11.24449,3.7488901,21.243232,34.990768,1.249711,1.2498428,1.2497106,21.226568,18.732237,8.7469804,2.4995627,1.2498495,1.2498865,1.2499695,7.9782088e-06,1.5957165e-06,4.7870248e-06,1.5958937e-06,4.7889259e-06
66.266266,94.99978,48.749864,27.499969,86.250084,44.999337,279.98839,148.73707,266.20333,24.993267,14.99263,9.9914959,22.473574,11.236364,7.4924487,8.7407057,21.219133,3.7481301,11.244486,3.7488887,21.243222,34.990749,1.2497108,1.2498423,1.24971,21.226553,18.732226,8.7469764,2.4995619,1.2498492,1.2498862,1.2499691,7.8025711e-06,1.5605876e-06,4.6816402e-06,1.5607614e-06,4.6835054e-06
66.366366,94.999784,48.749865,27.499967,86.250061,44.999326,279.98829,148.73702,266.20326,24.993263,14.992631,9.9914985,22.473587,11.236369,7.4924492,8.7407026,21.219127,3.7481287,11.244481,3.7488872,21.243212,34.990729,1.2497106,1.2498418,1.2497095,21.226538,18.732214,8.7469726,2.4995611,1.2498488,1.2498859,1.2499688,7.6308513e-06,1.5262422e-06,4.5786065e-06,1.5264128e-06,4.5804364e-06
66.466466,94.999787,48.749866,27.499965,86.250038,44.999315,279.98818,148.73697,266.20319,24.99326,14.992632,9.9915013,22.4736,11.236374,7.4924497,8.7406995,21.21912,3.7481274,11.244477,3.7488858,21.243203,34.990711,1.2497104,1.2498414,1.249709,21.226524,18.732203,8.7469688,2.4995603,1.2498484,1.2498856,1.2499685,7.4631214e-06,1.4926949e-06,4.4779668e-06,1.4928623e-06,4.4797621e-06
66.566567,94.99979,48.749868,27.499963,86.250016,44.999305,279.98808,148.73692,266.20312,24.993257,14.992633,9.9915041,22.473613,11.23638,7.4924503,8.7406965,21.219114,3.7481261,11.244472,3.7488844,21.243193,34.990692,1.2497102,1.2498409,1.2497084,21.226509,18.732192,8.7469652,2.4995596,1.2498481,1.2498853,1.2499681,7.2994597e-06,1.4599612e-06,4.379768e-06,1.4601254e-06,4.3815294e-06
66.666667,94.999792,48.749869,27.499961,86.249994,44.999294,279.98798,148.73687,266.20306,24.993254,14.992634,9.991507,22.473626,11.236385,7.4924509,8.7406936,21.219108,3.7481248,11.244468,3.7488831,21.243184,34.990674,1.2497101,1.2498404,1.2497079,21.226495,18.732181,8.7469616,2.4995588,1.2498477,1.2498851,1.2499678,7.13995e-06,1.428058e-06,4.2840605e-06,1.4282191e-06,4.2857887e-06
66.766767,94.999795,48.74987,27.499959,86.249973,44.999284,279.98789,148.73683,266.20299,24.993251,14.992635,9.99151,22.47364,11.236391,7.4924517,8.7406908,21.219102,3.7481236,11.244464,3.7488818,21.243175,34.990656,1.2497099,1.24984,1.2497074,21.226481,18.732171,8.7469581,2.4995581,1.2498474,1.2498848,1.2499675,6.9846827e-06,1.3970033e-06,4.1908984e-06,1.3971613e-06,4.192594e-06
66.866867,94.999798,48.74987,27.499957,86.249953,44.999274,279.98779,148.73678,266.20293,24.993249,14.992636,9.9915132,22.473653,11.236396,7.4924525,8.740688,21.219097,3.7481224,11.24446,3.7488805,21.243166,34.990639,1.2497097,1.2498396,1.2497069,21.226467,18.73216,8.7469547,2.4995575,1.2498471,1.2498845,1.2499672,6.833754e-06,1.3668163e-06,4.1003395e-06,1.3669714e-06,4.1020033e-06
66.966967,94.999801,48.749871,27.499955,86.249933,44.999265,279.9877,148.73674,266.20287,24.993246,14.992638,9.9915164,22.473667,11.236402,7.4924534,8.7406854,21.219091,3.7481212,11.244456,3.7488793,21.243157,34.990622,1.2497096,1.2498392,1.2497065,21.226454,18.73215,8.7469514,2.4995568,1.2498468,1.2498843,1.2499669,6.6872662e-06,1.3375175e-06,4.0124452e-06,1.3376697e-06,4.0140778e-06
67.067067,94.999803,48.749872,27.499953,86.249914,44.999256,279.98762,148.7367,266.20282,24.993244,14.992639,9.9915197,22.473681,11.236408,7.4924543,8.7406828,21.219086,3.7481201,11.244452,3.7488781,21.243149,34.990605,1.2497094,1.2498388,1.249706,21.22644,18.73214,8.7469482,2.4995561,1.2498464,1.249884,1.2499666,6.5453276e-06,1.3091286e-06,3.9272805e-06,1.309278e-06,3.9288826e-06
67.167167,94.999806,48.749873,27.499952,86.249896,44.999247,279.98753,148.73666,266.20277,24.993243,14.992641,9.9915231,22.473695,11.236414,7.4924554,8.7406803,21.219081,3.7481191,11.244449,3.748877,21.243141,34.990589,1.2497093,1.2498384,1.2497055,21.226427,18.73213,8.746945,2.4995555,1.2498462,1.2498838,1.2499664,6.4080528e-06,1.2816725e-06,3.844914e-06,1.281819e-06,3.8464863e-06
67.267267,94.999808,48.749874,27.49995,86.249878,44.999238,279.98745,148.73662,266.20272,24.993241,14.992643,9.9915267,22.47371,11.23642,7.4924565,8.7406779,21.219076,3.748118,11.244445,3.7488759,21.243133,34.990573,1.2497091,1.249838,1.2497051,21.226414,18.732121,8.746942,2.4995549,1.2498459,1.2498835,1.2499661,6.2755622e-06,1.2551732e-06,3.7654182e-06,1.2553171e-06,3.7669613e-06
67.367367,94.99981,48.749875,27.499949,86.24986,44.99923,279.98738,148.73659,266.20267,24.99324,14.992645,9.9915303,22.473725,11.236426,7.4924577,8.7406756,21.219072,3.748117,11.244442,3.7488748,21.243125,34.990558,1.249709,1.2498376,1.2497047,21.226402,18.732111,8.7469391,2.4995543,1.2498456,1.2498833,1.2499659,6.1479823e-06,1.2296561e-06,3.6888688e-06,1.2297973e-06,3.6903835e-06
67.467467,94.999813,48.749876,27.499947,86.249844,44.999222,279.9873,148.73655,266.20263,24.99324,14.992647,9.9915341,22.47374,11.236433,7.492459,8.7406734,21.219068,3.7481161,11.244439,3.7488738,21.243118,34.990543,1.2497089,1.2498373,1.2497043,21.226389,18.732102,8.7469363,2.4995538,1.2498453,1.2498831,1.2499656,6.0254459e-06,1.2051477e-06,3.6153454e-06,1.2052864e-06,3.6168325e-06
67.567568,94.999815,48.749876,27.499946,86.249828,44.999215,279.98723,148.73652,266.20259,24.993239,14.992649,9.991538,22.473755,11.236439,7.4924603,8.7406713,21.219064,3.7481152,11.244436,3.7488728,21.243111,34.990529,1.2497088,1.2498369,1.2497039,21.226377,18.732093,8.7469336,2.4995532,1.2498451,1.2498829,1.2499654,5.9080915e-06,1.1816758e-06,3.5449314e-06,1.1818119e-06,3.5463915e-06
67.667668,94.999817,48.749877,27.499944,86.249808,44.999205,279.98714,148.73648,266.20253,24.993237,14.992651,9.9915411,22.473769,11.236445,7.4924612,8.7406687,21.219059,3.7481141,11.244432,3.7488716,21.243102,34.990512,1.2497086,1.2498365,1.2497034,21.226364,18.732083,8.7469303,2.4995526,1.2498448,1.2498826,1.2499651,5.7609632e-06,1.152249e-06,3.4566529e-06,1.1523824e-06,3.4580838e-06
67.767768,94.99982,48.749878,27.499942,86.249786,44.999194,279.98704,148.73643,266.20246,24.993233,14.992651,9.9915438,22.473781,11.23645,7.4924617,8.7406656,21.219052,3.7481128,11.244427,3.7488702,21.243092,34.990493,1.2497084,1.2498361,1.2497029,21.226349,18.732072,8.7469266,2.4995518,1.2498444,1.2498823,1.2499648,5.5966755e-06,1.1193903e-06,3.3580787e-06,1.1195209e-06,3.3594794e-06
67.867868,94.999823,48.749879,27.49994,86.249764,44.999184,279.98694,148.73638,266.20239,24.99323,14.992652,9.9915466,22.473794,11.236455,7.4924622,8.7406626,21.219046,3.7481115,11.244423,3.7488688,21.243083,34.990475,1.2497082,1.2498356,1.2497023,21.226335,18.732061,8.746923,2.4995511,1.249844,1.249882,1.2499644,5.4338122e-06,1.0868164e-06,3.2603591e-06,1.0869442e-06,3.2617299e-06
67.967968,94.999826,48.74988,27.499938,86.249742,44.999173,279.98684,148.73633,266.20232,24.993227,14.992653,9.9915494,22.473807,11.23646,7.4924627,8.7406597,21.21904,3.7481102,11.244419,3.7488675,21.243074,34.990456,1.2497081,1.2498351,1.2497018,21.22632,18.73205,8.7469193,2.4995504,1.2498437,1.2498818,1.2499641,5.2723985e-06,1.0545325e-06,3.1635094e-06,1.0546576e-06,3.1648507e-06
68.068068,94.999829,48.749882,27.499936,86.24972,44.999163,279.98674,148.73629,266.20225,24.993224,14.992654,9.9915522,22.47382,11.236466,7.4924633,8.7406567,21.219034,3.7481089,11.244415,3.7488662,21.243064,34.990438,1.2497079,1.2498347,1.2497013,21.226306,18.732039,8.7469157,2.4995496,1.2498434,1.2498815,1.2499638,5.112464e-06,1.0225445e-06,3.0675471e-06,1.0226668e-06,3.0688593e-06
68.168168,94.999832,48.749883,27.499934,86.249699,44.999152,279.98664,148.73624,266.20219,24.993221,14.992655,9.991555,22.473833,11.236471,7.4924639,8.7406538,21.219028,3.7481076,11.24441,3.7488648,21.243055,34.99042,1.2497077,1.2498342,1.2497008,21.226292,18.732028,8.7469122,2.4995489,1.249843,1.2498812,1.2499635,4.9540426e-06,9.9085906e-07,2.9724928e-06,9.9097873e-07,2.9737762e-06
68.268268,94.999835,48.749884,27.499932,86.249678,44.999142,279.98654,148.73619,266.20212,24.993218,14.992656,9.9915578,22.473846,11.236476,7.4924645,8.7406509,21.219022,3.7481064,11.244406,3.7488635,21.243046,34.990402,1.2497076,1.2498338,1.2497003,21.226278,18.732018,8.7469086,2.4995482,1.2498427,1.2498809,1.2499632,4.7971722e-06,9.5948387e-07,2.878369e-06,9.596009e-07,2.8796241e-06
68.368368,94.999838,48.749885,27.49993,86.249657,44.999132,279.98644,148.73615,266.20206,24.993215,14.992657,9.9915607,22.473859,11.236482,7.4924651,8.7406481,21.219016,3.7481052,11.244402,3.7488622,21.243037,34.990385,1.2497074,1.2498333,1.2496998,21.226264,18.732007,8.7469051,2.4995475,1.2498423,1.2498807,1.2499629,4.6418951e-06,9.2842735e-07,2.7852014e-06,9.2854178e-07,2.7864284e-06
68.468468,94.999841,48.749885,27.499929,86.249636,44.999122,279.98635,148.7361,266.20199,24.993212,14.992658,9.9915636,22.473872,11.236487,7.4924658,8.7406453,21.21901,3.7481039,11.244398,3.7488609,21.243028,34.990367,1.2497072,1.2498329,1.2496993,21.22625,18.731996,8.7469017,2.4995468,1.249842,1.2498804,1.2499626,4.4882579e-06,8.9769882e-07,2.6930176e-06,8.9781068e-07,2.694217e-06
68.568569,94.999843,48.749886,27.499927,86.249615,44.999112,279.98626,148.73606,266.20193,24.993209,14.992659,9.9915666,22.473885,11.236493,7.4924664,8.7406425,21.219005,3.7481027,11.244394,3.7488596,21.243019,34.99035,1.2497071,1.2498325,1.2496988,21.226236,18.731986,8.7468983,2.4995461,1.2498417,1.2498801,1.2499623,4.3363113e-06,8.6730843e-07,2.6018482e-06,8.6741774e-07,2.6030204e-06
68.668669,94.999846,48.749887,27.499925,86.249595,44.999102,279.98616,148.73601,266.20187,24.993207,14.99266,9.9915696,22.473898,11.236498,7.4924671,8.7406397,21.218999,3.7481015,11.24439,3.7488584,21.24301,34.990332,1.2497069,1.2498321,1.2496983,21.226222,18.731976,8.7468949,2.4995454,1.2498414,1.2498799,1.249962,4.1861103e-06,8.3726716e-07,2.5117262e-06,8.3737398e-07,2.5128715e-06
68.768769,94.999849,48.749888,27.499923,86.249575,44.999093,279.98607,148.73597,266.20181,24.993204,14.992661,9.9915726,22.473911,11.236504,7.4924679,8.740637,21.218994,3.7481004,11.244386,3.7488571,21.243002,34.990315,1.2497067,1.2498316,1.2496978,21.226209,18.731965,8.7468915,2.4995447,1.249841,1.2498796,1.2499617,4.0377141e-06,8.0758687e-07,2.422687e-06,8.0769122e-07,2.4238058e-06
68.868869,94.999851,48.749889,27.499921,86.249555,44.999083,279.98598,148.73593,266.20175,24.993202,14.992662,9.9915757,22.473924,11.236509,7.4924686,8.7406343,21.218988,3.7480992,11.244382,3.7488559,21.242993,34.990298,1.2497066,1.2498312,1.2496973,21.226195,18.731955,8.7468882,2.4995441,1.2498407,1.2498793,1.2499614,3.8911862e-06,7.7828025e-07,2.3347689e-06,7.7838217e-07,2.3358615e-06
68.968969,94.999854,48.74989,27.49992,86.249535,44.999074,279.98589,148.73589,266.20169,24.993199,14.992664,9.9915788,22.473938,11.236515,7.4924694,8.7406316,21.218983,3.7480981,11.244378,3.7488547,21.242984,34.990281,1.2497064,1.2498308,1.2496969,21.226182,18.731945,8.7468849,2.4995434,1.2498404,1.2498791,1.2499611,3.7465942e-06,7.4936084e-07,2.2480124e-06,7.4946036e-07,2.2490792e-06
69.069069,94.999857,48.749891,27.499918,86.249516,44.999064,279.9858,148.73584,266.20163,24.993197,14.992665,9.9915819,22.473951,11.23652,7.4924702,8.740629,21.218978,3.748097,11.244375,3.7488535,21.242976,34.990265,1.2497063,1.2498304,1.2496964,21.226168,18.731935,8.7468817,2.4995428,1.2498401,1.2498788,1.2499608,3.6040101e-06,7.2084303e-07,2.1624606e-06,7.2094017e-07,2.163502e-06
69.169169,94.999859,48.749892,27.499916,86.249497,44.999055,279.98572,148.7358,266.20157,24.993195,14.992667,9.9915851,22.473965,11.236526,7.4924711,8.7406264,21.218973,3.7480959,11.244371,3.7488523,21.242968,34.990248,1.2497061,1.24983,1.2496959,21.226155,18.731925,8.7468785,2.4995421,1.2498398,1.2498786,1.2499605,3.4635101e-06,6.9274204e-07,2.0781593e-06,6.9283686e-07,2.0791757e-06
69.269269,94.999862,48.749893,27.499914,86.249478,44.999046,279.98563,148.73576,266.20152,24.993193,14.992668,9.9915883,22.473978,11.236532,7.492472,8.7406239,21.218968,3.7480948,11.244367,3.7488512,21.242959,34.990232,1.249706,1.2498296,1.2496955,21.226142,18.731915,8.7468754,2.4995415,1.2498395,1.2498783,1.2499603,3.3251746e-06,6.6507396e-07,1.9951567e-06,6.6516648e-07,1.9961485e-06
69.369369,94.999864,48.749894,27.499913,86.24946,44.999037,279.98555,148.73572,266.20147,24.993191,14.99267,9.9915916,22.473992,11.236537,7.4924729,8.7406214,21.218963,3.7480937,11.244364,3.74885,21.242951,34.990216,1.2497058,1.2498292,1.249695,21.226129,18.731905,8.7468723,2.4995409,1.2498392,1.2498781,1.24996,3.1890882e-06,6.3785572e-07,1.9135036e-06,6.3794599e-07,1.9144711e-06
69.469469,94.999867,48.749895,27.499911,86.249442,44.999029,279.98546,148.73569,266.20141,24.99319,14.992671,9.9915949,22.474006,11.236543,7.4924739,8.740619,21.218958,3.7480927,11.24436,3.7488489,21.242943,34.9902,1.2497057,1.2498288,1.2496946,21.226116,18.731896,8.7468692,2.4995403,1.2498389,1.2498779,1.2499597,3.0553399e-06,6.111051e-07,1.8332533e-06,6.1119315e-07,1.8341969e-06
69.56957,94.999869,48.749895,27.49991,86.249424,44.99902,279.98538,148.73565,266.20136,24.993188,14.992673,9.9915983,22.47402,11.236549,7.4924749,8.7406166,21.218954,3.7480917,11.244357,3.7488478,21.242935,34.990184,1.2497056,1.2498285,1.2496941,21.226103,18.731886,8.7468662,2.4995397,1.2498386,1.2498776,1.2499595,2.9240226e-06,5.8484072e-07,1.7544617e-06,5.8492658e-07,1.7553819e-06
69.66967,94.999871,48.749896,27.499908,86.249407,44.999012,279.98531,148.73561,266.20131,24.993186,14.992675,9.9916018,22.474034,11.236555,7.4924759,8.7406142,21.218949,3.7480907,11.244353,3.7488468,21.242928,34.990169,1.2497054,1.2498281,1.2496937,21.22609,18.731877,8.7468633,2.4995391,1.2498383,1.2498774,1.2499592,2.7952339e-06,5.5908206e-07,1.6771872e-06,5.5916577e-07,1.6780843e-06
69.76977,94.999874,48.749897,27.499907,86.24939,44.999004,279.98523,148.73558,266.20127,24.993185,14.992676,9.9916052,22.474048,11.236561,7.492477,8.7406119,21.218945,3.7480897,11.24435,3.7488457,21.24292,34.990154,1.2497053,1.2498277,1.2496933,21.226077,18.731867,8.7468604,2.4995385,1.2498381,1.2498772,1.249959,2.6690752e-06,5.3384942e-07,1.6014908e-06,5.3393102e-07,1.6023652e-06
69.86987,94.999876,48.749898,27.499905,86.249373,44.998996,279.98515,148.73554,266.20122,24.993184,14.992678,9.9916088,22.474062,11.236567,7.4924781,8.7406097,21.218941,3.7480888,11.244347,3.7488447,21.242913,34.990139,1.2497052,1.2498274,1.2496929,21.226065,18.731858,8.7468576,2.499538,1.2498378,1.249877,1.2499587,2.5456524e-06,5.0916399e-07,1.527436e-06,5.0924351e-07,1.5282881e-06
69.96997,94.999878,48.749899,27.499904,86.249357,44.998988,279.98508,148.73551,266.20118,24.993183,14.99268,9.9916124,22.474077,11.236573,7.4924793,8.7406075,21.218937,3.7480878,11.244344,3.7488437,21.242905,34.990124,1.249705,1.249827,1.2496925,21.226053,18.731849,8.7468548,2.4995374,1.2498375,1.2498767,1.2499585,2.4250756e-06,4.8504777e-07,1.4550888e-06,4.8512526e-07,1.455919e-06
70.07007,94.99988,48.749899,27.499902,86.249341,44.99898,279.98501,148.73547,266.20113,24.993182,14.992683,9.9916161,22.474091,11.236579,7.4924805,8.7406053,21.218933,3.7480869,11.244341,3.7488427,21.242898,34.990109,1.2497049,1.2498267,1.2496921,21.226041,18.73184,8.7468521,2.4995369,1.2498373,1.2498765,1.2499583,2.3074591e-06,4.6152362e-07,1.3845177e-06,4.6159911e-07,1.3853266e-06
70.17017,94.999882,48.7499,27.499901,86.249325,44.998973,279.98494,148.73544,266.20109,24.993181,14.992685,9.9916198,22.474106,11.236585,7.4924818,8.7406032,21.218929,3.7480861,11.244338,3.7488417,21.242891,34.990095,1.2497048,1.2498264,1.2496917,21.226029,18.731831,8.7468495,2.4995363,1.249837,1.2498763,1.249958,2.1929214e-06,4.3861525e-07,1.315794e-06,4.3868879e-07,1.3165819e-06
70.27027,94.999884,48.749901,27.499899,86.24931,44.998966,279.98487,148.73541,266.20105,24.993181,14.992687,9.9916237,22.474121,11.236592,7.4924831,8.7406012,21.218926,3.7480852,11.244335,3.7488408,21.242884,34.990081,1.2497047,1.2498261,1.2496913,21.226017,18.731823,8.7468469,2.4995358,1.2498368,1.2498761,1.2499578,2.0815854e-06,4.1634722e-07,1.2489913e-06,4.1641885e-07,1.2497586e-06
70.37037,94.999886,48.749902,27.499898,86.249296,44.998959,279.98481,148.73538,266.20102,24.99318,14.992689,9.9916275,22.474136,11.236598,7.4924845,8.7405993,21.218922,3.7480844,11.244332,3.7488399,21.242877,34.990067,1.2497046,1.2498257,1.2496909,21.226005,18.731814,8.7468444,2.4995353,1.2498366,1.2498759,1.2499576,1.9735779e-06,3.9474493e-07,1.1841857e-06,3.9481469e-07,1.184933e-06
70.47047,94.999888,48.749902,27.499897,86.249282,44.998952,279.98474,148.73535,266.20098,24.99318,14.992692,9.9916315,22.474151,11.236605,7.492486,8.7405974,21.218919,3.7480836,11.244329,3.7488391,21.242871,34.990054,1.2497045,1.2498254,1.2496906,21.225993,18.731806,8.746842,2.4995349,1.2498363,1.2498758,1.2499574,1.8690304e-06,3.7383464e-07,1.1214562e-06,3.7390256e-07,1.1221837e-06
70.570571,94.99989,48.749903,27.499896,86.249268,44.998946,279.98468,148.73533,266.20095,24.99318,14.992695,9.9916356,22.474166,11.236611,7.4924875,8.7405956,21.218916,3.7480829,11.244327,3.7488382,21.242865,34.990041,1.2497044,1.2498252,1.2496902,21.225982,18.731798,8.7468396,2.4995344,1.2498361,1.2498756,1.2499572,1.7680781e-06,3.5364343e-07,1.0608838e-06,3.5370957e-07,1.0615922e-06
70.670671,94.999892,48.749904,27.499895,86.249255,44.99894,279.98463,148.7353,266.20092,24.993181,14.992697,9.9916397,22.474181,11.236618,7.492489,8.7405938,21.218913,3.7480822,11.244324,3.7488374,21.242858,34.990028,1.2497043,1.2498249,1.2496899,21.225971,18.73179,8.7468373,2.499534,1.2498359,1.2498754,1.249957,1.670861e-06,3.3419927e-07,1.0025526e-06,3.3426367e-07,1.0032423e-06
70.770771,94.999893,48.749904,27.499893,86.249243,44.998934,279.98457,148.73528,266.2009,24.993181,14.9927,9.9916439,22.474197,11.236624,7.4924907,8.7405921,21.21891,3.7480815,11.244322,3.7488367,21.242852,34.990016,1.2497042,1.2498246,1.2496895,21.22596,18.731782,8.7468351,2.4995335,1.2498357,1.2498752,1.2499568,1.577523e-06,3.1553093e-07,9.4654876e-07,3.1559364e-07,9.4722024e-07
70.870871,94.999895,48.749905,27.499892,86.249231,44.998928,279.98452,148.73525,266.20087,24.993182,14.992703,9.9916482,22.474213,11.236631,7.4924924,8.7405905,21.218908,3.7480809,11.244319,3.7488359,21.242847,34.990004,1.2497041,1.2498243,1.2496892,21.225949,18.731774,8.746833,2.4995331,1.2498355,1.2498751,1.2499566,1.4882122e-06,2.9766807e-07,8.9296134e-07,2.9772912e-07,8.9361511e-07
70.970971,94.999897,48.749905,27.499891,86.249219,44.998923,279.98447,148.73523,266.20085,24.993183,14.992706,9.9916526,22.474229,11.236638,7.4924942,8.740589,21.218906,3.7480803,11.244317,3.7488352,21.242841,34.989992,1.2497041,1.2498241,1.2496889,21.225939,18.731767,8.746831,2.4995327,1.2498353,1.2498749,1.2499565,1.403081e-06,2.8064116e-07,8.4188177e-07,2.8070062e-07,8.4251834e-07
71.071071,94.999898,48.749906,27.49989,86.249209,44.998918,279.98442,148.73521,266.20083,24.993184,14.99271,9.9916572,22.474245,11.236645,7.492496,8.7405876,21.218904,3.7480797,11.244315,3.7488346,21.242836,34.989981,1.249704,1.2498239,1.2496886,21.225928,18.731759,8.7468291,2.4995324,1.2498352,1.2498748,1.2499563,1.3222863e-06,2.6448155e-07,7.9340404e-07,2.6453945e-07,7.9402394e-07
71.171171,94.999899,48.749906,27.499889,86.249199,44.998913,279.98438,148.73519,266.20081,24.993185,14.992713,9.9916618,22.474261,11.236652,7.492498,8.7405862,21.218902,3.7480792,11.244313,3.7488339,21.242831,34.98997,1.2497039,1.2498236,1.2496883,21.225918,18.731752,8.7468272,2.499532,1.249835,1.2498747,1.2499561,1.2459889e-06,2.4922142e-07,7.4762472e-07,2.4927782e-07,7.4822848e-07
71.271271,94.999901,48.749907,27.499889,86.249189,44.998909,279.98434,148.73518,266.2008,24.993187,14.992716,9.9916665,22.474278,11.236659,7.4925,8.740585,21.2189,3.7480787,11.244311,3.7488334,21.242826,34.989959,1.2497039,1.2498234,1.249688,21.225908,18.731746,8.7468255,2.4995317,1.2498348,1.2498745,1.249956,1.1743538e-06,2.348938e-07,7.0464288e-07,2.3494874e-07,7.0523106e-07
71.371371,94.999902,48.749907,27.499888,86.24918,44.998905,279.9843,148.73516,266.20079,24.993189,14.99272,9.9916713,22.474295,11.236667,7.4925021,8.7405838,21.218899,3.7480783,11.244309,3.7488328,21.242821,34.989949,1.2497038,1.2498232,1.2496878,21.225899,18.731739,8.7468238,2.4995314,1.2498347,1.2498744,1.2499559,1.1075506e-06,2.2153256e-07,6.6456017e-07,2.2158611e-07,6.6513332e-07
71.471471,94.999903,48.749908,27.499887,86.249172,44.998901,279.98427,148.73515,266.20078,24.993191,14.992724,9.9916763,22.474312,11.236674,7.4925042,8.7405827,21.218898,3.7480779,11.244308,3.7488323,21.242817,34.989939,1.2497038,1.249823,1.2496875,21.225889,18.731733,8.7468223,2.4995311,1.2498346,1.2498743,1.2499557,1.0457529e-06,2.0917244e-07,6.2748075e-07,2.0922464e-07,6.2803947e-07
71.571572,94.999904,48.749908,27.499886,86.249165,44.998898,279.98424,148.73514,266.20078,24.993194,14.992728,9.9916813,22.474329,11.236682,7.4925065,8.7405818,21.218897,3.7480775,11.244307,3.7488319,21.242813,34.98993,1.2497038,1.2498229,1.2496873,21.22588,18.731726,8.7468209,2.4995308,1.2498344,1.2498742,1.2499556,9.8913841e-07,1.97849e-07,5.9351134e-07,1.9789991e-07,5.9405622e-07
71.671672,94.999905,48.749908,27.499886,86.249158,44.998895,279.98421,148.73513,266.20077,24.993197,14.992732,9.9916865,22.474347,11.236689,7.4925089,8.7405809,21.218897,3.7480772,11.244305,3.7488315,21.242809,34.989921,1.2497037,1.2498227,1.2496871,21.225871,18.73172,8.7468196,2.4995306,1.2498343,1.2498741,1.2499555,9.3788936e-07,1.8759866e-07,5.6276121e-07,1.8764834e-07,5.6329285e-07
71.771772,94.999906,48.749909,27.499885,86.249152,44.998892,279.98418,148.73512,266.20078,24.9932,14.992737,9.9916918,22.474365,11.236697,7.4925113,8.7405802,21.218896,3.748077,11.244304,3.7488311,21.242805,34.989913,1.2497037,1.2498226,1.2496869,21.225862,18.731715,8.7468184,2.4995304,1.2498342,1.249874,1.2499554,8.9219204e-07,1.784587e-07,5.3534215e-07,1.785072e-07,5.3586118e-07
71.871872,94.999907,48.749909,27.499885,86.249147,44.99889,279.98417,148.73512,266.20078,24.993203,14.992741,9.9916973,22.474383,11.236705,7.4925139,8.7405795,21.218896,3.7480768,11.244303,3.7488308,21.242802,34.989905,1.2497037,1.2498225,1.2496867,21.225854,18.731709,8.7468173,2.4995302,1.2498341,1.249874,1.2499553,8.5223702e-07,1.7046722e-07,5.1136852e-07,1.705146e-07,5.1187557e-07
71.971972,94.999907,48.749909,27.499885,86.249143,44.998888,279.98415,148.73511,266.20079,24.993207,14.992746,9.9917029,22.474401,11.236713,7.4925166,8.740579,21.218897,3.7480766,11.244302,3.7488305,21.242799,34.989898,1.2497037,1.2498224,1.2496865,21.225846,18.731704,8.7468164,2.49953,1.2498341,1.2498739,1.2499553,8.1821913e-07,1.636632e-07,4.9095718e-07,1.6370952e-07,4.9145293e-07
72.072072,94.999908,48.749909,27.499884,86.249139,44.998886,279.98414,148.73511,266.20081,24.993211,14.992751,9.9917086,22.47442,11.236722,7.4925194,8.7405786,21.218897,3.7480765,11.244302,3.7488303,21.242796,34.989891,1.2497037,1.2498223,1.2496863,21.225838,18.731699,8.7468155,2.4995299,1.249834,1.2498738,1.2499552,7.9033739e-07,1.5808643e-07,4.7422758e-07,1.5813176e-07,4.747127e-07
72.172172,94.999908,48.74991,27.499884,86.249137,44.998886,279.98413,148.73511,266.20082,24.993216,14.992756,9.9917145,22.474439,11.23673,7.4925223,8.7405783,21.218898,3.7480765,11.244301,3.7488302,21.242794,34.989885,1.2497037,1.2498222,1.2496862,21.225831,18.731695,8.7468148,2.4995298,1.2498339,1.2498738,1.2499552,7.687951e-07,1.5377758e-07,4.6130169e-07,1.5382199e-07,4.6177687e-07
72.272272,94.999908,48.74991,27.499884,86.249135,44.998885,279.98413,148.73511,266.20085,24.993221,14.992761,9.9917205,22.474458,11.236739,7.4925253,8.7405781,21.2189,3.7480765,11.244301,3.7488301,21.242792,34.989879,1.2497037,1.2498221,1.2496861,21.225824,18.731691,8.7468143,2.4995297,1.2498339,1.2498738,1.2499551,7.5379978e-07,1.5077815e-07,4.5230401e-07,1.5082169e-07,4.5276996e-07
72.372372,94.999909,48.74991,27.499884,86.249134,44.998885,279.98413,148.73512,266.20087,24.993226,14.992767,9.9917267,22.474478,11.236747,7.4925284,8.7405781,21.218901,3.7480766,11.244301,3.74883,21.24279,34.989874,1.2497038,1.2498221,1.249686,21.225817,18.731687,8.7468139,2.4995297,1.2498339,1.2498738,1.2499551,7.4556318e-07,1.491305e-07,4.4736161e-07,1.4917325e-07,4.4781906e-07
72.472472,94.999909,48.74991,27.499884,86.249134,44.998885,279.98414,148.73513,266.2009,24.993232,14.992773,9.9917331,22.474498,11.236756,7.4925316,8.7405782,21.218903,3.7480768,11.244301,3.7488301,21.242789,34.98987,1.2497038,1.2498221,1.2496859,21.225811,18.731683,8.7468136,2.4995297,1.2498339,1.2498738,1.2499551,7.4430129e-07,1.4887781e-07,4.4660407e-07,1.4891984e-07,4.4705379e-07
72.572573,94.99991,48.74991,27.499883,86.249126,44.998882,279.9841,148.73511,266.20089,24.993234,14.992777,9.9917379,22.474515,11.236764,7.4925337,8.7405771,21.218902,3.7480764,11.244299,3.7488296,21.242784,34.98986,1.2497037,1.2498219,1.2496857,21.225801,18.731676,8.7468121,2.4995294,1.2498338,1.2498736,1.249955,6.8120326e-07,1.3625767e-07,4.0874453e-07,1.3629843e-07,4.0918068e-07
72.672673,94.999911,48.749911,27.499882,86.249116,44.998877,279.98406,148.7351,266.20088,24.993235,14.99278,9.9917425,22.474531,11.236771,7.4925356,8.7405757,21.218901,3.7480759,11.244297,3.748829,21.242779,34.989849,1.2497037,1.2498217,1.2496854,21.225791,18.731669,8.7468103,2.499529,1.2498336,1.2498735,1.2499548,6.0681135e-07,1.213787e-07,3.6410861e-07,1.2141811e-07,3.645302e-07
72.772773,94.999912,48.749911,27.499881,86.249106,44.998872,279.98402,148.73508,266.20086,24.993237,14.992783,9.991747,22.474547,11.236778,7.4925375,8.7405744,21.218899,3.7480754,11.244296,3.7488284,21.242774,34.989838,1.2497036,1.2498215,1.2496851,21.225781,18.731663,8.7468085,2.4995287,1.2498334,1.2498734,1.2499547,5.3371794e-07,1.0675945e-07,3.202518e-07,1.0679752e-07,3.2065903e-07
72.872873,94.999914,48.749912,27.499881,86.249097,44.998868,279.98398,148.73506,266.20085,24.993238,14.992787,9.9917516,22.474563,11.236785,7.4925394,8.7405732,21.218897,3.7480749,11.244294,3.7488278,21.242769,34.989828,1.2497036,1.2498212,1.2496848,21.225771,18.731656,8.7468067,2.4995284,1.2498333,1.2498733,1.2499545,4.6194922e-07,9.2405141e-08,2.7718981e-07,9.2441891e-08,2.775829e-07
72.972973,94.999915,48.749912,27.49988,86.249088,44.998864,279.98394,148.73505,266.20083,24.99324,14.99279,9.9917563,22.474579,11.236792,7.4925414,8.7405719,21.218896,3.7480744,11.244292,3.7488272,21.242764,34.989817,1.2497035,1.249821,1.2496846,21.225761,18.731649,8.746805,2.499528,1.2498331,1.2498731,1.2499544,3.9153284e-07,7.8321308e-08,2.3493925e-07,7.8356761e-08,2.3531839e-07
73.073073,94.999916,48.749913,27.499879,86.249078,44.998859,279.9839,148.73503,266.20082,24.993242,14.992794,9.9917609,22.474596,11.236799,7.4925433,8.7405707,21.218894,3.7480739,11.24429,3.7488266,21.24276,34.989807,1.2497035,1.2498208,1.2496843,21.225751,18.731642,8.7468033,2.4995277,1.249833,1.249873,1.2499543,3.2249798e-07,6.4513789e-08,1.935176e-07,6.4547963e-08,1.9388302e-07
73.173173,94.999918,48.749913,27.499878,86.249069,44.998855,279.98386,148.73501,266.20081,24.993243,14.992797,9.9917656,22.474612,11.236806,7.4925453,8.7405695,21.218893,3.7480735,11.244288,3.7488261,21.242755,34.989797,1.2497034,1.2498206,1.249684,21.225742,18.731636,8.7468017,2.4995274,1.2498328,1.2498729,1.2499541,2.5487531e-07,5.0988715e-08,1.5294328e-07,5.1021631e-08,1.5329519e-07
73.273273,94.999919,48.749913,27.499877,86.249061,44.998851,279.98382,148.735,266.20079,24.993245,14.992801,9.9917703,22.474628,11.236813,7.4925473,8.7405683,21.218892,3.7480731,11.244287,3.7488256,21.24275,34.989787,1.2497034,1.2498204,1.2496838,21.225732,18.731629,8.7468001,2.4995271,1.2498327,1.2498728,1.249954,1.88697e-07,3.7752522e-08,1.1323558e-07,3.77842e-08,1.135742e-07
73.373373,94.99992,48.749914,27.499877,86.249052,44.998847,279.98378,148.73498,266.20078,24.993247,14.992804,9.991775,22.474645,11.23682,7.4925493,8.7405672,21.218891,3.7480726,11.244285,3.748825,21.242746,34.989777,1.2497033,1.2498202,1.2496835,21.225723,18.731622,8.7467985,2.4995268,1.2498325,1.2498727,1.2499539,1.2399672e-07,2.4811944e-08,7.4414721e-08,2.4842405e-08,7.4740265e-08
73.473473,94.999921,48.749914,27.499876,86.249044,44.998843,279.98375,148.73497,266.20077,24.993249,14.992808,9.9917798,22.474661,11.236827,7.4925514,8.740566,21.21889,3.7480722,11.244284,3.7488245,21.242741,34.989767,1.2497033,1.2498201,1.2496832,21.225713,18.731616,8.7467969,2.4995265,1.2498324,1.2498725,1.2499537,6.0809641e-08,1.2174016e-08,3.650179e-08,1.2203279e-08,3.6814487e-08
73.573574,94.999922,48.749915,27.499875,86.249036,44.99884,279.98371,148.73496,266.20076,24.993251,14.992812,9.9917846,22.474678,11.236835,7.4925535,8.740565,21.218889,3.7480718,11.244282,3.748824,21.242737,34.989758,1.2497032,1.2498199,1.249683,21.225704,18.73161,8.7467954,2.4995262,1.2498323,1.2498724,1.2499536,-8.2756473e-10,-1.5392928e-10,-4.8120548e-10,-1.2584115e-10,-1.8112802e-10
73.673674,94.999923,48.749915,27.499874,86.249028,44.998836,279.98368,148.73494,266.20076,24.993253,14.992815,9.9917894,22.474694,11.236842,7.4925555,8.7405639,21.218888,3.7480715,11.24428,3.7488235,21.242732,34.989748,1.2497032,1.2498197,1.2496828,21.225694,18.731603,8.7467939,2.4995259,1.2498321,1.2498723,1.2499535,-6.0876727e-08,-1.2164256e-08,-3.6511362e-08,-1.2137322e-08,-3.6223673e-08
73.773774,94.999924,48.749916,27.499874,86.24902,44.998832,279.98365,148.73493,266.20075,24.993255,14.992819,9.9917942,22.474711,11.236849,7.4925577,8.7405629,21.218887,3.7480711,11.244279,3.7488231,21.242728,34.989739,1.2497032,1.2498195,1.2496825,21.225685,18.731597,8.7467924,2.4995257,1.249832,1.2498722,1.2499534,-1.1929818e-07,-2.3849031e-08,-7.1564878e-08,-2.3823229e-08,-7.1289341e-08
73.873874,94.999925,48.749916,27.499873,86.249012,44.998829,279.98362,148.73492,266.20074,24.993258,14.992823,9.9917991,22.474728,11.236856,7.4925598,8.7405619,21.218886,3.7480707,11.244278,3.7488226,21.242724,34.989729,1.2497031,1.2498194,1.2496823,21.225676,18.731591,8.746791,2.4995254,1.2498319,1.2498721,1.2499533,-1.7605074e-07,-3.5200019e-08,-1.0561705e-07,-3.5175327e-08,-1.0535342e-07
73.973974,94.999926,48.749916,27.499872,86.249005,44.998826,279.98359,148.73491,266.20074,24.99326,14.992827,9.9918041,22.474744,11.236864,7.492562,8.7405609,21.218885,3.7480704,11.244276,3.7488222,21.24272,34.98972,1.2497031,1.2498192,1.2496821,21.225667,18.731585,8.7467896,2.4995252,1.2498318,1.249872,1.2499531,-2.3109175e-07,-4.6208686e-08,-1.3864227e-07,-4.6185081e-08,-1.3839032e-07
74.074074,94.999927,48.749917,27.499872,86.248998,44.998822,279.98356,148.7349,266.20073,24.993262,14.992831,9.991809,22.474761,11.236871,7.4925642,8.74056,21.218885,3.7480701,11.244275,3.7488217,21.242716,34.989711,1.2497031,1.249819,1.2496818,21.225658,18.731579,8.7467882,2.4995249,1.2498316,1.2498719,1.249953,-2.8437702e-07,-5.6866198e-08,-1.7061405e-07,-5.6843656e-08,-1.7037351e-07
74.174174,94.999928,48.749917,27.499871,86.248991,44.998819,279.98353,148.73489,266.20073,24.993265,14.992835,9.991814,22.474778,11.236879,7.4925664,8.7405591,21.218884,3.7480698,11.244274,3.7488213,21.242712,34.989702,1.249703,1.2498189,1.2496816,21.225649,18.731573,8.7467869,2.4995247,1.2498315,1.2498718,1.2499529,-3.358609e-07,-6.7163419e-08,-2.0150497e-07,-6.7141918e-08,-2.012756e-07
74.274274,94.999929,48.749917,27.499871,86.248985,44.998816,279.9835,148.73488,266.20073,24.993268,14.992839,9.9918191,22.474795,11.236886,7.4925687,8.7405582,21.218884,3.7480695,11.244272,3.7488209,21.242708,34.989694,1.249703,1.2498187,1.2496814,21.22564,18.731567,8.7467856,2.4995244,1.2498314,1.2498717,1.2499528,-3.8549621e-07,-7.7090916e-08,-2.3128674e-07,-7.707043e-08,-2.3106826e-07
74.374374,94.99993,48.749918,27.49987,86.248979,44.998814,279.98348,148.73487,266.20073,24.99327,14.992843,9.9918241,22.474812,11.236893,7.4925709,8.7405574,21.218884,3.7480692,11.244271,3.7488206,21.242705,34.989685,1.249703,1.2498186,1.2496812,21.225631,18.731561,8.7467844,2.4995242,1.2498313,1.2498717,1.2499527,-4.3323428e-07,-8.6638954e-08,-2.5993014e-07,-8.6619459e-08,-2.5972231e-07
74.474474,94.999931,48.749918,27.49987,86.248973,44.998811,279.98345,148.73486,266.20073,24.993273,14.992847,9.9918292,22.474829,11.236901,7.4925733,8.7405566,21.218883,3.748069,11.24427,3.7488202,21.242701,34.989677,1.2497029,1.2498184,1.249681,21.225622,18.731555,8.7467832,2.499524,1.2498312,1.2498716,1.2499526,-4.7902493e-07,-9.5797498e-08,-2.8740508e-07,-9.577897e-08,-2.8720762e-07
74.574575,94.999932,48.749918,27.499869,86.248967,44.998808,279.98343,148.73485,266.20073,24.993276,14.992851,9.9918344,22.474847,11.236909,7.4925756,8.7405559,21.218883,3.7480687,11.244269,3.7488199,21.242697,34.989669,1.2497029,1.2498183,1.2496808,21.225614,18.73155,8.746782,2.4995238,1.2498311,1.2498715,1.2499525,-5.228165e-07,-1.0455621e-07,-3.1368056e-07,-1.0453863e-07,-3.1349319e-07
74.674675,94.999933,48.749919,27.499869,86.248962,44.998806,279.98341,148.73484,266.20074,24.993279,14.992855,9.9918396,22.474864,11.236916,7.492578,8.7405551,21.218883,3.7480685,11.244268,3.7488195,21.242694,34.989661,1.2497029,1.2498182,1.2496806,21.225605,18.731544,8.7467809,2.4995236,1.249831,1.2498714,1.2499525,-5.6455581e-07,-1.1290447e-07,-3.3872467e-07,-1.1288779e-07,-3.385471e-07
74.774775,94.999933,48.749919,27.499868,86.248957,44.998804,279.98339,148.73484,266.20074,24.993283,14.99286,9.9918449,22.474881,11.236924,7.4925804,8.7405545,21.218883,3.7480683,11.244267,3.7488192,21.242691,34.989653,1.2497029,1.2498181,1.2496804,21.225597,18.731539,8.7467799,2.4995234,1.2498309,1.2498713,1.2499524,-6.0418819e-07,-1.2083132e-07,-3.625046e-07,-1.2081554e-07,-3.6233655e-07
74.874875,94.999934,48.749919,27.499868,86.248952,44.998802,279.98337,148.73483,266.20075,24.993286,14.992864,9.9918501,22.474899,11.236932,7.4925828,8.7405538,21.218884,3.7480681,11.244266,3.7488189,21.242688,34.989646,1.2497029,1.2498179,1.2496802,21.225589,18.731534,8.7467788,2.4995232,1.2498309,1.2498713,1.2499523,-6.4165748e-07,-1.2832555e-07,-3.8498666e-07,-1.2831062e-07,-3.8482783e-07
74.974975,94.999935,48.749919,27.499867,86.248947,44.9988,279.98336,148.73483,266.20075,24.993289,14.992869,9.9918555,22.474916,11.236939,7.4925853,8.7405532,21.218884,3.748068,11.244265,3.7488187,21.242684,34.989638,1.2497029,1.2498178,1.24968,21.225581,18.731528,8.7467778,2.4995231,1.2498308,1.2498712,1.2499522,-6.7690599e-07,-1.353756e-07,-4.0613624e-07,-1.3536151e-07,-4.0598633e-07
75.075075,94.999935,48.74992,27.499867,86.248943,44.998798,279.98334,148.73482,266.20076,24.993293,14.992873,9.9918609,22.474934,11.236947,7.4925878,8.7405527,21.218884,3.7480679,11.244264,3.7488184,21.242681,34.989631,1.2497029,1.2498177,1.2496799,21.225573,18.731523,8.7467769,2.4995229,1.2498307,1.2498712,1.2499522,-7.0987455e-07,-1.4196966e-07,-4.2591783e-07,-1.4195636e-07,-4.2577653e-07
75.175175,94.999936,48.74992,27.499867,86.248939,44.998796,279.98333,148.73482,266.20077,24.993297,14.992878,9.9918663,22.474952,11.236955,7.4925904,8.7405522,21.218885,3.7480677,11.244264,3.7488182,21.242679,34.989624,1.2497029,1.2498176,1.2496797,21.225565,18.731518,8.746776,2.4995228,1.2498306,1.2498711,1.2499521,-7.405025e-07,-1.4809558e-07,-4.4429504e-07,-1.4808306e-07,-4.4416202e-07
75.275275,94.999936,48.74992,27.499866,86.248936,44.998795,279.98331,148.73482,266.20078,24.9933,14.992883,9.9918718,22.47497,11.236963,7.492593,8.7405517,21.218886,3.7480676,11.244263,3.748818,21.242676,34.989617,1.2497029,1.2498175,1.2496795,21.225557,18.731513,8.7467752,2.4995226,1.2498306,1.2498711,1.249952,-7.6872766e-07,-1.5374092e-07,-4.6123056e-07,-1.5372915e-07,-4.611055e-07
75.375375,94.999937,48.74992,27.499866,86.248932,44.998794,279.9833,148.73482,266.20079,24.993304,14.992887,9.9918773,22.474988,11.236971,7.4925956,8.7405513,21.218886,3.7480676,11.244262,3.7488178,21.242673,34.989611,1.2497029,1.2498174,1.2496794,21.225549,18.731509,8.7467744,2.4995225,1.2498305,1.249871,1.249952,-7.9448636e-07,-1.5889297e-07,-4.7668618e-07,-1.588819e-07,-4.7656875e-07
75.475475,94.999937,48.74992,27.499866,86.24893,44.998792,279.9833,148.73482,266.20081,24.993309,14.992892,9.9918829,22.475006,11.236979,7.4925983,8.740551,21.218887,3.7480675,11.244262,3.7488176,21.242671,34.989604,1.2497029,1.2498174,1.2496793,21.225542,18.731504,8.7467737,2.4995224,1.2498305,1.249871,1.2499519,-8.1771342e-07,-1.6353867e-07,-4.906228e-07,-1.6352828e-07,-4.9051265e-07
75.575576,94.999938,48.74992,27.499866,86.248927,44.998791,279.98329,148.73482,266.20083,24.993313,14.992897,9.9918886,22.475024,11.236987,7.492601,8.7405507,21.218888,3.7480675,11.244262,3.7488175,21.242668,34.989598,1.2497029,1.2498173,1.2496791,21.225534,18.7315,8.746773,2.4995223,1.2498304,1.2498709,1.2499519,-8.3834218e-07,-1.6766469e-07,-5.0300042e-07,-1.6765495e-07,-5.028972e-07
75.675676,94.999938,48.749921,27.499865,86.248925,44.998791,279.98328,148.73482,266.20084,24.993317,14.992902,9.9918943,22.475042,11.236995,7.4926038,8.7405504,21.21889,3.7480675,11.244261,3.7488173,21.242666,34.989592,1.2497029,1.2498172,1.249679,21.225527,18.731495,8.7467724,2.4995222,1.2498304,1.2498709,1.2499518,-8.5630446e-07,-1.7125741e-07,-5.1377813e-07,-1.7124828e-07,-5.1368149e-07
75.775776,94.999938,48.749921,27.499865,86.248923,44.99879,279.98328,148.73482,266.20086,24.993322,14.992907,9.9919001,22.475061,11.237003,7.4926066,8.7405502,21.218891,3.7480675,11.244261,3.7488172,21.242664,34.989586,1.2497029,1.2498172,1.2496789,21.22552,18.731491,8.7467719,2.4995221,1.2498304,1.2498709,1.2499518,-8.7153059e-07,-1.7430288e-07,-5.2291414e-07,-1.7429433e-07,-5.228237e-07
75.875876,94.999938,48.749921,27.499865,86.248922,44.99879,279.98328,148.73483,266.20088,24.993326,14.992912,9.9919059,22.475079,11.237011,7.4926095,8.7405501,21.218892,3.7480676,11.244261,3.7488172,21.242662,34.989581,1.249703,1.2498171,1.2496788,21.225513,18.731487,8.7467714,2.4995221,1.2498303,1.2498708,1.2499518,-8.839494e-07,-1.7678687e-07,-5.3036573e-07,-1.7677887e-07,-5.3028111e-07
75.975976,94.999939,48.749921,27.499865,86.248921,44.99879,279.98328,148.73483,266.20091,24.993331,14.992917,9.9919118,22.475098,11.23702,7.4926124,8.74055,21.218894,3.7480676,11.244261,3.7488171,21.24266,34.989576,1.249703,1.2498171,1.2496786,21.225506,18.731483,8.7467709,2.499522,1.2498303,1.2498708,1.2499518,-8.9348821e-07,-1.7869485e-07,-5.360893e-07,-1.7868735e-07,-5.3601011e-07
76.076076,94.999939,48.749921,27.499865,86.24892,44.99879,279.98328,148.73484,266.20093,24.993336,14.992923,9.9919178,22.475117,11.237028,7.4926153,8.7405499,21.218896,3.7480677,11.24426,3.7488171,21.242659,34.989571,1.249703,1.2498171,1.2496785,21.225499,18.731479,8.7467705,2.499522,1.2498303,1.2498708,1.2499517,-9.0007285e-07,-1.8001197e-07,-5.4004034e-07,-1.8000495e-07,-5.399662e-07
76.176176,94.999939,48.749921,27.499865,86.24892,44.99879,279.98328,148.73484,266.20096,24.993342,14.992928,9.9919238,22.475136,11.237037,7.4926184,8.7405499,21.218898,3.7480679,11.24426,3.7488171,21.242657,34.989566,1.2497031,1.249817,1.2496785,21.225493,18.731475,8.7467702,2.499522,1.2498303,1.2498708,1.2499517,-9.0362765e-07,-1.8072311e-07,-5.4217346e-07,-1.8071652e-07,-5.4210395e-07
76.276276,94.999939,48.749921,27.499865,86.248921,44.99879,279.98329,148.73485,266.20099,24.993347,14.992934,9.9919299,22.475155,11.237045,7.4926214,8.74055,21.2189,3.748068,11.244261,3.7488171,21.242656,34.989562,1.2497031,1.249817,1.2496784,21.225486,18.731471,8.74677,2.4995219,1.2498303,1.2498708,1.2499517,-9.0407543e-07,-1.8081283e-07,-5.4244235e-07,-1.8080663e-07,-5.4237705e-07
76.376376,94.999939,48.749921,27.499865,86.248921,44.998791,279.9833,148.73486,266.20102,24.993353,14.992939,9.9919361,22.475174,11.237054,7.4926245,8.7405502,21.218902,3.7480682,11.244261,3.7488172,21.242655,34.989558,1.2497031,1.249817,1.2496783,21.22548,18.731468,8.7467698,2.499522,1.2498303,1.2498708,1.2499517,-9.0133753e-07,-1.802654e-07,-5.407998e-07,-1.8025956e-07,-5.4073828e-07
76.476476,94.999939,48.749921,27.499865,86.248922,44.998792,279.98331,148.73487,266.20105,24.993358,14.992945,9.9919424,22.475193,11.237062,7.4926277,8.7405504,21.218905,3.7480684,11.244261,3.7488173,21.242654,34.989554,1.2497032,1.249817,1.2496782,21.225474,18.731465,8.7467697,2.499522,1.2498303,1.2498708,1.2499517,-8.9533376e-07,-1.7906477e-07,-5.3719771e-07,-1.7905924e-07,-5.3713954e-07
76.576577,94.999939,48.749921,27.499866,86.248924,44.998793,279.98332,148.73488,266.20109,24.993364,14.992951,9.9919487,22.475213,11.237071,7.4926309,8.7405506,21.218907,3.7480686,11.244261,3.7488174,21.242653,34.98955,1.2497032,1.249817,1.2496782,21.225468,18.731461,8.7467697,2.499522,1.2498303,1.2498708,1.2499517,-8.8598246e-07,-1.7719463e-07,-5.3158708e-07,-1.7718937e-07,-5.315318e-07
76.676677,94.999938,48.749921,27.499866,86.248926,44.998794,279.98334,148.73489,266.20112,24.99337,14.992957,9.9919551,22.475233,11.23708,7.4926342,8.7405509,21.21891,3.7480689,11.244262,3.7488175,21.242652,34.989547,1.2497033,1.249817,1.2496781,21.225462,18.731458,8.7467697,2.4995221,1.2498303,1.2498708,1.2499518,-8.7320046e-07,-1.7463832e-07,-5.23918e-07,-1.7463329e-07,-5.2386514e-07
76.776777,94.999938,48.749921,27.499866,86.248929,44.998796,279.98336,148.73491,266.20116,24.993377,14.992963,9.9919616,22.475252,11.237089,7.4926376,8.7405513,21.218913,3.7480692,11.244262,3.7488177,21.242652,34.989544,1.2497034,1.2498171,1.2496781,21.225457,18.731455,8.7467698,2.4995221,1.2498304,1.2498709,1.2499518,-8.5690307e-07,-1.7137891e-07,-5.1413966e-07,-1.7137407e-07,-5.1408876e-07
76.876877,94.999938,48.749921,27.499866,86.248932,44.998798,279.98338,148.73492,266.2012,24.993383,14.992969,9.9919681,22.475272,11.237098,7.492641,8.7405518,21.218916,3.7480696,11.244263,3.7488179,21.242651,34.989541,1.2497034,1.2498171,1.2496781,21.225451,18.731453,8.74677,2.4995222,1.2498304,1.2498709,1.2499518,-8.3700413e-07,-1.6739918e-07,-5.0220036e-07,-1.6739447e-07,-5.0215094e-07
76.976977,94.999937,48.749921,27.499867,86.248936,44.9988,279.9834,148.73494,266.20125,24.99339,14.992975,9.9919748,22.475293,11.237107,7.4926444,8.7405524,21.218919,3.7480699,11.244264,3.7488181,21.242651,34.989539,1.2497035,1.2498172,1.2496781,21.225446,18.73145,8.7467702,2.4995223,1.2498305,1.2498709,1.2499519,-8.1341596e-07,-1.6268157e-07,-4.880475e-07,-1.6267696e-07,-4.8799905e-07
77.077077,94.999937,48.749921,27.499867,86.24894,44.998802,279.98342,148.73495,266.20129,24.993397,14.992982,9.9919815,22.475313,11.237116,7.492648,8.740553,21.218923,3.7480703,11.244265,3.7488184,21.242651,34.989537,1.2497036,1.2498172,1.2496781,21.225441,18.731448,8.7467706,2.4995224,1.2498305,1.249871,1.2499519,-7.8604939e-07,-1.5720827e-07,-4.7162758e-07,-1.5720371e-07,-4.7157959e-07
77.177177,94.999936,48.74992,27.499867,86.248944,44.998805,279.98345,148.73497,266.20134,24.993404,14.992988,9.9919883,22.475334,11.237125,7.4926516,8.7405537,21.218926,3.7480708,11.244266,3.7488187,21.242651,34.989535,1.2497037,1.2498173,1.2496781,21.225436,18.731446,8.746771,2.4995225,1.2498306,1.249871,1.249952,-7.5481375e-07,-1.5096113e-07,-4.5288618e-07,-1.5095657e-07,-4.5283813e-07
77.277277,94.999936,48.74992,27.499868,86.24895,44.998808,279.98348,148.73499,266.20139,24.993411,14.992995,9.9919952,22.475354,11.237135,7.4926552,8.7405544,21.21893,3.7480712,11.244267,3.748819,21.242652,34.989534,1.2497037,1.2498174,1.2496781,21.225431,18.731444,8.7467715,2.4995227,1.2498307,1.2498711,1.249952,-7.1961686e-07,-1.4392173e-07,-4.31768e-07,-1.439171e-07,-4.3171936e-07
77.377377,94.999935,48.74992,27.499868,86.248955,44.998811,279.98351,148.73501,266.20145,24.993419,14.993002,9.9920022,22.475375,11.237144,7.4926589,8.7405552,21.218934,3.7480717,11.244268,3.7488194,21.242652,34.989533,1.2497038,1.2498175,1.2496781,21.225427,18.731442,8.746772,2.4995229,1.2498307,1.2498712,1.2499521,-6.8198243e-07,-1.363948e-07,-4.0918728e-07,-1.3639009e-07,-4.0913771e-07
77.477477,94.999935,48.74992,27.499868,86.248955,44.998811,279.98352,148.73502,266.20147,24.993424,14.993007,9.9920081,22.475394,11.237152,7.4926619,8.7405552,21.218936,3.7480719,11.244268,3.7488194,21.242651,34.989528,1.2497039,1.2498174,1.249678,21.22542,18.731438,8.7467717,2.4995228,1.2498307,1.2498712,1.2499521,-6.8459204e-07,-1.3691688e-07,-4.1075327e-07,-1.3691257e-07,-4.1070793e-07
77.577578,94.999935,48.74992,27.499868,86.248955,44.998811,279.98352,148.73503,266.2015,24.993429,14.993013,9.9920141,22.475412,11.237161,7.4926649,8.7405553,21.218938,3.748072,11.244268,3.7488194,21.242649,34.989524,1.2497039,1.2498174,1.2496779,21.225414,18.731434,8.7467715,2.4995228,1.2498307,1.2498711,1.2499521,-6.8639265e-07,-1.3727716e-07,-4.1183384e-07,-1.3727324e-07,-4.117926e-07
77.677678,94.999935,48.74992,27.499868,86.248956,44.998812,279.98353,148.73504,266.20153,24.993435,14.993018,9.9920201,22.475431,11.237169,7.4926679,8.7405553,21.218941,3.7480722,11.244268,3.7488194,21.242648,34.989519,1.2497039,1.2498174,1.2496778,21.225407,18.731431,8.7467712,2.4995228,1.2498307,1.2498711,1.2499521,-6.8739977e-07,-1.3747874e-07,-4.1243831e-07,-1.3747519e-07,-4.1240105e-07
77.777778,94.999935,48.74992,27.499869,86.248956,44.998812,279.98354,148.73504,266.20156,24.99344,14.993023,9.9920261,22.47545,11.237177,7.4926708,8.7405554,21.218943,3.7480723,11.244268,3.7488195,21.242647,34.989515,1.249704,1.2498174,1.2496778,21.225401,18.731427,8.746771,2.4995228,1.2498307,1.2498711,1.2499521,-6.8762895e-07,-1.3752473e-07,-4.1257602e-07,-1.3752153e-07,-4.125426e-07
77.877878,94.999935,48.74992,27.499869,86.248956,44.998813,279.98354,148.73505,266.20158,24.993445,14.993029,9.9920321,22.475469,11.237186,7.4926738,8.7405555,21.218945,3.7480725,11.244268,3.7488195,21.242645,34.989511,1.249704,1.2498174,1.2496777,21.225395,18.731424,8.7467707,2.4995228,1.2498307,1.2498711,1.2499521,-6.8709577e-07,-1.3741823e-07,-4.1225631e-07,-1.3741539e-07,-4.1222659e-07
77.977978,94.999935,48.74992,27.499869,86.248957,44.998813,279.98355,148.73506,266.20161,24.99345,14.993034,9.9920382,22.475487,11.237194,7.4926768,8.7405556,21.218947,3.7480727,11.244269,3.7488195,21.242644,34.989506,1.2497041,1.2498174,1.2496776,21.225388,18.73142,8.7467705,2.4995228,1.2498307,1.2498711,1.2499521,-6.8581582e-07,-1.3716238e-07,-4.1148852e-07,-1.3715987e-07,-4.1146238e-07
78.078078,94.999935,48.74992,27.499869,86.248957,44.998814,279.98356,148.73507,266.20164,24.993456,14.99304,9.9920442,22.475506,11.237202,7.4926799,8.7405557,21.218949,3.7480728,11.244269,3.7488196,21.242643,34.989502,1.2497041,1.2498174,1.2496775,21.225382,18.731416,8.7467703,2.4995228,1.2498307,1.2498711,1.2499521,-6.838047e-07,-1.3676029e-07,-4.1028202e-07,-1.367581e-07,-4.1025934e-07
78.178178,94.999935,48.74992,27.499869,86.248958,44.998814,279.98357,148.73508,266.20167,24.993461,14.993045,9.9920503,22.475525,11.237211,7.4926829,8.7405558,21.218952,3.748073,11.244269,3.7488196,21.242642,34.989498,1.2497041,1.2498174,1.2496775,21.225376,18.731413,8.7467702,2.4995228,1.2498307,1.2498711,1.2499521,-6.8107804e-07,-1.3621509e-07,-4.0864619e-07,-1.3621321e-07,-4.0862684e-07
78.278278,94.999935,48.74992,27.499869,86.248959,44.998815,279.98358,148.73508,266.2017,24.993467,14.993051,9.9920563,22.475544,11.237219,7.4926859,8.7405559,21.218954,3.7480732,11.244269,3.7488197,21.242641,34.989494,1.2497042,1.2498174,1.2496774,21.225369,18.73141,8.74677,2.4995228,1.2498307,1.2498712,1.2499521,-6.776515e-07,-1.355299e-07,-4.0659043e-07,-1.3552832e-07,-4.0657428e-07
78.378378,94.999935,48.74992,27.499869,86.24896,44.998816,279.98358,148.73509,266.20173,24.993472,14.993056,9.9920624,22.475563,11.237228,7.4926889,8.7405561,21.218956,3.7480734,11.244269,3.7488198,21.242639,34.98949,1.2497042,1.2498174,1.2496773,21.225363,18.731406,8.7467698,2.4995228,1.2498307,1.2498712,1.2499521,-6.7354076e-07,-1.3470787e-07,-4.0412414e-07,-1.3470658e-07,-4.0411106e-07
78.478478,94.999935,48.74992,27.499869,86.248961,44.998817,279.98359,148.7351,266.20176,24.993477,14.993062,9.9920685,22.475581,11.237236,7.492692,8.7405562,21.218959,3.7480736,11.24427,3.7488198,21.242638,34.989486,1.2497043,1.2498173,1.2496772,21.225357,18.731403,8.7467697,2.4995228,1.2498307,1.2498712,1.2499521,-6.687615e-07,-1.3375213e-07,-4.0125673e-07,-1.3375111e-07,-4.012466e-07
78.578579,94.999935,48.74992,27.499869,86.248962,44.998818,279.9836,148.73511,266.20179,24.993483,14.993067,9.9920745,22.4756,11.237245,7.492695,8.7405564,21.218961,3.7480738,11.24427,3.7488199,21.242637,34.989482,1.2497043,1.2498173,1.2496772,21.225351,18.731399,8.7467696,2.4995228,1.2498307,1.2498712,1.2499521,-6.6332945e-07,-1.3266583e-07,-3.9799764e-07,-1.3266508e-07,-3.9799033e-07
78.678679,94.999935,48.74992,27.499869,86.248963,44.998818,279.98362,148.73512,266.20183,24.993489,14.993073,9.9920806,22.475619,11.237253,7.4926981,8.7405566,21.218964,3.748074,11.24427,3.74882,21.242636,34.989478,1.2497044,1.2498174,1.2496771,21.225345,18.731396,8.7467695,2.4995229,1.2498308,1.2498712,1.2499521,-6.5726033e-07,-1.3145211e-07,-3.9435631e-07,-1.3145161e-07,-3.943517e-07
78.778779,94.999935,48.74992,27.499869,86.248964,44.998819,279.98363,148.73513,266.20186,24.993494,14.993079,9.9920867,22.475638,11.237261,7.4927012,8.7405568,21.218966,3.7480742,11.24427,3.7488201,21.242635,34.989475,1.2497044,1.2498174,1.2496771,21.225339,18.731393,8.7467694,2.4995229,1.2498308,1.2498712,1.2499521,-6.5056992e-07,-1.3011412e-07,-3.9034219e-07,-1.3011386e-07,-3.9034015e-07
78.878879,94.999935,48.74992,27.49987,86.248966,44.99882,279.98364,148.73514,266.20189,24.9935,14.993084,9.9920929,22.475657,11.23727,7.4927042,8.740557,21.218969,3.7480744,11.244271,3.7488202,21.242634,34.989471,1.2497045,1.2498174,1.249677,21.225333,18.731389,8.7467693,2.4995229,1.2498308,1.2498712,1.2499521,-6.4327398e-07,-1.2865502e-07,-3.8596475e-07,-1.28655e-07,-3.8596516e-07
78.978979,94.999934,48.74992,27.49987,86.248967,44.998821,279.98365,148.73515,266.20192,24.993505,14.99309,9.992099,22.475676,11.237278,7.4927073,8.7405572,21.218971,3.7480747,11.244271,3.7488203,21.242633,34.989467,1.2497045,1.2498174,1.2496769,21.225327,18.731386,8.7467692,2.4995229,1.2498308,1.2498712,1.2499521,-6.3538832e-07,-1.2707798e-07,-3.8123347e-07,-1.2707817e-07,-3.812362e-07
79.079079,94.999934,48.74992,27.49987,86.248969,44.998822,279.98366,148.73516,266.20196,24.993511,14.993095,9.9921051,22.475695,11.237287,7.4927104,8.7405574,21.218974,3.7480749,11.244271,3.7488204,21.242632,34.989464,1.2497046,1.2498174,1.2496769,21.225321,18.731383,8.7467691,2.499523,1.2498308,1.2498712,1.2499521,-6.2692877e-07,-1.2538615e-07,-3.7615784e-07,-1.2538655e-07,-3.7616278e-07
79.179179,94.999934,48.74992,27.49987,86.24897,44.998823,279.98367,148.73517,266.20199,24.993517,14.993101,9.9921112,22.475713,11.237295,7.4927135,8.7405577,21.218976,3.7480751,11.244272,3.7488205,21.242631,34.98946,1.2497046,1.2498174,1.2496768,21.225315,18.73138,8.7467691,2.499523,1.2498308,1.2498712,1.2499522,-6.1791115e-07,-1.235827e-07,-3.7074738e-07,-1.235833e-07,-3.7075439e-07
79.279279,94.999934,48.74992,27.49987,86.248972,44.998824,279.98369,148.73518,266.20202,24.993522,14.993107,9.9921174,22.475732,11.237304,7.4927166,8.7405579,21.218979,3.7480754,11.244272,3.7488206,21.242631,34.989457,1.2497047,1.2498174,1.2496768,21.225309,18.731377,8.7467691,2.499523,1.2498309,1.2498713,1.2499522,-6.0835135e-07,-1.2167082e-07,-3.6501159e-07,-1.2167159e-07,-3.6502055e-07
79.379379,94.999934,48.74992,27.49987,86.248974,44.998826,279.9837,148.73519,266.20206,24.993528,14.993112,9.9921235,22.475751,11.237312,7.4927197,8.7405582,21.218982,3.7480756,11.244273,3.7488207,21.24263,34.989453,1.2497047,1.2498174,1.2496767,21.225303,18.731373,8.746769,2.4995231,1.2498309,1.2498713,1.2499522,-5.9826524e-07,-1.1965366e-07,-3.5896001e-07,-1.1965461e-07,-3.589708e-07
79.479479,94.999934,48.74992,27.499871,86.248976,44.998827,279.98371,148.73521,266.20209,24.993534,14.993118,9.9921297,22.47577,11.237321,7.4927228,8.7405584,21.218984,3.7480759,11.244273,3.7488208,21.242629,34.98945,1.2497048,1.2498174,1.2496767,21.225297,18.73137,8.746769,2.4995231,1.2498309,1.2498713,1.2499522,-5.8766872e-07,-1.1753442e-07,-3.5260218e-07,-1.1753553e-07,-3.5261467e-07
79.57958,94.999933,48.74992,27.499871,86.248977,44.998828,279.98373,148.73522,266.20212,24.99354,14.993124,9.9921358,22.475789,11.237329,7.4927259,8.7405587,21.218987,3.7480761,11.244273,3.748821,21.242628,34.989446,1.2497048,1.2498174,1.2496766,21.225291,18.731367,8.746769,2.4995232,1.2498309,1.2498713,1.2499522,-5.7657774e-07,-1.1531628e-07,-3.4594767e-07,-1.1531754e-07,-3.4596174e-07
79.67968,94.999933,48.74992,27.499871,86.248979,44.998829,279.98374,148.73523,266.20216,24.993545,14.993129,9.992142,22.475808,11.237337,7.492729,8.740559,21.21899,3.7480764,11.244274,3.7488211,21.242627,34.989443,1.2497049,1.2498175,1.2496766,21.225285,18.731364,8.746769,2.4995232,1.2498309,1.2498713,1.2499522,-5.6500823e-07,-1.1300243e-07,-3.3900603e-07,-1.1300383e-07,-3.3902155e-07
79.77978,94.999933,48.74992,27.499871,86.248981,44.99883,279.98375,148.73524,266.20219,24.993551,14.993135,9.9921482,22.475827,11.237346,7.4927321,8.7405593,21.218993,3.7480766,11.244274,3.7488212,21.242627,34.98944,1.2497049,1.2498175,1.2496765,21.225279,18.731361,8.746769,2.4995232,1.249831,1.2498713,1.2499523,-5.5297616e-07,-1.1059607e-07,-3.3178685e-07,-1.1059758e-07,-3.318037e-07
79.87988,94.999933,48.74992,27.499871,86.248983,44.998832,279.98377,148.73525,266.20223,24.993557,14.993141,9.9921543,22.475846,11.237354,7.4927352,8.7405596,21.218995,3.7480769,11.244275,3.7488214,21.242626,34.989436,1.249705,1.2498175,1.2496765,21.225274,18.731358,8.7467691,2.4995233,1.249831,1.2498714,1.2499523,-5.4049753e-07,-1.0810038e-07,-3.2429973e-07,-1.0810201e-07,-3.2431778e-07
79.97998,94.999933,48.74992,27.499871,86.248986,44.998833,279.98378,148.73526,266.20226,24.993563,14.993147,9.9921605,22.475865,11.237363,7.4927384,8.7405599,21.218998,3.7480772,11.244275,3.7488215,21.242625,34.989433,1.2497051,1.2498175,1.2496764,21.225268,18.731355,8.7467691,2.4995233,1.249831,1.2498714,1.2499523,-5.2758835e-07,-1.0551858e-07,-3.1655427e-07,-1.0552032e-07,-3.165734e-07
80.08008,94.999932,48.74992,27.499872,86.248988,44.998834,279.9838,148.73528,266.2023,24.993569,14.993152,9.9921667,22.475884,11.237371,7.4927415,8.7405602,21.219001,3.7480775,11.244276,3.7488217,21.242625,34.98943,1.2497051,1.2498175,1.2496764,21.225262,18.731352,8.7467691,2.4995234,1.249831,1.2498714,1.2499523,-5.1426465e-07,-1.0285388e-07,-3.0856009e-07,-1.028557e-07,-3.0858017e-07
80.18018,94.999932,48.74992,27.499872,86.24899,44.998836,279.98382,148.73529,266.20234,24.993575,14.993158,9.9921729,22.475902,11.23738,7.4927446,8.7405605,21.219004,3.7480777,11.244276,3.7488218,21.242624,34.989427,1.2497052,1.2498176,1.2496763,21.225256,18.731349,8.7467692,2.4995235,1.2498311,1.2498714,1.2499523,-5.0054249e-07,-1.0010947e-07,-3.0032683e-07,-1.0011137e-07,-3.0034774e-07
80.28028,94.999932,48.74992,27.499872,86.248992,44.998837,279.98383,148.7353,266.20237,24.99358,14.993164,9.9921791,22.475921,11.237388,7.4927477,8.7405608,21.219007,3.748078,11.244277,3.748822,21.242623,34.989423,1.2497052,1.2498176,1.2496763,21.225251,18.731346,8.7467692,2.4995235,1.2498311,1.2498714,1.2499524,-4.8643794e-07,-9.7288582e-08,-2.9186412e-07,-9.7290551e-08,-2.9188573e-07
80.38038,94.999932,48.74992,27.499872,86.248995,44.998839,279.98385,148.73531,266.20241,24.993586,14.993169,9.9921853,22.47594,11.237397,7.4927509,8.7405611,21.21901,3.7480783,11.244277,3.7488221,21.242623,34.98942,1.2497053,1.2498176,1.2496762,21.225245,18.731343,8.7467693,2.4995236,1.2498311,1.2498715,1.2499524,-4.7196709e-07,-9.4394429e-08,-2.8318164e-07,-9.4396453e-08,-2.8320381e-07
80.48048,94.999931,48.749919,27.499873,86.248997,44.99884,279.98386,148.73533,266.20244,24.993592,14.993175,9.9921914,22.475959,11.237405,7.492754,8.7405615,21.219013,3.7480786,11.244278,3.7488223,21.242622,34.989417,1.2497054,1.2498176,1.2496762,21.225239,18.73134,8.7467694,2.4995236,1.2498312,1.2498715,1.2499524,-4.5714607e-07,-9.1430237e-08,-2.7428904e-07,-9.1432304e-08,-2.7431166e-07
80.580581,94.999931,48.749919,27.499873,86.248999,44.998842,279.98388,148.73534,266.20248,24.993598,14.993181,9.9921976,22.475978,11.237414,7.4927571,8.7405618,21.219016,3.7480789,11.244278,3.7488224,21.242621,34.989414,1.2497054,1.2498177,1.2496762,21.225233,18.731337,8.7467694,2.4995237,1.2498312,1.2498715,1.2499524,-4.4199101e-07,-8.8399233e-08,-2.6519601e-07,-8.840133e-08,-2.6521894e-07
80.680681,94.999931,48.749919,27.499873,86.249002,44.998843,279.9839,148.73535,266.20252,24.993604,14.993187,9.9922038,22.475997,11.237422,7.4927603,8.7405622,21.219019,3.7480792,11.244279,3.7488226,21.242621,34.989411,1.2497055,1.2498177,1.2496761,21.225228,18.731334,8.7467695,2.4995237,1.2498312,1.2498715,1.2499525,-4.2651807e-07,-8.5304648e-08,-2.5591225e-07,-8.5306763e-08,-2.5593536e-07
80.780781,94.999931,48.749919,27.499873,86.249004,44.998845,279.98391,148.73536,266.20255,24.99361,14.993192,9.99221,22.476016,11.237431,7.4927634,8.7405625,21.219022,3.7480795,11.244279,3.7488228,21.24262,34.989408,1.2497055,1.2498177,1.2496761,21.225222,18.731331,8.7467696,2.4995238,1.2498313,1.2498716,1.2499525,-4.1074344e-07,-8.2149718e-08,-2.4644747e-07,-8.215184e-08,-2.4647063e-07
80.880881,94.99993,48.749919,27.499874,86.249007,44.998846,279.98393,148.73538,266.20259,24.993616,14.993198,9.9922162,22.476035,11.237439,7.4927665,8.7405629,21.219025,3.7480798,11.24428,3.7488229,21.24262,34.989405,1.2497056,1.2498178,1.249676,21.225216,18.731329,8.7467697,2.4995239,1.2498313,1.2498716,1.2499525,-3.9468332e-07,-7.8937685e-08,-2.3681138e-07,-7.8939801e-08,-2.3683447e-07
80.980981,94.99993,48.749919,27.499874,86.24901,44.998848,279.98395,148.73539,266.20263,24.993622,14.993204,9.9922224,22.476053,11.237447,7.4927697,8.7405632,21.219028,3.7480801,11.24428,3.7488231,21.242619,34.989402,1.2497057,1.2498178,1.249676,21.225211,18.731326,8.7467698,2.4995239,1.2498313,1.2498716,1.2499525,-3.7835392e-07,-7.5671793e-08,-2.2701372e-07,-7.567389e-08,-2.270366e-07
81.081081,94.99993,48.749919,27.499874,86.249012,44.998849,279.98396,148.7354,266.20267,24.993628,14.99321,9.9922286,22.476072,11.237456,7.4927728,8.7405636,21.219031,3.7480804,11.244281,3.7488233,21.242619,34.989399,1.2497057,1.2498178,1.249676,21.225205,18.731323,8.7467699,2.499524,1.2498313,1.2498716,1.2499526,-3.617715e-07,-7.235529e-08,-2.1706425e-07,-7.2357357e-08,-2.1708677e-07
81.181181,94.99993,48.749919,27.499874,86.249015,44.998851,279.98398,148.73542,266.2027,24.993634,14.993215,9.9922348,22.476091,11.237464,7.4927759,8.740564,21.219034,3.7480807,11.244282,3.7488234,21.242618,34.989397,1.2497058,1.2498178,1.2496759,21.2252,18.73132,8.74677,2.4995241,1.2498314,1.2498717,1.2499526,-3.4495232e-07,-6.899143e-08,-2.069727e-07,-6.8993453e-08,-2.0699475e-07
81.281281,94.999929,48.749919,27.499875,86.249017,44.998853,279.984,148.73543,266.20274,24.99364,14.993221,9.992241,22.47611,11.237473,7.4927791,8.7405643,21.219037,3.748081,11.244282,3.7488236,21.242618,34.989394,1.2497058,1.2498179,1.2496759,21.225194,18.731317,8.7467702,2.4995241,1.2498314,1.2498717,1.2499526,-3.2791266e-07,-6.558347e-08,-1.9674887e-07,-6.5585437e-08,-1.967703e-07
81.381381,94.999929,48.749919,27.499875,86.24902,44.998854,279.98402,148.73544,266.20278,24.993646,14.993227,9.9922472,22.476129,11.237481,7.4927822,8.7405647,21.21904,3.7480813,11.244283,3.7488238,21.242617,34.989391,1.2497059,1.2498179,1.2496759,21.225188,18.731314,8.7467703,2.4995242,1.2498315,1.2498717,1.2499527,-3.1066884e-07,-6.2134671e-08,-1.8640253e-07,-6.213657e-08,-1.8642321e-07
81.481481,94.999929,48.749919,27.499875,86.249023,44.998856,279.98403,148.73546,266.20282,24.993652,14.993233,9.9922534,22.476147,11.23749,7.4927853,8.7405651,21.219043,3.7480816,11.244283,3.748824,21.242617,34.989388,1.249706,1.2498179,1.2496758,21.225183,18.731311,8.7467704,2.4995243,1.2498315,1.2498718,1.2499527,-2.9323718e-07,-5.86483e-08,-1.7594348e-07,-5.8650117e-08,-1.7596327e-07
81.581582,94.999928,48.749919,27.499875,86.249026,44.998857,279.98405,148.73547,266.20285,24.993658,14.993238,9.9922595,22.476166,11.237498,7.4927885,8.7405655,21.219046,3.7480819,11.244284,3.7488241,21.242616,34.989385,1.249706,1.249818,1.2496758,21.225177,18.731309,8.7467705,2.4995244,1.2498315,1.2498718,1.2499527,-2.7563404e-07,-5.5127626e-08,-1.6538153e-07,-5.5129348e-08,-1.654003e-07
81.681682,94.999928,48.749919,27.499876,86.249028,44.998859,279.98407,148.73548,266.20289,24.993664,14.993244,9.9922657,22.476185,11.237506,7.4927916,8.7405658,21.219049,3.7480822,11.244285,3.7488243,21.242616,34.989382,1.2497061,1.249818,1.2496758,21.225172,18.731306,8.7467707,2.4995244,1.2498316,1.2498718,1.2499528,-2.5787578e-07,-5.1575923e-08,-1.5472651e-07,-5.1577538e-08,-1.547441e-07
81.781782,94.999928,48.749918,27.499876,86.249031,44.998861,279.98409,148.7355,266.20293,24.99367,14.99325,9.9922719,22.476204,11.237515,7.4927947,8.7405662,21.219052,3.7480825,11.244285,3.7488245,21.242615,34.98938,1.2497061,1.249818,1.2496757,21.225166,18.731303,8.7467708,2.4995245,1.2498316,1.2498718,1.2499528,-2.3997879e-07,-4.799647e-08,-1.4398824e-07,-4.7997964e-08,-1.4400453e-07
81.881882,94.999927,48.749918,27.499876,86.249034,44.998862,279.98411,148.73551,266.20297,24.993676,14.993256,9.9922781,22.476223,11.237523,7.4927978,8.7405666,21.219055,3.7480828,11.244286,3.7488247,21.242615,34.989377,1.2497062,1.2498181,1.2496757,21.225161,18.7313,8.746771,2.4995246,1.2498316,1.2498719,1.2499528,-2.219595e-07,-4.439255e-08,-1.3317658e-07,-4.439391e-08,-1.3319142e-07
81.981982,94.999927,48.749918,27.499876,86.249037,44.998864,279.98413,148.73552,266.203,24.993682,14.993261,9.9922842,22.476241,11.237532,7.492801,8.740567,21.219058,3.7480832,11.244286,3.7488249,21.242614,34.989374,1.2497063,1.2498181,1.2496757,21.225155,18.731297,8.7467711,2.4995246,1.2498317,1.2498719,1.2499528,-2.0383433e-07,-4.0767449e-08,-1.2230139e-07,-4.0768661e-08,-1.2231463e-07
82.082082,94.999927,48.749918,27.499877,86.24904,44.998866,279.98414,148.73554,266.20304,24.993688,14.993267,9.9922904,22.47626,11.23754,7.4928041,8.7405674,21.219061,3.7480835,11.244287,3.7488251,21.242614,34.989371,1.2497063,1.2498182,1.2496756,21.22515,18.731295,8.7467712,2.4995247,1.2498317,1.2498719,1.2499529,-1.8561973e-07,-3.7124458e-08,-1.1137254e-07,-3.7125509e-08,-1.1138403e-07
82.182182,94.999926,48.749918,27.499877,86.249043,44.998867,279.98416,148.73555,266.20308,24.993694,14.993273,9.9922966,22.476279,11.237548,7.4928072,8.7405678,21.219065,3.7480838,11.244288,3.7488252,21.242614,34.989368,1.2497064,1.2498182,1.2496756,21.225144,18.731292,8.7467714,2.4995248,1.2498317,1.249872,1.2499529,-1.673322e-07,-3.3466874e-08,-1.0039991e-07,-3.3467749e-08,-1.0040951e-07
82.282282,94.999926,48.749918,27.499877,86.249045,44.998869,279.98418,148.73556,266.20312,24.9937,14.993279,9.9923027,22.476297,11.237557,7.4928103,8.7405682,21.219068,3.7480841,11.244288,3.7488254,21.242613,34.989366,1.2497065,1.2498182,1.2496756,21.225139,18.731289,8.7467715,2.4995249,1.2498318,1.249872,1.2499529,-1.4917054e-07,-2.9834471e-08,-8.9502823e-08,-2.9835191e-08,-8.9510733e-08
82.382382,94.999926,48.749918,27.499877,86.249048,44.998871,279.9842,148.73558,266.20315,24.993706,14.993284,9.9923088,22.476316,11.237565,7.4928134,8.7405685,21.219071,3.7480844,11.244289,3.7488256,21.242613,34.989363,1.2497065,1.2498183,1.2496755,21.225133,18.731286,8.7467717,2.4995249,1.2498318,1.249872,1.249953,-1.3160908e-07,-2.6322148e-08,-7.8965903e-08,-2.6322811e-08,-7.8973191e-08
82.482482,94.999926,48.749918,27.499878,86.249051,44.998872,279.98422,148.73559,266.20319,24.993712,14.99329,9.992315,22.476334,11.237573,7.4928165,8.7405689,21.219074,3.7480847,11.244289,3.7488258,21.242612,34.98936,1.2497066,1.2498183,1.2496755,21.225127,18.731283,8.7467718,2.499525,1.2498319,1.249872,1.249953,-1.140852e-07,-2.2817339e-08,-6.8451529e-08,-2.2817942e-08,-6.8458159e-08
82.582583,94.999925,48.749918,27.499878,86.249054,44.998874,279.98423,148.7356,266.20323,24.993717,14.993296,9.9923211,22.476353,11.237582,7.4928196,8.7405693,21.219077,3.748085,11.24429,3.748826,21.242612,34.989357,1.2497067,1.2498183,1.2496754,21.225122,18.731281,8.7467719,2.4995251,1.2498319,1.2498721,1.249953,-9.6617462e-08,-1.9323759e-08,-5.7970843e-08,-1.9324298e-08,-5.797678e-08
82.682683,94.999925,48.749918,27.499878,86.249056,44.998876,279.98425,148.73562,266.20327,24.993723,14.993301,9.9923272,22.476371,11.23759,7.4928226,8.7405696,21.21908,3.7480853,11.244291,3.7488261,21.242611,34.989354,1.2497067,1.2498184,1.2496754,21.225116,18.731278,8.746772,2.4995251,1.2498319,1.2498721,1.2499531,-7.9224495e-08,-1.5845131e-08,-4.7535015e-08,-1.5845604e-08,-4.7540229e-08
82.782783,94.999925,48.749918,27.499878,86.249059,44.998877,279.98427,148.73563,266.2033,24.993729,14.993307,9.9923333,22.47639,11.237598,7.4928257,8.74057,21.219083,3.7480856,11.244291,3.7488263,21.242611,34.989351,1.2497068,1.2498184,1.2496754,21.225111,18.731275,8.7467722,2.4995252,1.249832,1.2498721,1.2499531,-6.1924962e-08,-1.2385189e-08,-3.7155246e-08,-1.2385593e-08,-3.7159706e-08
82.882883,94.999924,48.749918,27.499879,86.249062,44.998879,279.98429,148.73564,266.20334,24.993735,14.993313,9.9923394,22.476408,11.237607,7.4928288,8.7405704,21.219086,3.748086,11.244292,3.7488265,21.24261,34.989349,1.2497068,1.2498184,1.2496753,21.225105,18.731272,8.7467723,2.4995253,1.249832,1.2498722,1.2499531,-4.4737576e-08,-8.9476744e-09,-2.6842764e-08,-8.9480067e-09,-2.6846441e-08
82.982983,94.999924,48.749917,27.499879,86.249065,44.99888,279.9843,148.73566,266.20338,24.993741,14.993318,9.9923455,22.476427,11.237615,7.4928318,8.7405707,21.219089,3.7480863,11.244292,3.7488267,21.24261,34.989346,1.2497069,1.2498185,1.2496753,21.225099,18.731269,8.7467724,2.4995254,1.249832,1.2498722,1.2499531,-2.7681099e-08,-5.5363412e-09,-1.6608826e-08,-5.5365993e-09,-1.6611696e-08
83.083083,94.999924,48.749917,27.499879,86.249067,44.998882,279.98432,148.73567,266.20341,24.993747,14.993324,9.9923515,22.476445,11.237623,7.4928349,8.7405711,21.219092,3.7480866,11.244293,3.7488268,21.242609,34.989343,1.249707,1.2498185,1.2496753,21.225094,18.731266,8.7467725,2.4995254,1.2498321,1.2498722,1.2499532,-1.0774341e-08,-2.1549508e-09,-6.4647184e-09,-2.1551326e-09,-6.4667562e-09
83.183183,94.999923,48.749917,27.49988,86.24907,44.998884,279.98434,148.73568,266.20345,24.993753,14.99333,9.9923576,22.476464,11.237631,7.4928379,8.7405714,21.219095,3.7480869,11.244293,3.748827,21.242609,34.98934,1.249707,1.2498185,1.2496752,21.225088,18.731264,8.7467726,2.4995255,1.2498321,1.2498722,1.2499532,5.9638409e-09,1.1927251e-09,3.5782445e-09,1.1926218e-09,3.5770603e-09
83.283283,94.999923,48.749917,27.49988,86.249072,44.998885,279.98436,148.73569,266.20349,24.993758,14.993335,9.9923636,22.476482,11.23764,7.4928409,8.7405718,21.219098,3.7480872,11.244294,3.7488272,21.242608,34.989337,1.2497071,1.2498185,1.2496752,21.225083,18.731261,8.7467727,2.4995256,1.2498321,1.2498723,1.2499532,2.251454e-08,4.5029053e-09,1.3508719e-08,4.5028823e-09,1.3508408e-08
83.383383,94.999923,48.749917,27.49988,86.249075,44.998887,279.98437,148.73571,266.20352,24.993764,14.993341,9.9923697,22.4765,11.237648,7.4928439,8.7405721,21.219102,3.7480875,11.244295,3.7488274,21.242608,34.989334,1.2497071,1.2498186,1.2496751,21.225077,18.731258,8.7467728,2.4995256,1.2498322,1.2498723,1.2499533,3.8858805e-08,7.771799e-09,2.3315333e-08,7.771858e-09,2.3315913e-08
83.483483,94.999923,48.749917,27.49988,86.249078,44.998888,279.98439,148.73572,266.20356,24.99377,14.993346,9.9923757,22.476519,11.237656,7.492847,8.7405724,21.219105,3.7480878,11.244295,3.7488275,21.242607,34.989331,1.2497072,1.2498186,1.2496751,21.225071,18.731255,8.7467729,2.4995257,1.2498322,1.2498723,1.2499533,5.4977632e-08,1.0995606e-08,3.2986686e-08,1.0995748e-08,3.2988173e-08
83.583584,94.999922,48.749917,27.49988,86.24908,44.99889,279.98441,148.73573,266.20359,24.993776,14.993352,9.9923817,22.476537,11.237664,7.49285,8.7405728,21.219108,3.7480881,11.244296,3.7488277,21.242606,34.989328,1.2497073,1.2498186,1.2496751,21.225066,18.731252,8.746773,2.4995257,1.2498322,1.2498723,1.2499533,7.0851972e-08,1.4170516e-08,4.2511347e-08,1.4170743e-08,4.2513754e-08
83.683684,94.999922,48.749917,27.499881,86.249083,44.998891,279.98442,148.73574,266.20363,24.993781,14.993357,9.9923877,22.476555,11.237672,7.492853,8.7405731,21.219111,3.7480883,11.244296,3.7488278,21.242606,34.989325,1.2497073,1.2498187,1.249675,21.22506,18.731249,8.7467731,2.4995258,1.2498323,1.2498724,1.2499533,8.6462729e-08,1.729271e-08,5.1877859e-08,1.7293023e-08,5.1881198e-08
83.783784,94.999922,48.749917,27.499881,86.249085,44.998893,279.98444,148.73576,266.20366,24.993787,14.993363,9.9923937,22.476573,11.23768,7.4928559,8.7405734,21.219114,3.7480886,11.244297,3.748828,21.242605,34.989322,1.2497074,1.2498187,1.249675,21.225054,18.731246,8.7467732,2.4995259,1.2498323,1.2498724,1.2499534,1.0179076e-07,2.0358358e-08,6.1074734e-08,2.0358758e-08,6.1079014e-08
83.883884,94.999922,48.749917,27.499881,86.249087,44.998894,279.98445,148.73577,266.2037,24.993793,14.993369,9.9923997,22.476591,11.237689,7.4928589,8.7405737,21.219117,3.7480889,11.244297,3.7488282,21.242605,34.989319,1.2497074,1.2498187,1.2496749,21.225049,18.731243,8.7467733,2.4995259,1.2498323,1.2498724,1.2499534,1.1681686e-07,2.3363622e-08,7.0090455e-08,2.3364109e-08,7.0095684e-08
83.983984,94.999921,48.749917,27.499881,86.24909,44.998896,279.98447,148.73578,266.20373,24.993798,14.993374,9.9924056,22.476609,11.237697,7.4928619,8.740574,21.21912,3.7480892,11.244298,3.7488283,21.242604,34.989316,1.2497075,1.2498187,1.2496749,21.225043,18.73124,8.7467733,2.499526,1.2498324,1.2498724,1.2499534,1.315218e-07,2.6304653e-08,7.8913479e-08,2.6305228e-08,7.8919662e-08
84.084084,94.999921,48.749917,27.499882,86.249092,44.998897,279.98449,148.73579,266.20377,24.993804,14.99338,9.9924116,22.476627,11.237705,7.4928648,8.7405743,21.219122,3.7480895,11.244298,3.7488285,21.242603,34.989313,1.2497076,1.2498188,1.2496749,21.225037,18.731237,8.7467734,2.499526,1.2498324,1.2498725,1.2499534,1.4588629e-07,2.9177594e-08,8.7532231e-08,2.9178258e-08,8.7539372e-08
84.184184,94.999921,48.749917,27.499882,86.249094,44.998898,279.9845,148.7358,266.2038,24.99381,14.993385,9.9924175,22.476645,11.237713,7.4928678,8.7405746,21.219125,3.7480898,11.244299,3.7488286,21.242603,34.98931,1.2497076,1.2498188,1.2496748,21.225031,18.731234,8.7467735,2.4995261,1.2498324,1.2498725,1.2499535,1.59891e-07,3.1978577e-08,9.5935109e-08,3.1979329e-08,9.594321e-08
84.284284,94.999921,48.749917,27.499882,86.249096,44.9989,279.98452,148.73582,266.20384,24.993815,14.99339,9.9924234,22.476663,11.237721,7.4928707,8.7405749,21.219128,3.74809,11.244299,3.7488288,21.242602,34.989307,1.2497077,1.2498188,1.2496748,21.225026,18.731231,8.7467735,2.4995262,1.2498324,1.2498725,1.2499535,1.7351652e-07,3.4703725e-08,1.0411048e-07,3.4704566e-08,1.0411954e-07
84.384384,94.99992,48.749916,27.499882,86.249099,44.998901,279.98453,148.73583,266.20387,24.993821,14.993396,9.9924293,22.476681,11.237729,7.4928736,8.7405752,21.219131,3.7480903,11.2443,3.7488289,21.242601,34.989303,1.2497077,1.2498188,1.2496747,21.22502,18.731228,8.7467735,2.4995262,1.2498325,1.2498725,1.2499535,1.8674344e-07,3.7349151e-08,1.1204669e-07,3.735008e-08,1.1205671e-07
84.484484,94.99992,48.749916,27.499882,86.249101,44.998902,279.98455,148.73584,266.2039,24.993826,14.993401,9.9924352,22.476699,11.237737,7.4928765,8.7405754,21.219134,3.7480906,11.2443,3.748829,21.242601,34.9893,1.2497078,1.2498189,1.2496747,21.225014,18.731225,8.7467736,2.4995263,1.2498325,1.2498726,1.2499535,1.9955227e-07,3.991096e-08,1.1973205e-07,3.9911977e-08,1.1974301e-07
84.584585,94.99992,48.749916,27.499883,86.249103,44.998904,279.98456,148.73585,266.20394,24.993832,14.993407,9.992441,22.476717,11.237745,7.4928794,8.7405757,21.219137,3.7480908,11.244301,3.7488292,21.2426,34.989297,1.2497078,1.2498189,1.2496746,21.225008,18.731222,8.7467736,2.4995263,1.2498325,1.2498726,1.2499535,2.1192349e-07,4.2385244e-08,1.2715483e-07,4.2386349e-08,1.2716674e-07
84.684685,94.99992,48.749916,27.499883,86.249105,44.998905,279.98457,148.73586,266.20397,24.993837,14.993412,9.9924469,22.476735,11.237753,7.4928823,8.7405759,21.21914,3.7480911,11.244301,3.7488293,21.242599,34.989294,1.2497079,1.2498189,1.2496746,21.225002,18.731219,8.7467736,2.4995263,1.2498325,1.2498726,1.2499536,2.2383751e-07,4.476809e-08,1.343033e-07,4.4769281e-08,1.3431615e-07
84.784785,94.99992,48.749916,27.499883,86.249107,44.998906,279.98459,148.73587,266.204,24.993842,14.993417,9.9924527,22.476753,11.237761,7.4928852,8.7405761,21.219143,3.7480913,11.244302,3.7488294,21.242598,34.98929,1.249708,1.2498189,1.2496745,21.224996,18.731216,8.7467736,2.4995264,1.2498326,1.2498726,1.2499536,2.3527471e-07,4.7055571e-08,1.4116568e-07,4.7056847e-08,1.4117945e-07
84.884885,94.999919,48.749916,27.499883,86.249108,44.998907,279.9846,148.73588,266.20404,24.993848,14.993423,9.9924585,22.47677,11.237769,7.492888,8.7405764,21.219145,3.7480916,11.244302,3.7488295,21.242598,34.989287,1.249708,1.2498189,1.2496745,21.22499,18.731213,8.7467736,2.4995264,1.2498326,1.2498726,1.2499536,2.4621542e-07,4.9243753e-08,1.4773016e-07,4.9245114e-08,1.4774485e-07
84.984985,94.999919,48.749916,27.499883,86.24911,44.998908,279.98461,148.73589,266.20407,24.993853,14.993428,9.9924643,22.476788,11.237777,7.4928908,8.7405766,21.219148,3.7480918,11.244302,3.7488297,21.242597,34.989284,1.2497081,1.2498189,1.2496744,21.224984,18.73121,8.7467736,2.4995265,1.2498326,1.2498726,1.2499536,2.5663992e-07,5.1328693e-08,1.5398491e-07,5.1330137e-08,1.540005e-07
85.085085,94.999919,48.749916,27.499884,86.249112,44.998909,279.98463,148.7359,266.2041,24.993858,14.993433,9.9924701,22.476806,11.237784,7.4928937,8.7405768,21.219151,3.7480921,11.244303,3.7488298,21.242596,34.98928,1.2497081,1.2498189,1.2496743,21.224978,18.731207,8.7467735,2.4995265,1.2498326,1.2498727,1.2499536,2.6652845e-07,5.3306436e-08,1.5991808e-07,5.3307961e-08,1.5993454e-07
85.185185,94.999919,48.749916,27.499884,86.249113,44.99891,279.98464,148.73591,266.20413,24.993864,14.993438,9.9924758,22.476823,11.237792,7.4928965,8.740577,21.219154,3.7480923,11.244303,3.7488299,21.242595,34.989277,1.2497082,1.249819,1.2496743,21.224972,18.731204,8.7467735,2.4995265,1.2498326,1.2498727,1.2499536,2.7586117e-07,5.5173018e-08,1.6551776e-07,5.5174624e-08,1.6553509e-07
85.285285,94.999919,48.749916,27.499884,86.249115,44.998911,279.98465,148.73592,266.20416,24.993869,14.993444,9.9924816,22.476841,11.2378,7.4928993,8.7405771,21.219156,3.7480925,11.244303,3.74883,21.242594,34.989273,1.2497082,1.249819,1.2496742,21.224966,18.7312,8.7467734,2.4995266,1.2498327,1.2498727,1.2499537,2.8461824e-07,5.6924468e-08,1.7077205e-07,5.6926152e-08,1.7079023e-07
85.385385,94.999919,48.749916,27.499884,86.249116,44.998912,279.98466,148.73593,266.20419,24.993874,14.993449,9.9924873,22.476858,11.237808,7.492902,8.7405773,21.219159,3.7480927,11.244304,3.7488301,21.242593,34.989269,1.2497083,1.249819,1.2496742,21.22496,18.731197,8.7467734,2.4995266,1.2498327,1.2498727,1.2499537,2.9277973e-07,5.8556802e-08,1.75669e-07,5.8558562e-08,1.7568799e-07
85.485485,94.999918,48.749916,27.499884,86.249118,44.998913,279.98467,148.73594,266.20422,24.993879,14.993454,9.9924929,22.476875,11.237816,7.4929048,8.7405775,21.219162,3.748093,11.244304,3.7488302,21.242592,34.989266,1.2497083,1.249819,1.2496741,21.224954,18.731194,8.7467733,2.4995266,1.2498327,1.2498727,1.2499537,3.0032569e-07,6.0066028e-08,1.8019662e-07,6.0067862e-08,1.8021641e-07
85.585586,94.999918,48.749916,27.499884,86.249119,44.998914,279.98468,148.73595,266.20425,24.993884,14.993459,9.9924986,22.476893,11.237823,7.4929076,8.7405776,21.219164,3.7480932,11.244304,3.7488302,21.242591,34.989262,1.2497084,1.249819,1.249674,21.224948,18.73119,8.7467732,2.4995266,1.2498327,1.2498727,1.2499537,3.0723611e-07,6.1448145e-08,1.8434292e-07,6.145005e-08,1.8436347e-07
85.685686,94.999918,48.749916,27.499884,86.24912,44.998915,279.98469,148.73596,266.20428,24.993889,14.993464,9.9925043,22.47691,11.237831,7.4929103,8.7405777,21.219167,3.7480934,11.244305,3.7488303,21.24259,34.989258,1.2497084,1.249819,1.249674,21.224942,18.731187,8.7467731,2.4995267,1.2498327,1.2498727,1.2499537,3.1349094e-07,6.2699142e-08,1.8809585e-07,6.2701115e-08,1.8811715e-07
85.785786,94.999918,48.749916,27.499884,86.249121,44.998916,279.9847,148.73597,266.20431,24.993894,14.993469,9.9925099,22.476927,11.237839,7.492913,8.7405778,21.219169,3.7480936,11.244305,3.7488304,21.242589,34.989254,1.2497084,1.249819,1.2496739,21.224936,18.731184,8.746773,2.4995267,1.2498327,1.2498727,1.2499537,3.1907006e-07,6.3814996e-08,1.9144337e-07,6.3817035e-08,1.9146537e-07
85.885886,94.999918,48.749916,27.499885,86.249122,44.998916,279.98471,148.73598,266.20433,24.993899,14.993474,9.9925155,22.476944,11.237846,7.4929157,8.7405779,21.219172,3.7480938,11.244305,3.7488305,21.242588,34.98925,1.2497085,1.249819,1.2496738,21.22493,18.73118,8.7467728,2.4995267,1.2498327,1.2498727,1.2499537,3.2395333e-07,6.4791679e-08,1.9437337e-07,6.4793781e-08,1.9439605e-07
85.985986,94.999918,48.749916,27.499885,86.249123,44.998917,279.98472,148.73599,266.20436,24.993904,14.993479,9.992521,22.476961,11.237854,7.4929184,8.740578,21.219174,3.7480939,11.244305,3.7488305,21.242587,34.989246,1.2497085,1.249819,1.2496737,21.224923,18.731177,8.7467727,2.4995267,1.2498327,1.2498727,1.2499537,3.2812055e-07,6.562515e-08,1.9687374e-07,6.5627311e-08,1.9689706e-07
86.086086,94.999918,48.749916,27.499885,86.249124,44.998918,279.98473,148.73599,266.20439,24.993909,14.993484,9.9925266,22.476979,11.237862,7.492921,8.7405781,21.219177,3.7480941,11.244306,3.7488306,21.242585,34.989242,1.2497086,1.249819,1.2496737,21.224917,18.731173,8.7467725,2.4995267,1.2498327,1.2498728,1.2499537,3.3155147e-07,6.6311359e-08,1.9893232e-07,6.6313577e-08,1.9895625e-07
86.186186,94.999918,48.749916,27.499885,86.249125,44.998918,279.98473,148.736,266.20441,24.993914,14.993489,9.9925321,22.476995,11.237869,7.4929237,8.7405781,21.219179,3.7480943,11.244306,3.7488306,21.242584,34.989238,1.2497086,1.249819,1.2496736,21.224911,18.73117,8.7467723,2.4995267,1.2498327,1.2498728,1.2499537,3.342258e-07,6.6846247e-08,2.0053695e-07,6.6848518e-08,2.0056145e-07
86.286286,94.999918,48.749916,27.499885,86.249125,44.998919,279.98474,148.73601,266.20444,24.993918,14.993494,9.9925376,22.477012,11.237877,7.4929263,8.7405782,21.219182,3.7480945,11.244306,3.7488307,21.242583,34.989234,1.2497087,1.249819,1.2496735,21.224904,18.731166,8.7467721,2.4995267,1.2498327,1.2498728,1.2499537,3.3612318e-07,6.7225745e-08,2.0167541e-07,6.7228065e-08,2.0170043e-07
86.386386,94.999918,48.749916,27.499885,86.249126,44.998919,279.98475,148.73602,266.20447,24.993923,14.993499,9.9925431,22.477029,11.237884,7.4929289,8.7405782,21.219184,3.7480946,11.244306,3.7488307,21.242582,34.98923,1.2497087,1.2498189,1.2496734,21.224898,18.731163,8.7467719,2.4995267,1.2498327,1.2498728,1.2499537,3.3722323e-07,6.7445775e-08,2.0233546e-07,6.744814e-08,2.0236097e-07
86.486486,94.999918,48.749916,27.499885,86.249126,44.99892,279.98475,148.73602,266.20449,24.993928,14.993504,9.9925485,22.477046,11.237892,7.4929315,8.7405782,21.219186,3.7480948,11.244306,3.7488307,21.24258,34.989226,1.2497087,1.2498189,1.2496733,21.224891,18.731159,8.7467717,2.4995267,1.2498327,1.2498728,1.2499537,3.3750552e-07,6.7502249e-08,2.0250486e-07,6.7504655e-08,2.0253081e-07
86.586587,94.999918,48.749916,27.499885,86.249126,44.99892,279.98476,148.73603,266.20451,24.993932,14.993509,9.9925539,22.477063,11.237899,7.492934,8.7405782,21.219188,3.7480949,11.244306,3.7488307,21.242579,34.989221,1.2497088,1.2498189,1.2496733,21.224885,18.731156,8.7467714,2.4995267,1.2498327,1.2498728,1.2499537,3.3694954e-07,6.7391069e-08,2.0217129e-07,6.7393512e-08,2.0219764e-07
86.686687,94.999918,48.749916,27.499885,86.249126,44.99892,279.98476,148.73603,266.20454,24.993937,14.993514,9.9925593,22.477079,11.237906,7.4929366,8.7405781,21.219191,3.748095,11.244306,3.7488308,21.242577,34.989217,1.2497088,1.2498189,1.2496732,21.224878,18.731152,8.7467711,2.4995267,1.2498327,1.2498727,1.2499537,3.3553478e-07,6.7108129e-08,2.0132245e-07,6.7110604e-08,2.0134914e-07
86.786787,94.999918,48.749916,27.499885,86.249126,44.998921,279.98477,148.73604,266.20456,24.993941,14.993518,9.9925647,22.477096,11.237914,7.4929391,8.7405781,21.219193,3.7480952,11.244306,3.7488308,21.242576,34.989212,1.2497088,1.2498189,1.2496731,21.224872,18.731148,8.7467708,2.4995267,1.2498327,1.2498727,1.2499537,3.3324063e-07,6.664931e-08,1.9994598e-07,6.6651814e-08,1.9997296e-07
86.886887,94.999918,48.749916,27.499885,86.249126,44.998921,279.98477,148.73605,266.20458,24.993946,14.993523,9.99257,22.477113,11.237921,7.4929416,8.740578,21.219195,3.7480953,11.244306,3.7488308,21.242574,34.989208,1.2497089,1.2498188,1.249673,21.224865,18.731144,8.7467705,2.4995266,1.2498327,1.2498727,1.2499537,3.3004648e-07,6.6010488e-08,1.980295e-07,6.6013015e-08,1.9805673e-07
86.986987,94.999918,48.749916,27.499885,86.249126,44.998921,279.98477,148.73605,266.2046,24.99395,14.993528,9.9925753,22.477129,11.237928,7.4929441,8.7405779,21.219197,3.7480954,11.244306,3.7488307,21.242573,34.989203,1.2497089,1.2498188,1.2496729,21.224859,18.731141,8.7467702,2.4995266,1.2498327,1.2498727,1.2499537,3.2593165e-07,6.5187526e-08,1.955606e-07,6.5190071e-08,1.9558802e-07
87.087087,94.999918,48.749916,27.499885,86.249125,44.998921,279.98478,148.73606,266.20463,24.993954,14.993532,9.9925806,22.477145,11.237936,7.4929465,8.7405778,21.219199,3.7480955,11.244306,3.7488307,21.242571,34.989198,1.2497089,1.2498188,1.2496728,21.224852,18.731137,8.7467699,2.4995266,1.2498327,1.2498727,1.2499537,3.2087539e-07,6.4176279e-08,1.9252685e-07,6.4178836e-08,1.9255441e-07
87.187187,94.999918,48.749916,27.499885,86.249125,44.998921,279.98478,148.73606,266.20465,24.993959,14.993537,9.992586,22.477162,11.237943,7.492949,8.7405778,21.219201,3.7480956,11.244307,3.7488307,21.24257,34.989194,1.249709,1.2498188,1.2496727,21.224845,18.731133,8.7467696,2.4995266,1.2498327,1.2498727,1.2499536,3.1866979e-07,6.3735169e-08,1.9120351e-07,6.3737755e-08,1.9123136e-07
87.287287,94.999918,48.749916,27.499885,86.249126,44.998922,279.98479,148.73607,266.20467,24.993963,14.993542,9.9925914,22.477179,11.237951,7.4929516,8.7405778,21.219204,3.7480958,11.244307,3.7488308,21.242568,34.98919,1.249709,1.2498188,1.2496726,21.224839,18.73113,8.7467694,2.4995266,1.2498327,1.2498727,1.2499536,3.2106757e-07,6.4214749e-08,1.9264221e-07,6.4217388e-08,1.9267064e-07
87.387387,94.999918,48.749916,27.499885,86.249127,44.998922,279.98479,148.73608,266.2047,24.993968,14.993547,9.9925968,22.477195,11.237958,7.4929542,8.7405778,21.219206,3.7480959,11.244307,3.7488308,21.242567,34.989186,1.2497091,1.2498188,1.2496725,21.224833,18.731126,8.7467692,2.4995266,1.2498327,1.2498727,1.2499536,3.2315278e-07,6.4631814e-08,1.9389336e-07,6.4634506e-08,1.9392236e-07
87.487487,94.999918,48.749916,27.499885,86.249127,44.998923,279.9848,148.73608,266.20472,24.993973,14.993552,9.9926023,22.477212,11.237965,7.4929567,8.7405779,21.219208,3.7480961,11.244307,3.7488309,21.242566,34.989181,1.2497091,1.2498187,1.2496725,21.224826,18.731122,8.746769,2.4995266,1.2498327,1.2498727,1.2499536,3.249272e-07,6.498672e-08,1.9495805e-07,6.4989462e-08,1.9498759e-07
87.587588,94.999918,48.749916,27.499885,86.249128,44.998923,279.98481,148.73609,266.20475,24.993977,14.993557,9.9926077,22.477229,11.237973,7.4929593,8.7405779,21.219211,3.7480963,11.244307,3.7488309,21.242564,34.989177,1.2497091,1.2498187,1.2496724,21.22482,18.731119,8.7467688,2.4995266,1.2498327,1.2498727,1.2499536,3.2639286e-07,6.5279872e-08,1.9583747e-07,6.5282663e-08,1.9586753e-07
87.687688,94.999918,48.749916,27.499885,86.249128,44.998924,279.98481,148.7361,266.20477,24.993982,14.993561,9.9926131,22.477245,11.23798,7.4929618,8.7405779,21.219213,3.7480964,11.244307,3.7488309,21.242563,34.989173,1.2497092,1.2498187,1.2496723,21.224813,18.731115,8.7467686,2.4995266,1.2498327,1.2498727,1.2499536,3.2755203e-07,6.5511726e-08,1.96533e-07,6.5514563e-08,1.9656355e-07
87.787788,94.999918,48.749916,27.499885,86.249129,44.998924,279.98482,148.7361,266.2048,24.993986,14.993566,9.9926184,22.477262,11.237987,7.4929644,8.7405779,21.219215,3.7480966,11.244307,3.748831,21.242562,34.989169,1.2497092,1.2498187,1.2496722,21.224807,18.731112,8.7467683,2.4995266,1.2498327,1.2498727,1.2499536,3.2840725e-07,6.568279e-08,1.9704616e-07,6.5685671e-08,1.9707719e-07
87.887888,94.999918,48.749916,27.499885,86.249129,44.998925,279.98483,148.73611,266.20482,24.993991,14.993571,9.9926238,22.477278,11.237995,7.4929669,8.7405779,21.219218,3.7480967,11.244308,3.748831,21.24256,34.989165,1.2497093,1.2498187,1.2496721,21.2248,18.731108,8.7467681,2.4995266,1.2498327,1.2498727,1.2499536,3.2896132e-07,6.5793621e-08,1.9737862e-07,6.5796544e-08,1.974101e-07
87.987988,94.999918,48.749916,27.499885,86.249129,44.998925,279.98483,148.73612,266.20485,24.993995,14.993576,9.9926292,22.477295,11.238002,7.4929694,8.7405779,21.21922,3.7480969,11.244308,3.748831,21.242559,34.98916,1.2497093,1.2498187,1.249672,21.224794,18.731105,8.7467679,2.4995266,1.2498327,1.2498727,1.2499536,3.2921727e-07,6.5844827e-08,1.9753221e-07,6.584779e-08,1.9756412e-07
88.088088,94.999918,48.749916,27.499885,86.249129,44.998925,279.98484,148.73612,266.20487,24.994,14.99358,9.9926345,22.477311,11.238009,7.4929719,8.7405779,21.219222,3.748097,11.244308,3.748831,21.242558,34.989156,1.2497093,1.2498187,1.249672,21.224788,18.731101,8.7467676,2.4995265,1.2498327,1.2498727,1.2499536,3.2917839e-07,6.5837069e-08,1.9750891e-07,6.584007e-08,1.9754122e-07
88.188188,94.999918,48.749916,27.499885,86.24913,44.998926,279.98484,148.73613,266.20489,24.994004,14.993585,9.9926398,22.477328,11.238017,7.4929744,8.7405779,21.219225,3.7480972,11.244308,3.7488311,21.242556,34.989152,1.2497094,1.2498186,1.2496719,21.224781,18.731097,8.7467674,2.4995265,1.2498327,1.2498727,1.2499536,3.2884826e-07,6.5771056e-08,1.9731084e-07,6.5774092e-08,1.9734354e-07
88.288288,94.999918,48.749916,27.499885,86.24913,44.998926,279.98485,148.73614,266.20492,24.994009,14.99359,9.9926451,22.477344,11.238024,7.4929769,8.7405778,21.219227,3.7480973,11.244308,3.7488311,21.242555,34.989147,1.2497094,1.2498186,1.2496718,21.224775,18.731094,8.7467671,2.4995265,1.2498327,1.2498727,1.2499536,3.2823066e-07,6.564755e-08,1.969403e-07,6.565062e-08,1.9697336e-07
88.388388,94.999918,48.749917,27.499886,86.24913,44.998926,279.98485,148.73614,266.20494,24.994013,14.993595,9.9926504,22.47736,11.238031,7.4929794,8.7405778,21.219229,3.7480974,11.244308,3.7488311,21.242553,34.989143,1.2497094,1.2498186,1.2496717,21.224768,18.73109,8.7467669,2.4995265,1.2498327,1.2498727,1.2499536,3.2732966e-07,6.5467362e-08,1.9639972e-07,6.5470463e-08,1.964331e-07
88.488488,94.999918,48.749917,27.499886,86.24913,44.998927,279.98486,148.73615,266.20496,24.994018,14.993599,9.9926557,22.477377,11.238038,7.4929819,8.7405778,21.219231,3.7480976,11.244308,3.7488311,21.242552,34.989138,1.2497095,1.2498186,1.2496716,21.224761,18.731086,8.7467666,2.4995265,1.2498327,1.2498727,1.2499536,3.2614958e-07,6.5231356e-08,1.9569168e-07,6.5234486e-08,1.9572537e-07
88.588589,94.999918,48.749917,27.499886,86.24913,44.998927,279.98486,148.73615,266.20499,24.994022,14.993604,9.992661,22.477393,11.238046,7.4929843,8.7405777,21.219234,3.7480977,11.244308,3.7488311,21.242551,34.989134,1.2497095,1.2498186,1.2496715,21.224755,18.731083,8.7467663,2.4995265,1.2498327,1.2498727,1.2499536,3.2469497e-07,6.4940445e-08,1.9481893e-07,6.4943601e-08,1.948529e-07
88.688689,94.999918,48.749917,27.499886,86.24913,44.998927,279.98486,148.73616,266.20501,24.994026,14.993609,9.9926663,22.477409,11.238053,7.4929868,8.7405777,21.219236,3.7480978,11.244308,3.7488311,21.242549,34.98913,1.2497096,1.2498186,1.2496714,21.224748,18.731079,8.7467661,2.4995265,1.2498327,1.2498727,1.2499536,3.2297067e-07,6.4595594e-08,1.9378436e-07,6.4598773e-08,1.9381859e-07
88.788789,94.999918,48.749917,27.499886,86.24913,44.998927,279.98487,148.73616,266.20503,24.994031,14.993613,9.9926715,22.477425,11.23806,7.4929892,8.7405776,21.219238,3.748098,11.244308,3.7488311,21.242548,34.989125,1.2497096,1.2498185,1.2496713,21.224742,18.731075,8.7467658,2.4995264,1.2498327,1.2498727,1.2499536,3.2098174e-07,6.4197816e-08,1.9259102e-07,6.4201017e-08,1.9262547e-07
88.888889,94.999918,48.749917,27.499886,86.24913,44.998928,279.98487,148.73617,266.20505,24.994035,14.993618,9.9926768,22.477441,11.238067,7.4929916,8.7405775,21.21924,3.7480981,11.244308,3.7488311,21.242546,34.989121,1.2497096,1.2498185,1.2496712,21.224735,18.731072,8.7467655,2.4995264,1.2498327,1.2498727,1.2499536,3.1873353e-07,6.374818e-08,1.912421e-07,6.3751399e-08,1.9127675e-07
88.988989,94.999919,48.749917,27.499886,86.24913,44.998928,279.98488,148.73617,266.20507,24.994039,14.993622,9.992682,22.477457,11.238074,7.4929941,8.7405775,21.219242,3.7480982,11.244308,3.7488311,21.242545,34.989116,1.2497097,1.2498185,1.2496711,21.224729,18.731068,8.7467652,2.4995264,1.2498327,1.2498727,1.2499536,3.1623161e-07,6.3247801e-08,1.8974095e-07,6.3251037e-08,1.8977578e-07
89.089089,94.999919,48.749917,27.499886,86.24913,44.998928,279.98488,148.73618,266.2051,24.994043,14.993627,9.9926872,22.477474,11.238082,7.4929965,8.7405774,21.219244,3.7480983,11.244308,3.7488311,21.242543,34.989112,1.2497097,1.2498185,1.249671,21.224722,18.731064,8.7467649,2.4995264,1.2498326,1.2498727,1.2499535,3.1348182e-07,6.2697847e-08,1.8809108e-07,6.2701097e-08,1.8812605e-07
89.189189,94.999919,48.749917,27.499886,86.24913,44.998928,279.98488,148.73619,266.20512,24.994048,14.993632,9.9926924,22.47749,11.238089,7.4929989,8.7405773,21.219247,3.7480984,11.244309,3.7488311,21.242542,34.989107,1.2497097,1.2498184,1.249671,21.224715,18.73106,8.7467646,2.4995264,1.2498326,1.2498727,1.2499535,3.1049025e-07,6.2099537e-08,1.8629615e-07,6.2102798e-08,1.8633124e-07
89.289289,94.999919,48.749917,27.499886,86.24913,44.998928,279.98489,148.73619,266.20514,24.994052,14.993636,9.9926976,22.477506,11.238096,7.4930013,8.7405772,21.219249,3.7480986,11.244309,3.7488311,21.24254,34.989102,1.2497098,1.2498184,1.2496709,21.224709,18.731056,8.7467643,2.4995263,1.2498326,1.2498726,1.2499535,3.0726326e-07,6.145414e-08,1.8435995e-07,6.1457409e-08,1.8439514e-07
89.389389,94.999919,48.749917,27.499886,86.24913,44.998928,279.98489,148.7362,266.20516,24.994056,14.993641,9.9927028,22.477522,11.238103,7.4930037,8.7405771,21.219251,3.7480987,11.244309,3.7488311,21.242538,34.989098,1.2497098,1.2498184,1.2496708,21.224702,18.731053,8.746764,2.4995263,1.2498326,1.2498726,1.2499535,3.0380744e-07,6.0762975e-08,1.8228646e-07,6.0766251e-08,1.8232171e-07
89.489489,94.999919,48.749917,27.499886,86.249129,44.998929,279.98489,148.7362,266.20518,24.99406,14.993645,9.9927079,22.477538,11.23811,7.493006,8.740577,21.219253,3.7480988,11.244309,3.7488311,21.242537,34.989093,1.2497098,1.2498184,1.2496707,21.224695,18.731049,8.7467636,2.4995263,1.2498326,1.2498726,1.2499535,3.0012964e-07,6.0027415e-08,1.8007978e-07,6.0030694e-08,1.8011506e-07
89.58959,94.999919,48.749917,27.499886,86.249129,44.998929,279.98489,148.73621,266.2052,24.994064,14.99365,9.9927131,22.477553,11.238117,7.4930084,8.7405769,21.219255,3.7480989,11.244309,3.7488311,21.242535,34.989089,1.2497099,1.2498183,1.2496706,21.224689,18.731045,8.7467633,2.4995263,1.2498326,1.2498726,1.2499535,2.9623698e-07,5.924888e-08,1.7774418e-07,5.925216e-08,1.7777947e-07
89.68969,94.999919,48.749917,27.499886,86.249129,44.998929,279.9849,148.73621,266.20522,24.994069,14.993654,9.9927182,22.477569,11.238124,7.4930108,8.7405768,21.219257,3.748099,11.244309,3.7488311,21.242534,34.989084,1.2497099,1.2498183,1.2496705,21.224682,18.731041,8.746763,2.4995262,1.2498326,1.2498726,1.2499535,2.9213682e-07,5.8428844e-08,1.7528408e-07,5.8432122e-08,1.7531935e-07
89.78979,94.999919,48.749917,27.499886,86.249129,44.998929,279.9849,148.73621,266.20524,24.994073,14.993659,9.9927234,22.477585,11.238131,7.4930131,8.7405767,21.219259,3.7480991,11.244309,3.7488311,21.242532,34.989079,1.2497099,1.2498183,1.2496704,21.224675,18.731037,8.7467627,2.4995262,1.2498326,1.2498726,1.2499535,2.8783677e-07,5.7568829e-08,1.7270404e-07,5.7572103e-08,1.7273926e-07
89.88989,94.999919,48.749917,27.499886,86.249128,44.998929,279.9849,148.73622,266.20526,24.994077,14.993663,9.9927285,22.477601,11.238138,7.4930155,8.7405766,21.219261,3.7480992,11.244309,3.748831,21.24253,34.989075,1.24971,1.2498183,1.2496703,21.224669,18.731034,8.7467623,2.4995262,1.2498326,1.2498726,1.2499535,2.833447e-07,5.6670411e-08,1.7000879e-07,5.6673677e-08,1.7004394e-07
89.98999,94.999919,48.749917,27.499885,86.249128,44.998929,279.9849,148.73622,266.20528,24.994081,14.993668,9.9927336,22.477617,11.238145,7.4930178,8.7405765,21.219264,3.7480993,11.244309,3.748831,21.242529,34.98907,1.24971,1.2498182,1.2496702,21.224662,18.73103,8.746762,2.4995262,1.2498326,1.2498726,1.2499534,2.7866875e-07,5.5735213e-08,1.6720321e-07,5.573847e-08,1.6723825e-07
90.09009,94.999919,48.749917,27.499885,86.249128,44.998929,279.98491,148.73623,266.2053,24.994085,14.993672,9.9927387,22.477633,11.238152,7.4930201,8.7405764,21.219266,3.7480994,11.244309,3.748831,21.242527,34.989065,1.24971,1.2498182,1.2496701,21.224655,18.731026,8.7467616,2.4995261,1.2498325,1.2498726,1.2499534,2.7381729e-07,5.4764912e-08,1.6429232e-07,5.4768157e-08,1.6432723e-07
90.19019,94.99992,48.749917,27.499885,86.249127,44.998929,279.98491,148.73623,266.20532,24.994089,14.993677,9.9927438,22.477648,11.238159,7.4930225,8.7405762,21.219268,3.7480995,11.244309,3.748831,21.242526,34.98906,1.2497101,1.2498182,1.24967,21.224648,18.731022,8.7467613,2.4995261,1.2498325,1.2498726,1.2499534,2.6879895e-07,5.3761234e-08,1.6128131e-07,5.3764464e-08,1.6131605e-07
90.29029,94.99992,48.749917,27.499885,86.249127,44.998929,279.98491,148.73624,266.20534,24.994093,14.993681,9.9927489,22.477664,11.238166,7.4930248,8.7405761,21.21927,3.7480996,11.244308,3.748831,21.242524,34.989056,1.2497101,1.2498181,1.2496699,21.224642,18.731018,8.7467609,2.4995261,1.2498325,1.2498725,1.2499534,2.6362262e-07,5.2725957e-08,1.5817549e-07,5.272917e-08,1.5821005e-07
90.39039,94.99992,48.749917,27.499885,86.249126,44.998929,279.98491,148.73624,266.20536,24.994097,14.993686,9.9927539,22.47768,11.238173,7.4930271,8.740576,21.219272,3.7480997,11.244308,3.7488309,21.242522,34.989051,1.2497101,1.2498181,1.2496698,21.224635,18.731014,8.7467606,2.499526,1.2498325,1.2498725,1.2499534,2.5829745e-07,5.1660909e-08,1.5498037e-07,5.1664102e-08,1.5501471e-07
90.49049,94.99992,48.749917,27.499885,86.249126,44.998929,279.98491,148.73624,266.20538,24.994101,14.99369,9.992759,22.477695,11.23818,7.4930294,8.7405758,21.219274,3.7480998,11.244308,3.7488309,21.242521,34.989046,1.2497101,1.2498181,1.2496697,21.224628,18.731011,8.7467602,2.499526,1.2498325,1.2498725,1.2499534,2.5283282e-07,5.056797e-08,1.5170158e-07,5.057114e-08,1.5173567e-07
90.590591,94.99992,48.749917,27.499885,86.249125,44.998929,279.98491,148.73625,266.2054,24.994105,14.993694,9.9927641,22.477711,11.238187,7.4930317,8.7405757,21.219276,3.7480999,11.244308,3.7488309,21.242519,34.989041,1.2497102,1.2498181,1.2496696,21.224621,18.731007,8.7467599,2.499526,1.2498325,1.2498725,1.2499534,2.4723839e-07,4.9449069e-08,1.483449e-07,4.9452213e-08,1.4837872e-07
90.690691,94.99992,48.749918,27.499885,86.249125,44.998929,279.98492,148.73625,266.20542,24.994109,14.993699,9.9927691,22.477727,11.238194,7.493034,8.7405756,21.219278,3.7481,11.244308,3.7488309,21.242517,34.989037,1.2497102,1.249818,1.2496695,21.224615,18.731003,8.7467595,2.4995259,1.2498325,1.2498725,1.2499533,2.4152406e-07,4.8306187e-08,1.4491628e-07,4.8309303e-08,1.4494979e-07
90.790791,94.99992,48.749918,27.499885,86.249124,44.998929,279.98492,148.73626,266.20543,24.994113,14.993703,9.9927741,22.477742,11.238201,7.4930363,8.7405754,21.21928,3.7481001,11.244308,3.7488308,21.242516,34.989032,1.2497102,1.249818,1.2496694,21.224608,18.730999,8.7467592,2.4995259,1.2498324,1.2498725,1.2499533,2.3569999e-07,4.7141355e-08,1.4142181e-07,4.7144441e-08,1.41455e-07
90.890891,94.99992,48.749918,27.499885,86.249124,44.998929,279.98492,148.73626,266.20545,24.994117,14.993708,9.9927792,22.477758,11.238208,7.4930385,8.7405753,21.219282,3.7481002,11.244308,3.7488308,21.242514,34.989027,1.2497103,1.249818,1.2496693,21.224601,18.730995,8.7467588,2.4995259,1.2498324,1.2498725,1.2499533,2.297766e-07,4.5956656e-08,1.3786775e-07,4.5959708e-08,1.3790057e-07
90.990991,94.99992,48.749918,27.499885,86.249123,44.998929,279.98492,148.73626,266.20547,24.994121,14.993712,9.9927842,22.477773,11.238214,7.4930408,8.7405751,21.219284,3.7481002,11.244308,3.7488308,21.242512,34.989022,1.2497103,1.2498179,1.2496691,21.224594,18.730991,8.7467584,2.4995258,1.2498324,1.2498725,1.2499533,2.2376453e-07,4.4754224e-08,1.3426048e-07,4.475724e-08,1.3429292e-07
91.091091,94.999921,48.749918,27.499885,86.249123,44.998929,279.98492,148.73627,266.20549,24.994125,14.993716,9.9927892,22.477789,11.238221,7.4930431,8.740575,21.219286,3.7481003,11.244308,3.7488307,21.242511,34.989017,1.2497103,1.2498179,1.249669,21.224587,18.730987,8.7467581,2.4995258,1.2498324,1.2498724,1.2499533,2.1767473e-07,4.3536241e-08,1.3060657e-07,4.3539219e-08,1.306386e-07
91.191191,94.999921,48.749918,27.499885,86.249122,44.998929,279.98492,148.73627,266.20551,24.994129,14.993721,9.9927942,22.477804,11.238228,7.4930453,8.7405748,21.219288,3.7481004,11.244308,3.7488307,21.242509,34.989013,1.2497103,1.2498179,1.2496689,21.224581,18.730983,8.7467577,2.4995258,1.2498324,1.2498724,1.2499533,2.1151836e-07,4.2304944e-08,1.2691271e-07,4.230788e-08,1.269443e-07
91.291291,94.999921,48.749918,27.499885,86.249121,44.998929,279.98492,148.73628,266.20553,24.994133,14.993725,9.9927992,22.47782,11.238235,7.4930476,8.7405747,21.21929,3.7481005,11.244308,3.7488307,21.242507,34.989008,1.2497104,1.2498178,1.2496688,21.224574,18.730979,8.7467573,2.4995257,1.2498324,1.2498724,1.2499532,2.0530684e-07,4.1062617e-08,1.2318577e-07,4.106551e-08,1.2321689e-07
91.391391,94.999921,48.749918,27.499885,86.249121,44.998928,279.98492,148.73628,266.20555,24.994136,14.993729,9.9928042,22.477835,11.238242,7.4930498,8.7405745,21.219292,3.7481006,11.244308,3.7488306,21.242505,34.989003,1.2497104,1.2498178,1.2496687,21.224567,18.730975,8.7467569,2.4995257,1.2498324,1.2498724,1.2499532,1.9905187e-07,3.9811597e-08,1.1943275e-07,3.9814444e-08,1.1946338e-07
91.491491,94.999921,48.749918,27.499885,86.24912,44.998928,279.98492,148.73628,266.20556,24.99414,14.993734,9.9928092,22.477851,11.238249,7.4930521,8.7405743,21.219294,3.7481007,11.244308,3.7488306,21.242504,34.988998,1.2497104,1.2498178,1.2496686,21.22456,18.730972,8.7467566,2.4995256,1.2498323,1.2498724,1.2499532,1.9276538e-07,3.8554271e-08,1.1566082e-07,3.855707e-08,1.1569092e-07
91.591592,94.999921,48.749918,27.499885,86.24912,44.998928,279.98492,148.73629,266.20558,24.994144,14.993738,9.9928142,22.477866,11.238255,7.4930543,8.7405742,21.219296,3.7481008,11.244308,3.7488306,21.242502,34.988993,1.2497105,1.2498177,1.2496685,21.224553,18.730968,8.7467562,2.4995256,1.2498323,1.2498724,1.2499532,1.8645955e-07,3.7293078e-08,1.1187729e-07,3.7295826e-08,1.1190684e-07
91.691692,94.999921,48.749918,27.499885,86.249119,44.998928,279.98492,148.73629,266.2056,24.994148,14.993742,9.9928191,22.477881,11.238262,7.4930566,8.740574,21.219298,3.7481008,11.244308,3.7488305,21.2425,34.988988,1.2497105,1.2498177,1.2496684,21.224547,18.730964,8.7467558,2.4995256,1.2498323,1.2498724,1.2499532,1.8014684e-07,3.6030506e-08,1.0808962e-07,3.60332e-08,1.081186e-07
91.791792,94.999921,48.749918,27.499885,86.249118,44.998928,279.98492,148.73629,266.20562,24.994152,14.993747,9.9928241,22.477897,11.238269,7.4930588,8.7405739,21.2193,3.7481009,11.244308,3.7488305,21.242499,34.988984,1.2497105,1.2498177,1.2496683,21.22454,18.73096,8.7467554,2.4995255,1.2498323,1.2498724,1.2499532,1.7383993e-07,3.4769096e-08,1.0430544e-07,3.4771734e-08,1.0433382e-07
91.891892,94.999922,48.749918,27.499885,86.249118,44.998928,279.98493,148.7363,266.20564,24.994156,14.993751,9.9928291,22.477912,11.238276,7.493061,8.7405737,21.219302,3.748101,11.244308,3.7488305,21.242497,34.988979,1.2497106,1.2498176,1.2496682,21.224533,18.730956,8.7467551,2.4995255,1.2498323,1.2498723,1.2499531,1.675518e-07,3.3511437e-08,1.0053251e-07,3.3514017e-08,1.0056027e-07
91.991992,94.999922,48.749918,27.499885,86.249117,44.998928,279.98493,148.7363,266.20565,24.99416,14.993755,9.992834,22.477927,11.238283,7.4930633,8.7405735,21.219304,3.7481011,11.244308,3.7488304,21.242495,34.988974,1.2497106,1.2498176,1.2496681,21.224526,18.730952,8.7467547,2.4995255,1.2498323,1.2498723,1.2499531,1.6129563e-07,3.2260171e-08,9.6778768e-08,3.226269e-08,9.6805875e-08
92.092092,94.999922,48.749918,27.499885,86.249116,44.998928,279.98493,148.7363,266.20567,24.994163,14.99376,9.9928389,22.477943,11.238289,7.4930655,8.7405734,21.219306,3.7481012,11.244307,3.7488304,21.242493,34.988969,1.2497106,1.2498176,1.249668,21.224519,18.730948,8.7467543,2.4995254,1.2498322,1.2498723,1.2499531,1.5395564e-07,3.0792143e-08,9.2374732e-08,3.0794606e-08,9.2401235e-08
92.192192,94.999922,48.749918,27.499885,86.249116,44.998928,279.98493,148.73631,266.20569,24.994167,14.993764,9.9928438,22.477958,11.238296,7.4930676,8.7405732,21.219308,3.7481012,11.244307,3.7488303,21.242492,34.988964,1.2497106,1.2498175,1.2496679,21.224512,18.730944,8.7467539,2.4995254,1.2498322,1.2498723,1.2499531,1.4588072e-07,2.9177132e-08,8.7529745e-08,2.9179542e-08,8.7555671e-08
92.292292,94.999922,48.749919,27.499885,86.249115,44.998927,279.98493,148.73631,266.2057,24.994171,14.993768,9.9928487,22.477973,11.238303,7.4930698,8.740573,21.21931,3.7481013,11.244307,3.7488303,21.24249,34.988959,1.2497107,1.2498175,1.2496678,21.224506,18.73094,8.7467535,2.4995253,1.2498322,1.2498723,1.2499531,1.3773855e-07,2.754867e-08,8.2644404e-08,2.7551024e-08,8.2669736e-08
92.392392,94.999922,48.749919,27.499884,86.249114,44.998927,279.98492,148.73631,266.20572,24.994175,14.993772,9.9928536,22.477988,11.238309,7.493072,8.7405728,21.219312,3.7481014,11.244307,3.7488302,21.242488,34.988954,1.2497107,1.2498174,1.2496677,21.224499,18.730936,8.7467531,2.4995253,1.2498322,1.2498723,1.249953,1.2953876e-07,2.5908682e-08,7.7724488e-08,2.591098e-08,7.7749213e-08
92.492492,94.999922,48.749919,27.499884,86.249113,44.998927,279.98492,148.73632,266.20574,24.994178,14.993776,9.9928585,22.478003,11.238316,7.4930742,8.7405726,21.219314,3.7481015,11.244307,3.7488302,21.242486,34.988949,1.2497107,1.2498174,1.2496675,21.224492,18.730932,8.7467526,2.4995252,1.2498322,1.2498723,1.249953,1.2129116e-07,2.4259134e-08,7.2775893e-08,2.4261375e-08,7.2799996e-08
92.592593,94.999923,48.749919,27.499884,86.249112,44.998927,279.98492,148.73632,266.20575,24.994182,14.993781,9.9928634,22.478018,11.238323,7.4930763,8.7405723,21.219316,3.7481015,11.244307,3.7488301,21.242484,34.988944,1.2497107,1.2498174,1.2496674,21.224485,18.730928,8.7467522,2.4995252,1.2498321,1.2498722,1.249953,1.1300579e-07,2.260203e-08,6.780463e-08,2.2604212e-08,6.7828099e-08
92.692693,94.999923,48.749919,27.499884,86.249111,44.998926,279.98492,148.73632,266.20577,24.994186,14.993785,9.9928682,22.478033,11.238329,7.4930785,8.7405721,21.219318,3.7481016,11.244307,3.7488301,21.242483,34.988939,1.2497108,1.2498173,1.2496673,21.224478,18.730924,8.7467518,2.4995252,1.2498321,1.2498722,1.249953,1.0469285e-07,2.0939413e-08,6.2816826e-08,2.0941534e-08,6.283965e-08
92.792793,94.999923,48.749919,27.499884,86.24911,44.998926,279.98492,148.73632,266.20579,24.994189,14.993789,9.9928731,22.478048,11.238336,7.4930806,8.7405719,21.21932,3.7481016,11.244307,3.74883,21.242481,34.988934,1.2497108,1.2498173,1.2496672,21.224471,18.73092,8.7467514,2.4995251,1.2498321,1.2498722,1.249953,9.6362756e-08,1.9273362e-08,5.7818725e-08,1.9275423e-08,5.7840892e-08
92.892893,94.999923,48.749919,27.499884,86.249109,44.998926,279.98492,148.73633,266.2058,24.994193,14.993793,9.992878,22.478063,11.238343,7.4930828,8.7405717,21.219322,3.7481017,11.244307,3.74883,21.242479,34.988929,1.2497108,1.2498173,1.2496671,21.224464,18.730916,8.746751,2.4995251,1.2498321,1.2498722,1.2499529,8.8026095e-08,1.7605999e-08,5.2816687e-08,1.7607998e-08,5.2838187e-08
92.992993,94.999923,48.749919,27.499884,86.249108,44.998926,279.98492,148.73633,266.20582,24.994197,14.993797,9.9928828,22.478078,11.238349,7.4930849,8.7405715,21.219324,3.7481018,11.244306,3.7488299,21.242477,34.988924,1.2497108,1.2498172,1.249667,21.224457,18.730912,8.7467506,2.499525,1.2498321,1.2498722,1.2499529,7.9693663e-08,1.5939482e-08,4.7817185e-08,1.5941418e-08,4.7838009e-08
93.093093,94.999923,48.749919,27.499884,86.249108,44.998926,279.98492,148.73633,266.20584,24.9942,14.993802,9.9928876,22.478093,11.238356,7.4930871,8.7405713,21.219326,3.7481018,11.244306,3.7488299,21.242475,34.988919,1.2497109,1.2498172,1.2496669,21.22445,18.730908,8.7467502,2.499525,1.249832,1.2498722,1.2499529,7.1376445e-08,1.4276007e-08,4.2826812e-08,1.4277879e-08,4.2846951e-08
93.193193,94.999924,48.749919,27.499884,86.249107,44.998925,279.98492,148.73634,266.20585,24.994204,14.993806,9.9928925,22.478108,11.238363,7.4930892,8.7405711,21.219328,3.7481019,11.244306,3.7488298,21.242473,34.988914,1.2497109,1.2498171,1.2496668,21.224443,18.730904,8.7467497,2.4995249,1.249832,1.2498721,1.2499529,6.308562e-08,1.261781e-08,3.7852274e-08,1.2619618e-08,3.7871721e-08
93.293293,94.999924,48.749919,27.499884,86.249106,44.998925,279.98492,148.73634,266.20587,24.994208,14.99381,9.9928973,22.478123,11.238369,7.4930914,8.7405709,21.21933,3.748102,11.244306,3.7488298,21.242472,34.988909,1.2497109,1.2498171,1.2496667,21.224436,18.7309,8.7467493,2.4995249,1.249832,1.2498721,1.2499529,5.4832558e-08,1.0967166e-08,3.2900394e-08,1.0968909e-08,3.2919142e-08
93.393393,94.999924,48.749919,27.499884,86.249105,44.998925,279.98492,148.73634,266.20588,24.994211,14.993814,9.9929021,22.478138,11.238376,7.4930935,8.7405707,21.219332,3.748102,11.244306,3.7488297,21.24247,34.988904,1.2497109,1.2498171,1.2496665,21.22443,18.730896,8.7467489,2.4995248,1.249832,1.2498721,1.2499528,4.6628824e-08,9.3263866e-09,2.797811e-08,9.3280645e-09,2.7996154e-08
93.493493,94.999924,48.749919,27.499884,86.249104,44.998925,279.98492,148.73634,266.2059,24.994215,14.993818,9.992907,22.478153,11.238382,7.4930956,8.7405705,21.219334,3.7481021,11.244306,3.7488297,21.242468,34.988899,1.249711,1.249817,1.2496664,21.224423,18.730892,8.7467485,2.4995248,1.249832,1.2498721,1.2499528,3.8486175e-08,7.6978246e-09,2.3092477e-08,7.6994367e-09,2.3109812e-08
93.593594,94.999924,48.749919,27.499884,86.249103,44.998924,279.98492,148.73635,266.20592,24.994219,14.993822,9.9929118,22.478168,11.238389,7.4930978,8.7405703,21.219336,3.7481022,11.244306,3.7488296,21.242466,34.988894,1.249711,1.249817,1.2496663,21.224416,18.730888,8.7467481,2.4995247,1.2498319,1.2498721,1.2499528,3.0416562e-08,6.0838698e-09,1.8250665e-08,6.0854157e-09,1.8267288e-08
93.693694,94.999924,48.74992,27.499884,86.249102,44.998924,279.98492,148.73635,266.20593,24.994222,14.993827,9.9929166,22.478183,11.238396,7.4930999,8.7405701,21.219337,3.7481022,11.244306,3.7488296,21.242464,34.988889,1.249711,1.2498169,1.2496662,21.224409,18.730884,8.7467477,2.4995247,1.2498319,1.2498721,1.2499528,2.2432129e-08,4.4869508e-09,1.3459961e-08,4.4884303e-09,1.3475869e-08
93.793794,94.999924,48.74992,27.499883,86.249102,44.998924,279.98492,148.73635,266.20595,24.994226,14.993831,9.9929214,22.478198,11.238402,7.493102,8.7405699,21.219339,3.7481023,11.244306,3.7488295,21.242463,34.988884,1.2497111,1.2498169,1.2496661,21.224402,18.73088,8.7467473,2.4995247,1.2498319,1.249872,1.2499528,1.4545211e-08,2.9095351e-09,8.7277676e-09,2.9109481e-09,8.742959e-09
93.893894,94.999925,48.74992,27.499883,86.249101,44.998924,279.98492,148.73636,266.20597,24.99423,14.993835,9.9929262,22.478213,11.238409,7.4931041,8.7405697,21.219341,3.7481024,11.244305,3.7488295,21.242461,34.988879,1.2497111,1.2498169,1.249666,21.224395,18.730876,8.7467469,2.4995246,1.2498319,1.249872,1.2499527,6.7683407e-09,1.3541288e-09,4.0616017e-09,1.3554753e-09,4.0760766e-09
93.993994,94.999925,48.74992,27.499883,86.2491,44.998924,279.98492,148.73636,266.20598,24.994233,14.993839,9.992931,22.478228,11.238415,7.4931062,8.7405695,21.219343,3.7481025,11.244305,3.7488294,21.242459,34.988874,1.2497111,1.2498168,1.2496659,21.224388,18.730872,8.7467465,2.4995246,1.2498319,1.249872,1.2499527,-8.8576036e-10,-1.7672345e-10,-5.3090225e-10,-1.7544342e-10,-5.1714308e-10
94.094094,94.999925,48.74992,27.499883,86.249099,44.998923,279.98491,148.73636,266.206,24.994237,14.993843,9.9929358,22.478242,11.238422,7.4931084,8.7405693,21.219345,3.7481025,11.244305,3.7488294,21.242457,34.988869,1.2497111,1.2498168,1.2496658,21.224381,18.730868,8.7467461,2.4995245,1.2498319,1.249872,1.2499527,-8.4041755e-09,-1.6804383e-09,-5.0419943e-09,-1.6792245e-09,-5.0289489e-09
94.194194,94.999925,48.74992,27.499883,86.249098,44.998923,279.98491,148.73636,266.20602,24.994241,14.993847,9.9929407,22.478257,11.238428,7.4931105,8.7405691,21.219347,3.7481026,11.244305,3.7488293,21.242455,34.988865,1.2497112,1.2498168,1.2496657,21.224374,18.730864,8.7467457,2.4995245,1.2498318,1.249872,1.2499527,-1.5773795e-08,-3.1543938e-09,-9.4638087e-09,-3.153246e-09,-9.4514739e-09
94.294294,94.999925,48.74992,27.499883,86.249098,44.998923,279.98491,148.73637,266.20603,24.994244,14.993851,9.9929455,22.478272,11.238435,7.4931126,8.7405689,21.219349,3.7481027,11.244305,3.7488293,21.242454,34.98886,1.2497112,1.2498167,1.2496656,21.224368,18.73086,8.7467453,2.4995244,1.2498318,1.249872,1.2499527,-2.2981317e-08,-4.5959294e-09,-1.3788364e-08,-4.5948472e-09,-1.3776735e-08
94.394394,94.999925,48.74992,27.499883,86.249097,44.998923,279.98491,148.73637,266.20605,24.994248,14.993856,9.9929503,22.478287,11.238442,7.4931147,8.7405687,21.219351,3.7481028,11.244305,3.7488293,21.242452,34.988855,1.2497112,1.2498167,1.2496654,21.224361,18.730856,8.7467449,2.4995244,1.2498318,1.2498719,1.2499527,-3.0013244e-08,-6.0023458e-09,-1.8007562e-08,-6.0013287e-09,-1.7996634e-08
94.494494,94.999925,48.74992,27.499883,86.249096,44.998923,279.98491,148.73637,266.20607,24.994252,14.99386,9.9929551,22.478302,11.238448,7.4931168,8.7405685,21.219354,3.7481028,11.244305,3.7488292,21.24245,34.98885,1.2497112,1.2498167,1.2496653,21.224354,18.730852,8.7467445,2.4995244,1.2498318,1.2498719,1.2499526,-3.6855889e-08,-7.3709053e-09,-2.211319e-08,-7.3699527e-09,-2.2102956e-08
94.594595,94.999926,48.74992,27.499883,86.249096,44.998923,279.98492,148.73638,266.20608,24.994255,14.993864,9.9929599,22.478317,11.238455,7.4931189,8.7405683,21.219356,3.7481029,11.244305,3.7488292,21.242448,34.988845,1.2497113,1.2498166,1.2496652,21.224347,18.730848,8.7467441,2.4995243,1.2498318,1.2498719,1.2499526,-4.3495369e-08,-8.6988313e-09,-2.6096919e-08,-8.6979424e-09,-2.608737e-08
94.694695,94.999926,48.74992,27.499883,86.249095,44.998923,279.98492,148.73638,266.2061,24.994259,14.993868,9.9929647,22.478331,11.238461,7.4931211,8.7405681,21.219358,3.748103,11.244305,3.7488291,21.242447,34.98884,1.2497113,1.2498166,1.2496651,21.22434,18.730845,8.7467437,2.4995243,1.2498318,1.2498719,1.2499526,-4.9917609e-08,-9.9833087e-09,-2.9950302e-08,-9.9824827e-09,-2.994143e-08
94.794795,94.999926,48.74992,27.499883,86.249094,44.998923,279.98492,148.73638,266.20612,24.994263,14.993872,9.9929695,22.478346,11.238468,7.4931232,8.740568,21.21936,3.7481031,11.244305,3.7488291,21.242445,34.988835,1.2497113,1.2498166,1.249665,21.224333,18.730841,8.7467434,2.4995243,1.2498317,1.2498719,1.2499526,-5.6108341e-08,-1.1221484e-08,-3.366478e-08,-1.122072e-08,-3.3656573e-08
94.894895,94.999926,48.74992,27.499883,86.249094,44.998922,279.98492,148.73639,266.20613,24.994266,14.993876,9.9929743,22.478361,11.238474,7.4931253,8.7405678,21.219362,3.7481032,11.244305,3.7488291,21.242443,34.988831,1.2497114,1.2498165,1.2496649,21.224327,18.730837,8.746743,2.4995242,1.2498317,1.2498719,1.2499526,-6.2053102e-08,-1.2410464e-08,-3.7231675e-08,-1.2409761e-08,-3.7224122e-08
94.994995,94.999926,48.74992,27.499883,86.249093,44.998922,279.98492,148.73639,266.20615,24.99427,14.993881,9.9929791,22.478376,11.238481,7.4931274,8.7405676,21.219364,3.7481032,11.244305,3.748829,21.242442,34.988826,1.2497114,1.2498165,1.2496648,21.22432,18.730833,8.7467426,2.4995242,1.2498317,1.2498719,1.2499526,-6.7737239e-08,-1.3547319e-08,-4.0642194e-08,-1.3546675e-08,-4.0635281e-08
95.095095,94.999926,48.74992,27.499883,86.249093,44.998922,279.98492,148.73639,266.20617,24.994274,14.993885,9.9929839,22.47839,11.238487,7.4931295,8.7405675,21.219366,3.7481033,11.244305,3.748829,21.24244,34.988821,1.2497114,1.2498165,1.2496647,21.224313,18.730829,8.7467423,2.4995242,1.2498317,1.2498719,1.2499525,-7.3145904e-08,-1.4629079e-08,-4.3887429e-08,-1.4628493e-08,-4.388114e-08
95.195195,94.999926,48.74992,27.499883,86.249092,44.998922,279.98492,148.7364,266.20619,24.994278,14.993889,9.9929887,22.478405,11.238494,7.4931317,8.7405673,21.219368,3.7481034,11.244305,3.748829,21.242438,34.988816,1.2497114,1.2498164,1.2496646,21.224306,18.730825,8.7467419,2.4995241,1.2498317,1.2498718,1.2499525,-7.8264055e-08,-1.5652735e-08,-4.6958354e-08,-1.5652206e-08,-4.6952674e-08
95.295295,94.999926,48.74992,27.499883,86.249092,44.998922,279.98492,148.7364,266.2062,24.994281,14.993893,9.9929935,22.47842,11.2385,7.4931338,8.7405672,21.21937,3.7481035,11.244305,3.748829,21.242437,34.988812,1.2497115,1.2498164,1.2496645,21.224299,18.730821,8.7467416,2.4995241,1.2498317,1.2498718,1.2499525,-8.3076458e-08,-1.6615241e-08,-4.984583e-08,-1.6614766e-08,-4.9840741e-08
95.395395,94.999926,48.749921,27.499883,86.249092,44.998922,279.98492,148.73641,266.20622,24.994285,14.993897,9.9929983,22.478435,11.238507,7.4931359,8.740567,21.219372,3.7481036,11.244304,3.7488289,21.242435,34.988807,1.2497115,1.2498164,1.2496644,21.224293,18.730817,8.7467413,2.4995241,1.2498317,1.2498718,1.2499525,-8.7567687e-08,-1.751351e-08,-5.2540599e-08,-1.7513089e-08,-5.2536082e-08
95.495495,94.999927,48.749921,27.499883,86.249091,44.998922,279.98493,148.73641,266.20624,24.994289,14.993901,9.9930031,22.478449,11.238513,7.493138,8.7405669,21.219375,3.7481037,11.244304,3.7488289,21.242433,34.988802,1.2497115,1.2498163,1.2496643,21.224286,18.730814,8.7467409,2.499524,1.2498316,1.2498718,1.2499525,-9.1722121e-08,-1.834442e-08,-5.503329e-08,-1.834405e-08,-5.5029325e-08
95.595596,94.999927,48.749921,27.499883,86.249091,44.998922,279.98493,148.73641,266.20626,24.994293,14.993906,9.9930079,22.478464,11.23852,7.4931402,8.7405667,21.219377,3.7481038,11.244304,3.7488289,21.242432,34.988798,1.2497116,1.2498163,1.2496642,21.224279,18.73081,8.7467406,2.499524,1.2498316,1.2498718,1.2499525,-9.5523945e-08,-1.9104807e-08,-5.7314415e-08,-1.9104486e-08,-5.7310978e-08
95.695696,94.999927,48.749921,27.499883,86.249091,44.998923,279.98493,148.73642,266.20628,24.994296,14.99391,9.9930127,22.478479,11.238526,7.4931423,8.7405666,21.219379,3.7481039,11.244305,3.7488289,21.24243,34.988793,1.2497116,1.2498163,1.2496641,21.224273,18.730806,8.7467403,2.499524,1.2498316,1.2498718,1.2499525,-9.8957155e-08,-1.979147e-08,-5.9374368e-08,-1.9791196e-08,-5.9371436e-08
95.795796,94.999927,48.749921,27.499883,86.249091,44.998923,279.98493,148.73642,266.2063,24.9943,14.993914,9.9930175,22.478494,11.238533,7.4931444,8.7405665,21.219381,3.748104,11.244305,3.7488289,21.242429,34.988789,1.2497116,1.2498163,1.249664,21.224266,18.730802,8.74674,2.499524,1.2498316,1.2498718,1.2499525,-1.0200555e-07,-2.0401168e-08,-6.120343e-08,-2.0400938e-08,-6.1200979e-08
95.895896,94.999927,48.749921,27.499883,86.24909,44.998923,279.98493,148.73643,266.20631,24.994304,14.993918,9.9930224,22.478508,11.238539,7.4931466,8.7405664,21.219384,3.7481042,11.244305,3.7488289,21.242427,34.988784,1.2497117,1.2498162,1.2496639,21.224259,18.730799,8.7467397,2.499524,1.2498316,1.2498718,1.2499524,-1.0465274e-07,-2.0930623e-08,-6.2791766e-08,-2.0930436e-08,-6.2789767e-08
95.995996,94.999927,48.749921,27.499883,86.24909,44.998923,279.98494,148.73643,266.20633,24.994308,14.993922,9.9930272,22.478523,11.238546,7.4931487,8.7405663,21.219386,3.7481043,11.244305,3.7488289,21.242426,34.98878,1.2497117,1.2498162,1.2496638,21.224253,18.730795,8.7467394,2.4995239,1.2498316,1.2498718,1.2499524,-1.0688213e-07,-2.1376518e-08,-6.4129423e-08,-2.137637e-08,-6.4127849e-08
96.096096,94.999927,48.749921,27.499883,86.24909,44.998923,279.98494,148.73644,266.20635,24.994312,14.993927,9.993032,22.478538,11.238552,7.4931509,8.7405662,21.219388,3.7481044,11.244305,3.7488289,21.242424,34.988775,1.2497117,1.2498162,1.2496637,21.224246,18.730791,8.7467391,2.4995239,1.2498316,1.2498718,1.2499524,-1.0867695e-07,-2.1735497e-08,-6.5206334e-08,-2.1735386e-08,-6.5205154e-08
96.196196,94.999927,48.749921,27.499883,86.24909,44.998923,279.98495,148.73644,266.20637,24.994316,14.993931,9.9930369,22.478553,11.238559,7.493153,8.7405661,21.219391,3.7481045,11.244305,3.7488289,21.242423,34.988771,1.2497118,1.2498162,1.2496636,21.224239,18.730787,8.7467388,2.4995239,1.2498316,1.2498718,1.2499524,-1.1002022e-07,-2.2004165e-08,-6.6012316e-08,-2.2004088e-08,-6.6011498e-08
96.296296,94.999927,48.749921,27.499883,86.249091,44.998924,279.98495,148.73645,266.20639,24.99432,14.993935,9.9930417,22.478567,11.238566,7.4931552,8.740566,21.219393,3.7481047,11.244305,3.7488289,21.242421,34.988767,1.2497118,1.2498162,1.2496635,21.224233,18.730784,8.7467386,2.4995239,1.2498316,1.2498718,1.2499524,-1.1089478e-07,-2.2179089e-08,-6.6537068e-08,-2.2179042e-08,-6.6536578e-08
96.396396,94.999927,48.749921,27.499883,86.249091,44.998924,279.98495,148.73645,266.20641,24.994323,14.993939,9.9930466,22.478582,11.238572,7.4931573,8.7405659,21.219395,3.7481048,11.244305,3.7488289,21.24242,34.988762,1.2497118,1.2498161,1.2496634,21.224226,18.73078,8.7467383,2.4995239,1.2498316,1.2498718,1.2499524,-1.1128327e-07,-2.2256797e-08,-6.6770175e-08,-2.2256778e-08,-6.6769979e-08
96.496496,94.999927,48.749921,27.499883,86.249091,44.998924,279.98496,148.73646,266.20643,24.994327,14.993944,9.9930514,22.478597,11.238579,7.4931595,8.7405659,21.219398,3.7481049,11.244305,3.7488289,21.242418,34.988758,1.2497119,1.2498161,1.2496633,21.22422,18.730777,8.7467381,2.4995239,1.2498316,1.2498718,1.2499524,-1.1116814e-07,-2.2233779e-08,-6.6701107e-08,-2.2233784e-08,-6.6701168e-08
96.596597,94.999927,48.749921,27.499883,86.249091,44.998925,279.98496,148.73646,266.20645,24.994331,14.993948,9.9930563,22.478612,11.238585,7.4931617,8.7405658,21.2194,3.7481051,11.244305,3.748829,21.242417,34.988754,1.2497119,1.2498161,1.2496632,21.224213,18.730773,8.7467379,2.4995239,1.2498316,1.2498718,1.2499524,-1.1053164e-07,-2.2106486e-08,-6.6319216e-08,-2.2106511e-08,-6.6319494e-08
96.696697,94.999927,48.749921,27.499883,86.249092,44.998925,279.98497,148.73647,266.20648,24.994335,14.993952,9.9930612,22.478627,11.238592,7.4931638,8.7405658,21.219403,3.7481052,11.244305,3.748829,21.242416,34.98875,1.249712,1.2498161,1.2496632,21.224207,18.730769,8.7467377,2.4995239,1.2498316,1.2498718,1.2499524,-1.0935583e-07,-2.187133e-08,-6.5613739e-08,-2.1871371e-08,-6.5614194e-08
96.796797,94.999927,48.749921,27.499883,86.249092,44.998925,279.98497,148.73647,266.2065,24.994339,14.993957,9.9930661,22.478641,11.238598,7.493166,8.7405658,21.219405,3.7481054,11.244305,3.748829,21.242414,34.988746,1.249712,1.2498161,1.2496631,21.2242,18.730766,8.7467374,2.4995239,1.2498316,1.2498718,1.2499524,-1.0762259e-07,-2.1524684e-08,-6.4573797e-08,-2.1524738e-08,-6.4574387e-08
96.896897,94.999927,48.749921,27.499883,86.249093,44.998926,279.98498,148.73648,266.20652,24.994344,14.993961,9.993071,22.478656,11.238605,7.4931682,8.7405657,21.219408,3.7481055,11.244306,3.7488291,21.242413,34.988742,1.249712,1.2498161,1.249663,21.224194,18.730762,8.7467373,2.4995239,1.2498316,1.2498718,1.2499524,-1.0531359e-07,-2.1062884e-08,-6.3188396e-08,-2.1062947e-08,-6.3189076e-08
96.996997,94.999927,48.749921,27.499883,86.249093,44.998926,279.98499,148.73649,266.20654,24.994347,14.993965,9.9930758,22.478671,11.238611,7.4931704,8.7405657,21.21941,3.7481057,11.244306,3.7488291,21.242412,34.988737,1.2497121,1.2498161,1.2496629,21.224188,18.730759,8.746737,2.4995239,1.2498316,1.2498718,1.2499524,-1.0534994e-07,-2.1070164e-08,-6.3210218e-08,-2.1070252e-08,-6.3211174e-08
97.097097,94.999927,48.749921,27.499883,86.249093,44.998927,279.98499,148.73649,266.20656,24.994351,14.993969,9.9930806,22.478686,11.238618,7.4931725,8.7405656,21.219412,3.7481058,11.244306,3.7488291,21.24241,34.988733,1.2497121,1.249816,1.2496628,21.224181,18.730755,8.7467368,2.4995238,1.2498316,1.2498718,1.2499524,-1.0581295e-07,-2.1162777e-08,-6.3488041e-08,-2.1162894e-08,-6.3489306e-08
97.197197,94.999927,48.749921,27.499883,86.249093,44.998927,279.98499,148.7365,266.20658,24.994355,14.993974,9.9930854,22.4787,11.238624,7.4931746,8.7405655,21.219415,3.7481059,11.244306,3.7488291,21.242409,34.988729,1.2497121,1.249816,1.2496627,21.224174,18.730751,8.7467365,2.4995238,1.2498316,1.2498718,1.2499524,-1.060914e-07,-2.1218477e-08,-6.3655122e-08,-2.1218621e-08,-6.3656682e-08
97.297297,94.999927,48.749921,27.499883,86.249094,44.998927,279.985,148.7365,266.2066,24.994359,14.993978,9.9930902,22.478715,11.238631,7.4931768,8.7405655,21.219417,3.7481061,11.244306,3.7488291,21.242407,34.988724,1.2497122,1.249816,1.2496626,21.224168,18.730748,8.7467363,2.4995238,1.2498316,1.2498718,1.2499524,-1.0618889e-07,-2.1237984e-08,-6.3713628e-08,-2.1238155e-08,-6.3715467e-08
97.397397,94.999927,48.749921,27.499883,86.249094,44.998928,279.985,148.73651,266.20662,24.994363,14.993982,9.9930951,22.47873,11.238637,7.4931789,8.7405654,21.21942,3.7481062,11.244306,3.7488291,21.242406,34.98872,1.2497122,1.249816,1.2496625,21.224161,18.730744,8.746736,2.4995238,1.2498316,1.2498718,1.2499524,-1.061093e-07,-2.1222076e-08,-6.3665886e-08,-2.1222271e-08,-6.3667991e-08
97.497497,94.999927,48.749921,27.499883,86.249094,44.998928,279.98501,148.73651,266.20664,24.994367,14.993986,9.9930999,22.478744,11.238644,7.493181,8.7405653,21.219422,3.7481063,11.244306,3.7488292,21.242404,34.988716,1.2497123,1.249816,1.2496624,21.224155,18.730741,8.7467358,2.4995238,1.2498316,1.2498717,1.2499524,-1.0585679e-07,-2.1171582e-08,-6.3514393e-08,-2.1171801e-08,-6.3516746e-08
97.597598,94.999927,48.749921,27.499883,86.249094,44.998928,279.98501,148.73652,266.20666,24.994371,14.993991,9.9931047,22.478759,11.23865,7.4931832,8.7405653,21.219425,3.7481065,11.244306,3.7488292,21.242403,34.988712,1.2497123,1.249816,1.2496624,21.224148,18.730737,8.7467356,2.4995238,1.2498316,1.2498717,1.2499524,-1.054358e-07,-2.1087391e-08,-6.3261806e-08,-2.1087631e-08,-6.3264394e-08
97.697698,94.999927,48.749921,27.499883,86.249095,44.998929,279.98502,148.73652,266.20668,24.994375,14.993995,9.9931095,22.478773,11.238657,7.4931853,8.7405652,21.219427,3.7481066,11.244307,3.7488292,21.242402,34.988707,1.2497123,1.249816,1.2496623,21.224142,18.730733,8.7467353,2.4995238,1.2498316,1.2498717,1.2499524,-1.0485102e-07,-2.0970443e-08,-6.291095e-08,-2.0970703e-08,-6.2913757e-08
97.797798,94.999927,48.749921,27.499883,86.249095,44.998929,279.98502,148.73653,266.2067,24.994379,14.993999,9.9931143,22.478788,11.238663,7.4931874,8.7405651,21.21943,3.7481068,11.244307,3.7488292,21.2424,34.988703,1.2497124,1.2498159,1.2496622,21.224135,18.73073,8.7467351,2.4995238,1.2498316,1.2498717,1.2499524,-1.0410745e-07,-2.0821734e-08,-6.2464813e-08,-2.0822014e-08,-6.2467823e-08
97.897898,94.999927,48.749921,27.499883,86.249096,44.998929,279.98503,148.73654,266.20672,24.994383,14.994003,9.9931191,22.478803,11.23867,7.4931896,8.7405651,21.219432,3.7481069,11.244307,3.7488292,21.242399,34.988699,1.2497124,1.2498159,1.2496621,21.224129,18.730726,8.7467349,2.4995238,1.2498316,1.2498717,1.2499524,-1.0321033e-07,-2.0642316e-08,-6.1926549e-08,-2.0642613e-08,-6.1929747e-08
97.997998,94.999927,48.749921,27.499883,86.249096,44.99893,279.98503,148.73654,266.20674,24.994387,14.994007,9.9931239,22.478817,11.238676,7.4931917,8.740565,21.219434,3.7481071,11.244307,3.7488293,21.242398,34.988695,1.2497124,1.2498159,1.249662,21.224122,18.730723,8.7467347,2.4995238,1.2498316,1.2498717,1.2499524,-1.021652e-07,-2.0433294e-08,-6.1299475e-08,-2.0433607e-08,-6.1302845e-08
98.098098,94.999927,48.749921,27.499883,86.249096,44.99893,279.98504,148.73655,266.20676,24.99439,14.994012,9.9931287,22.478832,11.238682,7.4931938,8.740565,21.219437,3.7481072,11.244307,3.7488293,21.242396,34.988691,1.2497125,1.2498159,1.2496619,21.224116,18.730719,8.7467344,2.4995238,1.2498316,1.2498717,1.2499524,-1.0097785e-07,-2.0195829e-08,-6.0587075e-08,-2.0196157e-08,-6.0590601e-08
98.198198,94.999927,48.749921,27.499883,86.249097,44.99893,279.98504,148.73655,266.20678,24.994394,14.994016,9.9931335,22.478846,11.238689,7.4931959,8.7405649,21.219439,3.7481074,11.244307,3.7488293,21.242395,34.988687,1.2497125,1.2498159,1.2496618,21.22411,18.730715,8.7467342,2.4995238,1.2498316,1.2498717,1.2499524,-9.9654381e-08,-1.9931138e-08,-5.9792995e-08,-1.9931479e-08,-5.9796662e-08
98.298298,94.999927,48.749921,27.499884,86.249097,44.998931,279.98505,148.73656,266.2068,24.994398,14.99402,9.9931383,22.478861,11.238695,7.4931981,8.7405649,21.219442,3.7481075,11.244307,3.7488294,21.242393,34.988683,1.2497126,1.2498159,1.2496617,21.224103,18.730712,8.746734,2.4995238,1.2498316,1.2498717,1.2499524,-9.8201132e-08,-1.9640491e-08,-5.8921049e-08,-1.9640844e-08,-5.8924841e-08
98.398398,94.999927,48.749921,27.499884,86.249098,44.998931,279.98505,148.73656,266.20682,24.994402,14.994024,9.9931431,22.478875,11.238702,7.4932002,8.7405649,21.219445,3.7481077,11.244307,3.7488294,21.242392,34.988678,1.2497126,1.2498159,1.2496617,21.224097,18.730708,8.7467338,2.4995238,1.2498316,1.2498717,1.2499523,-9.6624734e-08,-1.9325213e-08,-5.7975213e-08,-1.9325576e-08,-5.7979114e-08
98.498498,94.999927,48.749921,27.499884,86.249098,44.998932,279.98506,148.73657,266.20685,24.994406,14.994029,9.9931479,22.47889,11.238708,7.4932023,8.7405648,21.219447,3.7481078,11.244308,3.7488294,21.242391,34.988674,1.2497126,1.2498159,1.2496616,21.22409,18.730705,8.7467336,2.4995238,1.2498316,1.2498717,1.2499523,-9.4932091e-08,-1.8986686e-08,-5.6959628e-08,-1.8987058e-08,-5.6963623e-08
98.598599,94.999927,48.749921,27.499884,86.249099,44.998932,279.98507,148.73658,266.20687,24.99441,14.994033,9.9931527,22.478904,11.238715,7.4932044,8.7405648,21.21945,3.748108,11.244308,3.7488294,21.242389,34.98867,1.2497127,1.2498158,1.2496615,21.224084,18.730701,8.7467334,2.4995238,1.2498316,1.2498717,1.2499523,-9.313038e-08,-1.8626345e-08,-5.5878602e-08,-1.8626724e-08,-5.5882675e-08
98.698699,94.999927,48.749921,27.499884,86.249099,44.998933,279.98507,148.73658,266.20689,24.994414,14.994037,9.9931575,22.478919,11.238721,7.4932066,8.7405647,21.219452,3.7481081,11.244308,3.7488295,21.242388,34.988666,1.2497127,1.2498158,1.2496614,21.224077,18.730698,8.7467332,2.4995238,1.2498316,1.2498717,1.2499523,-9.1227053e-08,-1.8245679e-08,-5.4736606e-08,-1.8246064e-08,-5.474074e-08
98.798799,94.999927,48.749921,27.499884,86.2491,44.998933,279.98508,148.73659,266.20691,24.994418,14.994041,9.9931622,22.478933,11.238727,7.4932087,8.7405647,21.219455,3.7481083,11.244308,3.7488295,21.242387,34.988662,1.2497128,1.2498158,1.2496613,21.224071,18.730694,8.746733,2.4995238,1.2498316,1.2498718,1.2499523,-8.9229837e-08,-1.7846235e-08,-5.3538274e-08,-1.7846624e-08,-5.3542455e-08
98.898899,94.999927,48.749921,27.499884,86.2491,44.998934,279.98508,148.73659,266.20693,24.994422,14.994045,9.993167,22.478948,11.238734,7.4932108,8.7405647,21.219457,3.7481084,11.244308,3.7488295,21.242385,34.988658,1.2497128,1.2498158,1.2496612,21.224064,18.730691,8.7467328,2.4995238,1.2498316,1.2498718,1.2499523,-8.7146732e-08,-1.7429613e-08,-5.2288409e-08,-1.7430005e-08,-5.2292621e-08
98.998999,94.999927,48.749921,27.499884,86.249101,44.998934,279.98509,148.7366,266.20695,24.994426,14.99405,9.9931718,22.478962,11.23874,7.4932129,8.7405646,21.21946,3.7481086,11.244308,3.7488296,21.242384,34.988654,1.2497128,1.2498158,1.2496611,21.224058,18.730687,8.7467326,2.4995238,1.2498316,1.2498718,1.2499523,-8.4986014e-08,-1.6997467e-08,-5.0991976e-08,-1.6997861e-08,-5.0996202e-08
99.099099,94.999927,48.749921,27.499884,86.249101,44.998934,279.98509,148.73661,266.20697,24.99443,14.994054,9.9931766,22.478976,11.238747,7.493215,8.7405646,21.219462,3.7481087,11.244309,3.7488296,21.242383,34.98865,1.2497129,1.2498158,1.2496611,21.224052,18.730684,8.7467324,2.4995238,1.2498316,1.2498718,1.2499523,-8.2756234e-08,-1.6551509e-08,-4.9654103e-08,-1.6551902e-08,-4.9658329e-08
99.199199,94.999927,48.749921,27.499884,86.249102,44.998935,279.9851,148.73661,266.20699,24.994434,14.994058,9.9931813,22.478991,11.238753,7.4932171,8.7405646,21.219465,3.7481089,11.244309,3.7488296,21.242382,34.988646,1.2497129,1.2498158,1.249661,21.224045,18.73068,8.7467322,2.4995238,1.2498316,1.2498718,1.2499523,-8.0466215e-08,-1.6093502e-08,-4.8280088e-08,-1.6093894e-08,-4.8284298e-08
99.299299,94.999927,48.749921,27.499884,86.249102,44.998935,279.98511,148.73662,266.20701,24.994438,14.994062,9.9931861,22.479005,11.238759,7.4932192,8.7405645,21.219467,3.748109,11.244309,3.7488297,21.24238,34.988642,1.249713,1.2498158,1.2496609,21.224039,18.730676,8.746732,2.4995238,1.2498316,1.2498718,1.2499523,-7.8125058e-08,-1.5625267e-08,-4.6875388e-08,-1.5625656e-08,-4.6879566e-08
99.399399,94.999927,48.749921,27.499884,86.249103,44.998936,279.98511,148.73662,266.20704,24.994442,14.994066,9.9931909,22.47902,11.238766,7.4932213,8.7405645,21.21947,3.7481092,11.244309,3.7488297,21.242379,34.988638,1.249713,1.2498158,1.2496608,21.224032,18.730673,8.7467318,2.4995238,1.2498316,1.2498718,1.2499523,-7.5742137e-08,-1.5148678e-08,-4.5445629e-08,-1.5149063e-08,-4.544976e-08
99.499499,94.999927,48.749921,27.499884,86.249103,44.998936,279.98512,148.73663,266.20706,24.994446,14.994071,9.9931956,22.479034,11.238772,7.4932234,8.7405645,21.219473,3.7481094,11.244309,3.7488298,21.242378,34.988634,1.249713,1.2498157,1.2496607,21.224026,18.730669,8.7467316,2.4995238,1.2498316,1.2498718,1.2499523,-7.3327099e-08,-1.4665666e-08,-4.3996599e-08,-1.4666045e-08,-4.4000669e-08
99.5996,94.999927,48.749921,27.499884,86.249104,44.998937,279.98512,148.73664,266.20708,24.994449,14.994075,9.9932004,22.479048,11.238778,7.4932255,8.7405644,21.219475,3.7481095,11.244309,3.7488298,21.242376,34.98863,1.2497131,1.2498157,1.2496606,21.224019,18.730666,8.7467314,2.4995238,1.2498316,1.2498718,1.2499523,-7.0889868e-08,-1.4178214e-08,-4.2534253e-08,-1.4178586e-08,-4.2538245e-08
99.6997,94.999927,48.749921,27.499884,86.249105,44.998937,279.98513,148.73664,266.2071,24.994453,14.994079,9.9932051,22.479063,11.238785,7.4932276,8.7405644,21.219478,3.7481097,11.24431,3.7488298,21.242375,34.988626,1.2497131,1.2498157,1.2496605,21.224013,18.730662,8.7467313,2.4995238,1.2498316,1.2498718,1.2499523,-6.844064e-08,-1.3688362e-08,-4.1064708e-08,-1.3688726e-08,-4.1068609e-08
99.7998,94.999927,48.749921,27.499884,86.249105,44.998938,279.98514,148.73665,266.20712,24.994457,14.994083,9.9932099,22.479077,11.238791,7.4932297,8.7405644,21.21948,3.7481098,11.24431,3.7488299,21.242374,34.988621,1.2497132,1.2498157,1.2496605,21.224007,18.730659,8.7467311,2.4995238,1.2498316,1.2498718,1.2499523,-6.598989e-08,-1.3198206e-08,-3.9594248e-08,-1.3198559e-08,-3.9598042e-08
99.8999,94.999927,48.749921,27.499884,86.249106,44.998938,279.98514,148.73665,266.20714,24.994461,14.994087,9.9932146,22.479091,11.238797,7.4932318,8.7405644,21.219483,3.74811,11.24431,3.7488299,21.242372,34.988617,1.2497132,1.2498157,1.2496604,21.224,18.730655,8.7467309,2.4995238,1.2498316,1.2498718,1.2499523,-6.3548362e-08,-1.2709893e-08,-3.8129322e-08,-1.2710235e-08,-3.8132994e-08
100,94.999926,48.749921,27.499885,86.249106,44.998939,279.98515,148.73666,266.20716,24.994465,14.994092,9.9932193,22.479106,11.238804,7.4932339,8.7405643,21.219485,3.7481101,11.24431,3.7488299,21.242371,34.988613,1.2497132,1.2498157,1.2496603,21.223994,18.730652,8.7467307,2.4995238,1.2498316,1.2498718,1.2499523,-6.1127078e-08,-1.2225628e-08,-3.6676541e-08,-1.2225958e-08,-3.6680078e-08
