Time (yrs)/mid Altitude (km),225,275,325,375,425,475,525,575,625,675,725,775,825,875,925,975,1025,1075,1125,1175,1225,1275,1325,1375,1425,1475,1525,1575,1625,1675,1725,1775,1825,1875,1925,1975
0,5,18,90,778,390,3649,1931,3483,321,184,134,289,144,101,107,275,49,148,47,272,465,8,15,15,270,247,114,25,12,10,11,5,1,3,1,3
0.1001001,4.9008943,17.643213,88.2159658,762.575818,382.265225,3576.63009,1892.70044,3822.7176,392.725944,180.349277,131.340172,283.259875,141.140163,98.9950939,104.876807,269.541364,259.021117,145.065065,259.142659,266.607282,455.782007,7.84139139,14.7026458,14.7026216,264.643539,242.100265,111.739666,24.5043858,11.7621176,9.80177091,10.7819623,4.9008923,0.980178517,2.94053546,0.980178674,2.94053715
0.2002002,4.80375322,17.2934983,86.4673003,747.45769,374.684612,3505.69852,1855.16096,4155.69665,463.02903,176.770994,128.733142,277.63377,138.337126,97.0299882,102.795743,264.191074,464.87716,142.18833,467.079114,261.321477,446.746736,7.68592738,14.4111863,14.4111388,259.393339,237.297723,109.524149,24.018597,11.5289508,9.6074713,10.5682465,4.80374907,0.960749926,2.88224959,0.960750232,2.88225291
0.3003003,4.70853762,16.9507159,84.7533052,732.639537,367.25485,3436.17586,1818.36645,4482.07064,531.937492,173.263713,126.177862,272.119418,135.58976,95.1038927,100.755974,258.946982,666.650712,139.368641,670.892744,256.140465,437.890565,7.53354561,14.1255045,14.1254347,254.24729,232.590444,107.352559,23.5424386,11.3004063,9.41702327,10.3587669,4.70853137,0.941706437,2.82511903,0.941706888,2.82512392
0.4004004,4.61520932,16.6147284,83.0732942,718.115389,359.972791,3368.03354,1782.30208,4801.97038,599.478999,169.826026,123.673305,266.7146,132.896961,93.2160329,98.7566797,253.806978,864.422707,136.604868,870.665265,251.062168,429.209944,7.38418497,13.845486,13.8453947,249.203329,227.97654,105.224025,23.0757199,11.0763922,9.23035046,10.1534394,4.61520103,0.923040419,2.76912089,0.923041009,2.76912727
0.500500501,4.52373094,16.2854012,81.4265937,703.879388,352.835402,3301.24375,1746.95333,5115.52405,665.680672,166.456552,121.218464,261.41714,130.257643,91.3656498,96.7970569,248.768998,1058.27247,133.895901,1066.47677,246.084552,420.701394,7.23778557,13.5710184,13.5709065,244.259428,223.454158,103.137695,22.6182536,10.856819,9.04737805,9.95218194,4.52372063,0.904744389,2.71423272,0.904745112,2.71424054
0.600600601,4.43406579,15.9626023,79.8125429,689.925789,345.839741,3235.77937,1712.30598,5422.85728,730.569091,163.153936,118.812352,256.224905,127.670746,89.5519994,94.8763187,243.831016,1248.27774,131.240653,1258.40575,241.205619,412.361504,7.0942887,13.3019918,13.3018601,239.413604,219.021484,101.09273,22.1698564,10.6415984,8.86803268,9.75491368,4.43405352,0.886811014,2.66043252,0.886811863,2.66044171
0.700700701,4.34617794,15.6462022,78.2304936,676.248961,338.982947,3171.61389,1678.34607,5724.09319,794.170308,159.916852,116.454002,251.135806,125.135227,87.7743525,92.9936934,238.991047,1434.51472,128.638061,1446.52914,236.423414,404.186932,6.95363682,13.0382982,13.0381476,234.663912,214.676738,99.088312,21.7303484,10.4306443,8.69224246,9.56155558,4.34616375,0.869233104,2.60769871,0.869234076,2.60770922
0.800800801,4.26003215,15.336074,76.6798102,662.843388,332.262227,3108.7214,1645.05994,6019.35243,856.509858,156.744,114.142466,246.147794,122.650067,86.0319944,91.1484247,234.247147,1617.05808,126.087078,1630.92234,231.736019,396.174401,6.81577351,12.779832,12.7796633,230.008443,210.418175,97.1236357,21.2995535,10.223872,8.5199369,9.37203015,4.26001609,0.852003615,2.55601017,0.852004703,2.55602195
0.900900901,4.17559389,15.0320934,75.1598699,649.703668,325.674854,3047.07656,1612.43419,6308.75327,917.612768,153.634105,111.876814,241.25886,120.214265,84.3242244,89.3397715,229.597408,1795.98102,123.586682,1811.65926,227.141554,388.320699,6.68064349,12.5264895,12.5263034,225.44533,206.244087,95.1979135,20.8772988,10.0211987,8.35104694,9.18626142,4.175576,0.83511564,2.50534617,0.83511684,2.50535916
1.001001,4.09282931,14.7341384,73.6700622,636.82451,319.218162,2986.65455,1580.45569,6592.4116,977.503566,150.585918,109.656135,236.467037,117.82684,82.650356,87.5670071,225.039962,1971.35527,121.13587,1988.81232,222.638177,380.622679,6.54819257,12.2781691,12.2779665,220.97274,202.152798,93.3103731,20.4634152,9.82254303,8.18550487,9.00417491,4.09280965,0.818562409,2.45568641,0.818563716,2.45570056
1.1011011,4.01170523,14.4420895,72.2097892,624.20073,312.889542,2927.43105,1549.11159,6870.44099,1036.2063,147.598213,107.479538,231.770396,115.486832,81.0097161,85.8294195,220.572976,2143.25114,118.733659,2162.45252,218.224082,373.077254,6.41836764,12.0347714,12.0345528,216.588877,198.142665,91.4602575,20.0577366,9.62782545,8.02324432,8.82569765,4.01168385,0.802337288,2.40701099,0.802338697,2.40702623
1.2012012,3.93218913,14.1558295,70.7784644,611.827252,306.686443,2869.38225,1518.38927,7142.95279,1093.74452,144.669792,105.346146,227.167045,113.1933,79.4016451,84.1263106,216.194657,2311.73754,116.379084,2332.64943,213.8975,365.6814,6.29111663,11.7961986,11.7959649,212.291982,194.212079,89.6468247,19.6601004,9.43696786,7.86420024,8.6507581,3.93216609,0.786433773,2.35930038,0.78643528,2.35931668
1.3013013,3.85424913,13.8752438,69.3755136,599.699102,300.606365,2812.48482,1488.27638,7410.0561,1150.14133,141.799476,103.255102,222.655132,110.945319,77.8254963,82.4569963,211.903242,2476.88201,114.071201,2499.47125,209.656696,358.432153,6.1663885,11.5623552,11.5621071,208.080329,190.359461,87.8693474,19.2703472,9.24989373,7.70830887,8.47928612,3.8542245,0.770845489,2.31253547,0.770847089,2.31255278
1.4014014,3.77785399,13.6002198,68.0003739,587.811408,294.646861,2756.71589,1458.76081,7671.85787,1205.41938,138.986114,101.205566,218.23284,108.741985,76.2806362,80.8208061,207.697009,2638.75075,111.809085,2662.98483,205.499968,351.326606,6.04413325,11.3331475,11.3328855,203.952227,186.583267,86.1271126,18.8883206,9.06652808,7.55550773,8.31121298,3.77782782,0.755566188,2.26669751,0.755567877,2.26671578
1.5015015,3.70297309,13.3306472,66.6524935,576.159395,288.805535,2702.05307,1429.83068,7928.46292,1259.60083,136.228575,99.1967132,213.898389,106.582412,74.7664434,79.2170826,203.574266,2797.40863,109.591827,2823.25566,201.425651,344.361912,5.92430185,11.1084835,11.1082082,199.906019,182.881978,84.4194217,18.5138675,8.88679737,7.40573554,8.14647133,3.70294545,0.740589745,2.22176812,0.740591519,2.22178732
1.6016016,3.62957641,13.066418,65.3313318,564.738385,283.080038,2648.47439,1401.47438,8179.97398,1312.70745,133.525751,97.2277365,209.650034,104.46573,73.2823093,77.6451816,199.533355,2952.91925,107.418539,2980.34797,197.43211,337.535279,5.80684623,10.8882731,10.8879853,195.940081,179.254111,82.7455898,18.1468378,8.71062957,7.25893228,7.98499512,3.62954735,0.725910157,2.17772931,0.725912012,2.17774938
1.7017017,3.55763454,12.8074262,64.036359,553.543795,277.468069,2595.95834,1373.6805,8426.49175,1364.76054,130.876557,95.2978443,205.486065,102.391087,71.8276371,76.1044718,195.572654,3105.34492,105.288348,3134.32467,193.517745,330.84397,5.6917193,10.672428,10.6721283,192.05282,175.698208,81.1049454,17.7870843,8.53795402,7.11503908,7.82671962,3.55760413,0.711521541,2.13456341,0.711523472,2.13458431
1.8018018,3.48711863,12.553568,62.7670556,542.571132,271.967375,2544.48382,1346.43786,8668.11495,1415.78101,128.279928,93.4062605,201.404806,100.357649,70.4018419,74.5943341,191.690569,3254.74674,103.200399,3285.24747,189.680985,324.285302,5.57887488,10.4608618,10.4605507,188.242676,172.212841,79.4968307,17.4344627,8.36870151,6.97399825,7.67158139,3.48708692,0.697418128,2.09225313,0.697420133,2.09227481
1.9019019,3.41800042,12.3047416,61.5229128,531.815993,266.575746,2494.03017,1319.73553,8904.94031,1465.78932,125.734822,91.5522247,197.404613,98.3645964,69.0043505,73.1141619,187.885541,3401.18459,101.153856,3433.1768,185.920292,317.856647,5.46826773,10.2534896,10.2531676,184.508118,168.796613,77.9206006,17.0888317,8.20280418,6.83575326,7.51951825,3.41796747,0.683594265,2.05078149,0.683596339,2.05080393
2.002002,3.35025221,12.0608473,60.3034317,521.274064,261.291018,2444.57712,1293.56276,9137.06266,1514.80554,123.240215,89.7349918,193.483877,96.4111276,67.6346009,71.6633607,184.156039,3544.71713,99.1478963,3578.17194,182.234157,311.555429,5.35985348,10.0502282,10.049896,180.847647,165.448151,76.375623,16.7500526,8.04019552,6.70024869,7.37046924,3.35021808,0.670044412,2.01013189,0.670046552,2.01015504
2.1021021,3.28384683,11.8217873,59.1081233,510.941116,256.11107,2396.10481,1267.90906,9364.57495,1562.84934,120.795105,87.953831,189.641018,94.4964565,66.2920424,70.2413476,180.500566,3685.4019,97.1817159,3720.29095,178.621104,305.37912,5.25358867,9.85099626,9.85065426,177.259794,162.166111,74.8612783,16.4179897,7.88081034,6.56743022,7.22437462,3.28381158,0.656763137,1.97028802,0.65676534,1.97031185
2.2022022,3.21875769,11.5874658,57.9365083,500.813006,251.033823,2348.5938,1242.7641,9587.56828,1609.94002,118.398512,86.2080263,185.874491,92.6198123,64.9761353,68.8475515,176.917651,3823.29526,95.2545259,3859.59077,175.079683,299.325245,5.14943067,9.65571377,9.65536254,173.743118,158.949176,73.3769591,16.0925098,7.72458474,6.43724459,7.08117583,3.21872136,0.643745117,1.93123392,0.643747379,1.93125839
2.3023023,3.15495868,11.3577888,56.7881171,490.88567,246.05724,2302.02499,1218.11779,9806.13197,1656.09646,116.04947,84.496876,182.182778,90.7804398,63.6863504,67.4814123,173.405855,3958.45247,93.365553,3996.12718,171.608474,293.391377,5.04733772,9.46430249,9.46394251,170.296208,155.796055,71.92207,15.7734824,7.57145607,6.30963962,6.94081547,3.15492134,0.630985133,1.89295394,0.630987451,1.89297901
2.4024024,3.09242423,11.1326644,55.6624893,481.155127,241.179323,2256.37969,1193.96023,10020.3536,1701.33718,113.747039,82.819692,178.564394,88.9775986,62.4221692,66.1423814,169.963765,4090.92768,91.5140395,4129.95488,168.206085,287.575138,4.94726887,9.27668566,9.27631742,166.917678,152.705481,70.4960276,15.4607796,7.42136296,6.18456415,6.80323728,3.09238592,0.618478071,1.85543271,0.618480442,1.85545836
2.5025025,3.03112927,10.9120022,54.5591735,471.617476,236.398115,2211.63958,1170.28172,10230.3188,1745.68036,111.490291,81.1758,175.017882,87.2105632,61.1830834,64.8299208,166.589998,4220.774,89.6992423,4261.12747,164.871151,281.874195,4.849184,9.09278807,9.09241203,163.606173,149.676214,69.0982599,15.1542759,7.27424521,6.06196803,6.6683861,3.03109005,0.606218917,1.81865522,0.606221337,1.8186814
2.6026026,2.97104924,10.6957138,53.4777273,462.26889,231.711699,2167.78668,1147.07274,10436.112,1789.14378,109.27832,79.5645391,171.541814,85.4786222,59.9685945,63.5435031,163.283199,4348.04345,87.9204333,4389.69751,161.602336,276.286263,4.75304374,8.91253596,8.91215257,160.360363,146.707037,67.7282061,14.8538485,7.13004384,5.9418021,6.53620786,2.97100915,0.594202756,1.7826067,0.594205223,1.78263339
2.7027027,2.91216006,10.4837124,52.4177173,453.105622,227.118193,2124.8034,1124.32397,10637.8154,1831.74487,107.110239,77.9852617,168.13479,83.7810787,58.7782146,62.2826117,160.042037,4472.78702,86.1768991,4515.71648,158.398327,270.809103,4.65880958,8.73585709,8.73546679,157.178945,143.796759,66.3853169,14.5593769,6.98870105,5.82401822,6.40664961,2.91211915,0.582424772,1.74727272,0.582427284,1.74729989
2.8028028,2.85443811,10.2759132,51.3787186,444.123997,222.615756,2082.67249,1102.02629,10835.5099,1873.50075,104.985175,76.4373327,164.79544,82.1172495,57.6114648,61.04674,156.86521,4595.0547,84.46794,4639.23485,155.257842,265.440518,4.5664437,8.56268062,8.56228383,154.060641,140.944211,65.0690536,14.2707431,6.85016015,5.70856914,6.2796594,2.85439643,0.570880245,1.71263912,0.570882798,1.71266673
2.9029029,2.79786027,10.0722329,50.3603147,435.320416,218.202581,2041.37703,1080.17074,11029.2746,1914.42816,102.902276,74.9201302,161.522419,80.4864652,56.4678763,59.8353918,153.751442,4714.89546,82.7928706,4760.30208,152.17962,260.178357,4.47590908,8.39293715,8.39253426,151.0042,138.148249,63.7788886,13.9878313,6.71436564,5.5954086,6.15518635,2.79781786,0.559564549,1.678692,0.55956714,1.67872003
3.003003,2.74240387,9.87258968,49.3620974,426.691347,213.876899,2000.90045,1058.74855,11219.1874,1954.54353,100.860705,73.433044,158.31441,78.8880692,55.3469892,58.6480803,150.69948,4832.35734,81.1510188,4878.96668,149.162427,255.02051,4.3871694,8.2265586,8.22615002,148.008394,135.407751,62.5143042,13.7105282,6.58126305,5.48449124,6.03318055,2.74236077,0.548473145,1.64541776,0.548475773,1.64544619
3.1031031,2.68804667,9.67690369,48.3836665,418.233332,209.636974,1961.2265,1037.75112,11405.3242,1993.86296,98.8596423,71.9754764,155.170121,77.3214185,54.2483529,57.4843286,147.708098,4947.48738,79.541726,4995.27615,146.205053,249.96491,4.3001891,8.06347828,8.06306438,145.07202,132.721615,61.2747934,13.4387224,6.45079903,5.37577258,5.91359311,2.68800293,0.537601591,1.61280308,0.537604253,1.61283187
3.2032032,2.63476689,9.48509644,47.4246298,409.942979,205.481106,1922.33926,1017.17002,11587.7597,2032.40221,96.8982833,70.5468415,152.088286,75.7858824,53.1715256,56.3436693,144.776094,5060.33174,77.9643464,5109.2771,143.306313,245.00953,4.21493327,7.9036308,7.90321196,142.193901,130.088763,60.059859,13.1723051,6.32292128,5.26920905,5.79637609,2.63472255,0.526945527,1.58083487,0.52694822,1.580864
3.3033033,2.58254316,9.29709103,46.4846028,401.816964,201.407628,1884.22311,996.996988,11766.567,2070.17677,94.9758403,69.1465649,149.067665,74.280843,52.1160743,55.225644,141.902288,5170.93562,76.4182472,5221.01519,140.465043,240.152383,4.13136773,7.74695208,7.74652864,139.372879,127.508139,58.8690136,12.9111694,6.19757851,5.16475792,5.6814825,2.58249826,0.516500682,1.54950031,0.516503405,1.54952976
3.4034034,2.53135457,9.11281213,45.5632088,393.852028,197.414906,1846.86276,977.223932,11941.8179,2107.20179,93.0915414,67.7740836,146.107043,72.8056945,51.0815748,54.1298038,139.085527,5279.34334,74.9028082,5330.53516,137.680105,235.391522,4.04945898,7.59337931,7.59295161,136.607823,124.978707,57.7017798,12.6552106,6.07472048,5.06237731,5.56886629,2.53130915,0.506262871,1.51878686,0.50626562,1.51881659
3.5035035,2.48118058,8.93218583,44.6600782,386.044979,193.501337,1810.24322,957.842913,12113.5827,2143.49213,91.2446293,66.4288458,143.205226,71.3598431,50.067611,53.0557082,136.324676,5385.59837,73.4174211,5437.88091,134.950381,230.725038,3.96917415,7.44285088,7.44241927,133.897621,122.499451,56.5576891,12.4043261,5.95429792,4.96202618,5.4584823,2.48113467,0.496227986,1.48868219,0.49623076,1.48871219
3.6036036,2.4320011,8.75513979,43.7748492,378.392686,189.665355,1774.34979,938.846158,12281.9302,2179.06236,89.4343625,65.110311,140.361047,69.9427072,49.0737754,52.002926,133.618628,5489.74326,71.9614904,5543.09541,132.274778,226.151062,3.89048106,7.2953065,7.29487128,131.241187,120.069376,55.436283,12.1584153,5.83626259,4.86366432,5.35028631,2.43195474,0.48639201,1.45917424,0.486394806,1.45920449
3.7037037,2.38379635,8.58160282,42.907166,370.892074,185.905415,1739.16803,920.226022,12446.9282,2213.92677,87.6600118,63.8179474,137.573359,68.5537148,48.0996673,50.9710331,130.96629,5591.81986,70.5344301,5646.22093,129.652219,221.667753,3.81334807,7.15068682,7.15024831,128.63745,117.687504,54.3371105,11.9173793,5.720567,4.76725217,5.24423483,2.38374958,0.476750986,1.43025115,0.476753804,1.43028163
3.8038038,2.33654706,8.41150553,42.0566815,363.540142,182.220013,1704.68384,901.975051,12608.6426,2248.09935,85.920866,62.5512369,134.84104,67.1923081,47.1448959,49.9596158,128.3666,5691.869,69.1356692,5747.29869,127.081655,217.27332,3.73774431,7.008934,7.0084925,126.085367,115.352881,53.2597316,11.6811217,5.60716489,4.67275117,5.14028545,2.33649991,0.467301061,1.40190136,0.467303897,1.40193204
3.9039039,2.29023434,8.24477991,41.2230557,356.33395,178.607675,1670.88344,884.085943,12767.1384,2281.59376,84.2162284,61.3096713,132.162995,65.8579407,46.2090784,48.968269,125.818515,5789.93066,67.7646477,5846.36908,124.562057,212.966004,3.66363954,6.86999135,6.86954715,123.583917,113.064571,52.2037153,11.449548,5.49601091,4.58012354,5.03839659,2.29018684,0.458038455,1.37411353,0.458041308,1.3741444
4.004004,2.24483951,8.08135869,40.4059522,349.27059,175.066942,1637.75316,866.551473,12922.4795,2314.42353,82.5454098,60.0927485,129.538139,64.550072,45.291836,47.9965917,123.321004,5886.04441,66.4208121,5943.47204,122.09241,208.744068,3.59100385,6.73380281,6.73335617,121.132088,110.821651,51.1686354,11.2225647,5.3870602,4.48933189,4.93852716,2.24479169,0.448959432,1.34687645,0.4489623,1.34690748
4.1041041,2.20034446,7.92117672,39.6050451,342.347245,171.596403,1605.27979,849.364643,13074.7279,2346.60178,80.9077425,58.8999816,126.965419,63.2681785,44.3928018,47.0441957,120.873068,5980.24857,65.103626,6038.64628,119.671727,204.605828,3.51980826,6.60031406,6.59986526,118.7289,108.623224,50.1540789,11.0000814,5.28026931,4.40034003,4.84063733,2.20029636,0.44006037,1.32017926,0.440063252,1.32021043
4.2042042,2.15673141,7.76416997,38.8200145,335.561147,168.194669,1573.45032,832.51858,13223.9447,2378.14138,79.3025707,57.7308926,124.443804,62.0117456,43.5116155,46.1106994,118.473727,6072.58079,63.8125625,6131.92982,117.29904,200.549629,3.45002431,6.46947173,6.46902102,116.373393,106.468411,49.1596399,10.782009,5.17559555,4.31311237,4.74468798,2.15668305,0.431337715,1.29401128,0.431340609,1.29404258
4.3043043,2.11398273,7.61027499,38.0505429,328.909554,164.860365,1542.25189,816.006469,13370.1902,2409.0551,77.7292442,56.5850076,121.972269,60.7802636,42.6479198,45.1957248,116.122007,6163.07839,62.5470993,6223.36035,114.973391,196.573832,3.38162377,6.34122293,6.34077057,114.064612,104.356339,48.1849165,10.5682594,5.07299661,4.22761367,4.65064032,2.11393415,0.422787939,1.26836195,0.422790843,1.26839336
4.4044044,2.07208141,7.45943048,37.2963238,322.389814,161.592162,1511.67205,799.821729,13513.5229,2439.35527,76.187135,55.4618687,119.549827,59.5732399,41.8013696,44.2989066,113.816969,6251.77742,61.3067318,6312.97428,112.693852,192.676853,3.31457939,6.21551656,6.21506278,111.801636,102.286165,47.2295199,10.3587475,4.9724316,4.14380984,4.5584569,2.07203262,0.414407638,1.24322104,0.414410551,1.24325254
4.5045045,2.03101067,7.3115761,36.5570557,315.999321,158.388752,1481.69857,783.957884,13654.0002,2469.05401,74.675625,54.3610256,117.175504,58.3901898,40.9716253,43.4198854,111.55769,6338.71337,60.0909635,6400.80744,110.459511,188.857134,3.24886433,6.09230234,6.09184737,109.583558,100.257061,46.293068,10.1533893,4.87386029,4.06166738,4.46810084,2.03096171,0.40619346,1.2185785,0.406196379,1.21861007
4.6046046,1.99075392,7.16665212,35.8324397,309.735491,155.248841,1452.31931,768.408518,13791.6791,2498.16335,73.1941023,53.2820319,114.848337,57.2306334,40.1583507,42.5583051,109.343252,6423.92137,58.8993027,6486.89531,108.269466,185.113129,3.18445204,5.97153046,5.97107453,107.40948,98.268205,45.3751821,9.95210193,4.77724285,3.98115308,4.37953563,1.99070482,0.398142085,1.19442437,0.39814501,1.19445601
4.7047047,1.95129513,7.02460078,35.1221871,303.595829,152.171177,1423.52256,753.167433,13926.6145,2526.69491,71.7419752,52.2244567,112.567394,56.0941067,39.3612207,41.7138216,107.172772,6507.43538,57.7312741,6571.27219,106.122842,181.443348,3.12131684,5.8531528,5.85269611,105.278535,96.3188034,44.4754961,9.75480513,4.68254078,3.90223487,4.29272598,1.9512459,0.390250305,1.17074902,0.390253235,1.17078071
4.8048048,1.9126185,6.88536523,34.4260136,297.577875,149.154527,1395.29679,738.228525,14058.8608,2554.66012,70.3186612,51.1878752,110.331759,54.980153,38.5799151,40.8860963,105.045377,6589.28884,56.5864096,6653.97186,104.018781,177.846321,3.05943343,5.73712195,5.73666472,103.189869,94.4080746,43.5936498,9.56141989,4.58971615,3.82488113,4.20763715,1.91256918,0.382514961,1.14754299,0.382517894,1.14757471
4.9049049,1.87470842,6.74888927,33.7436382,291.679201,146.197674,1367.6306,723.585762,14188.4713,2582.07028,68.9235848,50.1718679,108.140525,53.8883208,37.8141178,40.0747943,102.960208,6669.51482,55.4642469,6735.02769,101.956432,174.320595,2.99877683,5.62339107,5.62293349,101.142636,92.5352463,42.729287,9.37186814,4.49873148,3.74906066,4.12423478,1.87465902,0.374932932,1.1247969,0.374935867,1.12482864
5.00500501,1.83754978,6.6151185,33.0747888,285.897455,143.299437,1340.51294,709.233303,14315.498,2608.93634,67.5561886,49.1760286,105.992816,52.8181732,37.0635225,39.2795914,100.91643,6748.14529,54.3643382,6814.472,99.9349737,170.864766,2.93932285,5.51191482,5.51145709,99.1360187,90.6995707,41.882063,9.18607429,4.40955052,3.67474321,4.04248563,1.83750033,0.367501194,1.10250168,0.36750413,1.10253343
5.10510511,1.80112769,6.48399934,32.4191976,280.230321,140.458657,1313.93294,695.165397,14439.992,2635.26908,66.2159238,48.1999571,103.887766,51.7692798,36.3278277,38.5001685,98.913222,6825.21179,53.2862423,6892.33661,97.9535951,167.477447,2.88104767,5.40264853,5.40219082,97.1692127,88.9003113,41.0516381,9.00396389,4.32213751,3.60189902,3.96235695,1.80107821,0.360216771,1.08064841,0.360219706,1.08068015
5.20520521,1.76542747,6.35547891,31.7766002,274.675513,137.674186,1287.87989,681.37637,14562.0037,2661.07913,64.9022488,47.2432589,101.824524,50.7412159,35.6067357,37.7362105,96.9497744,6900.7454,52.2295243,6968.65294,96.0114973,164.157275,2.82392777,5.29554814,5.29509063,95.2414233,87.1367416,40.2376773,8.82546348,4.23645721,3.53049871,3.88381644,1.76537798,0.353076726,1.05922828,0.353079659,1.05925999
5.30530531,1.73043489,6.22950598,31.1467404,269.230816,134.944915,1262.34338,667.860722,14681.5819,2686.37679,63.6146388,46.3055513,99.8022645,49.7335701,34.8999584,36.9874123,95.025302,6974.77626,51.1937624,7043.4514,94.1079055,160.902923,2.76794037,5.19057093,5.1901138,93.3518805,85.4081572,39.4398559,8.6505019,4.15247546,3.4605138,3.80683278,1.7303854,0.346078211,1.03823273,0.346081141,1.03826442
5.40540541,1.69613582,6.10602969,30.5293639,263.894033,132.269741,1237.31311,654.612995,14798.7752,2711.17231,62.352573,45.3864547,97.8201663,48.7459339,34.2072093,36.2534707,93.1390256,7047.33429,50.1785382,7116.76223,92.2420509,157.713079,2.71306285,5.08767452,5.08721792,91.4998201,83.7138593,38.6578516,8.47900846,4.07015833,3.39191605,3.73137488,1.69608636,0.339218402,1.01765331,0.339221328,1.01768495
5.50550551,1.66251632,5.98499987,29.9242198,258.662993,129.647577,1212.77888,641.627803,14913.6313,2735.47576,61.1155373,44.4855944,95.8774211,47.7779042,33.5282062,35.534087,91.2901765,7118.449,49.1834385,7188.61522,90.4131748,154.586446,2.65927291,4.98681708,4.98636117,89.6844881,82.0531582,37.8913464,8.31091346,3.98947238,3.32467756,3.65741209,1.66246691,0.33249451,0.997481632,0.332497432,0.997513225
5.60560561,1.62956313,5.86636876,29.3310693,253.535633,127.077387,1188.73101,628.900022,15026.1959,2759.29676,59.9030427,43.602614,93.9732588,46.8290977,32.8626804,34.8289767,89.4780229,7188.14848,48.2080705,7259.03874,88.6205553,151.521789,2.60654931,4.88795881,4.88750373,87.905167,80.4253975,37.1400376,8.14615054,3.91038574,3.2587718,3.58491522,1.62951378,0.325903883,0.977709753,0.325906799,0.977741283
5.70570571,1.5972631,5.75008906,28.749676,248.509909,124.558148,1165.15992,616.424576,15136.5141,2782.64481,58.7146049,42.7371605,92.1069175,45.8991346,32.2103656,34.137858,87.7018406,7256.46055,47.2520449,7328.06088,86.8634774,148.517887,2.55487102,4.79106028,4.79060619,86.1611463,78.8299275,36.4036256,7.98465402,3.83286691,3.1941725,3.51385537,1.59721384,0.319443893,0.958329786,0.319446802,0.958361243
5.80580581,1.56560342,5.6361146,28.1798088,243.583823,122.088857,1142.05623,604.196509,15244.63,2805.52922,57.5497507,41.8888891,90.2776524,44.9876439,31.5710021,33.4604557,85.9609219,7323.41238,46.3149815,7395.7091,85.1412427,145.573545,2.5042175,4.696083,4.69563002,84.4517318,77.2661132,35.6818177,7.82635971,3.75688506,3.130854,3.44420431,1.56555425,0.313111974,0.939334033,0.313114876,0.939365407
5.90590591,1.53457149,5.52440003,27.6212412,238.755417,119.668533,1119.41074,592.210956,15350.5867,2827.95909,56.408016,41.0574613,88.484733,44.0942617,30.9443348,32.7965,84.2545723,7389.03063,45.3965074,7462.01031,83.4531659,142.687594,2.4545686,4.60298917,4.60253745,82.7762426,75.7333316,34.9743266,7.67120462,3.68240997,3.06879109,3.37593433,1.53452243,0.306905608,0.920714937,0.306908501,0.92074622
6.00600601,1.50415398,5.41489739,27.0737333,234.022616,117.296136,1097.21373,580.462768,15454.4302,2849.94408,55.2889094,40.2425192,86.7273859,43.2186028,30.3300937,32.1457049,82.5820569,7453.34353,44.4962277,7526.99303,81.7985218,139.858793,2.40590299,4.51173883,4.51128848,81.1339577,74.2309236,34.2808483,7.51912212,3.60940966,3.00795713,3.30901612,1.50410505,0.300822128,0.902464504,0.300825012,0.902495687
6.10610611,1.47433932,5.30756503,26.5370768,229.38362,114.970764,1075.45676,568.947477,15556.2001,2871.49256,54.1920045,39.4437518,85.0049401,42.3603329,29.7280445,31.5078225,80.942738,7516.37558,43.6137998,7590.68198,80.1766809,137.086066,2.35820214,4.42229725,4.42184839,79.5242517,72.7583169,33.6011189,7.37005436,3.53785636,2.94832898,3.24342423,1.47429054,0.294859223,0.884575794,0.294862097,0.884606867
6.20620621,1.44511568,5.20236032,26.0110586,224.836588,112.691491,1054.13116,557.660508,15655.9371,2892.61312,53.1168646,38.660841,83.3167085,41.5191097,29.1379473,30.8825989,79.3359623,7578.15186,42.7488728,7653.10251,78.5869984,134.368311,2.31144711,4.33462889,4.33418165,77.9464839,71.3149255,32.9348681,7.22394207,3.46772163,2.88988294,3.1791326,1.44506705,0.289014522,0.867041697,0.289017385,0.867072654
6.30630631,1.41647148,5.09924161,25.4954704,220.379717,110.457417,1033.22851,546.597392,15753.6812,2913.31413,52.0630633,37.8934759,81.6620199,40.6945988,28.5595679,30.2697858,77.761092,7638.69686,41.9011038,7714.27937,77.0288447,131.704452,2.26561936,4.24869905,4.24825352,76.4000285,69.9001771,32.2818321,7.08072741,3.39897771,2.83259588,3.11611578,1.41642302,0.283285713,0.849855275,0.283288564,0.849886108
6.40640641,1.38839543,4.99816824,24.990109,216.011252,108.26766,1012.74055,535.753769,15849.4709,2933.60376,51.0301844,37.1413532,80.0402195,39.8864739,27.9926776,29.6691414,76.2175045,7698.03451,41.0701585,7774.23669,75.5016054,129.093439,2.22070084,4.16447383,4.16403014,74.8842749,68.5135131,31.6417534,6.94035391,3.33159748,2.77644521,3.05434893,1.38834716,0.277670536,0.833009751,0.277673375,0.833040452
6.50650651,1.36087549,4.89909686,24.4947575,211.729317,106.121279,992.658481,525.124982,15943.3479,2953.49074,50.0177836,36.4041492,78.450608,39.0943868,27.4370323,29.0804072,74.7045354,7756.19033,40.2556799,7833.00026,74.0046247,126.534152,2.17667225,4.0819171,4.08147533,73.3985714,67.1543375,31.0143569,6.80276131,3.26555203,2.72140683,2.99380553,1.36082741,0.272166582,0.816497897,0.272169409,0.81652846
6.60660661,1.33390074,4.80198817,24.0092195,207.532215,104.017425,972.974345,514.706816,16035.3495,2972.98297,49.0254588,35.6815705,76.8925526,38.3180221,26.892411,28.5033492,73.221583,7813.18742,39.4573447,7890.59343,72.5373086,124.025574,2.13351612,4.00099609,4.00055635,71.9423279,65.8221104,30.3993939,6.66789502,3.20081517,2.66745891,2.93446159,1.33385286,0.266771669,0.800313165,0.266774482,0.800343583
6.70670671,1.30746072,4.70680452,23.5333067,203.418317,101.95528,953.680502,504.495232,16125.5117,2992.08804,48.0528243,34.9733364,75.3654467,37.5570777,26.358602,27.9377432,71.7680708,7869.04794,38.6748431,7947.03855,71.0990881,121.566733,2.09121572,3.92167944,3.92124181,70.5149787,64.5163146,29.7966257,6.53570274,3.13736178,2.61458053,2.87629409,1.30741306,0.261483704,0.784449279,0.261486504,0.784479546
6.80680681,1.28154496,4.61350819,23.0668304,199.385994,99.9340283,934.769305,494.486182,16213.8707,3010.81351,47.0994941,34.2791653,73.8686825,36.8112509,25.8353931,27.3833646,70.343421,7923.79409,37.9078647,8002.35806,69.6893927,119.156655,2.04975427,3.8439357,3.84350027,69.1159571,63.2364317,29.2058132,6.40613206,3.07516672,2.56275073,2.81927998,1.28149753,0.256300593,0.768899953,0.256303378,0.768930063
6.90690691,1.25614322,4.52206235,22.6096067,195.433654,97.9528708,916.233285,484.675716,16300.4616,3029.16682,46.1650909,33.5987823,72.4016667,36.0802459,25.3225771,26.8399941,68.9470696,7977.44754,37.1561064,8056.57384,68.3076658,116.794387,2.0091154,3.76773417,3.76730102,67.74471,61.9819555,28.6267231,6.27913181,3.01420542,2.51194905,2.76339675,1.25609603,0.251220288,0.753659048,0.251223058,0.753688994
7.00700701,1.23124505,4.43242935,22.1614471,191.559668,96.0109919,898.064807,475.059793,16385.3204,3047.15552,45.2492293,32.9319066,70.9637928,35.3637607,24.8199422,26.3074074,67.5784401,8030.03044,36.4192584,8109.70827,66.9533381,114.478957,1.96928237,3.69304347,3.69261268,66.4006716,60.7523689,28.0591169,6.1546497,2.95445279,2.46215456,2.70862139,1.23119811,0.246240699,0.738720288,0.246243453,0.738750067
7.10710711,1.20683989,4.34457117,21.7221616,187.762394,94.1075674,880.256156,465.63433,16468.4834,3064.78727,44.35152,32.2782543,69.5544479,34.6614899,24.3272745,25.7853779,66.2369499,8081.56517,35.6970077,8161.78394,65.6258347,112.209383,1.93023826,3.61983191,3.61940355,65.0832707,59.5471491,27.5027534,6.03263287,2.89588345,2.41334615,2.65493066,1.2067932,0.241359711,0.724077336,0.24136245,0.724106941
7.20720721,1.1829185,4.25845457,21.2915841,184.040395,92.2418776,862.800598,456.395766,16549.9824,3082.06875,43.4716227,31.6375776,68.173097,33.9731671,23.8443873,25.2737081,64.9220904,8132.07128,34.9890811,8212.8206,64.3246535,109.984805,1.89196831,3.54807179,3.54764594,63.7920083,58.3658399,26.9574223,5.9130352,2.83847527,2.36550534,2.60230427,1.18287208,0.236575481,0.709724654,0.236578203,0.709754082
7.30730731,1.15947138,4.17404535,20.8695434,180.392192,90.4131809,845.691194,447.340428,16629.85,3099.00685,42.6091872,31.0096212,66.819189,33.2985176,23.3710879,24.7721939,63.6333376,8181.56892,34.2951969,8262.8386,63.049277,107.804339,1.8544573,3.47773459,3.47731131,62.5263703,57.2079709,26.4229067,5.79580911,2.78220542,2.31861312,2.55072128,1.15942523,0.231886106,0.695656539,0.231888811,0.695685784
7.40740741,1.13648924,4.09131007,20.4558724,176.81634,88.6207529,828.921166,438.464729,16708.1184,3115.60829,41.7638712,30.3941355,65.4921854,32.6372731,22.9071884,24.2806365,62.3701796,8230.07775,33.61508,8311.8578,61.7991999,105.667122,1.81769038,3.40879244,3.4083718,61.2858545,56.0730828,25.8989947,5.68090819,2.72705161,2.27265092,2.50016128,1.13644338,0.227289729,0.681867419,0.227292417,0.681896476
7.50750751,1.11396296,4.01021588,20.0504069,173.31142,86.8638819,812.483852,429.765145,16784.8188,3131.87968,40.9353384,29.7908757,64.1915571,31.9891702,22.4525041,23.7988401,61.1321134,8277.61711,32.9484601,8359.89774,60.5739256,103.572305,1.78165292,3.34121797,3.34080003,60.0699676,54.9607244,25.3854782,5.56828678,2.67299194,2.22760049,2.45060419,1.11391739,0.222784525,0.668351818,0.222787195,0.668380684
7.60760761,1.0918826,3.93072698,19.6529677,169.875883,85.1417918,796.371989,421.237832,16859.9855,3147.82822,40.1232222,29.1995743,62.9167271,31.3539213,22.0068335,23.3265915,59.9185907,8324.20807,32.2950427,8406.97969,59.3729127,101.518962,1.74632902,3.27498133,3.27456614,58.8781716,53.8704036,24.8821303,5.45789514,2.62000254,2.18344193,2.40202812,1.09183732,0.218368505,0.655103769,0.218371157,0.65513244
7.70770771,1.0702399,3.85281365,19.2634064,166.508446,83.4538391,780.579556,412.879605,16933.647,3163.45989,39.3272185,28.62001,61.6672173,30.7312882,21.5700097,22.8637139,58.7291566,8369.86812,31.6545831,8453.12131,58.1957121,99.5063267,1.71170546,3.21005776,3.20964538,57.7100203,52.8017123,24.3887627,5.34969201,2.56806358,2.14015874,2.35441492,1.07019492,0.214040018,0.64211832,0.214042652,0.642146793
7.80780781,1.04902624,3.77644488,18.8815679,163.207767,81.7993516,765.100263,404.687133,17005.8329,3178.78094,38.5470098,28.0519512,60.442528,30.121022,21.1418581,22.4100226,57.5633363,8414.61552,31.0268264,8498.34106,57.041855,97.5335965,1.67776845,3.1464214,3.14601188,56.5650479,51.7542243,23.905179,5.24363428,2.5171544,2.09773367,2.30774564,1.04898157,0.209797342,0.629390301,0.209799957,0.629418572
7.90790791,1.0282332,3.70159036,18.5073006,159.972538,80.1776727,749.927966,396.657167,17076.5721,3193.79745,37.7822858,27.4951718,59.2421713,29.5228796,20.7222085,21.9653371,56.4206657,8458.46811,30.4115229,8542.65694,55.9108833,95.5999886,1.64450452,3.08404701,3.08364039,55.4427991,50.7275233,23.431187,5.13967986,2.46725477,2.05614989,2.26200175,1.02818885,0.205638791,0.616914661,0.205641387,0.616942727
8.00800801,1.00785258,3.62822051,18.1404567,156.801478,78.5881613,735.056665,388.786532,17145.8931,3208.51539,37.0327438,26.9494513,58.0656708,28.9366238,20.3108944,21.5294813,55.300692,8501.4433,29.8084295,8586.08654,54.8023495,93.7047385,1.61190052,3.02290991,3.02250623,54.3428295,49.7212028,22.9665993,5.03778765,2.41834499,2.01539097,2.21716517,1.00780855,0.201562723,0.60468647,0.2015653,0.604714327
8.10810811,0.987875662,3.55630401,17.7808794,153.693235,77.0301386,720.480008,381.071865,17213.8258,3222.94104,36.298063,26.4145559,56.9125219,28.362003,19.9077396,21.1022687,54.2029355,8543.55953,29.2172882,8628.64849,53.7157804,91.8470369,1.57994251,2.962984,2.96258331,53.2646688,48.7348325,22.5112175,4.93791413,2.37040415,1.97543949,2.17321676,0.987831959,0.197567398,0.592700506,0.197569956,0.592728152
8.20820821,0.968294516,3.48581228,17.428426,150.646573,75.5029857,706.192203,373.510103,17280.3975,3237.08017,35.577951,25.8902724,55.7822647,27.7987882,19.5125835,20.6835292,53.1269588,8584.83361,28.6378641,8670.35978,52.6507438,90.0261455,1.5486178,2.90424546,2.90384781,52.2078877,47.7680198,22.0648605,4.8400196,2.32341322,1.93627959,2.13013906,0.968251144,0.193651228,0.580952007,0.193653766,0.58097944
8.30830831,0.949101516,3.41671787,17.0829592,147.660305,74.0061077,692.187685,366.098299,17345.6344,3250.93829,34.8721269,25.3763962,54.6744572,27.2467592,19.1252719,20.2730993,52.0723418,8625.28172,28.0699312,8711.23673,51.6068249,88.2413551,1.51791419,2.84667143,2.84627683,51.172074,46.8203878,21.6273544,4.74406594,2.27735388,1.897896,2.08791529,0.949058479,0.189812688,0.569436399,0.189815205,0.569463616
8.40840841,0.930289043,3.34899336,16.7443419,144.733247,72.5389103,678.460892,358.833511,17409.5629,3264.52092,34.1803098,24.8727226,53.5886578,26.7056959,18.7456505,19.8708158,51.0386646,8664.92,27.513264,8751.29565,50.583609,86.4919568,1.48781946,2.79023903,2.78984753,50.1568157,45.8915594,21.1985253,4.65001503,2.23220784,1.8602735,2.04652869,0.930246345,0.186050253,0.558149108,0.186052751,0.558176108
8.50850851,0.911849654,3.28261196,16.41244,141.864241,71.1008131,665.006391,351.712863,17472.2086,3277.83346,33.5022256,24.3790519,52.5244353,26.1753836,18.3735686,19.4765191,50.025517,8703.76423,26.9676419,8790.55247,49.5806912,84.7772584,1.45832173,2.73492593,2.73453756,49.1617106,44.9811667,20.7782036,4.55782967,2.18795725,1.82339719,2.00596289,0.911807299,0.182362437,0.547085671,0.182364914,0.547112451
8.60860861,0.893775459,3.21754524,16.0871116,139.052057,69.6912003,651.818423,344.733307,17533.5987,3290.88161,32.8375836,23.8951721,51.4813321,25.6555942,18.0088666,19.0900402,49.0324641,8741.83113,26.4328312,8829.02409,48.5976419,83.0965258,1.42940834,2.68070846,2.68032324,48.1863318,44.0888194,20.3662092,4.46747037,2.14458316,1.78725129,1.96620053,0.893733451,0.17874766,0.536241352,0.178750117,0.53626791
8.70870871,0.876058553,3.15376477,15.7682143,136.295467,68.3094555,638.891217,337.89179,17593.7604,3303.67111,32.1860923,23.420871,50.45889,25.1460995,17.6513843,18.7112095,48.0590703,8779.13744,25.9085978,8866.72742,47.6340309,81.4490237,1.40106666,2.6275629,2.62718086,47.2302521,43.2141266,19.9623618,4.37889761,2.10206659,1.75181999,1.9272242,0.876016895,0.175204341,0.525611409,0.175206777,0.525637743
8.80880881,0.858692637,3.09124785,15.4556349,133.59349,66.9550874,626.220177,331.185879,17652.7154,3316.20651,31.5475197,22.9559794,49.4567442,24.6467178,17.3009945,18.3398922,47.1049885,8815.69654,25.3947552,8903.67595,46.6895156,79.8341663,1.37328661,2.57547035,2.57509152,46.2931308,42.3567769,19.5665177,4.29207989,2.06039243,1.71709069,1.88902007,0.858651333,0.171731221,0.515192061,0.171733636,0.51521817
8.90890891,0.841670836,3.02996975,15.1492494,130.945056,65.6275595,613.800283,324.612918,17710.4874,3328.4928,30.9216126,22.5003128,48.4744962,24.1572505,16.9575578,17.9759409,46.16984,8851.52298,24.8910996,8939.88442,45.7637218,78.2513138,1.34605716,2.52441018,2.52403457,45.3745964,41.5164301,19.1785201,4.20698283,2.01954417,1.68304964,1.85157299,0.841629887,0.168326924,0.504979184,0.168329318,0.505005066
9.00900901,0.824986441,2.96990631,14.8489372,128.349122,64.3263488,601.62664,318.170315,17767.0997,3340.53483,30.3081238,22.0536911,47.5117575,23.677504,16.6209387,17.6192119,45.2532551,8886.63101,24.3974325,8975.36718,44.8562843,76.6998424,1.3193676,2.47436226,2.47398989,44.4742861,40.6927546,18.798216,4.12357286,1.97950571,1.64968341,1.81486821,0.824945851,0.164990109,0.494968752,0.164992482,0.494994406
9.10910911,0.808632914,2.91103399,14.5545806,125.804671,63.0509452,589.694476,311.855545,17822.5747,3352.33735,29.7068125,21.6159388,46.5681491,23.2072895,16.2910048,17.269565,44.3548736,8921.03447,23.9135601,9010.13823,43.9668474,75.1791437,1.29320746,2.42530697,2.42493787,43.5918465,39.8854271,18.4254563,4.0418173,1.94026136,1.61697893,1.77889135,0.808592684,0.161719468,0.485156842,0.16172182,0.485182266
9.20920921,0.792603884,2.85332986,14.266065,123.31071,61.8008517,577.999142,305.666146,17876.9344,3363.90497,29.1174439,21.1868849,45.6433021,22.7464233,15.9676272,16.9268637,43.4743445,8954.74689,23.4392938,9044.21123,43.0950643,73.6886253,1.26756653,2.3772252,2.37685937,42.7269331,39.0941325,18.0600956,3.96168429,1.90179581,1.58492346,1.74362839,0.792564018,0.158513726,0.475539631,0.158516057,0.475564826
9.30930931,0.776893149,2.79677159,13.9832786,120.866275,60.5755848,566.53611,299.599724,17930.2002,3375.24217,28.5397896,20.7663629,44.7368571,22.2947263,15.6506804,16.5909752,42.6113263,8987.7814,22.9744498,9077.59945,42.2405977,72.2277101,1.2424349,2.33009834,2.32973581,41.8792109,38.3185643,17.7019926,3.8831428,1.8640942,1.5535046,1.70906568,0.776853648,0.155371644,0.466113399,0.155373954,0.466138363
9.40940941,0.761493693,2.74133392,13.7060951,118.470274,59.3745969,555.300259,293.653567,17982.3963,3386.35404,27.973591,20.3541844,43.8484075,21.8519958,15.3400224,16.2617491,41.765432,9020.15288,22.5188205,9110.31791,41.4030656,70.7957455,1.21780133,2.28390533,2.2835461,41.0483003,37.5583753,17.3509871,3.80615775,1.82713967,1.52270829,1.67518779,0.761454558,0.152291818,0.456873935,0.152294107,0.456898667
9.50950951,0.746397786,2.68698902,13.4343756,116.121505,58.1972851,544.285945,287.824689,18033.5493,3397.24619,27.4185632,19.9501417,42.977505,21.4180086,15.0354967,15.9390197,40.9362358,9051.87772,22.0721767,9142.38316,40.5820474,69.3920125,1.19365345,2.23862298,2.23826707,40.2337834,36.8131833,17.0069028,3.73069048,1.79091367,1.4925191,1.64197771,0.74635902,0.149272703,0.447816601,0.149274969,0.447841101
9.60960961,0.731600999,2.63372096,13.1680401,113.819277,57.043304,533.489936,282.111379,18083.6744,3407.92181,26.8745433,19.5541162,42.1238935,20.9926371,14.7370137,15.6226921,40.1234937,9082.9653,21.6343874,9173.8047,39.777302,68.016099,1.16998418,2.19423801,2.19388542,39.4354208,36.0827693,16.6696387,3.65671883,1.75540556,1.46292815,1.6094257,0.731562601,0.146313411,0.438938739,0.146315656,0.438963006
9.70970971,0.717097516,2.58150878,12.906984,111.562687,55.9122,522.907989,276.511391,18132.7919,3418.38513,26.3413169,19.1659517,41.2872361,20.5757134,14.4444559,15.3126417,39.3268856,9113.42798,21.2052803,9204.59499,38.9885131,66.6674642,1.1467842,2.15073296,2.1503837,38.6528983,35.3668459,16.3390621,3.58421373,1.72060139,1.43392381,1.57751896,0.717059488,0.14341278,0.430236861,0.143415004,0.430260895
9.80980981,0.702881671,2.5303321,12.6511054,109.350853,54.803531,512.535968,271.022534,18180.9212,3428.64025,25.8186754,18.7854962,40.4672046,20.167074,14.1577086,15.0087472,38.5460992,9143.27776,20.7846876,9234.76616,38.2153722,65.3455808,1.12404445,2.10809084,2.10774491,37.8859096,34.6651328,16.0150439,3.51314684,1.68648756,1.40549475,1.54624502,0.702844014,0.140569677,0.421707566,0.140571879,0.421731366
9.90990991,0.688947944,2.48017105,12.4003049,107.182915,53.7168668,502.369845,265.642679,18228.0815,3438.69116,25.3064156,18.4126015,39.6634795,19.7665596,13.8766602,14.7108903,37.7808305,9172.52636,20.3724459,9264.33004,37.457579,64.0499356,1.10175609,2.06629508,2.06595248,37.1341563,33.9773571,15.6974582,3.44349056,1.65305083,1.37762994,1.51559175,0.688910659,0.137782998,0.413347542,0.137785179,0.413371108
10.01001,0.675290965,2.43100628,12.1544859,105.058038,52.6517882,492.4057,260.369749,18274.2911,3448.54175,24.8043395,18.0471235,38.8757498,19.3740155,13.601202,14.418956,37.0307839,9201.18516,19.9683962,9293.29813,36.7148413,62.7800289,1.07991054,2.02532956,2.02499031,36.3973483,33.3032535,15.3861824,3.37521803,1.62027828,1.35031862,1.48554732,0.675254052,0.135051669,0.405153567,0.135053827,0.4051769
10.1101101,0.661905512,2.38281901,11.9135542,102.97541,51.607888,482.639721,255.201726,18319.5683,3458.19582,24.3122548,17.6889221,38.1037129,18.9892907,13.3312283,14.1328323,36.2956715,9229.26524,19.5723836,9321.68163,35.9868749,61.535375,1.05849942,1.98517862,1.98484271,35.675203,32.6425635,15.0810974,3.30830312,1.5881574,1.32355035,1.45610025,0.661868971,0.132374644,0.397122508,0.132376781,0.397145607
10.2102102,0.648785601,2.33558768,11.6774023,100.9341,50.5846995,473.067542,250.1363,18363.9336,3467.65769,23.8299411,17.3378367,37.3470222,18.6122127,13.0666182,13.8523912,35.5751638,9256.77929,19.1842311,9349.49335,35.2733542,60.3154173,1.03751317,1.94582431,1.94549175,34.9673973,31.9949915,14.7820669,3.24271593,1.55667382,1.29731317,1.42723737,0.648749433,0.129750728,0.389250774,0.129752844,0.389273639
10.3103103,0.635923802,2.28928556,11.4458963,98.9329506,49.581643,463.683737,245.170599,18407.4124,3476.93275,23.3571246,16.9936676,36.6052469,18.2425667,12.8072211,13.5774732,34.8688512,9283.74305,18.8037186,9376.74919,34.5738748,59.1194646,1.01693989,1.90724434,1.90691511,34.2735292,31.3601699,14.4889212,3.17841929,1.52580971,1.27159221,1.39894235,0.635888007,0.127178435,0.381533908,0.127180529,0.381556539
10.4104104,0.623316941,2.24390121,11.2189792,96.9714689,48.598471,454.485991,240.303398,18450.016,3486.02329,22.8936885,16.6563299,35.8782036,17.8802615,12.5529731,13.3080104,34.1765591,9310.16327,18.4307521,9403.45596,33.8882641,57.9472218,0.996774504,1.86942917,1.86910327,33.5934274,30.7379418,14.201588,3.11539732,1.49555745,1.24638112,1.37120818,0.623281518,0.124657129,0.373970004,0.124659202,0.373992402
10.5105105,0.610960057,2.19941677,10.9965616,95.0488827,47.6347965,445.470683,235.532778,18491.7614,3494.93291,22.43945,16.3256904,35.1656051,17.5251539,12.3037736,13.0438967,33.4980144,9336.05048,18.0651847,9429.6243,33.2162521,56.7982273,0.977009072,1.83236392,1.83204136,32.9268237,30.128062,13.9199542,3.05362522,1.46590512,1.22166999,1.34402396,0.610925006,0.122185818,0.366556085,0.122187869,0.366578251
10.6106106,0.598848312,2.15581484,10.7785565,93.1644393,46.6902422,436.634283,230.856872,18532.6653,3503.66512,21.9942311,16.0016193,34.4671714,17.1771043,12.059525,12.7850283,32.8329505,9361.41493,17.7068731,9455.26458,32.5575754,55.6720311,0.957635854,1.79603408,1.79571485,32.2734567,29.5302914,13.6439094,2.9930788,1.43684112,1.19744913,1.31737905,0.598813632,0.119763535,0.359289251,0.119765565,0.359311184
10.7107107,0.586976994,2.11307843,10.5648791,91.3174055,45.7644406,427.97335,226.273858,18572.744,3512.22332,21.5578581,15.6839902,33.7826295,16.8359769,11.8201318,12.5313044,32.1811082,9386.26663,17.3556777,9480.38689,31.9119779,54.5681949,0.938647305,1.76042552,1.7601096,31.6330717,28.944397,13.3733461,2.93373448,1.40835413,1.17370911,1.29126307,0.586942685,0.117389338,0.352166671,0.117391346,0.352188373
10.8108108,0.575341513,2.07119105,10.3554467,89.5070672,44.8570337,419.484537,221.781964,18612.0133,3520.61085,21.1301621,15.37268,33.1117139,16.5016392,11.5855014,12.2826267,31.5422345,9410.61531,17.0114628,9505.00107,31.2792096,53.4862919,0.920036084,1.72552445,1.72521185,31.0054207,28.3701519,13.1081598,2.87556933,1.38043315,1.15044077,1.26566594,0.575307574,0.115062307,0.345185594,0.115064294,0.345207064
10.9109109,0.563937406,2.0301366,10.1501789,87.7327299,43.9676733,411.164584,217.379464,18650.4887,3528.83094,20.7109788,15.0675689,32.4541661,16.1739626,11.3555434,12.0388995,30.9160838,9434.47045,16.6740961,9529.11669,30.6590277,52.4259068,0.901795045,1.6913175,1.6910082,30.3902626,27.8073355,12.8482485,2.81856102,1.35306745,1.12763516,1.24057783,0.563903837,0.112781552,0.338343341,0.112783517,0.33836458
11.011011,0.552759753,1.98989739,9.94898733,85.993628,43.0959757,403.009902,213.064458,18688.1872,3536.88715,20.3001268,14.7685248,31.8097013,15.8528051,11.1301583,11.8000174,30.302385,9457.84249,16.3434319,9552.74428,30.0511646,51.386582,0.883916316,1.65778989,1.65748389,29.7873313,27.2557046,12.5935002,2.76268494,1.32624523,1.10528246,1.21598791,0.552726552,0.110546087,0.33163696,0.110548031,0.331657969
11.1111111,0.541801934,1.95044957,9.75175271,84.2887314,42.2414245,395.015656,208.834388,18725.1314,3544.78428,19.8973623,14.4753701,31.1779355,15.5379755,10.9092121,11.5658385,29.7007733,9480.74543,16.0192741,9575.89802,29.4552599,50.3677018,0.866389301,1.62492176,1.62461905,29.1962689,26.7149317,12.3437637,2.70790799,1.2999506,1.08336942,1.19188163,0.541769101,0.108354588,0.325062478,0.108356511,0.325083258
11.2112112,0.531061331,1.91178373,9.55842793,82.6176326,41.4038154,387.179936,204.688242,18761.3305,3552.52422,19.5025889,14.1880345,30.5587177,15.2293983,10.692652,11.3363069,29.1111047,9503.18487,15.7015452,9598.58354,28.8711712,49.3690225,0.849209809,1.59270526,1.59240583,28.616934,26.1848874,12.0989794,2.65421708,1.27417727,1.06189079,1.16825321,0.531028863,0.106206533,0.318618325,0.106208434,0.318638876
11.3113113,0.520533696,1.87388458,9.36893655,80.9796711,40.5828172,379.499643,200.624379,18796.7992,3560.11005,19.1156502,13.9064042,29.9518021,14.9269513,10.480392,11.1113316,28.5331455,9525.1698,15.3901196,9620.80993,28.2986674,48.3901492,0.832371046,1.56112765,1.56083148,28.0490973,25.665362,11.8590504,2.60159096,1.24891505,1.0408381,1.14509333,0.520501594,0.104101071,0.312301952,0.104102951,0.312322276
11.4114114,0.510214889,1.83673721,9.18320404,79.3742023,39.778107,371.971755,196.641199,18831.5519,3567.54477,18.7363939,13.630368,29.356949,14.630515,10.2723484,10.8908239,27.9666676,9546.70902,15.0848745,9642.58607,27.7375232,47.4306967,0.815866384,1.5301765,1.52988358,27.4925349,25.1561507,11.6238823,2.55000893,1.224154,1.02020305,1.12239286,0.51018315,0.102037374,0.306110876,0.102039234,0.306130973
11.5115115,0.500100872,1.80032707,9.00115771,77.8005981,38.9893698,364.593325,192.737142,18865.6023,3574.83132,18.3646712,13.3598178,28.7739247,14.3399728,10.0684397,10.6746972,27.4114488,9567.81111,14.7856904,9663.92062,27.187519,46.4902894,0.799689363,1.4998397,1.49955002,26.9470286,24.6570538,11.393383,2.49945081,1.19988443,0.999977572,1.10014293,0.500069496,0.100014635,0.300042672,0.100016474,0.300062544
11.6116116,0.490187712,1.76464002,8.82272677,76.2582464,38.2162987,357.361482,188.910688,18898.9641,3581.97252,18.0003372,13.0946478,28.2025017,14.0552115,9.86858626,10.4628675,26.8672725,9588.48439,14.4924508,9684.82202,26.6484406,45.5685614,0.783833687,1.47010545,1.46981899,26.4123659,24.1678771,11.1674628,2.44989691,1.1760969,0.980153795,1.07833487,0.490156696,0.0980320669,0.294094982,0.0980338852,0.294114629
11.7117117,0.480471579,1.72966227,8.64784228,74.7465513,37.4585952,350.273431,185.160356,18931.6506,3588.97117,17.6432511,12.8347555,27.6424582,13.7761207,9.67271068,10.2552527,26.3339278,9608.73702,14.2050424,9705.29847,26.1200797,44.6651566,0.768293229,1.44096225,1.440679,25.8883399,23.6884312,10.9460344,2.4013281,1.15278221,0.96072406,1.05696028,0.480440922,0.0960889041,0.288265507,0.0960907018,0.288284931
11.8118118,0.470948449,1.69537932,8.47643179,73.2648866,36.7159452,343.326233,181.484592,18963.6757,3595.83018,17.2932645,12.5800328,27.0935613,13.5025841,9.48073156,10.0517665,25.8111932,9628.57751,13.9233459,9725.3586,25.6022173,43.7797006,0.753061547,1.41239804,1.41211798,25.3747331,23.2185171,10.729006,2.35372424,1.12993071,0.941680317,1.03601028,0.470918149,0.0941843414,0.282551832,0.0941861185,0.282571034
11.9119119,0.461612667,1.66177082,8.30839355,71.8123725,35.9879077,336.515763,177.881212,18995.0587,3602.55364,16.9501691,12.330328,26.5554834,13.2344386,9.29253448,9.85228788,25.2987571,9648.01786,13.647194,9745.01451,25.0945458,42.9116675,0.738129593,1.38439584,1.38411896,24.8712398,22.7578554,10.5162486,2.30705706,1.10752882,0.923011258,1.01547245,0.461582722,0.0923172482,0.276950566,0.0923190049,0.276969546
12.012012,0.452461917,1.62882844,8.14368586,70.3886487,35.2743021,329.840329,174.349319,19025.8077,3609.14323,16.6138799,12.0855791,26.0280907,12.9716177,9.1080727,9.6567672,24.7964923,9667.063,13.3765181,9764.27118,24.5969391,42.0608418,0.72349366,1.35694871,1.35667499,24.3777349,22.3063315,10.3077095,2.26131497,1.08557099,0.90471225,0.995341683,0.452432326,0.0904871611,0.271460318,0.0904888974,0.271479078
12.1121121,0.443492577,1.59653913,7.9822435,68.9931515,34.5748458,323.297288,170.887515,19055.9354,3615.60158,16.2842634,11.8456888,25.5111737,12.7140167,8.927273,9.46512692,24.3041993,9685.72061,13.1112108,9783.13638,24.1092001,41.2268866,0.709147952,1.33004578,1.32977521,23.8940228,21.8637664,10.1033059,2.21647987,1.06404852,0.886776047,0.975610013,0.443463337,0.0886933555,0.266078914,0.0886950717,0.266097456
12.2122122,0.434701113,1.56489018,7.82400288,67.6253309,33.8892632,316.88406,167.494433,19085.4538,3621.93125,15.9611894,11.6105624,25.0045279,12.4615339,8.75006392,9.27729137,23.8216835,9703.9982,12.8511676,9801.61769,23.6311366,40.4094733,0.695086814,1.30367646,1.303409,23.4199126,21.4299855,9.90295735,2.17253408,1.04295293,0.869195581,0.956269665,0.434672222,0.0869351248,0.260804235,0.0869368208,0.26082256
12.3123123,0.426084079,1.53386917,7.66890197,66.284651,33.2172855,310.598131,164.168742,19114.3748,3628.13473,15.6445313,11.3801075,24.507954,12.2140699,8.57637582,9.09318678,23.3487554,9721.90308,12.5962865,9819.72249,23.1625611,39.6082813,0.681304733,1.27783039,1.27756604,22.955218,21.0048185,9.70658526,2.12946037,1.02227595,0.851963962,0.937313059,0.426055536,0.0852117798,0.255634213,0.0852134558,0.255652322
12.4124124,0.41763812,1.50346402,7.51688036,64.9705895,32.558651,304.437051,160.909144,19142.7101,3634.21445,15.3341654,11.1542341,24.0212578,11.971528,8.40614088,8.91274129,22.8852302,9739.44237,12.3464681,9837.45798,22.703291,38.8229984,0.667796338,1.25249751,1.25223625,22.4997577,20.5880995,9.51411309,2.08724197,1.00200953,0.835074476,0.918732812,0.417609922,0.0835226492,0.250566835,0.0835243054,0.250584729
12.5125125,0.409359968,1.47366298,7.36787924,63.682638,31.9131048,298.398435,157.714378,19170.471,3640.17278,15.0299714,10.9328546,23.5442502,11.7338141,8.23929303,8.73588493,22.4309281,9756.62301,12.1016156,9854.83118,22.2531485,38.0533209,0.654556401,1.22766803,1.22740984,22.0533553,20.1796671,9.32546632,2.04586252,0.98214581,0.818520588,0.900521734,0.409332113,0.0818670797,0.245600139,0.0818687162,0.245617819
12.6126126,0.401246309,1.44445412,7.22183898,62.420281,31.2803884,292.479865,154.583162,19197.6689,3646.01213,14.7318273,10.7158802,23.0767397,11.5008326,8.07576533,8.56254677,21.9856667,9773.45204,11.861631,9871.84917,21.8119534,37.2989405,0.641579619,1.20333199,1.20307685,21.6158318,19.7793575,9.14056942,2.00530548,0.962676856,0.802295673,0.882672538,0.401218795,0.0802444085,0.240732138,0.0802460254,0.240749607
12.7127127,0.393292231,1.41581974,7.07867113,61.1827538,30.6601186,286.677754,151.513599,19224.3206,3651.73605,14.4395522,10.5031788,22.6184415,11.2724416,7.91545831,8.39262151,21.5491754,9789.93987,11.6263687,9888.52249,21.3794382,36.5594001,0.628858129,1.17947466,1.17922255,21.1869214,19.3869277,8.95931028,1.96554625,0.943590866,0.7863899,0.865174411,0.393265055,0.0786536529,0.235959884,0.0786552503,0.235977142
12.8128128,0.385495777,1.38775281,6.93834049,59.9697524,30.052143,280.990676,148.504932,19250.4331,3657.34596,14.1530742,10.2946983,22.1692428,11.048585,7.75833256,8.22606736,21.1213466,9806.09066,11.3957709,9904.85534,20.9554966,35.8345179,0.616388803,1.15609017,1.15584106,20.7665187,19.0022813,8.78164436,1.92657507,0.92488315,0.770799361,0.848023054,0.385468938,0.0770944219,0.231282204,0.077096,0.231299253
12.9129129,0.377853867,1.36024223,6.8007916,58.7807971,29.456221,275.41638,145.55597,19276.0169,3662.84409,13.8722798,10.0903559,21.7289654,10.829174,7.60432579,8.06281832,20.7020108,9821.91096,11.1697464,9920.85432,20.539961,35.1240073,0.60416671,1.13316927,1.13292315,20.3544572,18.6252658,8.60750138,1.88837653,0.90654631,0.755517891,0.831211686,0.377827361,0.075566099,0.226697248,0.075567658,0.22671409
13.013013,0.370363494,1.33327719,6.66597034,57.6154203,28.8721183,269.952674,142.665552,19301.0824,3668.23262,13.5970583,9.89007105,21.2974355,10.6141219,7.45337724,7.90281005,20.2910026,9837.40714,10.9482061,9936.52589,20.1326678,34.4275887,0.592187039,1.11070295,1.1104598,19.9505745,18.2557328,8.43681278,1.85093559,0.888573132,0.740539478,0.814733694,0.370337319,0.0740680832,0.222203213,0.0740696231,0.222219849
13.1131131,0.363021728,1.30684713,6.53382399,56.473166,28.2996064,264.597417,139.832545,19325.6398,3673.51367,13.327302,9.69376523,20.8744835,10.4033443,7.30542771,7.74597982,19.8881607,9852.58543,10.7310633,9951.87633,19.7334575,33.7449896,0.580445102,1.08868242,1.08844221,19.5547124,17.8935375,8.26951177,1.81423761,0.870956584,0.725858263,0.798582631,0.362995882,0.0725997884,0.217798341,0.0726013094,0.217814773
13.2132132,0.355825716,1.28094178,6.40430117,55.3535904,27.7384626,259.348529,137.055847,19349.6989,3678.68931,13.0629058,9.50136192,20.4599444,10.196759,7.16041954,7.59226657,19.4933281,9867.45188,10.5182336,9966.91175,19.3421751,33.0759446,0.568936335,1.06709911,1.06686183,19.1667167,17.5385389,8.10553328,1.77826832,0.853689819,0.711468538,0.782752223,0.355800197,0.071160644,0.21348092,0.0711621462,0.213497149
13.3133133,0.348772682,1.25555116,6.27735192,54.2562613,27.1884703,254.203982,134.334384,19373.2692,3683.76156,12.8037675,9.31278669,20.0536578,9.99428594,7.01829662,7.44161083,19.1063521,9882.0124,10.3096347,9981.63813,18.9586693,32.4201955,0.557656294,1.0459447,1.04571032,18.7864374,17.1905998,7.94481399,1.74301383,0.836766171,0.697364751,0.767236358,0.348747486,0.0697500946,0.209249284,0.0697515783,0.209265312
13.4134134,0.341859891,1.2306654,6.15292701,53.1807532,26.6494164,249.161779,131.667099,19396.3603,3688.73239,12.5497864,9.12796621,19.6554655,9.79584638,6.87900369,7.29395408,18.7270822,9896.27279,10.1051857,9996.06131,18.5827914,31.7774879,0.546600603,1.02521099,1.02497948,18.4137269,16.849585,7.78729156,1.70846048,0.820179077,0.683541432,0.752029021,0.341835016,0.0683675933,0.205101792,0.0683690585,0.205117621
13.5135135,0.335082313,1.20626641,6.0309359,52.1262836,26.1209084,244.218251,129.052049,19418.9895,3693.60544,12.3007773,8.94676544,19.2650759,9.60129509,6.74243895,7.14918852,18.3552412,9910.2437,9.90473756,10010.1921,18.2142677,31.1473539,0.535761212,1.00488287,1.00465422,18.0483131,16.5152459,7.63285124,1.6745831,0.803916465,0.66998852,0.737119146,0.335057757,0.0670121342,0.201035427,0.0670135811,0.201051057
13.6136136,0.328438938,1.18235055,5.91136041,51.0926953,25.6028676,239.372659,126.488844,19441.1602,3698.38145,12.056703,8.76915745,18.8824312,9.41060317,6.60858211,7.00729261,17.9907738,9923.9273,9.7082605,10024.0326,17.8530434,30.5296996,0.525136506,0.984957322,0.984731505,17.6901418,16.1875326,7.48147004,1.64137665,0.78797591,0.656703995,0.722504512,0.328414697,0.0656835152,0.197049582,0.065684944,0.197065016
13.7137137,0.321927153,1.15890841,5.79415352,50.0795816,25.0950901,234.623097,123.976473,19462.8815,3703.06232,11.8174675,8.59507221,18.5073803,9.22369535,6.47738039,6.86821044,17.6335364,9937.32913,9.51567715,10037.5885,17.4989761,29.9242821,0.514722304,0.965426509,0.965203501,17.3390717,15.8663161,7.33308838,1.60882806,0.772351142,0.643682632,0.708179369,0.321903226,0.0643812138,0.19314269,0.0643826246,0.193157929
13.8138138,0.315544414,1.13593083,5.67926942,49.0865467,24.5973776,229.967706,121.513953,19484.1622,3707.64988,11.5829771,8.42444149,18.139776,9.04049834,6.34878236,6.73188753,17.2833888,9950.45461,9.32691218,10050.8652,17.1519276,29.3308647,0.504514536,0.946282795,0.946062572,16.9949654,15.5514706,7.18764824,1.57692462,0.757036055,0.630919342,0.694138121,0.315520797,0.0631047211,0.189313223,0.063106114,0.18932827
13.9139139,0.309288244,1.1134089,5.56666352,48.1132053,24.1095367,225.40468,119.100327,19505.0109,3712.14593,11.3531407,8.25719892,17.7794751,8.86094077,6.22273798,6.59827086,16.9401948,9963.30898,9.14189227,10063.868,16.811763,28.749217,0.494509238,0.927518748,0.927301287,16.6576893,15.2428737,7.04509314,1.54565393,0.742024702,0.618409171,0.680375317,0.309264935,0.0618535416,0.185559697,0.0618549168,0.185574552
14.014014,0.303156233,1.09133395,5.45629246,47.1591822,23.6313796,220.93226,116.734662,19525.4358,3716.55221,11.1278695,8.09327991,17.4263385,8.68495325,6.09919858,6.46730888,16.6038219,9975.89737,8.96054609,10076.6021,16.4783513,28.1791148,0.484702554,0.909127141,0.908912419,16.327113,14.9404065,6.90536815,1.51500395,0.727311302,0.606147299,0.666885657,0.303133229,0.0606271936,0.181880664,0.0606285512,0.181895329
14.1141141,0.29714604,1.06969753,5.34811409,46.2241134,23.1627236,216.548736,114.416055,19545.445,3720.87043,10.9070774,7.9326217,17.0802306,8.51246834,5.97811686,6.33895147,16.2741412,9988.22475,8.78280433,10089.0726,16.1515651,27.6203405,0.475090739,0.891100949,0.890888943,16.0031102,14.6439531,6.76841987,1.48496297,0.712890235,0.594129045,0.65366399,0.297123338,0.0594252086,0.178274721,0.0594265489,0.178289198
14.2142142,0.291255391,1.04849147,5.24208748,45.3076448,22.7033913,212.252448,112.143625,19565.0465,3725.10223,10.6906807,7.77516335,16.7410202,8.34342054,5.85944688,6.21314995,15.9510278,10000.2959,8.60859969,10101.2843,15.8312806,27.0726826,0.465670153,0.873433351,0.873224035,15.6855581,14.3534014,6.63419646,1.45551962,0.698756042,0.582349859,0.640705313,0.291232989,0.0582471319,0.174740502,0.058248455,0.174754793
14.3143143,0.28548208,1.02770783,5.13817292,44.4094333,22.2532107,208.041787,109.916521,19584.2478,3729.24921,10.4785983,7.62084575,16.4085797,8.17774634,5.74314408,6.08985713,15.6343602,10012.1156,8.43786685,10113.2419,15.517378,26.5359358,0.456437267,0.856117726,0.855911079,15.3743376,14.0686422,6.50264762,1.42666288,0.684903431,0.57080533,0.628004773,0.285459975,0.0570925223,0.171276685,0.0570938283,0.171290791
14.4144144,0.279823419,1.00733692,5.03632203,43.5290605,21.8119721,203.91479,107.733704,19603.0582,3733.31331,10.2707312,7.46959682,16.0827536,8.01536826,5.62915415,5.96901545,15.3239905,10023.6896,8.27052624,10124.9513,15.2097108,26.0098502,0.447387781,0.839146013,0.838942009,15.0693033,13.7895429,6.37371205,1.39837929,0.671325949,0.559490082,0.615556455,0.279801608,0.0559608422,0.167881656,0.0559621313,0.167895579
14.5145145,0.274275003,0.9873629,4.93645553,42.6658413,21.3793319,199.868244,105.593472,19621.4928,3737.29773,10.0669171,7.3212983,15.7632866,7.85615913,5.51738793,5.85053052,15.019676,10035.027,8.1064474,10136.4217,14.9080395,25.494016,0.438514644,0.822504994,0.822303609,14.7702172,13.5158854,6.24728929,1.37064683,0.658013023,0.548395304,0.603350671,0.274253483,0.0548512107,0.164552772,0.054852483,0.164566514
14.6146146,0.268836502,0.967784564,4.83856744,41.819724,20.9552644,195.901905,103.495697,19639.5528,3741.20271,9.86714402,7.17594149,15.4501603,7.70010967,5.40783886,5.73439534,14.7213989,10046.1287,7.94562059,10147.6541,14.612346,24.9884024,0.429817327,0.806193676,0.805994886,14.4770617,13.2476537,6.12337181,1.34346386,0.64496386,0.537520334,0.591386689,0.26881527,0.0537635614,0.161289835,0.0537648171,0.161303398
14.7147147,0.263505792,0.948594278,4.74261957,40.9903783,20.5396039,192.014225,101.439558,19657.2456,3745.02978,9.67133384,7.03346951,15.1432519,7.54715876,5.30046409,5.62056452,14.4290423,10056.9992,7.78798298,10158.6528,14.322515,24.4928122,0.421292436,0.790205694,0.790009475,14.189722,12.9847429,6.00191123,1.31681975,0.632173366,0.526860929,0.579659843,0.263484845,0.0526974701,0.158091572,0.0526987093,0.158104957
14.8148148,0.258280808,0.929784605,4.64857476,40.177483,20.1321894,188.203696,99.424256,19674.5783,3748.78044,9.47941057,6.89382702,14.8424421,7.39724695,5.19522191,5.50899385,14.1424928,10067.6429,7.63347344,10169.4224,14.038434,24.0070532,0.412936666,0.774534852,0.774341179,13.9080867,12.727051,5.88286045,1.29070418,0.619636585,0.516412957,0.568165589,0.258260144,0.0516525235,0.154956743,0.0516537464,0.154969952
14.9149149,0.253159543,0.911348314,4.55639682,39.3807255,19.7328642,184.468852,97.4490155,19691.5578,3752.45614,9.29130031,6.7569602,14.5476147,7.25031637,5.09207173,5.39964033,13.8616399,10078.0639,7.48203252,10179.9671,13.7599937,23.5309386,0.404746802,0.759175123,0.758983971,13.6320474,12.4744787,5.76617368,1.26510711,0.607348694,0.506172401,0.556899505,0.253139158,0.0506283199,0.151884143,0.0506295267,0.151897177
15.015015,0.248140041,0.893278374,4.46605062,38.5998018,19.3414759,180.808267,95.5130815,19708.1909,3756.05831,9.1069312,6.62281671,14.258657,7.10631081,4.99097412,5.2924622,13.586376,10088.2666,7.3336024,10190.2912,13.4870881,23.0642867,0.396719721,0.744120648,0.743931993,13.3614984,12.2269296,5.6518064,1.24001878,0.595305008,0.496135354,0.545857298,0.248119934,0.0496244687,0.1488726,0.0496256596,0.148885462
15.1151151,0.243220409,0.875567959,4.37750202,37.8344169,18.9578767,177.220558,93.6157207,19724.484,3759.58831,8.92623347,6.49134575,13.9754595,6.96517567,4.89189078,5.18741887,13.316597,10098.2548,7.18812697,10200.3987,13.2196137,22.6069213,0.388852388,0.729365738,0.729179557,13.0963375,11.98431,5.53971535,1.21542969,0.583500976,0.486298025,0.535034794,0.243200576,0.0486405908,0.145920977,0.0486417658,0.145933668
15.2152152,0.238398804,0.858210444,4.2907179,37.0842845,18.5819229,173.704381,91.7562219,19740.4436,3763.04749,8.74913944,6.36249803,13.6979157,6.826858,4.79478456,5.08447097,13.0522018,10108.0326,7.04555175,10210.2936,12.9574707,22.1586711,0.381141859,0.714904874,0.714721142,12.8364653,11.746529,5.4298586,1.19133066,0.57193218,0.476656734,0.524427945,0.238379243,0.047676318,0.143028169,0.0476774774,0.143040691
15.3153153,0.233673445,0.841199408,4.20566616,36.3491272,18.2134756,170.258434,89.9338956,19756.0758,3766.43712,8.57558348,6.23622576,13.4259227,6.69130644,4.69961945,4.98358034,12.7930921,10117.6036,6.90582397,10219.9797,12.7005619,21.7193703,0.373585281,0.700732705,0.700551398,12.5817855,11.5134985,5.32219549,1.16771276,0.560594342,0.467207912,0.514032828,0.233654152,0.0467312936,0.140193106,0.0467324375,0.14020546
15.4154154,0.229041547,0.824524834,4.12229669,35.6285117,17.8523175,166.880686,88.1476665,19771.3902,3769.75922,8.40546313,6.11245429,13.1593194,6.55844075,4.60633917,4.88468739,12.5391148,10126.9739,6.76886121,10229.4629,12.4487359,21.28876,0.3661782,0.686840881,0.686661975,12.3321477,11.2850809,5.21666254,1.14456207,0.54948078,0.457945995,0.50384332,0.22902252,0.0458049612,0.137414119,0.0458060897,0.137426307
15.5155155,0.224500019,0.808175589,4.04055385,34.9219571,17.4982076,163.568879,86.3963399,19786.3974,3773.01605,8.2386645,5.99110065,12.8979268,6.42817172,4.51488118,4.78772588,12.2900997,10136.1499,6.63457191,10238.7499,12.2018245,20.8665527,0.358915668,0.673220124,0.673043594,12.0873849,11.0611235,5.11318923,1.12186315,0.538584074,0.448864797,0.493852618,0.224481255,0.0448967021,0.134689352,0.0448978155,0.134701376
15.6156156,0.220048515,0.792150426,3.9604314,34.2294094,17.1511187,160.322762,84.6797813,19801.0987,3776.20784,8.07517499,5.8721557,12.6417253,6.30048959,4.4252386,4.69268848,12.0460279,10145.1324,6.50294588,10247.8414,11.959809,20.4527162,0.351797133,0.659869399,0.65969522,11.8474784,10.8416092,5.0117677,1.09961424,0.527903393,0.439963626,0.484059961,0.220030011,0.0440064472,0.132018597,0.0440075456,0.132030459
15.7157157,0.215685293,0.776443079,3.88189801,33.5505978,16.8109152,157.141063,82.9973177,19815.5001,3779.33586,7.91493054,5.7555728,12.3906143,6.17534424,4.33737628,4.59953793,11.8068037,10153.9251,6.37393158,10256.7412,11.7225945,20.0470885,0.344819807,0.64678348,0.646611629,11.6123343,10.626452,4.91235825,1.07780666,0.517434558,0.431239001,0.474461518,0.215667046,0.0431338483,0.12940081,0.0431349319,0.129412512
15.8158158,0.211408657,0.761047441,3.80492314,32.8852583,16.4774647,154.022545,81.3482936,19829.6073,3782.40133,7.75786877,5.64130651,12.1444959,6.05268686,4.25125996,4.50823797,11.5723339,10162.5316,6.24747881,10265.4529,11.4900888,19.6495119,0.337980979,0.633957281,0.633787733,11.381861,10.4155682,4.81492222,1.05643193,0.507173501,0.422687529,0.465053558,0.211390664,0.0422785663,0.126834974,0.0422796351,0.126846517
15.9159159,0.207216958,0.745957571,3.72947708,32.2331341,16.1506384,150.966002,79.7320709,19843.4262,3785.40546,7.60392896,5.52931263,11.9032746,5.93246994,4.16685633,4.41875327,11.3425277,10170.9554,6.12353873,10273.9801,11.2622021,19.259833,0.331278008,0.621385851,0.621218581,11.1559694,10.2088762,4.71942198,1.03548178,0.497116259,0.41430591,0.455832451,0.207199216,0.0414402709,0.124320098,0.0414413252,0.124331483
16.016016,0.203108589,0.73116769,3.65553095,31.5939755,15.8303112,147.970263,78.1480292,19856.9622,3788.3494,7.45305206,5.41954814,11.6668579,5.81464728,4.08413297,4.33104949,11.1172968,10179.2,6.00206383,10282.3261,11.0388472,18.8779024,0.324708325,0.609064374,0.608899359,10.9345728,10.0062968,4.62582093,1.01494819,0.48725898,0.406090933,0.446794664,0.203091096,0.0406186411,0.121855218,0.040619681,0.121866448
16.1161161,0.199081991,0.716672183,3.58305667,30.9675397,15.5163614,145.034189,76.5955654,19870.2206,3791.23429,7.3051807,5.31197128,11.4351556,5.69917399,4.0030584,4.24509328,10.8965556,10187.2685,5.88300795,10290.4944,10.8199392,18.5035751,0.318269436,0.59698817,0.596825386,10.7175871,9.80775294,4.53408352,0.994823373,0.477597922,0.398039479,0.437936767,0.199064745,0.0398133651,0.119439399,0.0398143908,0.119450476
16.2162162,0.19513565,0.702465598,3.51202697,30.3535912,15.2086708,142.156675,75.0740941,19883.2068,3794.06123,7.16025916,5.20654148,11.2080803,5.5860065,3.92360204,4.16085223,10.6802208,10195.1643,5.76632626,10298.4881,10.6053956,18.1367103,0.311958916,0.585152697,0.58499212,10.5049305,9.61316979,4.44417521,0.975099748,0.468129448,0.390148519,0.429255427,0.195118647,0.0390241399,0.117071733,0.0390251515,0.117082657
16.3163163,0.191268096,0.688542645,3.44241541,29.7519012,14.9071249,139.336648,73.5830473,19895.9258,3796.83127,7.01823342,5.10321939,10.9855471,5.47510252,3.84573423,4.07829491,10.4682115,10202.8905,5.65197529,10306.3106,10.3951367,17.7771713,0.305774417,0.573553547,0.573395154,10.2965236,9.42247482,4.35606252,0.955769971,0.458850035,0.382415115,0.420747413,0.191251333,0.0382506717,0.114751338,0.0382516693,0.114762111
16.4164164,0.187476654,0.674893694,3.37417384,29.1620536,14.611515,136.572156,72.1213916,19908.3868,3799.54635,6.87900496,5.00193325,10.7674012,5.36638492,3.76940088,3.99736403,10.2603806,10210.4527,5.53987583,10313.9673,10.1890167,17.4247093,0.299711656,0.562182694,0.56202646,10.0922219,9.23553578,4.26968443,0.936820665,0.449753259,0.374833915,0.412406838,0.187460129,0.0374924253,0.112476608,0.0374934093,0.112487233
16.5165165,0.183759546,0.661512346,3.30727026,28.5837717,14.3217024,133.861902,70.68844,19920.5959,3802.20777,6.74250836,4.9026354,10.5535398,5.25980248,3.69456609,3.91802155,10.0566302,10217.8547,5.42997524,10321.4623,9.98693911,17.0791589,0.293767789,0.551034805,0.550880707,9.89192944,9.05226486,4.18500041,0.918242941,0.440834856,0.367401366,0.404229793,0.183743257,0.0367490454,0.110246477,0.0367500157,0.110256955
16.6166166,0.180116128,0.648396275,3.24169305,28.016955,14.0376367,131.205413,69.2839422,19932.5554,3804.81598,6.60871995,4.80530865,10.3439259,5.15533675,3.62121686,3.8402537,9.85692503,10225.0979,5.32225445,10328.7968,9.78886868,16.7404601,0.287941784,0.540107943,0.539955956,9.69561139,8.87263023,4.10199576,0.900033572,0.432093275,0.360116174,0.396214855,0.18010007,0.0360204027,0.108060558,0.0360213596,0.108070891
16.7167167,0.176544966,0.635540329,3.17741643,27.4613808,13.7592063,128.601645,67.9073452,19944.2701,3807.37204,6.47758706,4.70991463,10.1384768,5.05294652,3.54932432,3.76402985,9.66118632,10232.1853,5.21667109,10335.9739,9.59472761,16.4084799,0.282231351,0.529397814,0.529247916,9.50319051,8.69656122,4.02063784,0.882185402,0.423525082,0.352975479,0.388358877,0.176529138,0.035306211,0.105917992,0.0353071546,0.10592818
16.8168168,0.173044667,0.622939486,3.11441531,26.9168322,13.4863025,126.04958,66.5581097,19955.745,3809.87694,6.34905842,4.61641601,9.93711204,4.95259168,3.47886029,3.68932018,9.46933745,10239.1199,5.11318389,10342.9967,9.40444002,16.0830884,0.276634259,0.518900235,0.518752401,9.3145915,8.52398893,3.94089485,0.864691458,0.415126929,0.34597649,0.380658789,0.173029066,0.0346061914,0.103817942,0.0346071218,0.103827988
16.9169169,0.169613873,0.610588859,3.05266524,26.3830978,13.2188192,123.548226,65.2357109,19966.9846,3812.33167,6.22308407,4.52477642,9.73975315,4.85423315,3.40979738,3.61609565,9.28130379,10245.9045,5.01175267,10349.8681,9.21793206,15.7641596,0.271148335,0.508611132,0.50846534,9.12974106,8.35484633,3.86273586,0.847544951,0.406895559,0.339116492,0.373111606,0.169598496,0.0339200722,0.101759593,0.0339209896,0.101769499
17.017017,0.166251263,0.598483692,2.99214245,25.859972,12.9566535,121.09662,63.9396382,19977.9935,3814.73718,6.09961543,4.43496048,9.54632389,4.75783292,3.34210893,3.54432799,9.09701272,10252.5421,4.91233834,10356.5908,9.03513187,15.4515704,0.265771466,0.498526543,0.49838277,8.94856791,8.18906818,3.78613073,0.830739277,0.3988278,0.332392843,0.36571442,0.166236108,0.0332475893,0.099742153,0.0332484938,0.0997519198
17.1171171,0.162955552,0.586619361,2.93282383,25.3472552,12.6997052,118.693825,62.6693952,19988.7761,3817.09442,5.97860527,4.3469338,9.35675011,4.66335406,3.275769,3.47398975,8.91639367,10259.0352,4.81490288,10363.1676,8.85596961,15.1452014,0.260501598,0.488642615,0.488500837,8.7710027,8.02659105,3.7110502,0.814268015,0.390920571,0.325802975,0.358464407,0.162940616,0.0325884859,0.0977648512,0.0325893777,0.0977744807
17.2172172,0.159725494,0.574991377,2.8746869,24.844753,12.4478769,116.338928,61.4244995,19999.3367,3819.40428,5.86000771,4.26066298,9.17095979,4.57076068,3.21075243,3.40505424,8.73937807,10265.3866,4.71940939,10369.6012,8.68037741,14.8449367,0.255336735,0.478955606,0.478815801,8.59697812,7.86735334,3.63746582,0.798124929,0.383170878,0.319344393,0.351358822,0.159710773,0.0319425124,0.0958269391,0.0319433916,0.0958364329
17.3173173,0.156559877,0.563595379,2.8177099,24.3522772,12.2010742,114.031047,60.2044832,20009.6796,3821.66763,5.74377823,4.1761156,8.98888306,4.48001795,3.14703479,3.33749557,8.5658994,10271.5987,4.62582204,10375.8943,8.50828942,14.5506637,0.25027494,0.469461884,0.469324029,8.42642881,7.71129529,3.56535,0.782303966,0.375575816,0.313014675,0.344395002,0.15654537,0.0313094267,0.0939276904,0.0313102935,0.09393705
17.4174174,0.153456264,0.552422598,2.76184894,23.8694487,11.9591072,111.768404,59.0084052,20019.813,3823.88625,5.62982711,4.09322632,8.81037893,4.39105562,3.0845668,3.27126156,8.39582351,10277.6769,4.53406868,10382.0519,8.33957308,14.2621557,0.245312314,0.460154139,0.460018211,8.25922312,7.55829645,3.49464718,0.766792941,0.368129536,0.306808949,0.337567585,0.153441969,0.0306887415,0.0920656431,0.0306895961,0.0920748702
17.5175175,0.150413781,0.541469881,2.70708829,23.3961312,11.7219075,109.550359,57.8359269,20029.74,3826.06076,5.5181222,4.01197171,8.63539695,4.30384856,3.02333084,3.20633351,8.22910237,10283.6229,4.44412343,10388.0761,8.17418077,13.9793314,0.240447457,0.451029746,0.450895722,8.09531385,7.40831364,3.4253374,0.751587479,0.360829938,0.300725464,0.330874647,0.150399694,0.0300802817,0.090240272,0.0300811242,0.0902493681
17.6176176,0.147431599,0.530734242,2.65341301,22.9321957,11.4894103,107.376307,56.6867277,20039.4634,3828.19178,5.40863303,3.93232962,8.46388935,4.21837296,2.96331018,3.14269371,8.06569047,10289.4385,4.35596174,10393.9685,8.01206741,13.7021135,0.235679043,0.442086216,0.441954075,7.93465627,7.26130594,3.35740176,0.736683434,0.353675032,0.294762562,0.324314363,0.147417717,0.0294838816,0.0884510795,0.0294847121,0.0884600463
17.7177177,0.144508545,0.520211469,2.60080204,22.47746,11.2615245,105.245394,55.5603548,20048.9873,3830.28013,5.30131653,3.85426868,8.29578857,4.13459515,2.90448121,3.08031711,7.90552346,10295.1262,4.26954899,10399.7318,7.85316931,13.4303934,0.231005198,0.433320038,0.433189757,7.77718719,7.11721554,3.29081359,0.722074955,0.346662009,0.288917901,0.317884158,0.144494867,0.0288993068,0.0866973632,0.0289001255,0.0867062022
17.8178178,0.141643481,0.509897455,2.54923483,22.0317468,11.038161,103.156788,54.4563678,20058.3156,3832.32666,5.19613079,3.77775838,8.13102877,4.05248232,2.84682091,3.01917933,7.7485387,10300.6884,4.18485142,10405.3682,7.69742447,13.1640649,0.226424099,0.424727793,0.424599349,7.62284509,6.97598614,3.22554688,0.707756339,0.339788132,0.2831892,0.311581522,0.141630004,0.0283263295,0.0849784391,0.0283271365,0.0849871518
17.9179179,0.138835297,0.499788205,2.49869143,21.5948832,10.8192333,101.109677,53.3743376,20067.4521,3834.33216,5.09303499,3.702769,7.96954592,3.97200257,2.79030688,2.95925665,7.5946752,10306.1274,4.1018362,10410.8803,7.54477251,12.9030248,0.221933971,0.416306149,0.416179522,7.47157006,6.83756294,3.16157634,0.69372204,0.333050738,0.277574241,0.305404016,0.138822018,0.0277647276,0.0832936412,0.0277655231,0.0833022292
18.018018,0.136082913,0.489879835,2.4491524,21.1667015,10.6046572,99.1032746,52.3138471,20076.4005,3836.29742,4.99198944,3.62927164,7.81127772,3.89312484,2.73491736,2.90052598,7.44387365,10311.4456,4.02047139,10416.2703,7.39515473,12.6471727,0.217533086,0.408051871,0.407927038,7.32330385,6.70189267,3.09887736,0.679966661,0.326447237,0.272070866,0.299349263,0.13606983,0.0272142854,0.0816423221,0.0272150694,0.0816507868
18.1181181,0.13338528,0.480168568,2.40059886,20.7470384,10.3943509,97.1368152,51.2744908,20085.1644,3838.2232,4.89295559,3.55723823,7.65616366,3.81581899,2.68063117,2.84296489,7.29607644,10316.6452,3.94072597,10421.5405,7.2485141,12.3964112,0.213219768,0.399961813,0.399838752,7.17798987,6.56892353,3.03742605,0.666484958,0.319975112,0.266676976,0.293414958,0.13337239,0.0266747929,0.0800238524,0.0266755657,0.0800321954
18.2182182,0.13074138,0.470650738,2.35301248,20.3357354,10.188235,95.2095553,50.2558752,20093.7473,3840.11022,4.79589597,3.48664152,7.50414496,3.74005574,2.62742777,2.78655162,7.15122761,10321.7283,3.86256979,10426.693,7.10479521,12.1506456,0.208992386,0.392032918,0.391911608,7.03557316,6.43860525,2.97719918,0.653271842,0.31363192,0.261390535,0.287598859,0.130728681,0.0261460467,0.0784376211,0.0261468083,0.0784458439
18.3183183,0.128150226,0.461322789,2.30637549,19.9326388,9.98623236,93.3207739,49.2576186,20102.1526,3841.95922,4.70077428,3.41745504,7.35516465,3.66580667,2.57528724,2.73126503,7.00927289,10326.697,3.78597362,10431.73,6.96394435,11.9097839,0.204849362,0.384262224,0.384142645,6.89600041,6.31088906,2.91817425,0.640322373,0.307415289,0.256209567,0.281898793,0.128137715,0.025627849,0.0768830356,0.0256285997,0.0768911396
18.4184184,0.125609539,0.452176524,2.2606469,19.5373944,9.78816544,91.4688094,48.2788411,20110.3881,3843.77183,4.60750669,3.34961775,7.20909097,3.59300614,2.52416354,2.67705638,6.87008694,10331.5562,3.71087006,10436.6563,6.82583762,11.6736144,0.20078705,0.3766429,0.376525029,6.75914859,6.18566242,2.86029931,0.627625165,0.301319755,0.251129519,0.276309752,0.125597215,0.0251197446,0.0753587295,0.0251204844,0.0753667163
18.5185185,0.123119091,0.443211114,2.21582255,19.1499663,9.59401626,89.6534934,47.3194536,20118.4547,3845.54823,4.51608478,3.28312354,7.06591084,3.52164764,2.47405207,2.62392077,6.73365725,10336.3063,3.6372523,10441.4725,6.69046252,11.4421157,0.196805084,0.369174255,0.369058071,6.62500537,6.06291403,2.80356915,0.615179068,0.295344764,0.24614993,0.270831227,0.12310695,0.0246216873,0.0738645648,0.0246224164,0.0738724358
18.6186186,0.120677997,0.43442338,2.17188657,18.7702171,9.40371597,87.8741816,46.3791149,20126.3553,3847.28904,4.42647611,3.21794879,6.92557335,3.45170579,2.42493504,2.57183935,6.59993534,10340.9493,3.56509423,10446.1805,6.55777105,11.2152057,0.192902051,0.361853641,0.361739124,6.49352312,5.94260033,2.74796363,0.602979669,0.2894882,0.241269035,0.265461278,0.120666037,0.0241335006,0.0724000118,0.0241342191,0.0724077685
18.7187187,0.118285305,0.425809889,2.12882178,18.3979985,9.21719015,86.1301776,45.4574563,20134.0933,3848.99498,4.33864561,3.15406796,6.78802347,3.38315317,2.3767932,2.52079171,6.4688688,10345.487,3.49436763,10450.7822,6.42771131,10.9927957,0.189076425,0.354678198,0.354565326,6.36465036,5.8246742,2.69346102,0.5910222,0.283747773,0.236484925,0.260197806,0.118273524,0.0236549937,0.0709644982,0.0236557017,0.070972142
18.8188188,0.115940085,0.417367296,2.08661146,18.0331658,9.03436634,84.4208036,44.5541188,20141.6717,3850.6667,4.25255911,3.0914562,6.65320759,3.31596306,2.32960781,2.47075799,6.3404066,10349.9216,3.42504501,10455.2796,6.30023279,10.7747993,0.185326721,0.347645137,0.347533892,6.23833697,5.7090898,2.64004013,0.579302015,0.278121253,0.231795744,0.255038766,0.11592848,0.0231859808,0.0695574666,0.0231866786,0.0695649989
18.9189189,0.113641434,0.40909235,2.04523934,17.6755785,8.85517409,82.7454001,43.6687533,20149.0938,3852.30486,4.16818341,3.03008931,6.52107361,3.2501095,2.28336064,2.42171888,6.21449911,10354.255,3.35709964,10459.6748,6.17528635,10.5611326,0.181651492,0.34075175,0.34064211,6.1145342,5.59580253,2.58768038,0.5678146,0.272606472,0.227199685,0.249982173,0.113630004,0.0227262813,0.068178375,0.0227269689,0.0681857972
19.019019,0.111388473,0.400981889,2.00468963,17.3251,8.67954491,81.1033263,42.8010205,20156.3625,3853.91009,4.08548623,2.96994381,6.39157087,3.18556724,2.23803399,2.3736556,6.09109811,10358.4889,3.29050554,10463.9696,6.05282424,10.3517138,0.178049336,0.333995403,0.333887348,5.99319467,5.48476904,2.53636176,0.556555565,0.267201325,0.222694991,0.245026093,0.111377215,0.0222757196,0.0668266966,0.0222763971,0.0668340102
19.1191191,0.109180351,0.393032843,1.96494698,16.9815976,8.50741226,79.4939597,41.9505909,20163.4807,3855.48302,4.00443621,2.91099687,6.26465018,3.12231178,2.19361064,2.32654993,5.97015674,10362.6252,3.22523749,10468.1658,5.93280008,10.1464636,0.174518887,0.327373538,0.327267047,5.87427236,5.37594723,2.48606482,0.545520645,0.261903763,0.218279957,0.240168652,0.109169262,0.021834125,0.0655019196,0.0218347926,0.065509126
19.2192192,0.107016239,0.385242233,1.92599648,16.6449426,8.33871163,77.9166964,41.1171445,20170.4514,3857.02424,3.92500294,2.85322635,6.14026382,3.06031932,2.15007392,2.28038418,5.85162958,10366.6656,3.16127099,10472.2651,5.81516887,9.94530524,0.171058822,0.320883672,0.320778727,5.75772265,5.26929627,2.43677071,0.534705706,0.256711802,0.213952929,0.235408028,0.107005318,0.0214013322,0.0642035478,0.02140199,0.0642106482
19.3193193,0.104895228,0.377606783,1.88782176,16.3149932,8.173372,76.3708721,40.3003299,20177.2775,3858.53441,3.84715294,2.79660787,6.01835927,2.99956371,2.10740546,2.23513889,5.7354666,10370.6121,3.09857912,10476.2696,5.6998811,9.74815392,0.167667685,0.314523075,0.314419656,5.6434964,5.16477122,2.38845867,0.524106196,0.251623257,0.209712086,0.23074222,0.104884472,0.0209771591,0.0629310349,0.0209778072,0.0629380308
19.4194194,0.10281544,0.370119736,1.85038903,15.9914576,8.01124698,74.8551168,39.4994214,20183.9656,3860.01489,3.77081713,2.74109112,5.89882795,2.93999084,2.06556732,2.19077387,5.62156452,10374.4687,3.0371063,10480.1832,5.58683464,9.5548351,0.164342473,0.308286116,0.308184204,5.53149222,5.06227931,2.34108592,0.513712729,0.246633623,0.205553674,0.226167097,0.102804847,0.0205612302,0.0616832547,0.0205618688,0.0616901475
19.5195195,0.100776859,0.362781033,1.813698,15.674333,7.85233531,73.3694188,38.7144129,20190.5157,3861.4657,3.69599498,2.68667574,5.78166918,2.88160035,2.02455924,2.14728882,5.50992259,10378.2354,2.9768521,10484.0061,5.47602866,9.36534733,0.16108316,0.302172748,0.302072322,5.42170933,4.96181984,2.29465209,0.503525228,0.241742863,0.201477662,0.221682625,0.100766427,0.0201535424,0.0604601977,0.0201541715,0.0604669887
19.6196196,0.0987786864,0.355587797,1.77773428,15.3634953,7.69657464,71.9131947,37.9449957,20196.9305,3862.8874,3.62265711,2.63334033,5.66683684,2.82436927,1.98436509,2.10466665,5.40049692,10381.9138,2.91779285,10487.7398,5.36741968,9.17961625,0.157888468,0.296180572,0.296081614,5.31410461,4.86335333,2.24913897,0.493539695,0.236949057,0.19748245,0.217287044,0.0987684127,0.0197539358,0.0592613842,0.0197545556,0.0592680746
19.7197197,0.0968201428,0.348537224,1.74248386,15.0588231,7.54390423,70.485876,37.1908687,20203.2127,3864.28057,3.55077488,2.58106405,5.55428602,2.76827523,1.94496917,2.06289072,5.29324474,10385.5057,2.85990552,10491.3861,5.26096535,8.99756948,0.154757151,0.290307254,0.290209745,5.20863604,4.76684137,2.2045288,0.483752239,0.232250338,0.193566481,0.212978643,0.0968100255,0.0193622547,0.058086347,0.0193628653,0.0580929382
19.8198198,0.0949004706,0.341626587,1.7079331,14.7601987,7.39426499,69.0869099,36.4517391,20209.3649,3865.64575,3.48032045,2.52982664,5.44397302,2.71329644,1.90635619,2.02194483,5.18812442,10389.0126,2.80316769,10494.9465,5.15662445,8.81913654,0.151687997,0.284550519,0.28445444,5.10526274,4.67224653,2.16080432,0.47415907,0.227644886,0.189728241,0.208755753,0.0948905076,0.0189783474,0.0569346314,0.018978949,0.0569411248
19.9199199,0.0930189329,0.334853232,1.67406872,14.4675073,7.24759941,67.7157584,35.7273223,20215.3897,3866.98347,3.41126672,2.47960836,5.33585535,2.65941173,1.86851129,1.98181324,5.08509551,10392.4361,2.74755756,10498.4227,5.05435691,8.64424891,0.148679827,0.278908157,0.27881349,5.00394496,4.57953246,2.11794872,0.464756505,0.223130934,0.185966255,0.204616755,0.0930091222,0.0186020667,0.0558057953,0.0186026594,0.0558121922
20.02002,0.0911748137,0.328214582,1.64087785,14.1806375,7.10385167,66.371899,35.0173414,20221.2894,3868.29426,3.34358737,2.43039007,5.22989171,2.60660051,1.83142004,1.94248062,4.98411868,10395.7777,2.69305394,10501.8162,4.95412379,8.47284001,0.145731497,0.273378021,0.273284747,4.90464406,4.48866381,2.0759457,0.455540964,0.218706763,0.182279091,0.200560071,0.0911651531,0.0182332693,0.0546994091,0.0182338532,0.0547057106
20.1201201,0.0893674175,0.321708134,1.60834796,13.8994812,6.96296751,65.0548241,34.321528,20227.0665,3869.57862,3.27725685,2.38215315,5.12604203,2.55484282,1.79506841,1.90393213,4.88515575,10399.0389,2.63963627,10505.1285,4.85588728,8.30484518,0.142841893,0.267958025,0.267866126,4.80732253,4.39960625,2.03477939,0.446508972,0.214370705,0.17866536,0.196584173,0.089357905,0.0178718162,0.0536150556,0.0178723913,0.0536212631
20.2202202,0.08759607,0.315331459,1.57646692,13.6239333,6.82489434,63.7640415,33.6396213,20232.7232,3870.83703,3.21225037,2.33487958,5.02426741,2.50411927,1.7594428,1.86615335,4.78816969,10402.2211,2.58728459,10508.361,4.75961068,8.14020171,0.140009937,0.262646146,0.262555604,4.711944,4.31232651,1.99443444,0.437657157,0.210121141,0.175123711,0.192687577,0.0875867036,0.0175175724,0.0525523301,0.017518139,0.0525584448
20.3203203,0.0858599161,0.30908148,1.54521934,13.3538609,6.68956547,62.4989272,32.971291,20238.2625,3872.07012,3.14853648,2.28854644,4.9245185,2.45440527,1.72452596,1.82912599,4.69311352,10405.3261,2.53597359,10511.5156,4.66524751,7.97883008,0.137234261,0.257439818,0.257350615,4.61846231,4.22678237,1.95489135,0.428981244,0.205956019,0.171652435,0.188868402,0.0858506937,0.017170367,0.0515107197,0.0171709251,0.0515167428
20.4204204,0.0841577986,0.30295403,1.51458437,13.0890839,6.5568906,61.2586364,32.3160898,20243.6883,3873.27871,3.08607261,2.24312275,4.82672845,2.40566751,1.69029453,1.7928253,4.5999236,10408.3563,2.48566903,10514.5947,4.5727348,7.82062268,0.134513014,0.25233557,0.252247689,4.52681499,4.14291667,1.91612373,0.420475446,0.201872562,0.168249218,0.185124102,0.0841487182,0.0168299685,0.0504895298,0.0168305182,0.0504954626
20.5205205,0.0824894524,0.296948155,1.48455727,12.829561,6.42684911,60.0429759,31.6739154,20249.0016,3874.46301,3.02484906,2.19860144,4.73088208,2.35789843,1.65674317,1.75724563,4.50858545,10411.3124,2.43636309,10517.5988,4.48205816,7.66555488,0.131845772,0.247332609,0.247246032,4.43698779,4.06071636,1.87812555,0.412138442,0.197870134,0.164913531,0.181454094,0.0824805121,0.016496324,0.0494886018,0.0164968654,0.0494944455
20.6206206,0.0808542098,0.291061451,1.455126,12.5751883,6.29938887,58.8514582,31.0445097,20254.2046,3875.6235,2.96484126,2.15496464,4.6369409,2.31107883,1.62385844,1.72237271,4.41906241,10414.1958,2.388036,10520.5295,4.39318127,7.51356457,0.129231467,0.24242893,0.242343639,4.34894467,3.98014848,1.8408816,0.40396689,0.193947133,0.161644036,0.177856909,0.0808454076,0.0161692998,0.0485075347,0.0161698331,0.0485132904
20.7207207,0.079251415,0.285291558,1.42627876,12.3258639,6.17445876,57.6836048,30.4276196,20259.2997,3876.76065,2.90602513,2.11219482,4.54486709,2.26518988,1.5916271,1.68819252,4.33131847,10417.0078,2.34066837,10523.3881,4.30606847,7.36459081,0.12666905,0.237622566,0.237538545,4.26265027,3.90118068,1.80437693,0.395957516,0.190101986,0.158439424,0.174331105,0.079242749,0.0158487648,0.0475459352,0.0158492901,0.0475516042
20.8208208,0.0776804249,0.27963616,1.39800397,12.0814876,6.05200861,56.5389463,29.8229964,20264.2888,3877.87492,2.84837702,2.07027477,4.45462356,2.22021309,1.56003618,1.65469133,4.2453183,10419.7497,2.29424116,10526.176,4.22068478,7.21857376,0.124157492,0.232911589,0.232828821,4.17806989,3.82378121,1.76859687,0.388107101,0.186333148,0.155298407,0.170875265,0.0776718932,0.0155345904,0.0466034174,0.0155351078,0.0466090009
20.9209209,0.0761406077,0.274092983,1.37029027,11.8419611,5.93198915,55.4170218,29.2303961,20269.1743,3878.96678,2.79187371,2.02918758,4.36617391,2.17613032,1.52907295,1.62185562,4.16102724,10422.423,2.2487357,10528.8945,4.13699586,7.0754547,0.121695784,0.228294104,0.228212571,4.09516946,3.74791889,1.73352703,0.38041249,0.182639104,0.152219724,0.167488002,0.0761322085,0.0152266503,0.0456796024,0.0152271599,0.0456851015
21.021021,0.0746313435,0.268659795,1.3431265,11.607188,5.81435201,54.3173785,28.6495792,20273.9583,3880.03667,2.73649241,1.98891667,4.27948237,2.13292374,1.49872491,1.58967214,4.07841123,10425.0289,2.20413363,10531.545,4.05496798,6.93517598,0.119282932,0.223768251,0.223687937,4.01391552,3.67356312,1.69915329,0.372870582,0.179018367,0.149202133,0.164167951,0.0746230747,0.0149248205,0.044774118,0.0149253223,0.0447795339
21.1211211,0.0731520229,0.263334403,1.31650168,11.3770734,5.69904968,53.2395721,28.0803103,20278.6427,3881.08503,2.68221073,1.94944573,4.19451382,2.09057586,1.46897977,1.55812788,3.99743681,10427.5687,2.16041694,10534.1287,3.974568,6.79768094,0.116917963,0.219332202,0.219253091,3.93427521,3.60068384,1.66546175,0.365478331,0.175469474,0.146244416,0.16091377,0.0731438829,0.014628979,0.0438865988,0.0146294732,0.0438919326
21.2212212,0.0717020476,0.258114652,1.29040504,11.1515244,5.58603546,52.1831656,27.5223581,20283.2297,3882.11229,2.62900668,1.91075876,4.11123376,2.04906948,1.43982546,1.52721005,3.91807114,10430.0437,2.11756792,10536.647,3.89576338,6.66291394,0.11459992,0.214984162,0.214906238,3.85621626,3.5292515,1.63243877,0.358232747,0.171990988,0.143345377,0.157724145,0.0716940344,0.0143390063,0.0430166857,0.014339493,0.0430219385
21.3213213,0.0702808291,0.252998424,1.264826,10.9304492,5.47526349,51.1477298,26.9754955,20287.7213,3883.11889,2.57685862,1.87284002,4.02960827,2.0083877,1.41125013,1.49690607,3.8402819,10432.4551,2.07556916,10539.1011,3.81852214,6.53082027,0.112327861,0.210722367,0.210645613,3.77970692,3.45923707,1.60007095,0.351130888,0.1685815,0.14050384,0.154597781,0.070272941,0.0140547846,0.0421640257,0.0140552639,0.0421691986
21.4214214,0.0688878694,0.247983927,1.2397556,10.7137704,5.36669493,50.1329013,26.4395301,20292.1192,3884.10518,2.52574827,1.8356762,3.94960869,1.96851623,1.38324373,1.4672053,3.76404178,10434.804,2.03440594,10541.492,3.74281718,6.40135363,0.110100989,0.206545323,0.206469723,3.70472034,3.390616,1.56834694,0.344170265,0.165239812,0.137718807,0.151533581,0.0688801047,0.0137762144,0.0413283199,0.0137766864,0.0413334141
21.5215215,0.0675225602,0.243068969,1.21518287,10.5013934,5.26028231,49.1382361,25.9142269,20296.4254,3885.0716,2.47565327,1.79925102,3.87119992,1.92943757,1.355794,1.43809475,3.68931737,10437.0916,1.99406025,10543.8211,3.66861541,6.27445744,0.107918333,0.202451205,0.202376744,3.63122371,3.32335824,1.53725287,0.337347836,0.161964466,0.134989063,0.148530208,0.067514917,0.0135031739,0.0405092035,0.0135036388,0.04051422
21.6216216,0.0661843428,0.238251541,1.19109776,10.2932313,5.15598207,48.1633266,25.39937,20300.6418,3886.01856,2.42655307,1.76354952,3.79434975,1.89113569,1.32888968,1.40956246,3.61607798,10439.3192,1.95451558,10546.0895,3.59588647,6.15007976,0.105778997,0.198438336,0.198364999,3.55918688,3.25743622,1.50677601,0.330660809,0.158754121,0.13231349,0.145586432,0.0661768194,0.0132355515,0.0397063411,0.0132360093,0.039711281
21.7217217,0.0648726737,0.233529684,1.1674905,10.0891994,5.05375182,47.207776,24.8947495,20304.7704,3886.94644,2.3784277,1.72855718,3.71902686,1.85359497,1.3025198,1.38159684,3.54429379,10441.4879,1.91575584,10548.2985,3.52460079,6.02817005,0.103682114,0.194505088,0.194432858,3.48858055,3.19282313,1.47690398,0.324106466,0.155607472,0.129691002,0.142701059,0.0648652684,0.0129732385,0.0389194067,0.0129736892,0.0389242711
21.8218218,0.0635870184,0.228901476,1.14435146,9.88921459,4.95354986,46.2711943,24.4001589,20308.8128,3887.85564,2.33125752,1.6942597,3.64520043,1.81680006,1.2766736,1.35418645,3.47393546,10443.5988,1.87776522,10550.4491,3.45472932,5.90867863,0.101626827,0.190649857,0.19057872,3.41937588,3.12949259,1.44762458,0.317682137,0.152523238,0.12712053,0.139872911,0.0635797295,0.0127161279,0.0381480796,0.0127165718,0.0381528695
21.9219219,0.0623268514,0.224365024,1.12167117,9.69319514,4.85533521,45.3531981,23.9153953,20312.771,3888.74653,2.28502322,1.66064301,3.57284018,1.78073586,1.25134048,1.32732006,3.40497412,10445.653,1.84052817,10552.5424,3.38624345,5.79155662,0.099612297,0.186871066,0.186801006,3.35154453,3.06741867,1.41892585,0.311385193,0.149500156,0.124601022,0.137100834,0.0623196771,0.0124641146,0.0373920446,0.0124645517,0.037396761
22.022022,0.0610916552,0.219918466,1.09944034,9.50106052,4.75906752,44.4534098,23.4402589,20316.6467,3889.61949,2.23970578,1.62769329,3.50191628,1.7453875,1.22651,1.30098663,3.33738139,10447.6517,1.8040294,10554.5796,3.31911508,5.67675591,0.0976376956,0.183167164,0.183098167,3.28505859,3.00657583,1.390796,0.305213049,0.146536987,0.122131444,0.134383688,0.061084594,0.0122170953,0.0366509911,0.0122175257,0.0366556351
22.1221221,0.0598809207,0.215559968,1.07764979,9.3127315,4.66470706,43.5714578,22.9745528,20320.4415,3890.47489,2.19528648,1.5953969,3.43239939,1.71074037,1.2021719,1.27517526,3.2711293,10449.5958,1.76825383,10556.5618,3.25331649,5.56422916,0.0957022085,0.179536623,0.179468673,3.2198906,2.94693895,1.36322341,0.299163159,0.143632506,0.119710778,0.131720354,0.0598739709,0.011974968,0.0359246136,0.0119753918,0.0359291863
22.2222222,0.0586941462,0.211287725,1.05629049,9.12813004,4.57221473,42.7069761,22.5180835,20324.1573,3891.31309,2.1517469,1.56374044,3.36426058,1.67678005,1.17831607,1.24987525,3.20619032,10451.4864,1.73318663,10558.49,3.18882042,5.45392973,0.0938050334,0.175977938,0.175911022,3.1560135,2.88848327,1.33619666,0.293233016,0.140785512,0.117338021,0.129109728,0.0586873063,0.0117376324,0.0352126113,0.0117380497,0.0352171136
22.3223223,0.0575308376,0.207099957,1.03535355,8.94717924,4.48155196,41.859604,22.07066,20327.7956,3892.13445,2.10906887,1.53271068,3.29747138,1.64349235,1.15493255,1.22507602,3.14253731,10453.3246,1.69881318,10560.3653,3.12559998,5.34581166,0.0919453798,0.172489628,0.172423731,3.09340064,2.8311844,1.30970448,0.287420149,0.137994817,0.115012184,0.126550722,0.0575241058,0.0115049897,0.0345146875,0.0115054005,0.0345191205
22.4224224,0.0563906575,0.202995451,1.0148329,8.76982661,4.39269246,41.0290954,21.6321521,20331.3577,3892.93921,2.06724001,1.50229862,3.23201241,1.61086761,1.13201455,1.20077039,3.08015181,10455.1112,1.6651235,10562.1883,3.06363685,5.2398436,0.0901227086,0.16907068,0.169005788,3.03203385,2.77502572,1.28373919,0.281722873,0.135259613,0.112732593,0.124042596,0.0563840323,0.0112769724,0.03383064,0.0112773769,0.0338350045
22.5225225,0.0552731802,0.198972673,0.994720867,8.59600592,4.30560302,40.2151397,21.2023954,20334.845,3893.72767,2.02624468,1.47249288,3.16785914,1.57889361,1.10955349,1.17694926,3.01901046,10456.8469,1.63210502,10563.9601,3.00290787,5.13598598,0.0883363388,0.165719818,0.165655917,2.97189018,2.71998624,1.25829109,0.276139059,0.132578879,0.110498397,0.121584412,0.0552666601,0.0110534954,0.0331602133,0.0110538937,0.0331645104
22.6226226,0.0541778565,0.195029647,0.975007576,8.42563172,4.22024081,39.4173361,20.7811778,20338.2593,3894.50025,1.98606269,1.44327876,3.1049799,1.54755456,1.0875383,1.15360088,2.95908309,10458.533,1.59974147,10565.6817,2.94338318,5.03418771,0.0865853919,0.162435395,0.16237247,2.91293998,2.66603884,1.23334767,0.270665963,0.129951296,0.108308497,0.119174962,0.0541714399,0.0108344489,0.0325030779,0.010834841,0.0325073085
22.7227227,0.0531042423,0.191164773,0.955685027,8.25863488,4.13657119,38.6353605,20.3683276,20341.6022,3895.25725,1.94667772,1.41464438,3.04334908,1.5168377,1.06596002,1.13071578,2.90034531,10460.1703,1.56801973,10567.3541,2.88503863,4.93440751,0.0848691575,0.159216078,0.159154116,2.85515932,2.61316159,1.20889879,0.265301363,0.127375798,0.106162005,0.116813268,0.0530979276,0.010619744,0.0318589672,0.01062013,0.0318631323
22.8228228,0.0520519012,0.187376482,0.936745369,8.09494756,4.05456013,37.8688947,19.9636766,20344.8751,3895.99899,1.90807374,1.38657807,2.98294156,1.48673052,1.04480986,1.10828463,2.8427732,10461.7598,1.53692688,10568.9782,2.82785048,4.83660481,0.0831869379,0.156060558,0.155999546,2.79852467,2.56133299,1.18493452,0.260043079,0.124851339,0.104058049,0.114498372,0.0520456871,0.0104092934,0.0312276197,0.0104096735,0.0312317201
22.9229229,0.051020405,0.18366323,0.918180893,7.93450308,3.97417423,37.117626,19.5670592,20348.0795,3896.72578,1.87023501,1.3590684,2.92373266,1.45722071,1.02407918,1.08629828,2.78634324,10463.3025,1.50645025,10570.555,2.77179545,4.74073978,0.081538048,0.152967552,0.152907476,2.74301292,2.5105319,1.16144509,0.254888971,0.122376892,0.101995772,0.112229331,0.0510142899,0.0102030116,0.0306087782,0.0102033857,0.0306128149
23.023023,0.0500093327,0.180023503,0.89998402,7.77723597,3.89538066,36.3812473,19.178313,20351.2169,3897.43793,1.83314606,1.33210408,2.86569812,1.42829618,1.00375952,1.06474773,2.73103233,10464.7991,1.47657741,10572.0854,2.71685066,4.6467733,0.0799218146,0.149935796,0.149876642,2.68860139,2.46073754,1.13842093,0.249836933,0.119951444,0.0999743324,0.110005219,0.0500033151,0.0100008143,0.0300021902,0.0100011826,0.0300061642
23.1231231,0.0490182707,0.176455812,0.882147307,7.62308186,3.81814715,35.659457,18.7972782,20354.2885,3898.13574,1.7967917,1.30567408,2.80881412,1.39994506,0.983842521,1.04362415,2.67681777,10466.2505,1.4472961,10573.5701,2.6629936,4.55466689,0.0783375761,0.146964049,0.146905806,2.63526775,2.41192951,1.11585259,0.244884899,0.117574006,0.0979929034,0.107825126,0.0490123492,0.00980261874,0.0294076075,0.00980298134,0.0294115197
23.2232232,0.0480468124,0.172958692,0.864663435,7.47197748,3.74244201,34.9519582,18.4237978,20357.2959,3898.81949,1.76115699,1.27976751,2.75305723,1.37215568,0.964319998,1.02291886,2.62367725,10467.6577,1.41859431,10575.0102,2.61020217,4.46438276,0.0767846822,0.144051093,0.143993746,2.5829901,2.36408776,1.09373081,0.240030835,0.1152436,0.0960506715,0.105688157,0.0480409855,0.0096083437,0.0288247862,0.00960870066,0.0288286374
23.3233233,0.0470945578,0.169530705,0.847525205,7.32386064,3.66823404,34.2584592,18.0577175,20360.2403,3899.48948,1.72622722,1.25437368,2.69840441,1.34491656,0.945183892,1.00262331,2.57158883,10469.0214,1.39046021,10576.4063,2.55845463,4.37588373,0.0752624934,0.141195728,0.141139265,2.53174686,2.31719254,1.07204648,0.235272744,0.112959267,0.0941468373,0.103593433,0.0470888242,0.00941790918,0.0282534865,0.00941826057,0.0282572776
23.4234234,0.0461611461,0.166170551,0.83072612,7.17867515,3.59549509,33.5786966,17.6988978,20363.123,3900.14597,1.69198915,1.22948295,2.64483488,1.31821733,0.92642693,0.982729795,2.52053271,10470.3425,1.36288312,10577.7594,2.50773135,4.28913623,0.0737704324,0.13839687,0.138341279,2.48151858,2.27122607,1.05079138,0.230608821,0.110720141,0.0922806789,0.10154016,0.0461555044,0.00923124297,0.0276934916,0.00923158888,0.0276972235
23.5235235,0.0452463299,0.162877338,0.814261728,7.03638252,3.52420586,32.91249,17.3472433,20365.9448,3900.78914,1.6584337,1.20508871,2.59233444,1.29205093,0.908044142,0.963233036,2.47049534,10471.6213,1.33585573,10579.0698,2.45801888,4.20411727,0.0723081037,0.135653779,0.135599047,2.43229193,2.22617614,1.02995987,0.22603783,0.108525629,0.0904517017,0.0995277934,0.0452407786,0.00904829561,0.0271446532,0.00904863611,0.0271483267
23.6236236,0.0443496355,0.159649363,0.798123505,6.89690908,3.45432943,32.2594939,17.002571,20368.7074,3901.41933,1.62554346,1.18117829,2.54087578,1.26640373,0.890025974,0.944122913,2.42145072,10472.8589,1.30936404,10580.3387,2.40929146,4.12078282,0.0708747498,0.132965034,0.132911149,2.38404138,2.18201939,1.00954115,0.221557402,0.106374595,0.0886589585,0.0975552914,0.0443441733,0.00886897238,0.0266066871,0.00886930755,0.0266103031
23.7237237,0.0434707029,0.15648533,0.78230497,6.76019882,3.38583772,31.6194455,16.6647421,20371.4119,3902.03679,1.59330521,1.15774208,2.49043816,1.2412654,0.872365174,0.925391736,2.37337909,10474.0562,1.28339738,10581.5668,2.36152953,4.03909941,0.069469795,0.130329555,0.130276504,2.33674751,2.13873805,0.989527033,0.21716574,0.104266173,0.0869017297,0.0956218622,0.0434653285,0.00869320129,0.0260793774,0.00869353121,0.0260829368
23.8238238,0.0426091794,0.153383967,0.766799773,6.62619683,3.31870321,30.9920875,16.3336204,20374.0595,3902.6418,1.56170597,1.13477063,2.44100126,1.21662583,0.855054633,0.907031969,2.3262611,10475.2137,1.25794534,10582.7548,2.3147139,3.95903423,0.0680926749,0.127746284,0.127694056,2.29039129,2.09631473,0.969909467,0.212861079,0.102199518,0.0851793095,0.0937267295,0.0426038915,0.00852091177,0.0255625124,0.00852123652,0.0255660159
23.9239239,0.041764719,0.15034403,0.751601687,6.49484929,3.25289892,30.3771675,16.0090722,20376.6514,3903.23458,1.53073305,1.1122547,2.39254516,1.19247508,0.838087381,0.889036223,2.28007777,10476.3322,1.23299767,10583.9035,2.26882576,3.88055512,0.0667428364,0.125214183,0.125162765,2.24495408,2.05473235,0.950680572,0.20864169,0.1001738,0.0834910063,0.0918691323,0.0417595162,0.00835203463,0.0250558845,0.00835235429,0.0250593329
24.024024,0.0409369824,0.147364298,0.736704605,6.36610341,3.1883984,29.7744379,15.6909666,20379.1887,3903.81539,1.50037398,1.09018522,2.34505033,1.16880341,0.821456584,0.871397253,2.23481049,10477.4125,1.20854435,10585.0135,2.22384666,3.80363054,0.0654197368,0.122732235,0.122681616,2.20041759,2.01397418,0.931832618,0.204505877,0.0981882048,0.0818361416,0.0900483244,0.0409318635,0.00818650204,0.0245592901,0.00818681667,0.0245626843
24.1241241,0.040125637,0.144443573,0.722102541,6.23990746,3.12517571,29.1836562,15.3791752,20381.6727,3904.38448,1.47061655,1.06855331,2.2984976,1.14560128,0.805155541,0.854107956,2.19044101,10478.4553,1.18457553,10586.0856,2.17975851,3.72822956,0.0641228442,0.120299441,0.12024961,2.15676388,1.97402382,0.913358026,0.200451978,0.0962419339,0.0802140504,0.0882635739,0.0401206007,0.00802424747,0.0240725298,0.00802455715,0.0240758706
24.2242242,0.0393303566,0.14158068,0.707789622,6.11621065,3.06320539,28.6045842,15.0735721,20384.1043,3904.94207,1.44144876,1.04735023,2.25286821,1.12285932,0.78917768,0.837161363,2.14695144,10479.4611,1.16108158,10587.1205,2.13654359,3.65432185,0.0628516369,0.117914824,0.117865769,2.11397537,1.93486517,0.895249362,0.196478362,0.0943342048,0.0786240802,0.0865141631,0.0393254017,0.00786520566,0.0235954077,0.00786551047,0.0235986958
24.3243243,0.038550821,0.138774468,0.693760087,5.9949632,3.0024625,28.0369885,14.7740338,20386.4846,3905.48839,1.41285886,1.02656744,2.2081437,1.10056836,0.773516552,0.820550639,2.10432421,10480.4307,1.13805301,10588.1189,2.09418448,3.58187766,0.0616056029,0.115577424,0.115529133,2.0720348,1.89648244,0.877499332,0.192583429,0.0924642493,0.0770655909,0.0847993879,0.0385459462,0.00770931261,0.0231277318,0.00770961261,0.0231309681
24.4244244,0.0377867163,0.136023805,0.680008283,5.87611624,2.94292254,27.48064,14.4804389,20388.8148,3906.02368,1.38483531,1.00619654,2.16430602,1.07871938,0.758165832,0.804269078,2.06254211,10481.3648,1.11548055,10589.0813,2.0526641,3.51086778,0.0603842401,0.113286299,0.113238761,2.03092524,1.85886015,0.86010078,0.18876561,0.0906313141,0.0755379547,0.0831185576,0.0377819204,0.00755650551,0.0226693137,0.00755680078,0.0226724989
24.5245245,0.0370377741,0.133327726,0.66652938,5.75962803,2.88456458,26.9353429,14.192684,20391.0957,3906.54813,1.35736826,0.986230355,2.1213397,1.05730468,0.743120118,0.788310951,2.02159042,10482.2639,1.09335626,10590.0084,2.01196788,3.44126727,0.0591871193,0.111040643,0.110993848,1.99063223,1.82198506,0.843047594,0.185023563,0.0888347552,0.0740406348,0.0814710816,0.0370330558,0.0074067307,0.0222199925,0.0074070213,0.0222231273
24.6246246,0.0363036775,0.130685089,0.653317675,5.64544924,2.82736391,26.400866,13.9106468,20393.3284,3907.06196,1.33044608,0.966660427,2.07922652,1.03631518,0.728373025,0.77266949,1.98145175,10483.1286,1.07167077,10590.9009,1.97207858,3.37304667,0.0580137337,0.108839506,0.108793443,1.9511387,1.78584154,0.826332552,0.181355705,0.0870738123,0.0725729978,0.0798562629,0.0362990357,0.00725992479,0.0217795779,0.0072602108,0.0217826631
24.7247247,0.0355841269,0.128094818,0.640367775,5.53353329,2.77129717,25.8769909,13.6342115,20395.5138,3907.56539,1.30405775,0.947478745,2.03794921,1.01574228,0.713918518,0.757338299,1.94210969,10483.9597,1.05041522,10591.7593,1.93297992,3.30617812,0.0568636043,0.106681991,0.106636649,1.91242848,1.75041482,0.809948828,0.177760538,0.0853477667,0.0711344445,0.0782734426,0.0355795604,0.00711602789,0.0213478903,0.00711630937,0.0213509266
24.8248248,0.0348788348,0.125555875,0.627674505,5.42383543,2.71634194,25.3635077,13.3632673,20397.6531,3908.05863,1.27819271,0.928677623,1.99749124,0.995577718,0.699750808,0.742311237,1.90354844,10484.7576,1.0295811,10592.5843,1.89465625,3.2406349,0.0557362713,0.104567234,0.104522603,1.87448608,1.71569072,0.793889872,0.174236624,0.0836559283,0.0697244,0.0767219881,0.0348743425,0.00697498248,0.0209247571,0.0069752595,0.0209277453
24.9249249,0.0341875192,0.123067247,0.615232789,5.3163118,2.66247622,24.8602107,13.0977054,20399.747,3908.54188,1.25284062,0.910249527,1.95783636,0.975813418,0.685864214,0.727582283,1.86575256,10485.523,1.00916008,10593.3765,1.85709225,3.17639079,0.0546312836,0.10249439,0.102450459,1.8372963,1.68165532,0.778149258,0.170782555,0.0819976207,0.0683423004,0.075201279,0.0341830999,0.00683673217,0.0205100092,0.0068370048,0.0205129499
25.025025,0.0335099035,0.120627937,0.603037649,5.21091934,2.60967845,24.3668982,12.8374189,20401.7966,3909.01535,1.2279913,0.892187064,1.91896865,0.956441441,0.672253166,0.713145532,1.82870688,10486.2564,0.989143986,10594.1365,1.82027288,3.11342008,0.053548199,0.100462629,0.100419388,1.80084424,1.64829499,0.762720684,0.167396949,0.0803721801,0.0669875927,0.0737107069,0.0335055562,0.00670122165,0.0201034805,0.00670148995,0.0201063746
25.1251251,0.0328457163,0.118236968,0.5910842,5.10761585,2.55792746,23.8833723,12.5823032,20403.8027,3909.47922,1.20363479,0.874482984,1.8808725,0.937454003,0.658912198,0.698995188,1.7923965,10486.9585,0.969524781,10594.8648,1.78418339,3.05169752,0.0524865836,0.0984711376,0.0984285757,1.76511526,1.61559634,0.747597966,0.164078447,0.0787789554,0.0656597341,0.0722496748,0.0328414398,0.00656839664,0.0197050084,0.00656866067,0.0197078565
25.2252252,0.0321946914,0.115893383,0.579367649,5.00635989,2.50720248,23.4094386,12.3322555,20405.7663,3909.9337,1.17976131,0.857130169,1.84353257,0.918843464,0.645835947,0.685125566,1.75680683,10487.6297,0.950294595,10595.5619,1.74880929,2.99119838,0.0514460113,0.0965191167,0.0964772245,1.73009502,1.58354625,0.732775038,0.160825721,0.0772173077,0.0643581923,0.0708175969,0.0321904846,0.00643820388,0.019314433,0.00643846372,0.0193172357
25.3253253,0.0315565673,0.113596239,0.56788329,4.90711079,2.45748314,22.9449064,12.0871749,20407.6883,3910.37896,1.15636127,0.840121635,1.80693382,0.900602325,0.633019149,0.671531085,1.72192353,10488.2706,0.931445697,10596.2285,1.71413638,2.93189834,0.0504260643,0.0946057825,0.0945645499,1.69576941,1.55213181,0.718245943,0.157637462,0.0756866097,0.0630824444,0.069413898,0.0315524292,0.00631059109,0.0189315975,0.00631084679,0.0189343555
25.4254254,0.0309310873,0.111344613,0.556626503,4.80982861,2.40874941,22.4895886,11.8469624,20409.5694,3910.8152,1.13342522,0.823450522,1.77106148,0.882723225,0.620456634,0.658206263,1.68773252,10488.8818,0.912970498,10596.8651,1.6801507,2.87377354,0.0494263319,0.092730365,0.0926897824,1.66212462,1.52134037,0.704004832,0.154512389,0.0741862456,0.0618319772,0.0680380136,0.0309270168,0.00618550695,0.0185563478,0.00618575857,0.0185590619
25.5255255,0.0303180135,0.109137647,0.545593005,4.71447631,2.36098273,22.0433115,11.6115262,20411.4105,3911.24258,1.11094444,0.807110473,1.73590185,0.865199337,0.608143611,0.645146021,1.65422077,10489.4637,0.894861959,10597.4721,1.64683931,2.81680186,0.0484464337,0.0908921505,0.0908522083,1.6291478,1.49116019,0.690046284,0.151449311,0.0727156443,0.0606063148,0.0666894199,0.0303140095,0.00606290384,0.0181885413,0.00606315145,0.018191212
25.6256256,0.0297171085,0.106974488,0.534778525,4.621017,2.31416461,21.6059021,11.3807746,20413.2124,3911.66128,1.0889102,0.791095149,1.70144128,0.84802386,0.596075302,0.632345293,1.62137525,10490.0168,0.877113065,10598.0501,1.61418931,2.76096124,0.0474859901,0.0890904273,0.0890511159,1.59682618,1.46157958,0.676364892,0.148447043,0.0712742364,0.0594049827,0.0653675951,0.02971317,0.00594273432,0.0178280354,0.00594297798,0.0178306634
25.7257257,0.0291281187,0.104854223,0.524178498,4.52941121,2.26827526,21.1771755,11.15461,20414.9759,3912.07148,1.06731321,0.775397773,1.66766518,0.831189516,0.5842466,0.619798665,1.58918207,10490.5417,0.859716317,10598.5996,1.58218691,2.70622809,0.0465445958,0.087324435,0.087285745,1.56514609,1.43258603,0.662954879,0.145504317,0.0698614137,0.0582274739,0.0640719814,0.0291242447,0.00582494768,0.0174746781,0.00582518744,0.0174772641
25.8258258,0.0285508076,0.102776,0.513788665,4.43962213,2.22329624,20.7569589,10.9329409,20416.7019,3912.47335,1.04614475,0.760012023,1.63455992,0.814689521,0.572652741,0.607501084,1.55762824,10491.0389,0.842664719,10599.1211,1.55081924,2.65258044,0.0456218722,0.0855934638,0.085555386,1.53409477,1.40416787,0.649810853,0.142619951,0.0684766082,0.0570733152,0.0628020581,0.0285469971,0.00570949658,0.0171283275,0.00570973251,0.0171308721
25.9259259,0.0279849428,0.100738983,0.503604843,4.35161359,2.17920942,20.3450828,10.7156778,20418.3911,3912.86706,1.02539631,0.744931689,1.60211213,0.798517209,0.561289044,0.59544759,1.52670103,10491.5087,0.825951397,10599.615,1.52007369,2.59999665,0.0447174477,0.0838968166,0.0838593419,1.5036597,1.37631363,0.63692752,0.139792782,0.0671192624,0.0559420419,0.0615573141,0.0279811947,0.00559633456,0.016788844,0.00559656671,0.0167913478
26.026026,0.0274302957,0.098742348,0.493622922,4.26535007,2.13599699,19.9413808,10.5027324,20420.0442,3913.25278,1.0050595,0.73015067,1.57030868,0.782666029,0.550150912,0.583633306,1.49638792,10491.9518,0.8095696,10600.082,1.48993781,2.54845552,0.0438309571,0.0822338087,0.0821969281,1.47382858,1.34901207,0.624299675,0.13702167,0.0657888284,0.0548331974,0.0603372468,0.0274266092,0.00548541593,0.0164560907,0.00548564436,0.0164585543
26.1261261,0.0268866421,0.0967852884,0.48383886,4.18079664,2.09364144,19.5456891,10.2940183,20421.6621,3913.63065,0.985126058,0.715662969,1.53913664,0.767129546,0.539233823,0.572053441,1.46667659,10492.3685,0.79351269,10600.5223,1.46039943,2.49793617,0.0429620416,0.0806037667,0.0805674713,1.4445893,1.3222521,0.611922207,0.134305493,0.0644847675,0.0537463327,0.0591413626,0.0268830161,0.00537669582,0.0161299328,0.00537692058,0.0161323569
26.2262262,0.0263537612,0.0948670094,0.474248687,4.09791898,2.05212558,19.1578467,10.0894502,20423.2455,3914.00085,0.965587897,0.70146269,1.50858331,0.751901429,0.528533336,0.560703284,1.43755495,10492.7593,0.777774141,10600.9365,1.43144652,2.44841808,0.0421103481,0.0790060289,0.0789703098,1.41592997,1.29602285,0.599790085,0.131643147,0.0632065503,0.0526810068,0.0579691759,0.0263501948,0.00527013008,0.0158102381,0.00527035123,0.0158126232
26.3263263,0.0258314359,0.0929867295,0.464848495,4.0166833,2.01143247,18.7776953,9.88894452,20424.795,3914.36353,0.946437039,0.687544033,1.4786362,0.736975454,0.518045078,0.5495782,1.40901109,10493.1247,0.762347535,10601.3251,1.4030673,2.39988107,0.0412755296,0.077439944,0.0774047928,1.38783889,1.27031361,0.587898364,0.129033548,0.061953656,0.0516367853,0.0568202093,0.0258279282,0.00516567529,0.0154968762,0.00516589289,0.0154992229
26.4264264,0.0253194525,0.0911436796,0.455634437,3.93705636,1.97154545,18.405079,9.69241871,20426.3114,3914.71885,0.927665641,0.67390129,1.44928303,0.722345494,0.507764749,0.538673628,1.38103331,10493.465,0.747226554,10601.6884,1.37525015,2.35230528,0.0404572443,0.0759048715,0.0758702795,1.36030456,1.24511385,0.576242178,0.126475628,0.0607255718,0.0506132412,0.0556939926,0.0253160026,0.00506328874,0.0151897189,0.00506350284,0.0151920279
26.5265265,0.0248176089,0.0893371315,0.446602875,3.8590067,1.93244875,18.0398504,9.49979483,20427.7955,3915.06694,0.909266275,0.660529059,1.42051215,0.708005751,0.497688277,0.527985253,1.35361052,10493.7808,0.732405219,10602.027,1.34798408,2.30567192,0.039655169,0.0744002047,0.0743661635,1.33331606,1.2204136,0.564816918,0.123968376,0.0595218127,0.0496099701,0.0545900811,0.0248142158,0.00496292998,0.014888645,0.00496314063,0.0148909167
26.6266266,0.0243257674,0.0875665901,0.437751331,3.78251293,1.89413165,17.6819093,9.3110199,20429.2475,3915.40792,0.891233897,0.647423675,1.39231568,0.693952292,0.487812899,0.517510141,1.32673519,10494.0723,0.717879466,10602.341,1.3212616,2.25996818,0.0388690837,0.0729255311,0.0728920325,1.30686601,1.19620607,0.553619451,0.121511105,0.0583420484,0.0486266968,0.053508172,0.0243224303,0.00486457148,0.0145935718,0.00486477874,0.0145958069
26.7267267,0.0238436801,0.0858311626,0.429075342,3.70753644,1.85657481,17.3310746,9.12599819,20430.6685,3915.74195,0.873559396,0.634578505,1.36467933,0.680177999,0.478133617,0.507242997,1.30039371,10494.34,0.703641958,10602.631,1.29506924,2.21517103,0.0380985917,0.071480107,0.0714471427,1.28094102,1.17247905,0.542644127,0.119102574,0.0571856841,0.0476629256,0.0524477198,0.0238403981,0.00476816366,0.0143043506,0.00476836758,0.0143065497
26.8268268,0.0233711521,0.0841301477,0.420571403,3.63404695,1.81976304,16.9872044,8.94465461,20432.0589,3916.06918,0.856235619,0.621988348,1.33759189,0.666677286,0.468646511,0.497179662,1.27457541,10494.5843,0.689686938,10602.8974,1.2693964,2.17126234,0.0373433817,0.0700633481,0.0700309101,1.25553061,1.14922292,0.531886508,0.116741812,0.0560522523,0.0467182668,0.0514082961,0.0233679243,0.00467366756,0.0140208646,0.00467386819,0.0140230281
26.9269269,0.0229079922,0.0824628567,0.412236069,3.56201468,1.78368142,16.650159,8.76691533,20433.4195,3916.38975,0.839255541,0.609648091,1.31104237,0.653444667,0.459347728,0.487316053,1.24926981,10494.8056,0.676008748,10603.1406,1.24423268,2.12822434,0.0366031476,0.0686746806,0.0686427609,1.23062447,1.12642825,0.521342235,0.11442786,0.0549412941,0.0457923381,0.0503894798,0.0229048178,0.00458104492,0.0137429989,0.00458124231,0.0137451274
27.027027,0.0224540122,0.0808286124,0.404065954,3.49141036,1.74831528,16.3198014,8.59270783,20434.7509,3916.70378,0.822612255,0.597552711,1.28501993,0.64047475,0.450233482,0.477648154,1.22446658,10495.0043,0.662601826,10603.3611,1.21956786,2.08603954,0.0358775887,0.0673135404,0.0672821312,1.20621245,1.10408577,0.511007022,0.11215978,0.053852358,0.0448847631,0.0493908573,0.0224508903,0.00449025812,0.0134706407,0.00449045231,0.0134727348
27.1271271,0.0220090272,0.079226749,0.39605773,3.42220523,1.71365021,15.9959967,8.42196078,20436.0537,3917.01143,0.806298969,0.585697267,1.25951394,0.627762232,0.44130005,0.468172018,1.2001556,10495.1807,0.649460704,10603.559,1.19539188,2.04469074,0.0351664093,0.0659793728,0.0659484664,1.18228459,1.08218636,0.500876657,0.109936647,0.0527850003,0.0439951721,0.0484120216,0.022005957,0.00440127017,0.013203679,0.00440146121,0.0132057392
27.2272272,0.0215728552,0.0776566114,0.388208122,3.35437097,1.67967201,15.6786121,8.25460402,20437.3285,3917.31281,0.790309002,0.574076899,1.23451393,0.615301898,0.432543768,0.458883761,1.17632688,10495.3353,0.636580003,10603.735,1.17169485,2.00416102,0.0344693183,0.0646716321,0.0646412208,1.15883109,1.06072104,0.490946993,0.107757551,0.0517387845,0.0431232013,0.0474525726,0.0215698359,0.00431404467,0.0129420046,0.00431423263,0.0129440314
27.3273273,0.0211453172,0.0761175553,0.380513907,3.28787974,1.64636672,15.3675171,8.09056851,20438.5759,3917.60805,0.774635783,0.562686826,1.2100096,0.603088614,0.423961034,0.449779563,1.15297062,10495.4684,0.623954429,10603.8892,1.14846704,1.96443376,0.0337860295,0.0633897815,0.0633598577,1.1358423,1.03968099,0.481213953,0.105621598,0.0507132811,0.0422684927,0.0465121163,0.0211423479,0.00422854584,0.0126855102,0.00422873075,0.0126875041
27.4274274,0.020726237,0.0746089461,0.372971913,3.22270411,1.61372061,15.0625831,7.92978629,20439.7965,3917.89728,0.759272838,0.551522341,1.18599083,0.591117327,0.415548299,0.440855661,1.13007716,10495.5803,0.611578772,10604.0222,1.12569887,1.92549256,0.0331162612,0.0621332923,0.0621038487,1.11330873,1.01905753,0.471673521,0.103527906,0.0497080672,0.0414306939,0.0455902651,0.020723317,0.00414473842,0.01243409,0.00414492033,0.0124360515
27.5275275,0.0203154409,0.0731301589,0.365579017,3.15881707,1.58172013,14.7636837,7.77219042,20440.9908,3918.18064,0.744213795,0.540578805,1.16244761,0.579383063,0.407302069,0.432108351,1.10763698,10495.6715,0.599447899,10604.1341,1.1033809,1.88732128,0.0324597356,0.060901644,0.0608726732,1.09122102,0.998842088,0.462321743,0.101475609,0.0487227263,0.0406094579,0.044686637,0.0203125694,0.0040625877,0.0121876398,0.00406276665,0.0121895695
27.6276276,0.0199128322,0.071680845,0.358333473,3.09620357,1.55035774,14.4707483,7.61774366,20442.1593,3918.45817,0.729455105,0.529853643,1.13937441,0.567883057,0.399220403,0.423535572,1.08564479,10495.742,0.58755895,10604.2253,1.08150786,1.84991093,0.0318162982,0.0596945462,0.0596660409,1.06957397,0.979029905,0.453156414,0.0994642228,0.0477570261,0.0398045909,0.0438010192,0.0199100084,0.0039820743,0.0119461016,0.00398225034,0.0119479999
27.7277277,0.0195182251,0.0702603362,0.351231942,3.03483472,1.51961897,14.1836414,7.46637442,20443.3024,3918.73003,0.714989952,0.519341894,1.11676054,0.556611986,0.391299561,0.41513336,1.06409041,10495.7924,0.575906436,10604.2961,1.06006967,1.81324425,0.0311856519,0.0585114421,0.0584833953,1.04835758,0.959611828,0.444173305,0.097492819,0.0468105212,0.0390157218,0.042933003,0.0195154483,0.0039031611,0.011709364,0.00390333429,0.0117112314
27.8278278,0.0191314406,0.0688679876,0.3442712,2.97468265,1.48948985,13.9022324,7.3180136,20444.4208,3918.99634,0.700811756,0.509038772,1.0945957,0.545564712,0.383535936,0.40689789,1.04296403,10495.8228,0.564485061,10604.3469,1.03905659,1.77730458,0.0305675104,0.0573517945,0.0573241992,1.02756218,0.940579021,0.435368334,0.0955605026,0.0458827818,0.0382424924,0.0420821947,0.01912871,0.00382581229,0.0114773195,0.00382598266,0.0114791565
27.9279279,0.0187523223,0.0675032362,0.337448431,2.91572303,1.45995818,13.6264073,7.17260092,20445.5151,3919.25721,0.686914776,0.4989401,1.07287089,0.534736752,0.375926382,0.398825827,1.02225707,10495.8338,0.5532902,10604.378,1.01846012,1.74207739,0.0299616236,0.0562151344,0.0561879836,1.00717935,0.921923776,0.426737938,0.093666492,0.0449734328,0.0374845901,0.04124825,0.0187496372,0.00374999658,0.0112498743,0.00375016417,0.0112516813
28.028028,0.0183807165,0.0661655291,0.33076087,2.85793197,1.43101199,13.3560542,7.03007717,20446.5856,3919.51275,0.673293373,0.489041776,1.05157729,0.524123704,0.368467806,0.390913891,1.00196111,10495.8255,0.542317313,10604.3897,0.998271905,1.70754841,0.0293677458,0.0551010011,0.0550742881,0.987200824,0.903638522,0.41827862,0.0918100195,0.0440821056,0.0367417076,0.0404308311,0.0183780762,0.00367568325,0.0110269362,0.00367584811,0.0110287137
28.1281281,0.0180164724,0.0648543231,0.324205802,2.80128598,1.40263951,13.0910629,6.89038418,20447.633,3919.76307,0.659942006,0.479339772,1.0307062,0.513721244,0.361157172,0.383158862,0.982067891,10495.7983,0.531561938,10604.3823,0.978483742,1.67370359,0.0287856359,0.0540089422,0.0539826602,0.967618466,0.885715819,0.40998694,0.089990331,0.043208438,0.0360135433,0.0396296061,0.0180138761,0.00360284213,0.0108084147,0.0036030043,0.0108101632
28.2282282,0.0176594416,0.0635690842,0.317780558,2.74576201,1.37482919,12.8313254,6.75346478,20448.6577,3920.00828,0.646855232,0.469830127,1.01024911,0.503525122,0.353991497,0.375557577,0.962569281,10495.7525,0.521019692,10604.3562,0.959087571,1.64052917,0.0282150567,0.0529385128,0.0529126551,0.948424289,0.868148357,0.401859521,0.0882066853,0.0423520745,0.0352998007,0.0388442486,0.0176568886,0.00353144356,0.0105942207,0.00353160308,0.0105959407
28.3283283,0.0173094784,0.0623092877,0.311482513,2.69133736,1.34756964,12.5767353,6.6192628,20449.6602,3920.24848,0.6340277,0.460508949,0.990197633,0.493531161,0.346967845,0.368106925,0.943457293,10495.6883,0.510686264,10604.3116,0.940075468,1.60801157,0.027655775,0.0518892758,0.0518638359,0.929610439,0.850928951,0.393893043,0.086458354,0.0415126651,0.0346001882,0.0380744381,0.0173069681,0.00346145838,0.010384267,0.00346161529,0.0103859589
28.4284284,0.0169664395,0.0610744175,0.305309088,2.63798974,1.32084971,12.3271882,6.48772298,20450.641,3920.48378,0.621454147,0.451372409,0.970543527,0.483735253,0.340083333,0.360803847,0.924724072,10495.6061,0.500557418,10604.2488,0.92143964,1.57613749,0.0271075618,0.0508608012,0.0508357728,0.911169195,0.834050534,0.386084239,0.0847446206,0.040689866,0.0339144192,0.0373198592,0.0169639711,0.00339285793,0.0101784674,0.00339301228,0.0101801316
28.5285285,0.0166301838,0.0598639661,0.299257745,2.58569722,1.2946584,12.0825813,6.35879098,20451.6005,3920.71427,0.609129396,0.442416744,0.951278685,0.474133356,0.333335123,0.353645333,0.906361894,10495.5062,0.490628984,10604.1681,0.903172422,1.54489382,0.0265701915,0.0498526663,0.0498280429,0.893092961,0.817506157,0.378429898,0.0830647804,0.0398833389,0.0332422118,0.0365802017,0.0166277567,0.00332561401,0.00997673738,0.00332576583,0.00997837432
28.6286286,0.0163005726,0.0586774339,0.293325986,2.5344382,1.26898488,11.8428134,6.23241331,20452.5393,3920.94006,0.597048354,0.433638247,0.932395129,0.464721496,0.326720423,0.346628424,0.888363153,10495.3888,0.48089686,10604.0698,0.885266272,1.51426765,0.0260434422,0.0488644549,0.0488402303,0.875374261,0.801288979,0.370926858,0.08141814,0.0390927509,0.0325832886,0.0358551604,0.0162981861,0.00325969886,0.00977899365,0.0032598482,0.00978060377
28.7287287,0.015977527,0.0575145372,0.287512393,2.48420043,1.24382301,11.6078271,6.10855967,20453.4574,3921.1612,0.585208134,0.425034823,0.91388835,0.455497424,0.320237652,0.339751443,0.870723552,10495.254,0.47135872,10603.954,0.867716911,1.48425166,0.0255271882,0.0478959308,0.0478720988,0.858008863,0.785395126,0.363573327,0.0798043058,0.038317913,0.0319374921,0.0351445619,0.0159751805,0.00319509674,0.00958518897,0.00319524363,0.00958677268
28.8288288,0.0156608958,0.0563747313,0.281814241,2.43496036,1.219161,11.3775119,5.98717169,20454.3555,3921.3778,0.573603178,0.416602426,0.895749637,0.446456799,0.313883764,0.333011158,0.85343479,10495.1022,0.462010089,10603.821,0.850516108,1.45483179,0.0250211873,0.04694664,0.0469231945,0.840988609,0.769817133,0.356365855,0.0782225212,0.037558462,0.0313045195,0.0344480733,0.0156585886,0.00313177737,0.00939523251,0.00313192185,0.00939679023
28.9289289,0.0153505386,0.0552575108,0.276229006,2.38669616,1.1949879,11.1517656,5.86819531,20455.2341,3921.58997,0.562228334,0.40833731,0.877970922,0.4375956,0.307655933,0.326404574,0.836489176,10494.9337,0.452846817,10603.6712,0.833656235,1.42599498,0.0245252151,0.0460161616,0.0459930966,0.824305938,0.754548082,0.349301246,0.0766720849,0.0368140612,0.0306840903,0.0337653858,0.01534827,0.00306971268,0.00920904008,0.0030698548,0.00921057222
29.029029,0.0150463304,0.0541624261,0.270754438,2.3393884,1.17129398,10.9304973,5.75158238,20456.0934,3921.79779,0.551079018,0.400236141,0.860545024,0.428910249,0.301551647,0.319929028,0.81987987,10494.7487,0.443865213,10603.5048,0.817130503,1.39772963,0.0240390719,0.0451041212,0.0450814308,0.807954124,0.739581819,0.342376656,0.0751523728,0.0360844111,0.0300759547,0.0330962248,0.0150441,0.00300887771,0.00902653675,0.00300901749,0.00902804371
29.1291291,0.0147481488,0.0530890362,0.265388333,2.29301801,1.14806968,10.7136174,5.6372857,20456.934,3922.00135,0.54015073,0.392295646,0.843464899,0.420397234,0.295568441,0.313581905,0.803600157,10494.5474,0.435061654,10603.322,0.800932251,1.37002435,0.0235625619,0.0442101511,0.0441878296,0.791926565,0.724912302,0.335589291,0.0736627723,0.0353692175,0.0294798678,0.0324403206,0.0147459558,0.00294924793,0.00884764899,0.00294938541,0.00884913117
29.2292292,0.0144558734,0.0520369078,0.260128525,2.24756627,1.12530562,10.5010383,5.52525892,20457.7562,3922.20073,0.529439056,0.384512614,0.826723635,0.412053111,0.289703894,0.307360638,0.787643449,10494.3302,0.426432584,10603.1231,0.785054941,1.34286796,0.0230954926,0.0433338907,0.0433119322,0.776216784,0.710533604,0.328936414,0.0722026824,0.0346681919,0.028895589,0.0317974086,0.0144537173,0.00289079929,0.00867230463,0.00289093451,0.00867376243
29.3293293,0.0141693862,0.051005616,0.254972888,2.20301483,1.1029926,10.292674,5.41545653,20458.5604,3922.39603,0.518939662,0.376883894,0.810314443,0.403874495,0.283955631,0.301262708,0.772003277,10494.0971,0.417974512,10602.9082,0.769492152,1.31624947,0.0226376753,0.0424749858,0.0424533847,0.760818421,0.696439905,0.322415332,0.0707715129,0.033981051,0.0283228822,0.031167229,0.0141672663,0.00283350818,0.00850043283,0.00283364118,0.00850186662
29.4294294,0.0138885712,0.0499947433,0.249919336,2.15934564,1.08112157,10.0884399,5.30783386,20459.3471,3922.58733,0.508648291,0.36940639,0.79423066,0.395858067,0.278321319,0.295285641,0.75667329,10493.8485,0.409684011,10602.6777,0.754237582,1.29015812,0.0221889245,0.0416330887,0.0416118394,0.745725229,0.68262549,0.316023406,0.0693686844,0.0333075166,0.0277615155,0.0305495267,0.0138864869,0.00277735141,0.00833196402,0.00277748221,0.00833337417
29.5295295,0.0136133145,0.0490038797,0.244965818,2.11654097,1.05968366,9.88825295,5.20234704,20460.1165,3922.7747,0.498560764,0.362077061,0.77846574,0.388000564,0.272798668,0.289427009,0.741647249,10493.5846,0.401557714,10602.4318,0.739285042,1.2645833,0.0217490582,0.0408078577,0.0407869548,0.730931075,0.669084746,0.30975804,0.0679936275,0.0326473153,0.0272112612,0.0299440513,0.0136112653,0.00272230619,0.00816682985,0.00272243484,0.00816821675
29.6296296,0.0133435042,0.0480326222,0.240110321,2.07458343,1.03867015,9.69203163,5.09895295,20460.869,3922.95822,0.488672973,0.354892922,0.763013252,0.38029878,0.267385425,0.283684423,0.726919027,10493.3056,0.393592314,10602.1706,0.724628447,1.23951463,0.0213178975,0.0399989574,0.0399783955,0.716429934,0.655812159,0.303616687,0.0666457832,0.0320001788,0.0266718956,0.0293505565,0.0133414895,0.00266835016,0.0080049632,0.00266847669,0.00800632722
29.7297297,0.0130790303,0.0470805751,0.235350865,2.03345591,1.01807245,9.49969577,4.99760923,20461.605,3923.13799,0.478980882,0.347851036,0.747866877,0.372749566,0.262079379,0.278055539,0.712482599,10493.0116,0.385784559,10601.8944,0.71026182,1.21494188,0.0208952665,0.039206058,0.0391858316,0.702215882,0.642802309,0.297596841,0.0653246018,0.0313658433,0.0261431988,0.0287688004,0.0130770495,0.00261546131,0.00784629809,0.00261558575,0.00784763958
29.8298298,0.0128198163,0.0461474631,0.230686073,1.9931465,0.997884621,9.31118969,4.8982865,20462.3248,3923.31404,0.469481688,0.340949366,0.733022229,0.365350736,0.256878994,0.272538727,0.698333784,10492.703,0.378132192,10601.6034,0.696181008,1.19085794,0.020481043,0.0384289301,0.0384090341,0.688284806,0.630051431,0.291696761,0.0640297013,0.0307441252,0.0256250179,0.0281986148,0.012817869,0.00256362435,0.00769078864,0.00256374674,0.00769210796
29.9299299,0.012565745,0.0452328637,0.226113835,1.95363696,0.9780975,9.12642781,4.80093951,20463.0287,3923.48647,0.460171082,0.334184778,0.718472562,0.358098928,0.251781909,0.267131482,0.684466153,10492.3798,0.370631741,10601.2978,0.682379629,1.16725191,0.0200750394,0.0376672219,0.037647651,0.674630384,0.617553742,0.285913773,0.0627604952,0.0301347431,0.0251171182,0.0276397416,0.0125638305,0.00251281582,0.00753836444,0.00251293619,0.00753966195
30.03003,0.0123167085,0.044336389,0.22163221,1.91491052,0.958702692,8.94533161,4.70552676,20463.7171,3923.65536,0.45104511,0.327554396,0.704211683,0.350991055,0.246785956,0.261831508,0.670873804,10492.0423,0.363280024,10600.9778,0.668851829,1.14411376,0.0196770834,0.0369206102,0.0369013594,0.661246814,0.605303931,0.280245425,0.061516445,0.0295374385,0.0246192844,0.0270919437,0.0123148263,0.00246301418,0.00738896086,0.00246313255,0.0073902369
30.1301301,0.012072607,0.0434576793,0.2172394,1.87695164,0.939692408,8.76782825,4.61200978,20464.3903,3923.82076,0.442100105,0.321055554,0.690233853,0.344024258,0.241889126,0.256636672,0.657551266,10491.6908,0.356074086,10600.6435,0.655592176,1.12143422,0.0192870152,0.0361887954,0.0361698596,0.648128715,0.593297075,0.274689439,0.0602970516,0.0289519716,0.0241313166,0.0265550013,0.0120707566,0.00241419942,0.00724251795,0.00241431584,0.00724377286
30.2302302,0.0118333424,0.0425963818,0.212933641,1.83974506,0.921059003,8.59384628,4.5203508,20465.0486,3923.98277,0.433332469,0.314685635,0.676533436,0.337195726,0.237089447,0.251544883,0.64449317,10491.3253,0.34901103,10600.2953,0.642595341,1.09920417,0.0189046782,0.0354714835,0.0354528577,0.635270809,0.581528343,0.269243582,0.0591018248,0.0283781072,0.0236530189,0.0260286988,0.0118315232,0.00236635196,0.00709897688,0.00236646645,0.007100211
30.3303303,0.0115988184,0.0417521498,0.208713199,1.80327582,0.902794975,8.42331555,4.43051276,20465.6924,3924.14143,0.42473867,0.308442071,0.663104905,0.330502706,0.232384984,0.246554089,0.631694245,10490.9461,0.34208801,10599.9332,0.629856093,1.07741466,0.0185299184,0.0347683858,0.0347500653,0.622667912,0.569992992,0.263905664,0.0579302838,0.0278156144,0.0231841988,0.0255128245,0.01159703,0.00231945253,0.00695827991,0.00231956513,0.00695949357
30.4304304,0.0113689406,0.0409246433,0.204576375,1.76752921,0.88489296,8.25616719,4.34245927,20466.322,3924.29683,0.416315241,0.302322341,0.649942831,0.323942492,0.227773835,0.241662275,0.619149319,10490.5533,0.335302235,10599.5574,0.617369296,1.05605692,0.0181625848,0.034079219,0.0340611989,0.610314937,0.558686367,0.258673531,0.0567819563,0.0272642666,0.0227246673,0.0250071704,0.0113671825,0.00227348225,0.00682037035,0.00227359298,0.00682156388
30.5305305,0.0111436161,0.0401135282,0.200521499,1.73249081,0.867345722,8.09233358,4.25615459,20466.9375,3924.44902,0.408058777,0.296323967,0.637041884,0.317512426,0.223254135,0.236867461,0.60685331,10490.1471,0.328650961,10599.1682,0.605129908,1.03512231,0.017802529,0.0334037049,0.0333859804,0.598206887,0.547603896,0.253545069,0.0556563787,0.0267238412,0.022274239,0.0245115325,0.0111418878,0.00222842256,0.00668519254,0.00222853145,0.00668636626
30.6306306,0.0109227539,0.0393184763,0.19654693,1.69814642,0.850146157,7.93174829,4.17156364,20467.5395,3924.59808,0.399965932,0.290444517,0.624396826,0.311209899,0.218824051,0.232167704,0.594801227,10489.7278,0.322131496,10598.7657,0.593132973,1.01460236,0.0174496052,0.0327415701,0.0327241366,0.586338855,0.536741087,0.248518204,0.0545530954,0.0261941193,0.0218327315,0.0240257102,0.0109210548,0.00218425523,0.00655269178,0.00218436231,0.006553846
30.7307307,0.0107062643,0.0385391653,0.192651055,1.66448212,0.833287283,7.77434603,4.08865192,20468.1281,3924.74407,0.39203342,0.284681602,0.612002512,0.305032346,0.214481782,0.227561093,0.582988166,10489.2954,0.31574119,10598.3501,0.581373623,0.99448875,0.0171036704,0.0320925459,0.0320753989,0.574706018,0.526093527,0.243590894,0.0534716589,0.0256748863,0.0213999659,0.0235495066,0.010704594,0.00214096234,0.00642281434,0.00214106764,0.00642394937
30.8308308,0.0104940594,0.0377752781,0.18883229,1.63148421,0.816762235,7.62006264,4.00738552,20468.7036,3924.88704,0.38425801,0.279032872,0.599853885,0.298977247,0.210225557,0.223045751,0.571409306,10488.8502,0.309477442,10597.9216,0.569847073,0.974773295,0.0167645837,0.0314563685,0.0314395033,0.563303634,0.515656878,0.238761135,0.0524116291,0.0251659308,0.020975766,0.0230827278,0.0104924174,0.00209852629,0.00629550738,0.00209862984,0.00629662354
30.9309309,0.0102860756,0.0370265866,0.185089494,1.59914283,0.800566073,7.46885197,3.9277401,20469.2663,3925.02706,0.376637378,0.273496638,0.58794731,0.29304279,0.206054102,0.218620327,0.560061181,10488.3923,0.303338379,10597.4802,0.558549878,0.955450104,0.0164322438,0.0308328476,0.0308162598,0.552128295,0.505428019,0.234027483,0.0513726893,0.0246671007,0.0205600051,0.0226252346,0.0102844615,0.00205693439,0.00617073289,0.00205703623,0.00617183047
31.031031,0.0100822185,0.0362927505,0.181420966,1.56744328,0.784691433,7.32064513,3.84967924,20469.8163,3925.16417,0.369168055,0.268070377,0.576277357,0.287226268,0.201965518,0.214282805,0.548938616,10487.9217,0.297321209,10597.0262,0.547476903,0.936510393,0.0161064996,0.0302216999,0.0302053852,0.541174911,0.495402294,0.229387786,0.0503543674,0.0241781695,0.0201524943,0.0221768189,0.0100806318,0.00201616776,0.00604843417,0.0020162679,0.00604951347
31.1311311,0.00988240288,0.0355734628,0.177825171,1.53637228,0.769131662,7.17537994,3.77317011,20470.3542,3925.29845,0.36184691,0.262751812,0.564839123,0.281525239,0.197958088,0.210031367,0.53803694,10487.4388,0.291423409,10596.5597,0.53662351,0.917946231,0.0157872148,0.0296226696,0.0296066235,0.530438888,0.485575498,0.2248401,0.0493562369,0.0236989323,0.0197530631,0.0217372932,0.0098808431,0.00197620933,0.00592856002,0.0019763078,0.00592962134
31.2312312,0.00968654822,0.034868434,0.174300662,1.50591734,0.753880495,7.03299783,3.69818174,20470.88,3925.42996,0.354670994,0.2575388,0.553627992,0.275937401,0.194030196,0.205864297,0.527351751,10486.9437,0.285642604,10596.0809,0.525985329,0.899750149,0.0154742607,0.0290355156,0.0290197339,0.519915899,0.475943672,0.220382595,0.0483778961,0.0232291964,0.0193615506,0.0213064805,0.00968501494,0.00193704303,0.00581106223,0.00193713986,0.00581210586
31.3313313,0.00949457563,0.0341773801,0.170846018,1.47606617,0.738931778,6.89344127,3.62468376,20471.394,3925.55874,0.347637411,0.252429232,0.542639431,0.270460495,0.190180256,0.201779913,0.516878729,10486.4364,0.279976461,10595.5899,0.515558072,0.881914807,0.0151675113,0.0284600012,0.0284444798,0.509601693,0.466502926,0.216013472,0.0474189507,0.0227687723,0.018977799,0.0208842073,0.00949306842,0.00189865306,0.00569589343,0.00189874827,0.00569691965
31.4314314,0.00930640756,0.0335000217,0.167459844,1.44680671,0.724279467,6.75665376,3.55264632,20471.8965,3925.68486,0.340743315,0.247421042,0.531868985,0.265092302,0.186406706,0.197776561,0.506613628,10485.9172,0.274422688,10595.0869,0.505337522,0.864433,0.0148668425,0.0278958938,0.0278806285,0.499492096,0.45724944,0.211730967,0.046479013,0.0223174741,0.0186016534,0.0204703029,0.00930492599,0.00186102392,0.0055830071,0.00186111754,0.00558401619
31.5315315,0.00912196781,0.0328360846,0.164140767,1.41812711,0.709917621,6.62257976,3.48204009,20472.3878,3925.80836,0.333985909,0.242512195,0.521312279,0.259830639,0.182708017,0.193852616,0.496552277,10485.3862,0.268979033,10594.5719,0.495319539,0.847297644,0.0145721325,0.027342965,0.0273279517,0.489583006,0.44817946,0.207533342,0.0455577024,0.0218751189,0.0182329613,0.0200645998,0.00912051144,0.00182414036,0.00547235752,0.00182423243,0.00547334975
31.6316316,0.00894118145,0.0321852991,0.16088744,1.3900157,0.695840402,6.4911647,3.41283622,20472.868,3925.92931,0.327362447,0.237700693,0.510965009,0.254673363,0.17908268,0.190006481,0.486690575,10484.8435,0.263643281,10594.0453,0.485500051,0.830501775,0.0142832616,0.02680099,0.0267862247,0.479870389,0.439289295,0.203418893,0.0446546443,0.021441527,0.0178715729,0.0196669331,0.00893974988,0.00178798742,0.00536389974,0.00178807794,0.00536487539
31.7317317,0.00876397482,0.0315474,0.157698537,1.36246104,0.682042067,6.36235488,3.34500637,20473.3375,3926.04775,0.320870223,0.232984571,0.500822946,0.249618364,0.175529216,0.186236584,0.47702449,10484.2892,0.258413257,10593.507,0.475875054,0.814038547,0.0140001119,0.0262697481,0.0262552268,0.470350279,0.430575316,0.199385941,0.0437694708,0.0210165216,0.017517341,0.0192771407,0.00876256764,0.00175255034,0.00525758956,0.00175263936,0.0052585489
31.8318318,0.00859027544,0.0309221264,0.154572752,1.33545184,0.668516967,6.23609751,3.27852264,20473.7964,3926.16375,0.31450658,0.228361894,0.490881926,0.24466357,0.172046167,0.182541382,0.467550054,10483.7236,0.253286817,10592.9572,0.466440609,0.797901224,0.0137225676,0.0257490217,0.0257347406,0.461018776,0.422033952,0.195432835,0.0429018196,0.020599929,0.0171701207,0.0188950633,0.00858889225,0.00171781465,0.00515338351,0.00171790218,0.00515432679
31.9319319,0.00842001198,0.0303092214,0.151508803,1.30897702,0.655259541,6.11234059,3.21335757,20474.2449,3926.27734,0.308268899,0.22383076,0.481137854,0.239806937,0.168632098,0.178919351,0.458263362,10483.1467,0.248261854,10592.3961,0.457192838,0.782083176,0.0134505147,0.0252385971,0.0252245523,0.451872037,0.41366169,0.191557951,0.0420513342,0.0201915779,0.0168297693,0.0185205439,0.00841865237,0.00168376607,0.00505123878,0.00168385214,0.00505216627
32.032032,0.00825314239,0.0297085338,0.148505933,1.28303002,0.642266515,5.99105356,3.14949506,20474.6833,3926.38855,0.302155642,0.219390051,0.471588326,0.235047268,0.165286168,0.175369599,0.449162121,10482.5586,0.243337127,10591.8238,0.44812946,0.766580495,0.013183886,0.0247383482,0.024724536,0.442907806,0.405456461,0.187760332,0.0412178047,0.0197913675,0.0164962028,0.01815349,0.00825180598,0.0016503962,0.00495113016,0.00165048082,0.00495204211
32.1321321,0.00808958476,0.0291197687,0.145562666,1.25759812,0.629531503,5.8721767,3.08690354,20475.1118,3926.49746,0.296163801,0.215037579,0.462228633,0.230382215,0.162006728,0.171890378,0.440241844,10481.9594,0.238510213,10591.2403,0.439246021,0.751385569,0.0129225505,0.0242480293,0.0242344459,0.434121671,0.39741423,0.184038113,0.0404008218,0.0193991013,0.0161692574,0.0177937214,0.00808827117,0.00161768865,0.00485300849,0.00161777186,0.00485390516
32.2322322,0.00792926993,0.028542677,0.14267776,1.23267055,0.617049114,5.75565962,3.0255564,20475.5306,3926.6041,0.290290839,0.2107715,0.453054802,0.2258098,0.158792388,0.168480213,0.431498744,10481.3494,0.23377907,10590.6458,0.430538761,0.736491969,0.0126663977,0.023767433,0.0237540748,0.425509907,0.389531588,0.180389717,0.0396000397,0.0190146134,0.0158487948,0.017441086,0.00792797877,0.0015856296,0.00475683229,0.00158571141,0.00475771392
32.3323323,0.00777213315,0.0279770257,0.139850047,1.20823723,0.604814302,5.64145515,2.96542873,20475.9398,3926.70852,0.28453438,0.206590087,0.444063117,0.221328169,0.155641846,0.165137724,0.42292928,10480.7285,0.229141785,10590.0405,0.422004164,0.721893678,0.012415324,0.0232963653,0.0232832286,0.41706903,0.381805347,0.176813672,0.038815135,0.0186377485,0.0155346856,0.0170954414,0.00777086406,0.00155420609,0.00466256271,0.00155428653,0.00466342954
32.4324324,0.00761811084,0.027422586,0.137078384,1.18428829,0.59282211,5.52951696,2.90649606,20476.3398,3926.81078,0.278892092,0.202491642,0.435249926,0.216935502,0.152553824,0.161861555,0.414529969,10480.0969,0.224596477,10589.4244,0.413638772,0.707584786,0.0121692278,0.0228346353,0.0228217167,0.408795618,0.374232374,0.173308527,0.0380457899,0.018268354,0.0152268027,0.0167566477,0.00761686344,0.00152340541,0.0045701616,0.0015234845,0.00457101388
32.5325325,0.00746714048,0.0268791326,0.134361646,1.16081398,0.581067666,5.41979951,2.84873433,20476.7307,3926.9109,0.273361682,0.1984745,0.426611641,0.212630012,0.149527065,0.158650373,0.406297392,10479.4547,0.2201413,10588.7977,0.405439189,0.693559482,0.0119280092,0.0223820558,0.0223693517,0.400686305,0.366809591,0.169872861,0.0372916921,0.0179062799,0.014925021,0.0164245674,0.00746591441,0.00149321506,0.00447959145,0.00149329282,0.00448042941
32.6326326,0.00731916061,0.0263464445,0.131698727,1.13780477,0.569546182,5.31225803,2.79211992,20477.1127,3927.00894,0.267940894,0.19453702,0.418144734,0.208409939,0.146560335,0.155502869,0.398228186,10478.8021,0.215774437,10588.1604,0.397402075,0.679812056,0.0116915699,0.0219384423,0.0219259493,0.392737784,0.35953397,0.166505273,0.0365525346,0.0175513789,0.0146292177,0.0160990653,0.00731795553,0.00146362274,0.00439081541,0.0014636992,0.00439163928
32.7327327,0.00717411082,0.0258243041,0.129088539,1.11525123,0.558252945,5.2068485,2.73662957,20477.4861,3927.10494,0.262627511,0.190677591,0.409845735,0.204273555,0.143652417,0.152417754,0.390319043,10478.1391,0.211494104,10587.5127,0.389524145,0.666336891,0.0114598134,0.0215036137,0.0214913283,0.384946802,0.352402534,0.163204387,0.0358280152,0.0172035059,0.0143392719,0.0157800084,0.00717292636,0.00143461638,0.0043037972,0.00143469155,0.00430460722
32.8328328,0.00703193163,0.0253124973,0.126530011,1.09314413,0.547183323,5.10352759,2.6822404,20477.8509,3927.19895,0.257419354,0.186894627,0.401711231,0.200219158,0.140802119,0.149393761,0.382566709,10477.4659,0.207298542,10586.8547,0.381802168,0.653128459,0.0112326445,0.0210773917,0.0210653107,0.377310159,0.345412355,0.15996885,0.0351178369,0.0168625184,0.0140550649,0.015467266,0.00703076746,0.00140618408,0.00421850117,0.00140625798,0.00421929756
32.9329329,0.00689256451,0.0248108135,0.124022091,1.07147437,0.536332753,5.00225267,2.62892989,20478.2074,3927.29099,0.252314273,0.183186567,0.393737861,0.196245073,0.138008262,0.146429641,0.374967983,10476.7825,0.203186023,10586.1865,0.374232964,0.640181323,0.0110099697,0.0206596008,0.0206477208,0.369824705,0.33856055,0.156797327,0.0344217073,0.0165282759,0.0137764795,0.0151607093,0.0068914203,0.00137831413,0.00413489219,0.00137838679,0.00413567517
33.033033,0.00675595186,0.0243190451,0.121563741,1.05023297,0.525696744,4.90298176,2.57667589,20478.5557,3927.38113,0.247310156,0.179551874,0.385922318,0.192349652,0.135269688,0.143524166,0.36751971,10476.089,0.199154843,10585.5082,0.366813401,0.627490126,0.0107916969,0.0202500681,0.0202383859,0.362487338,0.331844281,0.153688508,0.0337393385,0.0162006402,0.0135034007,0.0148602116,0.00675482726,0.00135099502,0.00405293569,0.00135106646,0.00405370549
33.1331331,0.00662206616,0.0238370933,0.119154467,1.02941566,0.515273158,4.8056949,2.5254679,20478.896,3927.46936,0.242405998,0.175989818,0.378263035,0.188532114,0.132585849,0.140676754,0.360220395,10475.3856,0.195204192,10584.8197,0.359541987,0.615052315,0.0105777822,0.0198487114,0.0198372238,0.355296583,0.325262199,0.150641766,0.033070593,0.0158795453,0.0132357733,0.0145657123,0.00662096085,0.00132422124,0.00397261518,0.00132429148,0.00397337201
33.2332332,0.0064908369,0.0233647041,0.116792999,1.00901148,0.505056494,4.71034067,2.47527874,20479.2285,3927.55576,0.237599208,0.172498517,0.370755957,0.184790438,0.129955325,0.137885899,0.353066174,10474.6722,0.191331985,10584.1214,0.352414887,0.602861334,0.0103681128,0.019455319,0.0194440229,0.348248643,0.318810826,0.147655495,0.0324151186,0.0155648221,0.0129734564,0.0142770564,0.00648975055,0.00129797869,0.00389388836,0.00129804775,0.00389463242
33.3333333,0.00636220873,0.0229016783,0.114478341,0.989011806,0.495042441,4.61687877,2.42608712,20479.5534,3927.64034,0.232887758,0.169076494,0.363397907,0.18112304,0.127377003,0.135150421,0.346054018,10473.949,0.187536586,10583.4132,0.345429095,0.59091204,0.0101626002,0.0190697251,0.0190586173,0.341340539,0.312487438,0.144728435,0.0317726386,0.0152563377,0.0127163394,0.013994122,0.00636114104,0.00127225631,0.00381672201,0.0012723242,0.00381745351
33.4334334,0.00623612972,0.022447829,0.112209559,0.969408571,0.48522695,4.52527136,2.37787309,20479.8707,3927.72316,0.228269741,0.165722364,0.356185905,0.177528435,0.12484984,0.132469214,0.339181087,10473.2162,0.183816462,10582.6952,0.338581788,0.579199607,0.00996116153,0.0186917739,0.0186808515,0.334569475,0.306289476,0.141859403,0.0311428935,0.0149539677,0.0124643184,0.0137167951,0.00623508037,0.0012470437,0.00374108498,0.00124711045,0.00374180413
33.5335335,0.00611254888,0.0220029726,0.109985735,0.950193838,0.475606048,4.43548131,2.33061702,20480.1808,3927.80425,0.223743289,0.162434768,0.349117025,0.174005164,0.122372812,0.12984119,0.33244459,10472.4737,0.180170105,10581.9676,0.331870195,0.567719295,0.00976371516,0.0183213124,0.0183105724,0.327932708,0.300214429,0.139047239,0.0305256286,0.0146575897,0.0122172915,0.0134449633,0.00611151756,0.00122233068,0.00366694667,0.00122239629,0.00366765368
33.6336336,0.00599141611,0.0215669287,0.107805967,0.931359817,0.466175831,4.34747212,2.28429965,20480.4836,3927.88364,0.219306562,0.15921237,0.34218839,0.170551794,0.119944911,0.127265283,0.325841788,10471.7216,0.176596035,10581.2304,0.325291593,0.556466448,0.00957018102,0.0179581906,0.01794763,0.321427541,0.294259831,0.136290801,0.0299205936,0.0143670835,0.0119751585,0.0131785165,0.00599040252,0.00119810721,0.00359427704,0.00119817172,0.0035949721
33.7337337,0.00587268218,0.0211395203,0.105669369,0.91289885,0.456932462,4.26120795,2.23890206,20480.7795,3927.96137,0.214957756,0.156053857,0.335397177,0.167166919,0.117565148,0.124740442,0.319369987,10470.9602,0.173092798,10580.4836,0.318843309,0.545436492,0.00938048045,0.0176022608,0.0175918767,0.315051326,0.288423258,0.133588968,0.0293275425,0.0140823311,0.011737821,0.0129173464,0.00587168603,0.00117436346,0.00352304655,0.00117442688,0.00352372986
33.8338338,0.00575629873,0.020720573,0.103575071,0.894803413,0.447872172,4.17665356,2.19440565,20481.0686,3928.03747,0.210695096,0.152957939,0.328740609,0.163849153,0.115232552,0.122265637,0.313026541,10470.1893,0.169658964,10579.7275,0.312522712,0.534624931,0.00919453611,0.017253378,0.0172431674,0.308801461,0.282702326,0.130940638,0.0287462335,0.0138032163,0.0115051823,0.0126613466,0.00575531972,0.00115108976,0.00345322617,0.0011511521,0.00345389793
33.9339339,0.00564221817,0.0203099156,0.101522216,0.877066106,0.438991252,4.0937743,2.15079213,20481.3509,3928.11198,0.206516838,0.149923348,0.322215957,0.160597136,0.112946167,0.119839855,0.306808847,10469.4092,0.166293128,10578.962,0.306327218,0.524027343,0.00901227195,0.0169113994,0.0169013596,0.302675383,0.277094693,0.12834473,0.028176429,0.0135296251,0.0112771473,0.0124104125,0.00564125602,0.00112827658,0.00338478737,0.00112833787,0.00338544776
34.034034,0.00553039373,0.0199073798,0.0995099621,0.859679651,0.430286058,4.0125361,2.10804351,20481.6267,3928.18492,0.202421265,0.146948836,0.315820535,0.15740953,0.110705052,0.117462097,0.300714347,10468.6198,0.162993908,10578.1872,0.300254285,0.513639381,0.00883361319,0.0165761848,0.0165663131,0.296670577,0.271598055,0.125800176,0.0276178952,0.0132614452,0.0110536224,0.0121644411,0.00552944814,0.00110591458,0.00331770208,0.00110597484,0.00331835128
34.1341341,0.00542077936,0.0195127998,0.0975374814,0.842636889,0.421753001,3.93290543,2.06614209,20481.8961,3928.25635,0.198406689,0.144033176,0.309551702,0.154285019,0.108508282,0.115131383,0.294740521,10467.8212,0.159759942,10577.4032,0.29430141,0.503456767,0.00865848624,0.0162475962,0.0162378898,0.290784565,0.266210146,0.123305929,0.0270704021,0.0129985662,0.0108345157,0.0119233311,0.00541985007,0.00108399454,0.00325194267,0.00108405378,0.00325258088
34.2342342,0.00531335153,0.0191260908,0.0956043498,0.825934158,0.413390248,3.85486518,2.02507887,20482.1591,3928.32626,0.194472248,0.141175742,0.303408115,0.151222932,0.106355386,0.112847212,0.288886089,10467.0136,0.156590538,10576.6101,0.288467316,0.493477312,0.00848685349,0.015925563,0.0159160192,0.285016084,0.260929808,0.120861454,0.0265338321,0.0127409317,0.0106197799,0.0116870308,0.00531243825,0.00106251177,0.00318749503,0.00106257,0.00318812242
34.3343343,0.00520805382,0.0187470499,0.0937095522,0.809562685,0.405193403,3.77837427,1.98483214,20482.416,3928.3947,0.190615873,0.13837503,0.297386532,0.148221655,0.104245231,0.110608382,0.28314796,10466.1969,0.153484027,10575.8079,0.282748937,0.483695776,0.00831862478,0.015609916,0.0156005322,0.279362097,0.255754263,0.118465465,0.0260079033,0.0124884063,0.0104093025,0.0114554161,0.00520715629,0.00104145497,0.00312432531,0.00104151221,0.00312494206
34.4344344,0.00510484274,0.0183755203,0.0918523057,0.793515702,0.397159077,3.703401,1.94538518,20482.6669,3928.4617,0.186835967,0.135629879,0.291484458,0.145279944,0.102176941,0.108413966,0.277523757,10465.3713,0.150439124,10574.9967,0.277143908,0.474108115,0.00815373055,0.0153005248,0.0152912984,0.273820262,0.250681368,0.116116972,0.0254923984,0.0122408857,0.0102029963,0.0112283913,0.00510396069,0.00102081545,0.00306240742,0.00102087172,0.00306301371
34.5345345,0.00500367675,0.0180113527,0.0900318628,0.777786751,0.389284032,3.62991513,1.90672203,20482.9118,3928.5273,0.183131009,0.132939182,0.285699511,0.142396611,0.100149683,0.106263079,0.272011208,10464.5368,0.147454603,10574.1766,0.271649974,0.464710469,0.00799210444,0.014997265,0.0149881933,0.268388346,0.245709079,0.113815029,0.0249871099,0.0119982702,0.0100007784,0.0110058651,0.00500280993,0.0010005849,0.00300171644,0.00100064022,0.00300231243
34.6346346,0.00490451509,0.0176544002,0.0882474898,0.76236949,0.381565092,3.55788698,1.86882702,20483.1511,3928.59151,0.179499502,0.130301853,0.280029351,0.139570491,0.0981626368,0.104154852,0.266608082,10463.6935,0.144529259,10573.3476,0.266264919,0.455499049,0.00783368127,0.0147000141,0.0146910948,0.263064155,0.240835388,0.111558709,0.024491834,0.011760462,0.00980256727,0.0107877477,0.00490366324,0.000980755172,0.00294222791,0.000980809553,0.00294281378
34.7347347,0.00480731773,0.0173045187,0.0864984664,0.747257694,0.373999138,3.48728741,1.83168478,20483.3847,3928.65437,0.17593998,0.127716824,0.274471683,0.136800438,0.0962149997,0.102088432,0.261312193,10462.8413,0.141661909,10572.5098,0.260986568,0.446470138,0.00767839707,0.0144086524,0.0143998828,0.257845537,0.236058325,0.109347099,0.0240063709,0.0115273653,0.00960828288,0.0105739511,0.0048064806,0.000961318263,0.00288391782,0.000961371721,0.00288449373
34.8348348,0.00471204539,0.0169615669,0.0847840854,0.732445252,0.366583109,3.4180878,1.79528019,20483.6128,3928.71591,0.172451,0.125183048,0.269024253,0.134085331,0.0943059818,0.100062982,0.25612139,10461.9805,0.138851393,10571.6632,0.255812785,0.437620082,0.00752618904,0.0141230618,0.0141144396,0.252730376,0.231375955,0.107179306,0.0235305241,0.0112988856,0.00941784668,0.010364389,0.00471122272,0.000942266311,0.00282676259,0.000942318862,0.00282732872
34.9349349,0.00461865944,0.0166254057,0.083103652,0.717926158,0.359313995,3.35026005,1.75959843,20483.8355,3928.77615,0.169031148,0.122699497,0.263684846,0.131424064,0.0924348076,0.0980776797,0.251033562,10461.1111,0.13609657,10570.808,0.250741474,0.428945294,0.00737699546,0.0138431267,0.0138346494,0.247716596,0.226786378,0.105054449,0.0230641008,0.0110749304,0.00923118148,0.0101589763,0.004617851,0.000923591598,0.00277073907,0.000923643256,0.00277129557
35.035035,0.00452712198,0.0162958986,0.0814564836,0.703694513,0.352188842,3.28377653,1.72462493,20484.0529,3928.83512,0.165679032,0.120265158,0.258451287,0.128815554,0.0906007153,0.0961317167,0.246046636,10460.233,0.133396319,10569.9441,0.245770574,0.420442249,0.00723075571,0.0135687333,0.0135603986,0.242802157,0.222287725,0.102971666,0.0226069115,0.0108554087,0.00904821146,0.00995762961,0.00452632751,0.000905286539,0.00271582449,0.000905337318,0.00271637152
35.1351351,0.00443739571,0.0159729114,0.0798419092,0.68974452,0.345204746,3.21861011,1.69034535,20484.2652,3928.89285,0.162393286,0.117879038,0.253321437,0.126258735,0.0888029561,0.0942242988,0.241158573,10459.3464,0.13074954,10569.0716,0.240898058,0.412107484,0.00708741021,0.0132997699,0.0132915754,0.237985053,0.217878162,0.100930107,0.0221587699,0.010640231,0.00886886208,0.00976026699,0.00443661499,0.000887343677,0.00266199651,0.000887393593,0.00266253422
35.2352352,0.00434944399,0.0156563121,0.0782592694,0.676070477,0.338358849,3.1547341,1.65674563,20484.4725,3928.94936,0.159172565,0.115540161,0.248293195,0.12375256,0.0870407939,0.0923546451,0.236367369,10458.4513,0.12815515,10568.1906,0.236121935,0.403937591,0.00694690038,0.0130361265,0.01302807,0.233263312,0.213555884,0.0989289388,0.0217194929,0.0104293096,0.00869306009,0.00956680777,0.00434867679,0.000869755685,0.00260923311,0.000869804751,0.00260976167
35.3353353,0.00426324451,0.0153460205,0.0767081626,0.662668916,0.331649414,3.09213228,1.62381721,20484.6747,3929.00466,0.156016052,0.113247933,0.243365284,0.121296392,0.0853137814,0.0905222813,0.231671808,10457.5478,0.125612489,10567.3012,0.231440994,0.395930499,0.00680919057,0.0127777364,0.0127698156,0.228635736,0.209319794,0.0969676528,0.0212889691,0.0102225908,0.00852076088,0.00937720289,0.00426249059,0.0008525181,0.00255752094,0.000852566331,0.00255804049
35.4354354,0.00417875381,0.0150418802,0.0751878066,0.649533076,0.325073056,3.03077299,1.59154338,20484.8722,3929.0588,0.152922154,0.111001194,0.238535211,0.118888988,0.0836210452,0.0887262808,0.227069511,10456.6358,0.123120275,10566.4032,0.226852872,0.388082169,0.0066742113,0.0125244691,0.0125166818,0.224099987,0.205167752,0.0950452597,0.0208669813,0.0100199704,0.00835187756,0.00919135676,0.00417801295,0.000835622232,0.0025068339,0.000835669641,0.0025073446
35.5355355,0.00409593761,0.0147437676,0.0736975847,0.636657628,0.318627102,2.97063129,1.55991099,20485.0649,3929.11179,0.149889613,0.108799032,0.233801008,0.116529368,0.081961897,0.0869659137,0.222558604,10455.7155,0.120677494,10565.4969,0.222355709,0.380389415,0.00654190781,0.0122762219,0.0122685659,0.21965422,0.201098071,0.0931609789,0.0204533583,0.00982136616,0.00818634162,0.00900919398,0.00409520959,0.000819061227,0.00245715144,0.000819107828,0.00245765343
35.6356356,0.00401476264,0.0144515631,0.0722368979,0.624037394,0.312308961,2.91168295,1.52890723,20485.253,3929.16366,0.146917209,0.106640559,0.229160769,0.114216581,0.0803356684,0.0852404709,0.218137269,10454.787,0.118283163,10564.5823,0.217947694,0.372849146,0.0064122269,0.0120328951,0.0120253682,0.215296646,0.197109112,0.0913140529,0.0200479338,0.00962669832,0.00802408652,0.00883064134,0.00401404724,0.000802828429,0.0024084536,0.000802874235,0.00240894702
35.7357357,0.00393519623,0.0141651491,0.0708051582,0.611667295,0.306116087,2.85390418,1.49851958,20485.4366,3929.21443,0.144003744,0.104524906,0.224612619,0.111949694,0.0787417033,0.0835492564,0.213803718,10453.8501,0.115936318,10563.6593,0.213627054,0.365458324,0.00628511635,0.0117943906,0.0117869907,0.211025507,0.193199267,0.0895037379,0.0196505446,0.00943588849,0.00786504695,0.00865562699,0.00393449324,0.000786917305,0.00236072076,0.00078696233,0.00236120576
35.8358358,0.0038572063,0.01388441,0.0694017884,0.59954234,0.300045981,2.79727163,1.4687357,20485.6158,3929.26412,0.141148043,0.102451216,0.22015472,0.109727789,0.0771793576,0.0818915871,0.209556199,10452.905,0.11363601,10562.7281,0.209392046,0.35821397,0.00616052489,0.0115606124,0.0115533373,0.206839078,0.189366958,0.0877293034,0.0192610304,0.00924885971,0.00770915879,0.00848408035,0.0038565155,0.000771321441,0.0023139337,0.000771365697,0.00231441042
35.9359359,0.00378076135,0.0136092324,0.0680262215,0.58765763,0.294096188,2.74176238,1.4395435,20485.7906,3929.31276,0.138348949,0.10041865,0.215785264,0.107549967,0.0756479986,0.0802667917,0.20539299,10451.9518,0.11138131,10561.7887,0.205240957,0.351113156,0.00603840217,0.0113314658,0.0113243137,0.202735665,0.185610633,0.0859900323,0.0188792338,0.00906553642,0.00755635905,0.00831593214,0.00378008254,0.000756034536,0.00226807351,0.000756078037,0.00226854208
36.036036,0.00370583043,0.013339505,0.0666779005,0.576008351,0.288264296,2.68735388,1.41093109,20485.9612,3929.36036,0.135605329,0.0984263844,0.211502478,0.105415342,0.0741470048,0.0786742111,0.201312398,10450.9904,0.109171303,10560.8412,0.201172106,0.344153005,0.00591869873,0.0111068583,0.0110998269,0.198713602,0.181928768,0.0842852198,0.0185050003,0.00888584438,0.00740658585,0.00815111427,0.0037051634,0.000741050401,0.00222312162,0.000741093159,0.00222358218
36.1361361,0.00363238311,0.0130751182,0.065356278,0.564589774,0.282547936,2.634024,1.38288679,20486.1277,3929.40695,0.132916066,0.0964736076,0.207304616,0.103323047,0.0726757653,0.0771131973,0.197312761,10450.0209,0.10700509,10559.8855,0.197183841,0.337330692,0.00580136595,0.0108866984,0.010879786,0.194771254,0.178319867,0.0826141736,0.0181381777,0.00870971063,0.0072597784,0.00798955984,0.00363172768,0.000726362953,0.00217905978,0.000726404981,0.00217951246
36.2362362,0.00356038951,0.0128159644,0.0640608159,0.553397246,0.276944778,2.58175098,1.35539912,20486.2901,3929.45256,0.130280065,0.094559523,0.203189966,0.101272225,0.0712336798,0.0755831134,0.193392444,10449.0434,0.104881789,10558.9217,0.193274536,0.330643437,0.00568635603,0.0106708967,0.0106641011,0.190907013,0.174782458,0.0809762128,0.0177786168,0.00853706346,0.0071158769,0.00783120307,0.00355974546,0.000711966214,0.00213587006,0.000712007523,0.002136315
36.3363363,0.00348982022,0.0125619378,0.0627909849,0.542426196,0.271452531,2.53051341,1.32845679,20486.4486,3929.49719,0.127696248,0.0926833471,0.19915684,0.0992620367,0.0698201578,0.0740833331,0.189549841,10448.0578,0.10280053,10557.9498,0.189442595,0.324088509,0.00557362199,0.0104593649,0.0104526843,0.187119296,0.171315093,0.0793706679,0.0174261706,0.00836783231,0.00697482259,0.00767597929,0.00348918737,0.000697854302,0.00209353481,0.000697894904,0.00209397213
36.4364364,0.00342065738,0.0123129741,0.0615464639,0.531673846,0.266069806,2.48029831,1.30205297,20486.6032,3929.54087,0.125163961,0.0908446051,0.195204219,0.0972919737,0.0684348415,0.0726134768,0.185783977,10447.0642,0.100760787,10556.9699,0.185687048,0.317664249,0.0054631353,0.0102520495,0.0102454819,0.183407146,0.167916895,0.0777971327,0.01708075,0.00820197439,0.00683657976,0.00752384921,0.00342003553,0.000684023647,0.00205204332,0.000684063555,0.00205247316
36.5365365,0.00335286571,0.0120689463,0.0603266177,0.521134709,0.260793851,2.43107999,1.2761741,20486.754,3929.58361,0.122681909,0.0890423563,0.191330077,0.0953610267,0.0670770221,0.0711727925,0.182092923,10446.0627,0.0987615175,10555.982,0.182005977,0.311367377,0.00535483956,0.0100488447,0.0100423883,0.179768664,0.164586127,0.0762548039,0.0167421786,0.00803940505,0.00670107788,0.00737473523,0.00335225468,0.000670467194,0.00201137444,0.000670506419,0.00201179691
36.6366366,0.00328641792,0.0118297561,0.0591309553,0.51080454,0.255622542,2.38283859,1.2508097,20486.9011,3929.62545,0.120249092,0.0872758733,0.18753285,0.0934684157,0.0657461514,0.0697606991,0.178475187,10445.0532,0.0968019152,10554.9862,0.178397899,0.305195359,0.00524869115,0.00984966868,0.00984332172,0.176202382,0.161321444,0.07474306,0.0164103202,0.00788005883,0.0065682624,0.00722857732,0.00328581752,0.000657179485,0.00197151177,0.000657218037,0.001971927
36.7367367,0.00322128725,0.0115953072,0.0579589951,0.500679178,0.250553793,2.33555462,1.22594949,20487.0446,3929.66639,0.11786453,0.0855444432,0.183811004,0.0916133763,0.0644416923,0.0683766264,0.174929307,10444.0359,0.0948811898,10553.9824,0.174861361,0.299145706,0.00514464731,0.00965444124,0.00964820184,0.172706861,0.158121531,0.0732612919,0.0160850409,0.00772387154,0.00643807981,0.00708531661,0.0032206973,0.000644155168,0.00193243928,0.00064419306,0.00193284739
36.8368368,0.00315744743,0.011365505,0.0568102641,0.490754535,0.245585558,2.28920897,1.2015834,20487.1845,3929.70645,0.115527258,0.0838473659,0.180163033,0.0897951576,0.0631631172,0.067020015,0.171453846,10443.0106,0.0929985649,10552.9707,0.171394935,0.293215978,0.00504266602,0.00946308356,0.00945694995,0.169280687,0.154985093,0.0718089012,0.0157662096,0.00757078015,0.00631047758,0.00694489529,0.00315686774,0.000631388988,0.00189414119,0.000631426231,0.0018945423
36.9369369,0.00309487262,0.0111402565,0.0556842976,0.481026595,0.240715823,2.24378284,1.1777015,20487.321,3929.74566,0.11323633,0.0821839533,0.176587456,0.0880130219,0.0619099075,0.0656903148,0.168047393,10441.9775,0.0911532782,10551.9511,0.167997219,0.287403774,0.00494270604,0.00927551823,0.00926948866,0.165922473,0.151910859,0.0703853001,0.0154536973,0.00742072272,0.00618540408,0.00680725657,0.00309430303,0.000618875782,0.00185660201,0.000618912386,0.00185699624
37.037037,0.00303353746,0.0109194705,0.0545806391,0.471491413,0.235942614,2.19925776,1.15429405,20487.4541,3929.78403,0.110990816,0.0805535295,0.173082819,0.0862662443,0.060681554,0.0643869855,0.164708562,10440.9366,0.0893445801,10550.9237,0.164666832,0.281706739,0.0048447268,0.00909166918,0.00908574192,0.162630854,0.148897582,0.0689899111,0.0151473771,0.0072736384,0.00606280861,0.00667234465,0.0030329778,0.000606610476,0.00181980652,0.000606646452,0.00182019399
37.1371371,0.00297341701,0.0107030571,0.0534988396,0.46214511,0.231263986,2.15561559,1.13135149,20487.5839,3929.82158,0.108789801,0.07895543,0.169647693,0.0845541123,0.0594775559,0.063109496,0.161435991,10439.8879,0.0875717339,10549.8884,0.161402422,0.276122552,0.00474868844,0.00891146163,0.00890563499,0.159404488,0.145944033,0.0676221663,0.0148471244,0.00712946736,0.00594264129,0.00654010465,0.00297286711,0.000594588081,0.00178373977,0.00059462344,0.00178412058
37.2372372,0.00291448674,0.010490928,0.0524384578,0.45298387,0.226678029,2.11283846,1.10886441,20487.7105,3929.85832,0.106632386,0.0773890012,0.16628067,0.0828759249,0.0582974208,0.0618573237,0.158228337,10438.8314,0.0858340153,10548.8454,0.158202654,0.270648937,0.00465455177,0.00873482203,0.00872909435,0.156242057,0.143049006,0.0662815072,0.0145528168,0.00698815076,0.00582485309,0.00641048261,0.00291394643,0.000582803694,0.00174838702,0.000582838445,0.00174876129
37.3373373,0.00285672252,0.0102829965,0.0513990593,0.444003941,0.222182862,2.07090883,1.08682352,20487.8339,3929.89428,0.104517687,0.0758536002,0.162980369,0.081230993,0.057140664,0.060629955,0.155084283,10437.7672,0.0841307113,10547.7945,0.155066218,0.265283649,0.00456227821,0.00856167804,0.00855604767,0.153142262,0.140211312,0.0649673846,0.0142643337,0.00684963072,0.00570939576,0.00628342547,0.00285619163,0.000571252487,0.00171373382,0.000571286642,0.00171410165
37.4374374,0.0028001008,0.0100791776,0.0503802204,0.43520166,0.217776652,2.02980954,1.06521981,20487.9542,3929.92947,0.102444841,0.0743485997,0.15974544,0.0796186437,0.0560068131,0.0594268882,0.152002543,10436.6952,0.0824611268,10546.7359,0.151991834,0.260024502,0.00447183013,0.00839195906,0.00838642439,0.150103838,0.137429793,0.0636792623,0.0139815574,0.00671385077,0.00559622224,0.00615888142,0.00279957917,0.000559929753,0.00167976602,0.000559963321,0.00168012753
37.5375375,0.00274460912,0.00987942658,0.049381717,0.426575092,0.213458429,1.98953158,1.04404852,20488.0715,3929.96389,0.100413391,0.0728736692,0.156575172,0.0780385232,0.0548956189,0.0582478591,0.148982437,10435.6155,0.0808248942,10545.6696,0.148978827,0.254870338,0.00438318765,0.00822562774,0.00822018719,0.147126117,0.134703837,0.0624168571,0.0137044257,0.00658078103,0.00548530763,0.00603682306,0.0027440966,0.000548833001,0.00164647616,0.000548865991,0.00164683145
37.6376376,0.00269021762,0.0096836359,0.0484030112,0.418119588,0.209225865,1.95005317,1.02329817,20488.1858,3929.99758,0.0984222425,0.0714280119,0.153467851,0.0764897768,0.053806481,0.0570922307,0.146022333,10434.5282,0.0792211308,10544.5955,0.146025573,0.24981838,0.00429630299,0.00806259451,0.00805724651,0.144207491,0.132031973,0.0611794885,0.0134327893,0.00645034984,0.00537659219,0.00591718467,0.00268971405,0.000537956254,0.00161384631,0.000537988678,0.00161419549
37.7377377,0.00263690437,0.00949172665,0.047443709,0.409831742,0.205077253,1.91135837,1.00296035,20488.2972,3930.03054,0.0964705913,0.070011044,0.150422221,0.0749717785,0.0527389596,0.0559595366,0.143121032,10433.4331,0.0776491895,10543.5138,0.143130881,0.244866593,0.00421114115,0.00790279368,0.00789753669,0.141346782,0.129413122,0.0599666579,0.0131665388,0.00632250463,0.00527003213,0.00579991806,0.00263640959,0.000527295133,0.00158186333,0.000527326998,0.0015822065
37.8378378,0.00258464786,0.00930362138,0.0465034229,0.401708207,0.201010916,1.87343152,0.983026793,20488.4058,3930.06279,0.0945576491,0.0686221923,0.147437049,0.0734839138,0.0516926226,0.0548493185,0.14027736,10432.3304,0.0761084348,10542.4243,0.140293582,0.240012978,0.00412766773,0.00774616072,0.00774099323,0.138542832,0.126846227,0.0587778753,0.0129055667,0.0061971938,0.00516558443,0.0056849759,0.00258416173,0.000516845333,0.00155051431,0.00051687665,0.00155085157
37.9379379,0.00253342695,0.00911924401,0.0455817725,0.393745696,0.197025209,1.83625725,0.963489403,20488.5116,3930.09434,0.092682641,0.0672608939,0.144511123,0.0720255789,0.050667046,0.0537611264,0.137490161,10431.2201,0.0745982425,10541.3272,0.137512529,0.23525557,0.00404584895,0.00759263228,0.00758755279,0.135794506,0.124330246,0.0576126597,0.0126497674,0.00607436665,0.00506320682,0.00557231168,0.00253294932,0.000506602628,0.00151978657,0.000506633406,0.00152011801
38.038038,0.00248322088,0.00893851978,0.0446783843,0.385940979,0.193118513,1.79982044,0.944340208,20488.6148,3930.12522,0.0908448057,0.0659265956,0.141643254,0.0705961808,0.0496618127,0.052694518,0.134758301,10430.1021,0.0731179992,10540.2224,0.134786592,0.230592439,0.00396565163,0.00744214607,0.00743715313,0.133100686,0.121864158,0.0564705381,0.012399037,0.00595397336,0.00496285781,0.00546187973,0.0024827516,0.000496562865,0.00148966765,0.000496593113,0.00148999338
38.1381381,0.00243400923,0.0087613752,0.0437928907,0.378290881,0.189289238,1.76410623,0.925571377,20488.7153,3930.15543,0.089043395,0.0646187535,0.138832272,0.0691951364,0.0486765131,0.0516490588,0.132080664,10428.9765,0.0716671021,10539.11,0.132114663,0.226021689,0.00388704314,0.0072946409,0.00728973307,0.130460276,0.119446958,0.055351046,0.0121532738,0.00583596498,0.00486449656,0.00535363515,0.00243354817,0.000486721962,0.0014601453,0.000486751688,0.00146046541
38.2382382,0.00238577194,0.00858773801,0.0429249305,0.37079228,0.18553582,1.72910003,0.907175209,20488.8132,3930.18499,0.0872776732,0.0633368331,0.136077026,0.0678218724,0.0477107444,0.0506243214,0.129456155,10427.8433,0.0702449585,10537.99,0.129495651,0.221541455,0.00380999141,0.0071500566,0.00714523245,0.127872196,0.117077658,0.0542537263,0.0119123773,0.00572029335,0.00476808297,0.00524753377,0.00238531894,0.000477075904,0.00143120748,0.000477105118,0.00143152207
38.3383383,0.00233848925,0.00841753715,0.0420741486,0.363442107,0.181856722,1.69478747,0.88914413,20488.9086,3930.2139,0.0855469166,0.0620803085,0.133376386,0.066475825,0.0467641102,0.0496198853,0.126883694,10426.7026,0.0688509852,10536.8623,0.126928484,0.217149902,0.00373446487,0.00700833397,0.00700359211,0.125335384,0.114755288,0.0531781298,0.0116762489,0.00560691113,0.00467357757,0.00514353219,0.00233804418,0.000467620744,0.00140284235,0.000467649454,0.00140315151
38.4384384,0.00229214175,0.0082507027,0.0412401952,0.35623734,0.17825043,1.66115441,0.87147069,20489.0015,3930.2422,0.0838504132,0.0608486622,0.130729238,0.0651564395,0.0458362207,0.0486353371,0.12436222,10425.5542,0.0674846087,10535.727,0.124412107,0.212845226,0.0036604325,0.00686941477,0.00686475383,0.122848797,0.112478891,0.0521238141,0.0114447917,0.00549577172,0.00458094151,0.00504158766,0.00229170447,0.000458352597,0.00137503825,0.000458380812,0.00137534207
38.5385385,0.00224671072,0.00808716729,0.0404227337,0.349175069,0.174715487,1.62818724,0.854147711,20489.092,3930.26988,0.0821874771,0.059641396,0.128134511,0.0638631814,0.0449267003,0.0476702783,0.121890712,10424.3983,0.0661452763,10534.5842,0.121945502,0.208625687,0.00358786438,0.0067332429,0.00672866153,0.120411428,0.110247546,0.0510903533,0.011217912,0.00538683024,0.0044901374,0.00494165903,0.0022462811,0.000449267721,0.00134778396,0.000449295449,0.00134808253
38.6386386,0.0022021868,0.00792689723,0.0396215955,0.34225384,0.171251166,1.59587919,0.837171638,20489.1802,3930.29696,0.0805577663,0.0584582616,0.125591671,0.0625957854,0.0440353622,0.0467245105,0.119468661,10423.2348,0.0648327121,10533.4337,0.119528163,0.204490417,0.00351674557,0.00659979031,0.00659528719,0.118022775,0.108060794,0.0500775347,0.0109955633,0.00528006425,0.00440114653,0.0048437257,0.00220176471,0.000440364245,0.00132107386,0.000440391494,0.00132136728
38.7387387,0.00215854543,0.00776980412,0.0388363389,0.335469833,0.167855551,1.56421236,0.820533029,20489.266,3930.32345,0.07896038,0.0572986043,0.12309931,0.0613535487,0.0431617128,0.0457975102,0.117094723,10422.0638,0.0635461906,10532.2757,0.117158754,0.200437134,0.00344703681,0.00646898337,0.00646455718,0.115681519,0.105917427,0.049084799,0.0107776227,0.00517541484,0.0043139198,0.00474773367,0.00215813074,0.000431637256,0.00129489322,0.000431664035,0.00129518157
38.8388388,0.00211576905,0.00761582468,0.0380666474,0.328820315,0.164527275,1.53317397,0.804225142,20489.3497,3930.34937,0.0773946739,0.0561619558,0.120656419,0.0601359697,0.0423053994,0.0448889033,0.114767939,10420.8852,0.0622851927,10531.1101,0.114836321,0.196464203,0.00337871002,0.00634076938,0.00633641883,0.113386712,0.103816579,0.048111746,0.0105640025,0.00507283985,0.00422842207,0.00465364426,0.00211536162,0.000423083242,0.0012692315,0.000423109558,0.00126951486
38.9389389,0.00207384038,0.00746489681,0.0373122105,0.322302601,0.161264993,1.50275146,0.788241363,20489.4311,3930.37472,0.0758600157,0.0550478568,0.118262012,0.0589425557,0.0414660758,0.0439983224,0.112487366,10419.6991,0.061049209,10529.9369,0.112559926,0.192570023,0.00331173762,0.0062150966,0.00621082044,0.111137429,0.101757401,0.0471579831,0.0103546165,0.0049722979,0.00414461885,0.00456141952,0.00207344011,0.00041469875,0.00124407834,0.000414724611,0.00124435679
39.039039,0.0020327425,0.0073169595,0.0365727233,0.315914058,0.158067385,1.47293252,0.772575194,20489.5103,3930.39952,0.0743557844,0.0539558559,0.115915117,0.0577728229,0.040643402,0.043125407,0.110252079,10418.5054,0.059837739,10528.7562,0.110328649,0.188753018,0.00324609253,0.00609191424,0.00608771122,0.108932758,0.0997390593,0.0462231246,0.01014938,0.00487374834,0.00406247627,0.00447102218,0.00203234925,0.000406480392,0.00121942357,0.000406505806,0.00121969721
39.1391391,0.00199245875,0.00717195286,0.0358478863,0.309652097,0.154933156,1.44370502,0.757220255,20489.5875,3930.42378,0.07288137,0.0528855101,0.11361478,0.0566262961,0.0398370439,0.0422698026,0.108061168,10417.3042,0.0586502913,10527.5679,0.108141585,0.185011642,0.00318174816,0.00597117241,0.0059670413,0.106771804,0.0977607358,0.0453067915,0.0099482099,0.00477715126,0.00398196106,0.00438241564,0.0019920724,0.000398424841,0.00119525722,0.000398449815,0.00119552612
39.2392392,0.00195297279,0.00702981801,0.0351374053,0.303514175,0.151861031,1.41505709,0.742170277,20489.6626,3930.44751,0.0714361734,0.0518363838,0.111360066,0.0555025085,0.0390466736,0.0414311613,0.105913742,10416.0955,0.0574863831,10526.372,0.105997847,0.181344377,0.00311867838,0.00585282207,0.00584876167,0.104653689,0.0958216257,0.0444086118,0.0097510245,0.00468246744,0.00390304054,0.00429556392,0.00195259322,0.000390528826,0.00117156948,0.000390553368,0.00117183372
39.3393393,0.00191426854,0.0068904971,0.0344409909,0.297497792,0.148849758,1.38697703,0.727419098,20489.7357,3930.47073,0.0700196053,0.0508080491,0.109150054,0.0544010014,0.0382719685,0.0406091408,0.103808922,10414.8792,0.0563455399,10525.1686,0.103896562,0.177749728,0.0030568575,0.00573681505,0.00573282418,0.102577549,0.0939209383,0.0435282196,0.00955774353,0.00458965833,0.00382568256,0.00421043167,0.00191389564,0.000382789134,0.00114835069,0.000382813251,0.00114861036
39.4394394,0.00187633021,0.00675393327,0.033758359,0.291600493,0.145898108,1.35945335,0.712960661,20489.8068,3930.49344,0.068631087,0.0498000853,0.106983839,0.0533213237,0.0375126116,0.039803405,0.101745845,10413.6555,0.055227295,10523.9577,0.10183687,0.174226228,0.00299626028,0.00562310398,0.00561918147,0.100542534,0.0920578963,0.0426652552,0.00936828804,0.00449868603,0.00374985555,0.00412698414,0.00187596386,0.000375202604,0.00112559139,0.000375226304,0.00112584656
39.5395395,0.00183914225,0.00662007056,0.0330892297,0.285819859,0.14300487,1.33247474,0.69878901,20489.8761,3930.51565,0.0672700488,0.0488120786,0.104860531,0.0522630316,0.0367682911,0.039013623,0.0997236634,10412.4242,0.0541311897,10522.7392,0.099817929,0.170772433,0.00293686189,0.00551164227,0.00550778697,0.0985478094,0.0902317352,0.0418193649,0.00918258041,0.00440951328,0.00367552845,0.00404518715,0.00183878234,0.00036776613,0.00110328226,0.00036778942,0.001103533
39.6396396,0.00180268984,0.00648885562,0.0324333364,0.280153587,0.140168889,1.30603042,0.684898461,20489.9434,3930.53738,0.0659359475,0.0478436342,0.10277928,0.0512257021,0.0360387096,0.0382394793,0.0977415671,10411.1854,0.0530567862,10521.5131,0.0978389321,0.167386965,0.00287863862,0.00540238547,0.00539859626,0.0965925781,0.0884417257,0.0409902113,0.00900054658,0.00432210452,0.00360267162,0.00396500808,0.00180233626,0.000360476747,0.00108141439,0.000360499633,0.00108166078
39.7397397,0.00176696453,0.00636025802,0.031790527,0.274600361,0.137389507,1.28011426,0.671285796,20490.009,3930.55863,0.0646284739,0.0468945279,0.100739606,0.050209095,0.0353236981,0.0374807944,0.0957990968,10409.939,0.0520038353,10520.2795,0.0958994213,0.16406904,0.00282157699,0.00529530827,0.00529158403,0.0946763872,0.0866874531,0.0401776022,0.00882214435,0.00423643948,0.00353126816,0.00388642835,0.00176661717,0.000353332765,0.00105998271,0.000353355254,0.00106022483
39.8398398,0.00173194727,0.00623420918,0.0311604586,0.26915722,0.134665241,1.2547124,0.657943698,20490.0727,3930.57942,0.0633469294,0.0459642519,0.0987404141,0.0492126657,0.0346228739,0.0367371626,0.0938952106,10408.6851,0.0509717742,10519.0383,0.093998361,0.160816888,0.00276564654,0.00519035351,0.00518669316,0.0927982116,0.0849679793,0.0393811037,0.00864727853,0.00415247246,0.00346127999,0.00380940605,0.00173160601,0.000346330373,0.00103897581,0.000346352472,0.00103921373
39.9399399,0.00169762398,0.00611065841,0.0305428778,0.263821973,0.131994993,1.22981458,0.644866773,20490.1347,3930.59975,0.0620907982,0.0450524312,0.0967808997,0.0482360124,0.0339359546,0.0360082842,0.0920291401,10407.4237,0.0499601872,10517.7896,0.0921349867,0.157629199,0.00271082478,0.00508747901,0.00508388147,0.0909572949,0.0832826118,0.0386003955,0.0084758788,0.00407016969,0.00339267897,0.00373391021,0.00169728873,0.000339466756,0.00101838522,0.000339488472,0.00101861901
40.04004,0.00166398084,0.00598955599,0.029937536,0.258592472,0.129377688,1.20541078,0.632049726,20490.195,3930.61963,0.0608595739,0.0441586982,0.0948602713,0.0472787407,0.0332626631,0.0352938652,0.090200131,10406.1548,0.0489686665,10516.5333,0.0903085479,0.154504691,0.00265708963,0.00498664335,0.00498310756,0.0891528946,0.0816306711,0.0378351631,0.00830787613,0.00398949804,0.00332543747,0.00365991044,0.00166365149,0.000332739152,0.00099820267,0.000332760491,0.0009984324
40.1401401,0.00163100429,0.00587085309,0.0293441892,0.253466608,0.12681227,1.18149112,0.61948736,20490.2536,3930.63908,0.0596527596,0.0432826917,0.0929777523,0.0463404635,0.0326027273,0.0345936168,0.0884074427,10404.8783,0.0479968115,10515.2695,0.0885183077,0.151442103,0.00260441941,0.00488780585,0.00488433078,0.0873842816,0.08001149,0.0370850978,0.00814320278,0.00391042498,0.00325952839,0.00358737691,0.00163068073,0.000326144848,0.000978420014,0.000326165816,0.000978645753
40.2402402,0.00159868101,0.00575450177,0.0287625976,0.24844231,0.124297701,1.15804592,0.607174572,20490.3107,3930.6581,0.0584698672,0.0424240571,0.0911325801,0.0454208009,0.0319558799,0.0339072557,0.0866503484,10403.5942,0.047044229,10513.998,0.0867635428,0.148440198,0.00255279285,0.0047909266,0.00478751122,0.0856507403,0.0784244134,0.0363498964,0.00798179221,0.00383291856,0.00319492509,0.00351628032,0.00159836315,0.000319681181,0.000959029264,0.000319701785,0.00095925108
40.3403403,0.00156699792,0.00564045494,0.0281925259,0.243517545,0.121832963,1.13506566,0.595106351,20490.3661,3930.6767,0.0573104175,0.0415824462,0.0893240057,0.0445193794,0.0313218587,0.0332345036,0.0849281338,10402.3027,0.0461105329,10512.719,0.0850435426,0.14549776,0.00250218904,0.00469596637,0.00469260969,0.0839515677,0.0768687979,0.0356292613,0.00782357908,0.00375694742,0.00313160144,0.00344659189,0.00156668566,0.000313345535,0.000940022574,0.000313365781,0.000940240533
40.4404404,0.00153594217,0.00552866634,0.0276337428,0.238690312,0.119417054,1.11254101,0.583277773,20490.4199,3930.69489,0.0561739395,0.040757517,0.0875512934,0.0436358324,0.0307004058,0.0325750868,0.0832400975,10401.0035,0.0451953437,10511.4324,0.0833576091,0.142613597,0.00245258744,0.00460288665,0.00459958766,0.0822860731,0.0753440113,0.0349228998,0.00766849919,0.00368248072,0.00306953174,0.00337828337,0.00153563542,0.00030713534,0.000921392232,0.000307155234,0.000921606401
40.5405405,0.00150550113,0.00541909051,0.027086021,0.23395865,0.117048992,1.09046278,0.571684,20490.4723,3930.71268,0.0550599705,0.0399489332,0.08581372,0.0427697994,0.0300912679,0.0319287367,0.08158555,10399.6968,0.0442982885,10510.1383,0.0817050562,0.139786533,0.00240396788,0.00451164956,0.00450840731,0.080653578,0.0738494325,0.0342305246,0.00751648946,0.00360948818,0.00300869075,0.00331132696,0.00150519979,0.00030104807,0.000903130663,0.000301067619,0.000903341106
40.6406406,0.00147566239,0.00531168275,0.0265491371,0.229320626,0.114727809,1.06882193,0.560320275,20490.5232,3930.73008,0.0539680555,0.0391563642,0.0841105746,0.0419209262,0.0294941959,0.031295189,0.0799638137,10398.3826,0.0434190008,10508.8365,0.0800852094,0.137015416,0.00235631051,0.00442221789,0.00441903141,0.079053415,0.0723844507,0.0335518531,0.00736748786,0.00353794002,0.00294905364,0.00324569536,0.00147536635,0.000295081243,0.000885230417,0.000295100452,0.000885437198
40.7407407,0.00144641416,0.00520640064,0.026022879,0.224774409,0.112452587,1.04760991,0.549182084,20490.5726,3930.7471,0.0528977627,0.0383794964,0.0824411826,0.0410888764,0.0289089536,0.0306741929,0.0783742452,10397.0607,0.0425571326,10507.5271,0.0784974286,0.134299151,0.0023095965,0.0043345563,0.00433142465,0.0774849509,0.0709484863,0.0328866169,0.00722143552,0.00346780797,0.00289059685,0.00318136265,0.00144612334,0.000289232502,0.000867684425,0.000289251376,0.000867887606
40.8408408,0.00141774873,0.00510321644,0.025507108,0.220318799,0.110222727,1.02682111,0.538266485,20490.6206,3930.76374,0.05184881,0.0376181251,0.080805104,0.0402734306,0.0283353865,0.0300655848,0.0768164251,10395.7313,0.0417124567,10506.2101,0.0769412955,0.131637021,0.00226381355,0.00424864169,0.00424556395,0.0759477723,0.0695411609,0.0322346409,0.00707829396,0.00339907356,0.002833305,0.00311831187,0.00141746304,0.000283500306,0.000850488064,0.000283518852,0.000850687706
40.9409409,0.00138965147,0.00500207748,0.0250015609,0.215951523,0.108037089,1.00644489,0.527567868,20490.6673,3930.78,0.0508206612,0.0368718604,0.0792015004,0.0394741712,0.0277732011,0.0294690532,0.0752895541,10394.3942,0.040884541,10504.8855,0.0754160153,0.129027669,0.00221893827,0.00416443021,0.00416140546,0.0744410925,0.0681617545,0.0315955921,0.00693799009,0.00333170168,0.00277714881,0.00305651085,0.00138937083,0.000277881729,0.000833632556,0.000277899952,0.000833828721
41.041041,0.0013621111,0.00490294314,0.0245060345,0.211670824,0.105894795,0.986473043,0.51708191,20490.7126,3930.79591,0.0498129028,0.036140402,0.0776297256,0.038690776,0.027222171,0.0288843578,0.0737930161,10393.0496,0.0400730522,10503.5533,0.0739209748,0.126470044,0.00217495262,0.00408188801,0.00407891537,0.0729643051,0.066809712,0.0309692134,0.00680046752,0.00326566528,0.00272210575,0.00299593475,0.00136183541,0.000272374514,0.00081711113,0.000272392419,0.000817303877
41.1411411,0.00133511653,0.00480577352,0.0240203294,0.20747498,0.10379498,0.966897517,0.506804367,20490.7566,3930.81147,0.0488251287,0.035423455,0.0760891456,0.037922929,0.0266820739,0.028311263,0.0723262065,10391.6973,0.0392776633,10502.2133,0.0724555721,0.123963118,0.00213183891,0.00400098188,0.00399806045,0.0715168146,0.0654844883,0.0303552526,0.00666567091,0.00320093778,0.00266815364,0.0029365592,0.00133484571,0.000266976445,0.000800917139,0.000266994039,0.000801106526
41.2412412,0.00130865689,0.00471052947,0.0235442499,0.203362299,0.101736799,0.9477104,0.496731073,20490.7992,3930.82668,0.0478569404,0.0347207298,0.0745791374,0.0371703196,0.0261526918,0.0277495371,0.0708885315,10390.3374,0.038498053,10500.8658,0.0710192164,0.121505879,0.00208957974,0.0039216792,0.00391880813,0.0700980366,0.0641855487,0.0297534623,0.00653354591,0.00313749308,0.00261527076,0.00287836027,0.00130839085,0.000261685346,0.000785044056,0.000261702634,0.00078523014
41.3413413,0.0012827215,0.00461717252,0.0230776037,0.19933112,0.0997194187,0.928903925,0.486857937,20490.8407,3930.84155,0.0469079465,0.0340319421,0.0730990896,0.0364326431,0.0256338102,0.027198953,0.0694794082,10388.9698,0.0377339061,10499.5105,0.0696113273,0.119097335,0.00204815804,0.00384394794,0.00384112637,0.0687073971,0.0629123675,0.0291635993,0.00640403915,0.00307530556,0.00256343573,0.00282131447,0.00128246016,0.000256499082,0.000769485472,0.000256516068,0.00076966831
41.4414414,0.00125729985,0.0045256649,0.0226202019,0.195379811,0.0977420224,0.910470463,0.47718094,20490.8809,3930.85609,0.0459777623,0.0333568124,0.0716484016,0.0357096002,0.0251252188,0.0266592873,0.0680982638,10387.5946,0.0369849126,10498.1476,0.0682313349,0.116736512,0.00200755706,0.00376775664,0.00376498374,0.067344332,0.0616644286,0.0285854246,0.00627709821,0.00301435004,0.00251262759,0.0027653987,0.00125704313,0.000251415553,0.000754235091,0.000251432243,0.000754414738
41.5415415,0.00123238163,0.00443596949,0.022171859,0.191506768,0.0958038069,0.892402514,0.467696134,20490.9199,3930.87031,0.0450660102,0.0326950664,0.0702264829,0.0350008966,0.0246267108,0.0261303206,0.0667445356,10386.2117,0.0362507681,10496.7769,0.0668786789,0.11442245,0.0019677603,0.00369307438,0.00369034932,0.0660082874,0.060441225,0.0280187037,0.00615267158,0.00295460181,0.00246282571,0.00271059029,0.00123212945,0.000246432698,0.000739286725,0.000246449096,0.000739463237
41.6416416,0.00120795672,0.00434804978,0.0217323925,0.187710415,0.0939039828,0.87469271,0.458399636,20490.9578,3930.88421,0.0441723187,0.0320464342,0.0688327534,0.0343062431,0.0241380828,0.0256118372,0.0654176703,10384.8211,0.0355311735,10495.3986,0.0655528087,0.112154209,0.00192875157,0.00361987078,0.00361719275,0.0646987186,0.059242258,0.0274632056,0.00603070861,0.00289603653,0.00241400983,0.00265686692,0.00120770899,0.000241548488,0.000724634293,0.0002415646,0.000724807723
41.7417417,0.00118401513,0.0042618699,0.0213016231,0.183989201,0.0920417738,0.857333804,0.44928763,20490.9945,3930.8978,0.0432963225,0.0314106506,0.0674666426,0.0336253553,0.023659135,0.0251036251,0.0641171241,10383.4228,0.0348258343,10494.0125,0.0642531828,0.109930862,0.00189051494,0.00354811594,0.00354548415,0.0634150899,0.0580670375,0.0269187037,0.00591115951,0.00283863031,0.00236616003,0.00260420669,0.00118377179,0.00023676093,0.000710271815,0.000236776761,0.000710442215
41.8418418,0.00116054751,0.00417739613,0.0208793821,0.180341671,0.0902164507,0.840318987,0.440356532,20491.0301,3930.91109,0.0424376786,0.0307874662,0.0661276144,0.0329579661,0.0231896795,0.0246054849,0.0628423859,10382.0168,0.0341344742,10492.6187,0.0629792926,0.107751538,0.00185303545,0.00347778179,0.00347519545,0.0621568984,0.0569151028,0.0263849847,0.0057939775,0.00278236067,0.00231925758,0.00255258897,0.00116030847,0.000232068152,0.000696193672,0.000232083707,0.000696361095
41.9419419,0.00113754757,0.00409460585,0.0204655565,0.176766848,0.0884275243,0.8236437,0.431603946,20491.0647,3930.92408,0.0415961569,0.0301767142,0.0648153102,0.0323038968,0.0227295905,0.0241172833,0.0615931137,10380.603,0.0334569077,10491.217,0.0617307969,0.105615655,0.00181630305,0.00340884949,0.00340630784,0.0609238066,0.0557861454,0.0258619057,0.00567913119,0.00272721256,0.00227328992,0.00250199996,0.00113731276,0.000227468896,0.000682396093,0.000227484179,0.00068256059
42.042042,0.00111500357,0.00401345684,0.0200599353,0.173262907,0.0866740814,0.807299411,0.423025374,20491.0981,3930.93678,0.0407713278,0.0295780822,0.0635290582,0.0316628123,0.0222786329,0.0236387705,0.0603686671,10379.1815,0.0327927886,10489.8076,0.0605070585,0.103522122,0.001780299,0.00334128389,0.00333878616,0.0597151845,0.0546795883,0.0253491997,0.005566562,0.00267315784,0.0022282336,0.00245241385,0.00111477292,0.000222960818,0.000668872043,0.000222975834,0.000669033664
42.1421421,0.00109290646,0.00393391646,0.0196623552,0.169828439,0.0849554158,0.79127953,0.414617347,20491.1306,3930.94919,0.0399628589,0.028991329,0.0622683393,0.0310344542,0.0218366246,0.0231697537,0.0591685513,10377.7522,0.0321418493,10488.3904,0.059307585,0.101470098,0.00174500883,0.00327505779,0.00327260324,0.0585305447,0.0535949855,0.0248466604,0.00545622462,0.00262017476,0.00218407051,0.0024038107,0.00109267989,0.000218542104,0.000655616082,0.000218556857,0.000655774876
42.2422422,0.00107124733,0.00385595266,0.0192726561,0.166462059,0.0832708342,0.775577582,0.406376456,20491.162,3930.96133,0.0391704241,0.0284162175,0.0610326442,0.0304185685,0.0214033873,0.0227100434,0.0579922805,10376.3151,0.0315038268,10486.9654,0.0581318927,0.099458754,0.00171041829,0.00321014451,0.0032077324,0.0573694089,0.0525318993,0.0243540851,0.00534807459,0.00256824197,0.00214078283,0.00235617091,0.00107102477,0.000214210973,0.000642622869,0.000214225469,0.000642778884
42.3423423,0.00105001743,0.00377953395,0.0188906805,0.163162407,0.0816196555,0.760187213,0.398299354,20491.1924,3930.97319,0.038393703,0.0278525151,0.0598214724,0.0298149056,0.0209787455,0.0222594536,0.0568393777,10374.8702,0.0308784631,10485.5326,0.0569795067,0.0974872787,0.00167651342,0.00314651783,0.00314414744,0.0562313073,0.0514898996,0.0238712748,0.00524206823,0.00251733849,0.0020983531,0.00230947527,0.00104979882,0.000209965677,0.000629887156,0.000209979919,0.000630040441
42.4424424,0.00102920818,0.00370462942,0.018516274,0.159928147,0.080001211,0.745102176,0.390382752,20491.2219,3930.98479,0.0376323808,0.0272999932,0.0586343322,0.0292232207,0.020562527,0.0218178016,0.0557093743,10373.4175,0.0302655046,10484.0918,0.0558499603,0.0955548736,0.00164328049,0.00308415199,0.00308182262,0.0551157785,0.050468564,0.023398034,0.00513816261,0.00246744373,0.00205676413,0.00226370486,0.00102899344,0.000205804497,0.00061740379,0.00020581849,0.000617554392
42.5425425,0.00100881113,0.00363120866,0.0181492844,0.156757968,0.078414843,0.730316337,0.382623421,20491.2505,3930.99613,0.0368861484,0.0267584271,0.0574707406,0.0286432729,0.0201545625,0.0213849077,0.0546018096,10371.9569,0.0296647021,10482.6432,0.054742795,0.0936607545,0.00161070601,0.00302302168,0.00302073263,0.054022369,0.0494674775,0.0229341705,0.00503631557,0.00241853743,0.00201599906,0.00221884112,0.00100860019,0.000201725746,0.000605167706,0.000201739494,0.00060531567
42.6426426,0.000988817972,0.00355924181,0.0177895626,0.153650577,0.0768599056,0.715823661,0.375018183,20491.2781,3931.00721,0.0361547017,0.026227596,0.0563302228,0.0280748255,0.0197546857,0.0209605955,0.053516231,10370.4885,0.0290758105,10481.1867,0.05365756,0.0918041504,0.00157877672,0.00296310203,0.00296085261,0.0529506328,0.0484862318,0.0224794956,0.00493648564,0.00237059968,0.00197604128,0.00217486579,0.000988610774,0.000197727763,0.000593173924,0.000197741271,0.000593319297
42.7427427,0.000969220558,0.00348869949,0.0174369615,0.150604706,0.075335763,0.701618217,0.367563916,20491.3048,3931.01804,0.0354377416,0.0257072826,0.0552123116,0.0275176458,0.0193627328,0.0205446913,0.0524521931,10369.0121,0.0284985891,10479.7223,0.0525938121,0.0899843029,0.00154747958,0.00290436857,0.00290215811,0.0519001316,0.0475244257,0.0220338233,0.00483863207,0.00232361092,0.00193687449,0.00213176092,0.000969017033,0.000193808917,0.000581417549,0.000193822188,0.000581560375
42.8428428,0.000950010852,0.00341955278,0.0170913368,0.147619107,0.0738417901,0.687694168,0.360257546,20491.3307,3931.02863,0.0347349741,0.0251972734,0.0541165477,0.0269715047,0.018978543,0.0201370242,0.0514092581,10367.5279,0.0279328008,10478.2499,0.051551115,0.0882004661,0.00151680175,0.00284679722,0.00284462505,0.050870434,0.0465816644,0.0215969711,0.00474271475,0.00227755188,0.00189848263,0.00208950884,0.000949810938,0.000189967602,0.000569893764,0.00018998064,0.000570034086
42.9429429,0.000931181514,0.00335177526,0.0167525562,0.144692637,0.0723774153,0.674046181,0.353096266,20491.3557,3931.03898,0.0340461303,0.024697373,0.0530425111,0.0264361931,0.018601969,0.0197374383,0.0503870256,10366.0357,0.0273782289,10476.7696,0.0505290702,0.086451958,0.00148673151,0.00279036598,0.00278823146,0.0498611457,0.0456575869,0.0211687717,0.00464869699,0.00223240496,0.00186085103,0.00204809342,0.000930985147,0.000186202349,0.000558598163,0.000186215159,0.000558736025
43.043043,0.000912728085,0.00328535088,0.0164205397,0.141824605,0.0709422924,0.660671029,0.346078383,20491.3799,3931.04909,0.0333710471,0.0242074632,0.0519899481,0.0259115842,0.0182329218,0.0193458389,0.0493852534,10364.5355,0.0268347421,10475.2812,0.0495274355,0.0847383645,0.00145726174,0.00273506148,0.00273296396,0.0488720279,0.0447519747,0.020749124,0.00455655655,0.00218815946,0.00182397078,0.00200750483,0.000912535202,0.000182512267,0.000547528073,0.000182524852,0.000547663517
43.1431431,0.000894640561,0.00322024364,0.0160951071,0.139013454,0.0695356416,0.64756143,0.33920006,20491.4033,3931.05897,0.0327093579,0.0237272776,0.0509582852,0.0253973924,0.0178712006,0.018962013,0.0484033952,10363.0273,0.0263020449,10473.7849,0.0485456676,0.0830587561,0.00142837645,0.00268085373,0.00267879258,0.0479025428,0.0438643353,0.0203378,0.00446624344,0.0021447914,0.00178782188,0.00196772107,0.000894451101,0.000178895355,0.00053667749,0.00017890772,0.000536810558
43.2432432,0.000876911653,0.00315642728,0.0157761273,0.136258052,0.0681568956,0.634712088,0.332458507,20491.4259,3931.06863,0.0320607957,0.0232566221,0.0499471055,0.0248934099,0.0175166593,0.0185858057,0.0474410535,10361.5112,0.0257799222,10472.2805,0.0475833705,0.0814124558,0.001400064,0.00262772088,0.00262569549,0.0469522988,0.0429943105,0.019934634,0.00437772126,0.00210228329,0.00175238976,0.00192872612,0.000876725557,0.000175350156,0.000526042044,0.000175362304,0.000526172777
43.3433433,0.000859534201,0.00309387604,0.0154634714,0.133557283,0.0668054969,0.622117799,0.325850987,20491.4477,3931.07807,0.0314250982,0.0227953064,0.0489559996,0.0243994325,0.0171691544,0.0182170646,0.0464978377,10359.9869,0.0252681627,10470.768,0.0466401555,0.0797987983,0.00137231294,0.00257564147,0.00257365122,0.0460209114,0.0421415483,0.0195394631,0.00429095425,0.00206061796,0.0017176601,0.00189050422,0.00085935141,0.000171875238,0.000515617438,0.000171887174,0.000515745876
43.4434434,0.000842501173,0.00303256461,0.015157013,0.130910056,0.065480898,0.609773454,0.319374809,20491.4688,3931.0873,0.0308020079,0.0223431433,0.047984565,0.0239152597,0.0168285449,0.0178556401,0.0455733644,10358.4547,0.0247665589,10469.2474,0.0457156406,0.0782171304,0.00134511205,0.00252459442,0.00252263871,0.045108003,0.0413057029,0.0191521271,0.00420590727,0.00201977855,0.00168361885,0.00185303991,0.000842321628,0.000168469195,0.000505399454,0.000168480921,0.000505525636
43.5435435,0.000825805655,0.00297246809,0.0148566275,0.128315295,0.0641825606,0.597674028,0.31302733,20491.4892,3931.09632,0.0301912714,0.021899949,0.0470324063,0.0234406945,0.0164946922,0.0175013853,0.0446672567,10356.9143,0.0242749067,10467.7187,0.0448094502,0.0766668098,0.00131845026,0.002474559,0.00247263724,0.0442132022,0.0404864345,0.0187724688,0.0041225458,0.00197974847,0.0016502522,0.00181631797,0.0008256293,0.000165130644,0.000495383943,0.000165142164,0.00049550791
43.6436436,0.000809440851,0.00291356202,0.0145621927,0.125771944,0.0629099556,0.585814584,0.306805949,20491.5088,3931.10513,0.0295926399,0.0214655425,0.0460991348,0.0229755429,0.0161674601,0.0171541556,0.0437791438,10355.3658,0.0237930056,10466.1819,0.0439212154,0.0751472052,0.00129231674,0.00242551484,0.00242362645,0.0433361439,0.039683409,0.0184003336,0.00404083589,0.00194051143,0.00161754655,0.00178032346,0.000809267631,0.000161858226,0.00048556683,0.000161869544,0.000485688618
43.7437437,0.000793400077,0.00285582235,0.0142735883,0.123278963,0.0616625627,0.574190263,0.300708111,20491.5278,3931.11374,0.0290058687,0.0210397461,0.0451843681,0.0225196146,0.0158467146,0.0168138088,0.0429086615,10353.8092,0.0233206583,10464.6369,0.043050573,0.0736576956,0.00126670078,0.0023774419,0.00237558632,0.0424764693,0.0388962977,0.0180355692,0.00396074415,0.00190205139,0.00158548854,0.00174504167,0.000793229936,0.000158650605,0.000475944104,0.000158661724,0.000476063752
43.8438438,0.000777676757,0.00279922539,0.013990696,0.12083533,0.0604398699,0.562796288,0.294731299,20491.546,3931.12216,0.0284307167,0.0206223849,0.0442877301,0.022072722,0.015532324,0.0164802052,0.0420554509,10352.2444,0.0228576707,10463.0837,0.042197166,0.0721976701,0.0012415919,0.00233032046,0.00232849713,0.0416338252,0.0381247774,0.0176780261,0.00388223774,0.00186435258,0.00155406504,0.00171045815,0.000777509642,0.000155506465,0.000466511819,0.000155517389,0.000466629364
43.9439439,0.000762264419,0.00274374785,0.0137133993,0.118440038,0.0592413731,0.551627955,0.288873039,20491.5637,3931.13038,0.0278669469,0.0202132867,0.0434088504,0.0216346805,0.0152241584,0.016153207,0.0412191593,10350.6715,0.0224038519,10461.5222,0.0413606428,0.0707665274,0.00121697975,0.00228413113,0.00228233949,0.0408078638,0.0373685299,0.017327557,0.00380528433,0.00182739949,0.00152326309,0.00167655865,0.000762100275,0.000152424512,0.000457266093,0.000152435244,0.000457381571
44.044044,0.000747156687,0.00268936679,0.0134415834,0.116092096,0.0580665761,0.540680633,0.283130892,20491.5806,3931.13842,0.0273143259,0.0198122818,0.0425473646,0.0212053084,0.0149220901,0.0158326787,0.0403994391,10349.0903,0.0219590136,10459.9525,0.0405406573,0.0693636753,0.00119285414,0.0022388548,0.0022370943,0.0399982429,0.0366272418,0.0169840168,0.00372985208,0.00179117682,0.00149306997,0.00164332914,0.000746995464,0.000149403472,0.000448203102,0.000149414015,0.000448316549
44.1441441,0.000732348998,0.00263606577,0.0131751664,0.113790796,0.056915124,0.529951011,0.277503121,20491.597,3931.14627,0.0267726866,0.0194192491,0.0417030122,0.0207844759,0.0146260278,0.0155185234,0.0395960415,10347.5008,0.0215230213,10458.3746,0.0397369615,0.06798869,0.00116920778,0.00219447778,0.0021927479,0.0392047177,0.035900689,0.0166473017,0.00365591819,0.00175567363,0.00146347654,0.00161075961,0.000732190644,0.000146442431,0.000439320108,0.000146452788,0.000439431558
44.2442442,0.000717836748,0.00258382822,0.0129140652,0.11153542,0.0557866586,0.519435751,0.271987973,20491.6127,3931.15394,0.0262418605,0.0190340663,0.0408755303,0.020372052,0.0143358793,0.0152106432,0.0388087159,10345.903,0.021095739,10456.7882,0.0389493058,0.066641144,0.00114603332,0.00215098628,0.00214928649,0.0384270412,0.0351886455,0.016317307,0.00358345969,0.00172087888,0.00143447361,0.00157883991,0.000717681213,0.000143540469,0.000430614349,0.000143550644,0.000430723837
44.3443443,0.000703612203,0.00253262631,0.0126581408,0.109324767,0.0546805774,0.509129226,0.26658248,20491.6278,3931.16143,0.0257215643,0.0186565274,0.0400644759,0.019967816,0.0140514895,0.0149088736,0.0380370403,10344.297,0.0206769384,10455.1936,0.0381772697,0.0653203185,0.00112331841,0.00210835711,0.0021066869,0.0376647978,0.0344907307,0.0159938566,0.00351243792,0.00168677401,0.00140604571,0.00154755303,0.000703459436,0.000140696039,0.000422081184,0.000140706036,0.000422188745
44.4444444,0.000689669621,0.00248243935,0.0124072899,0.107157944,0.0535964335,0.499027265,0.26128445,20491.6424,3931.16876,0.0252115877,0.0182864797,0.0392695208,0.0195716041,0.0137727433,0.0146130925,0.0372807016,10342.6825,0.0202664503,10453.5905,0.0374205416,0.0640256802,0.00110105386,0.00206657305,0.00206493191,0.0369176791,0.0338066624,0.0156768199,0.00344282421,0.00165334527,0.00137818137,0.00151688634,0.000689519574,0.000137907994,0.00041371717,0.000137917815,0.000413822837
44.5445445,0.000676003361,0.00243324705,0.0121614108,0.105034073,0.0525337878,0.489125771,0.256091726,20491.6564,3931.17591,0.024711724,0.0179237732,0.0384903424,0.0191832556,0.0134995277,0.01432318,0.0365393924,10341.0597,0.0198641081,10451.9791,0.0366788152,0.0627567052,0.00107923067,0.00202561721,0.00202400464,0.0361853823,0.0331361635,0.0153660686,0.0033745904,0.00162057912,0.00135086931,0.00148682745,0.000675855987,0.000135175205,0.000405518922,0.000135184853,0.000405622728
44.6446446,0.000662607884,0.00238502947,0.011920404,0.102952293,0.0514922089,0.479420719,0.251002191,20491.6698,3931.1829,0.0242217704,0.0175682605,0.0377266239,0.0188026127,0.0132317316,0.0140390182,0.0358128106,10339.4285,0.0194697482,10450.3592,0.0359517895,0.0615128788,0.00105783998,0.00198547296,0.00198388848,0.0354676098,0.0324789615,0.0150614766,0.0033077088,0.00158846228,0.00132409846,0.00145736415,0.000662463135,0.000132496564,0.000397483117,0.000132506042,0.000397585094
44.7447447,0.000649477742,0.002337767,0.0116841714,0.100911759,0.050471273,0.469908153,0.246013762,20491.6827,3931.18973,0.0237415274,0.0172197968,0.0369780538,0.01842952,0.012969246,0.0137604913,0.0351006593,10337.7889,0.0190832101,10448.7308,0.0352391688,0.060293695,0.00103687309,0.00194612399,0.00194456712,0.0347640693,0.0318347889,0.0147629199,0.00324215221,0.00155698168,0.00129785793,0.00142848447,0.000649335573,0.000129870982,0.000389606488,0.000129880293,0.000389706667
44.8448448,0.000636607583,0.00229144036,0.0114526167,0.0989116361,0.0494705634,0.460584185,0.241124394,20491.6951,3931.19641,0.023270799,0.0168782397,0.0362443261,0.018063825,0.0127119634,0.0134874856,0.0344026466,10336.1408,0.0187043356,10447.0939,0.0345406623,0.0590986565,0.00101632146,0.00190755425,0.00190602451,0.0340744732,0.0312033823,0.0144702767,0.0031778939,0.00152612448,0.00127213702,0.00140017664,0.000636467948,0.000127297389,0.000381885822,0.000127306536,0.000381984235
44.9449449,0.00062399214,0.00224603061,0.0112256452,0.096951107,0.04848967,0.451444988,0.236332075,20491.707,3931.20293,0.0228093922,0.0165434492,0.0355251396,0.0177053776,0.0124597785,0.013219889,0.0337184855,10334.4841,0.0183329695,10445.4485,0.0338559841,0.0579272742,0.000996176663,0.00186974795,0.00186824487,0.0333985388,0.0305844831,0.0141834273,0.00311490757,0.00149587807,0.00124692521,0.00137242907,0.000623854995,0.000124774732,0.000374317961,0.000124783717,0.000374414639
45.045045,0.000611626232,0.00220151909,0.0110031635,0.095029366,0.0475281897,0.442486801,0.231634825,20491.7184,3931.2093,0.0223571175,0.0162152874,0.0348201981,0.0173540302,0.0122125874,0.0129575915,0.0330478935,10332.8189,0.0179689587,10443.7944,0.0331848529,0.0567790668,0.000976430426,0.00183268957,0.00183121269,0.032735988,0.0299778367,0.0139022537,0.00305316733,0.00146623,0.00122221214,0.00134523037,0.000611491533,0.000122301974,0.000366899797,0.000122310801,0.000366994769
45.1451451,0.000599504762,0.00215788744,0.01078508,0.0931456202,0.0465857255,0.433705919,0.227030695,20491.7293,3931.21552,0.021913788,0.0158936188,0.0341292101,0.0170096375,0.0119702879,0.0127004845,0.0323905927,10331.1452,0.0176121529,10442.1318,0.0325269916,0.0556535607,0.000957074603,0.0017963638,0.00179491268,0.032086547,0.0293831922,0.0136266399,0.00299264772,0.00143716806,0.00119798761,0.00131856931,0.000599372466,0.000119878095,0.00035962827,0.000119886767,0.000359721567
45.2452452,0.000587622707,0.0021151176,0.0105713043,0.0912990889,0.0456618866,0.425098697,0.222517767,20491.7397,3931.2216,0.0214792199,0.0155783098,0.0334518883,0.0166720563,0.0117327794,0.0124484614,0.0317463093,10329.4628,0.0172624039,10440.4605,0.0318821278,0.0545502894,0.000938101173,0.00176075562,0.00175932981,0.0314499461,0.0288003031,0.0133564716,0.00293332367,0.0014086802,0.00117424159,0.00129243487,0.000587492771,0.000117502093,0.000352500369,0.000117510612,0.000352592019
45.3453453,0.000575977524,0.00207320042,0.0103617906,0.089489377,0.0447564751,0.416663288,0.218095073,20491.7497,3931.22754,0.0210533203,0.015269293,0.0327880884,0.0163412146,0.0115000111,0.0122014683,0.0311149062,10327.7718,0.0169196369,10438.7806,0.0312501233,0.0534690168,0.000919506075,0.00172585739,0.00172445646,0.0308260492,0.0282290447,0.0130916911,0.00287518247,0.00138076033,0.001150969,0.00126682143,0.000575849907,0.000115173458,0.000345514568,0.000115181826,0.0003456046
45.4454454,0.000564563961,0.00203211697,0.0101564444,0.0877156676,0.0438690821,0.408395877,0.213760605,20491.7592,3931.23334,0.0206358967,0.0149664288,0.0321375096,0.0160169626,0.0112718778,0.0119593934,0.0304960966,10326.0721,0.016583697,10437.0919,0.0306306929,0.052409255,0.000901280916,0.00169165336,0.00169027689,0.0302145743,0.0276691586,0.0128321788,0.00281819789,0.00135339584,0.00112815934,0.00124171745,0.000564438622,0.00011289114,0.000338667715,0.00011289936,0.000338756157
45.5455455,0.000553376602,0.00199184776,0.00995516835,0.0859771188,0.0429992861,0.400292531,0.209512293,20491.7683,3931.239,0.0202267508,0.0146695729,0.0314998423,0.0156991458,0.0110482709,0.0117221216,0.0298895851,10324.3637,0.0162544242,10435.3944,0.0300235424,0.0513705008,0.000883417044,0.00165812731,0.00165677487,0.0296152304,0.0271203787,0.0125778115,0.00276234287,0.00132657376,0.00110580179,0.00121711102,0.000553253501,0.000110654055,0.000331956562,0.000110662131,0.000332043442
45.6456456,0.000542410937,0.00195237657,0.00975788118,0.0842730295,0.0421467361,0.392349974,0.205348414,20491.777,3931.24454,0.0198257174,0.0143786055,0.0308748285,0.0153876359,0.0108291001,0.011489557,0.0292951258,10322.6465,0.0159316855,10433.6882,0.029428427,0.0503523353,0.000865907254,0.00162526572,0.00162393689,0.0290277755,0.0265824834,0.0123284866,0.00270759491,0.00130028326,0.00108388732,0.00119299222,0.000542290034,0.000108461303,0.000325378403,0.000108469236,0.000325463748
45.7457457,0.000531662538,0.00191368746,0.00956450324,0.0826027112,0.0413110874,0.384564991,0.201267276,20491.7853,3931.24994,0.0194326345,0.0140934088,0.0302622153,0.0150823065,0.0106142766,0.0112616055,0.0287124776,10320.9205,0.0156153501,10431.9731,0.0288451063,0.0493543473,0.000848744473,0.00159305531,0.00159174969,0.0284519718,0.026055255,0.0120841033,0.00265393187,0.00127451372,0.00106240709,0.0011693513,0.000531543795,0.000106311997,0.000318930583,0.00010631979,0.000319014419
45.8458458,0.000521127057,0.00187576476,0.00937495628,0.0809654878,0.0404920014,0.376934423,0.19726722,20491.7932,3931.25522,0.0190473427,0.0138138673,0.029661754,0.0147830339,0.0104037134,0.0110381747,0.0281414034,10319.1857,0.0153052899,10430.2492,0.028273344,0.0483761327,0.000831921753,0.00156148304,0.00156020024,0.0278875859,0.0255384798,0.0118445626,0.00260133204,0.00124925473,0.0010413524,0.0011461787,0.000521010435,0.000104205267,0.000312610491,0.000104212923,0.000312692845
45.9459459,0.00051080022,0.0018385931,0.00918916342,0.0793606951,0.0396891458,0.369455167,0.193346612,20491.8006,3931.26038,0.0186696857,0.0135398673,0.0290732004,0.0144896963,0.0101973247,0.0108191736,0.0275816705,10317.442,0.0150013787,10428.5163,0.0277129081,0.0474172947,0.000815432267,0.00153053611,0.00152927573,0.0273343884,0.0250319479,0.0116097674,0.00254977409,0.00122449602,0.00102071472,0.00112346502,0.000510685682,0.000102140261,0.000306415564,0.000102147781,0.000306496463
46.046046,0.000500677829,0.00180215736,0.0090070491,0.0777876802,0.0389021935,0.362124175,0.189503849,20491.8077,3931.26542,0.0182995096,0.0132712971,0.0284963145,0.0142021741,0.0099950266,0.0106045132,0.02703305,10315.6894,0.0147034927,10426.7745,0.0271635707,0.0464774431,0.000799269309,0.00150020193,0.00149896358,0.026792154,0.0245354529,0.0113796222,0.00249923702,0.00120022753,0.00100048565,0.00110120103,0.000500565338,0.000100116137,0.000300343285,0.000100123524,0.000300422752
46.1461461,0.000490755755,0.00176644269,0.00882853904,0.0762458013,0.0381308234,0.354938449,0.185737354,20491.8145,3931.27034,0.0179366634,0.0130080471,0.0279308604,0.0139203497,0.00979673631,0.0103941055,0.0264953172,10313.9279,0.0144115101,10425.0237,0.0266251075,0.0455561947,0.000783426282,0.00147046813,0.00146925144,0.0262606609,0.0240487921,0.0111540329,0.00244970025,0.00117643937,0.000980656945,0.00107937765,0.000490645276,9.81320702e-05,0.000294391175,9.81393267e-05,0.000294469237
46.2462462,0.00048102994,0.00173143446,0.0086535602,0.0747344274,0.0373747195,0.34789504,0.182045577,20491.8209,3931.27514,0.0175809984,0.0127500092,0.027376606,0.0136441074,0.00960237252,0.0101878645,0.0259682509,10312.1574,0.0141253111,10423.2639,0.0260972981,0.0446531723,0.000767896704,0.00144132254,0.00144012713,0.0257396914,0.0235717658,0.0109329073,0.00240114347,0.00115312179,0.000961220484,0.00105798594,0.000480921437,9.6187249e-05,0.000288556801,9.61943772e-05,0.000288633481
46.3463463,0.00047149639,0.00169711831,0.0084820407,0.0732529375,0.0366335709,0.340991049,0.178426992,20491.8269,3931.27984,0.0172323683,0.0124970773,0.0268333231,0.0133733335,0.00941185523,0.00998570503,0.0254516335,10310.3778,0.013844778,10421.495,0.0255799258,0.0437680049,0.000752674192,0.00141275319,0.00141157869,0.025229031,0.0231041779,0.0107161544,0.00235354676,0.00113026522,0.000942168286,0.00103701712,0.000471389827,9.42808747e-05,0.000282837765,9.42878768e-05,0.000282913088
46.4464464,0.000462151173,0.00166348009,0.00831390982,0.0718007206,0.0359070718,0.334223622,0.174880098,20491.8326,3931.28442,0.0168906293,0.0122491469,0.026300787,0.013107916,0.00922510572,0.00978754372,0.0249452508,10308.5892,0.0135697947,10419.717,0.0250727769,0.0429003275,0.000737752469,0.00138474829,0.00138359435,0.0247284688,0.0226458353,0.0105036849,0.00230689048,0.00110786023,0.000923492496,0.00101646255,0.000462046517,9.24121613e-05,0.000277231711,9.24190395e-05,0.0002773057
46.5465465,0.000452992809,0.00163051446,0.00814914092,0.0703775465,0.035195107,0.327591688,0.171404339,20491.838,3931.2889,0.0165557273,0.0120061789,0.0257789138,0.0128478129,0.00904209446,0.0095933492,0.0244490227,10306.7915,0.0133003176,10417.9298,0.0245757713,0.0420500025,0.000723129169,0.00135730342,0.00135616967,0.0242379255,0.0221966654,0.0102954651,0.00226116723,0.00108590328,0.000905190153,0.000996318975,0.000452890026,9.05808125e-05,0.000271737749,9.0587569e-05,0.000271810428
46.6466466,0.000444015978,0.00159820228,0.00798763825,0.0689825881,0.0344972623,0.321091381,0.167997677,20491.843,3931.29327,0.0162274674,0.0117680315,0.0252673989,0.0125928727,0.00886271481,0.0094030083,0.0239626591,10304.9846,0.0130361899,10416.1334,0.0240886199,0.0412165358,0.000708795794,0.00133040261,0.00132928871,0.0237571155,0.0217564066,0.0100913739,0.00221635045,0.0010643816,0.000887250623,0.000976574682,0.000443915034,8.87857645e-05,0.000266352688,8.87924013e-05,0.000266424079
46.7467467,0.000435217049,0.00156653047,0.00782933652,0.067615281,0.0338132553,0.314720066,0.164658727,20491.8478,3931.29754,0.0159057166,0.0115346085,0.0247660349,0.0123429918,0.00868689405,0.00921644387,0.0234859624,10303.1685,0.0127773043,10414.3278,0.0236111256,0.0403995902,0.000694746544,0.00130403499,0.0013029406,0.0232858439,0.0213248807,0.00989132882,0.002172422,0.00104328649,0.000869666652,0.000957221692,0.000435117912,8.70262914e-05,0.00026107435,8.70328108e-05,0.000261144476
46.8468468,0.000426592482,0.00153548629,0.00767417198,0.0662750746,0.0331428104,0.308475171,0.161386135,20491.8522,3931.30171,0.0155903454,0.0113058155,0.0242746195,0.0120980695,0.00851456125,0.00903358066,0.0230187395,10301.3431,0.0125235565,10412.5129,0.0231430963,0.0395988366,0.000680975762,0.00127818995,0.00127711473,0.0228239206,0.0209019135,0.00969524916,0.0021293642,0.00102260945,0.000852431159,0.000938252215,0.00042649512,8.5301685e-05,0.000255900611,8.53080889e-05,0.000255969495
46.9469469,0.000418138799,0.00150505723,0.00752208207,0.0649614284,0.0324856568,0.302354172,0.158178576,20491.8563,3931.30578,0.0152812265,0.0110815602,0.023792954,0.0118580067,0.00834564679,0.00885434478,0.0225608012,10299.5085,0.0122748438,10410.6887,0.0226843429,0.0388139522,0.000667477893,0.00125285705,0.00125180068,0.022371159,0.0204873344,0.00950305586,0.00208715969,0.00100234215,0.000835537196,0.000919658602,0.000418043181,8.361125e-05,0.000250829384,8.36175405e-05,0.000250897047
47.047047,0.000409852584,0.00147523098,0.00737300532,0.0636738115,0.0318415288,0.296354589,0.155034744,20491.8602,3931.30976,0.0149782347,0.0108617518,0.0233208432,0.0116227061,0.00818008224,0.00867866363,0.0221119614,10297.6646,0.0120310656,10408.8551,0.0222346802,0.0380446197,0.000654247481,0.00122802607,0.00122698821,0.0219273758,0.0200809753,0.00931467122,0.00204579139,0.000982476404,0.000818977934,0.00090143334,0.000409758679,8.19543034e-05,0.000245858622,8.19604824e-05,0.000245925085
47.1471471,0.000401730483,0.00144599547,0.00722688138,0.062411702,0.0312101653,0.290473985,0.15195336,20491.8638,3931.31364,0.0146812473,0.0106463011,0.0228580955,0.0113920721,0.00801780043,0.00850646593,0.0216720376,10295.8113,0.0117921228,10407.0121,0.0217939258,0.0372905274,0.000641279166,0.00120368695,0.00120266728,0.0214923909,0.0196826716,0.0091300189,0.00200524257,0.000963004154,0.000802746668,0.00088356905,0.00040163826,8.03301741e-05,0.00024098631,8.03362436e-05,0.000241051594
47.2472472,0.000393769197,0.00141733883,0.00708365089,0.0611745875,0.0305913097,0.284709967,0.148933165,20491.8671,3931.31744,0.0143901436,0.0104351204,0.0224045223,0.0111660109,0.00785873531,0.00833768159,0.02124085,10293.9486,0.0115579182,10405.1597,0.0213619008,0.036551369,0.000628567681,0.0011798298,0.00117882801,0.0210660273,0.0192922613,0.00894902388,0.00196549674,0.000943917498,0.000786836807,0.000866058478,0.000393678627,7.87382029e-05,0.000236210471,7.87441648e-05,0.000236274597
47.3473473,0.000385965486,0.00138924939,0.00694325553,0.059961964,0.0299847095,0.279060182,0.14597292,20491.8702,3931.32114,0.0141048048,0.0102281236,0.0219599386,0.0109444302,0.00770282197,0.00817224175,0.0208182223,10292.0764,0.0113283563,10403.2977,0.0209384291,0.0358268435,0.000616107847,0.0011564449,0.00115546068,0.0206481111,0.0189095849,0.00877161242,0.00192653772,0.000925208662,0.000771241871,0.000848894495,0.000385876539,7.71777414e-05,0.00023152916,7.71835976e-05,0.000231592148
47.4474474,0.000378316161,0.00136171568,0.00680563794,0.0587733358,0.0293901169,0.273522315,0.14307141,20491.873,3931.32476,0.0138251142,0.0100252259,0.0215241621,0.0107272391,0.00754999655,0.00801007865,0.0204039808,10290.1947,0.0111033429,10401.4262,0.0205233376,0.0351166548,0.000603894572,0.0011335227,0.00113255575,0.0202384713,0.0185344861,0.00859771199,0.00188834959,0.000906870001,0.000755955488,0.000832070087,0.000378228809,7.56481522e-05,0.000226940464,7.56539045e-05,0.000227002334
47.5475475,0.000370818086,0.0013347264,0.00667074168,0.0576082154,0.0288072876,0.268094089,0.140227438,20491.8755,3931.32829,0.0135509571,0.00982634406,0.0210970137,0.0105143484,0.00740019627,0.00785112565,0.0199979547,10288.3035,0.0108827856,10399.5451,0.0201164561,0.0344205114,0.000591922845,0.0011110538,0.00111010382,0.0198369394,0.0181668105,0.00842725124,0.00185091668,0.000888893993,0.00074097139,0.000815578356,0.0003707323,7.41488081e-05,0.000222442502,7.41544583e-05,0.000222503274
47.6476476,0.000363468588,0.00130827194,0.00653851867,0.0564661874,0.0282360138,0.262773567,0.137439985,20491.8779,3931.33174,0.0132822357,0.00963140695,0.0206783408,0.010305682,0.00725336762,0.00769532599,0.0195999987,10286.4026,0.0106666055,10397.6543,0.0197176395,0.0337381653,0.000580188399,0.00108903019,0.00108809688,0.0194433721,0.0178064271,0.00826016938,0.00181422565,0.000871274232,0.000726284235,0.000799413425,0.000363384341,7.26791746e-05,0.000218033672,7.26847246e-05,0.000218093364
47.7477477,0.000356265713,0.00128234526,0.00640893373,0.0553469481,0.0276761436,0.257559333,0.134708311,20491.8799,3931.3351,0.0130188784,0.00944036276,0.020268032,0.0101011844,0.00710947155,0.0075426382,0.0192100062,10284.4921,0.010454745,10395.7538,0.0193267816,0.033069435,0.000568688112,0.00106744601,0.00106652909,0.0190576647,0.01745324,0.00809642196,0.00177826674,0.00085400603,0.000711890116,0.000783570992,0.000356182978,7.1238861e-05,0.000213712799,7.12443124e-05,0.000213771431
47.8478478,0.00034920562,0.00125693253,0.00628191777,0.0542499002,0.0271273779,0.252448595,0.132030945,20491.8818,3931.33839,0.0127607445,0.00925310932,0.0198658677,0.00990074612,0.00696843107,0.00739298062,0.0188277681,10282.572,0.0102470908,10393.8436,0.0189436739,0.0324139635,0.000557415847,0.00104628975,0.00104538893,0.018679611,0.0171070603,0.0079359216,0.00174302077,0.000837080176,0.000697781357,0.000768042612,0.000349124369,6.98270991e-05,0.00020947758,6.98324537e-05,0.000209535171
47.9479479,0.000342285469,0.00123202353,0.00615741966,0.0531746023,0.0265894957,0.247439293,0.129406805,20491.8835,3931.3416,0.0125077303,0.00906957115,0.0194716856,0.00970428625,0.00683018932,0.00724629291,0.01845313,10280.642,0.0100435592,10391.9236,0.0185681621,0.0317714873,0.000546367068,0.00102555289,0.00102466789,0.0183090586,0.0167677485,0.00777860367,0.00170847355,0.00082048986,0.000683952281,0.000752822036,0.000342205676,6.8443321e-05,0.000205326312,6.84485806e-05,0.000205382879
48.048048,0.000335502471,0.00120760823,0.00603538923,0.0521206207,0.0260622799,0.242529401,0.126834826,20491.8849,3931.34473,0.0122597334,0.00888967414,0.0190853264,0.00951172543,0.00669469047,0.00710251581,0.0180859398,10278.7023,0.00984406789,10389.9938,0.0182000949,0.0311417471,0.000535537321,0.00100522707,0.00100435763,0.0179458578,0.0164351677,0.00762440474,0.00167461115,0.000804228393,0.000670397313,0.00073790313,0.00033542411,6.70869691e-05,0.000201257321,6.70921352e-05,0.000201312882
48.1481481,0.000328853886,0.00118367675,0.00591577718,0.0510875297,0.0255455175,0.237716932,0.124313963,20491.8861,3931.3478,0.0120166537,0.00871334548,0.0187066336,0.00932298566,0.00656187966,0.00696159113,0.0177260486,10276.7528,0.00964853609,10388.0541,0.0178393236,0.0305244887,0.000524922228,0.000985304093,0.000984449925,0.0175898616,0.0161091832,0.00747326248,0.0016414199,0.000788289208,0.000657110979,0.000723279869,0.000328776933,6.57574954e-05,0.000197268964,6.57625697e-05,0.000197323537
48.2482482,0.000322337023,0.00116021942,0.00579853508,0.0500749107,0.0250389989,0.232999932,0.121843189,20491.8872,3931.35078,0.0117783926,0.00854051363,0.0183354535,0.0091379903,0.00643170299,0.00682346167,0.0173733097,10274.7933,0.00945688442,10386.1044,0.0174857019,0.0299194618,0.00051451749,0.000965775878,0.000964936724,0.0172409255,0.0157896629,0.00732511566,0.00160888634,0.000772665848,0.000644087896,0.000708946331,0.000322261452,6.44543617e-05,0.000193359625,6.44593459e-05,0.000193413228
48.3483483,0.000315949236,0.0011372267,0.00568361533,0.0490823525,0.0245425182,0.228376481,0.119421496,20491.888,3931.3537,0.0115448533,0.00837110827,0.0179716349,0.00895666402,0.00630410749,0.00668807122,0.0170275792,10272.8239,0.00926903485,10384.1447,0.0171390862,0.0293264209,0.000504318882,0.000946634497,0.000945810097,0.0168989077,0.0154764767,0.00717990408,0.00157699728,0.000757351969,0.000631322778,0.000694896697,0.000315875022,6.3177039e-05,0.000189527719,6.31819345e-05,0.000189580368
48.4484484,0.000309687924,0.00111468924,0.0055709711,0.0481094506,0.024055873,0.223844691,0.117047891,20491.8887,3931.35655,0.0113159405,0.00820506028,0.0176150293,0.00877893278,0.00617904108,0.00655536451,0.0166887154,10270.8446,0.00908491066,10382.175,0.0167993352,0.0287451243,0.000494322246,0.000927872153,0.000927062251,0.0165636686,0.015169497,0.00703756858,0.00154573971,0.000742341332,0.000618810425,0.000681125244,0.000309615042,6.19250069e-05,0.000185771683,6.19298154e-05,0.000185823395
48.5485485,0.000303550526,0.00109259781,0.00546055635,0.0471558072,0.0235788643,0.219402703,0.114721398,20491.8892,3931.35934,0.0110915606,0.00804230165,0.0172654905,0.0086047237,0.00605645252,0.00642528719,0.0163565791,10268.8551,0.00890443639,10380.1952,0.0164663101,0.0281753342,0.000484523496,0.000909481176,0.000908685521,0.0162350708,0.014868598,0.00689805092,0.00151510085,0.000727627802,0.000606545721,0.000667626344,0.000303478954,6.06977538e-05,0.000182089983,6.07024768e-05,0.000182140775
48.6486486,0.000297534526,0.00107094336,0.00535232578,0.0462210309,0.0231112959,0.215048692,0.112441056,20491.8895,3931.36205,0.0108716214,0.00788276545,0.0169228746,0.00843396511,0.00593629139,0.00629778574,0.0160310332,10266.8556,0.00872753778,10378.2053,0.016139874,0.0276168169,0.000474918609,0.000891454019,0.000890672362,0.0159129792,0.014573656,0.00676129385,0.00148506813,0.00071320534,0.000594523634,0.000654394458,0.000297464241,5.94947761e-05,0.000178481108,5.94994151e-05,0.000178530996
48.7487487,0.000291637444,0.00104971697,0.00524623478,0.0453047364,0.0226529751,0.210780857,0.11020592,20491.8896,3931.36471,0.0106560322,0.00772638582,0.0165870401,0.00826658644,0.00581850807,0.00617280752,0.0157119428,10264.846,0.00855414173,10376.2051,0.0158198925,0.0270693421,0.000465503627,0.00087378325,0.00087301535,0.0155972608,0.0142845492,0.00662724095,0.00145562918,0.000699068001,0.00058273921,0.000641424135,0.000291568422,5.83155782e-05,0.000174943571,5.83201346e-05,0.000174992571
48.8488488,0.000285857624,0.00102891266,0.00514225353,0.044406666,0.0222037731,0.206598,0.108015362,20491.8896,3931.3673,0.0104447323,0.0075731188,0.0162578926,0.00810254064,0.00570306945,0.00605031737,0.0153992178,10262.8261,0.00838419939,10374.1948,0.0155062755,0.026532756,0.000456275902,0.000856463904,0.000855709521,0.0152878269,0.0140011965,0.00649585456,0.00142677571,0.000685211813,0.000571189136,0.000628711728,0.000285789843,5.71598286e-05,0.000171476379,5.71643039e-05,0.000171524506
48.9489489,0.000280192931,0.00100852277,0.00504034366,0.0435264883,0.0217635238,0.202498572,0.105868567,20491.8894,3931.36983,0.0102376437,0.00742290772,0.0159353103,0.00794176702,0.00558993284,0.00593026999,0.0150927423,10260.796,0.00821764788,10372.1741,0.0151989073,0.0260068602,0.000447232027,0.000839489586,0.000838748485,0.014984563,0.0137234929,0.00636708614,0.00139849707,0.00067163166,0.000559869147,0.000616252544,0.000280126368,5.60271007e-05,0.00016807825,5.60314963e-05,0.00016812552
49.049049,0.00027464054,0.000988537106,0.00494045431,0.0426637638,0.0213320073,0.198480521,0.103764458,20491.8891,3931.3723,0.010034663,0.00727567745,0.0156191317,0.00778418506,0.00547904162,0.00581260533,0.0147923623,10258.7556,0.00805440384,10370.143,0.0148976344,0.0254913926,0.000438367488,0.000822851828,0.000822123778,0.0146873175,0.0134512998,0.00624087141,0.00137077916,0.000658320766,0.000548773598,0.000604040371,0.000274575175,5.49168295e-05,0.000164747491,5.49211469e-05,0.000164793918
49.1491491,0.000269198213,0.000968947626,0.0048425452,0.0418181447,0.0209090495,0.194542223,0.101702181,20491.8886,3931.37471,0.00983570811,0.0071313685,0.0153092289,0.00762973105,0.00537035099,0.00569727582,0.014497956,10256.7049,0.00789440126,10368.1015,0.0146023353,0.024986145,0.00042967871,0.000806543918,0.000805828692,0.0143959702,0.013184507,0.00611715945,0.00134361078,0.000645273762,0.000537898013,0.000592070282,0.000269134024,5.38285673e-05,0.000161482758,5.38328078e-05,0.000161528358
49.2492492,0.00026386375,0.000949746408,0.00474657676,0.0409892889,0.0204944793,0.190682083,0.0996808967,20491.888,3931.37706,0.00964069865,0.00698992243,0.0150054764,0.00747834238,0.00526381691,0.00558423475,0.0142094037,10254.6437,0.00773757527,10366.0496,0.0143128905,0.0244909132,0.000421162178,0.000790559265,0.000789856639,0.0141104032,0.0129230067,0.00599590023,0.00131698097,0.000632485375,0.000527237995,0.00058033744,0.000263800716,5.27618743e-05,0.000158282731,5.27660392e-05,0.000158327518
49.3493493,0.00025863499,0.000930925673,0.0046525101,0.0401768607,0.0200881284,0.186898531,0.097699782,20491.8872,3931.37936,0.0094495555,0.00685128182,0.0147077507,0.00732995756,0.00515939613,0.00547343622,0.0139265877,10252.5721,0.00758386216,10363.9871,0.0140291828,0.0240054966,0.000412814443,0.00077489139,0.000774201147,0.0138305005,0.0126666927,0.00587704458,0.00129087892,0.000619950423,0.000516789227,0.000568837092,0.00025857309,5.17163183e-05,0.000155146115,5.17204091e-05,0.000155190103
49.4494494,0.000253509809,0.000912477774,0.00456030701,0.0393805297,0.0196898315,0.183190028,0.0957580272,20491.8863,3931.38161,0.00926220089,0.00671539024,0.0144159306,0.00718451612,0.00505704613,0.0053648351,0.0136493926,10250.4899,0.00743319929,10361.914,0.0137510968,0.0235296978,0.000404632109,0.000759533928,0.000758855851,0.0135561482,0.0124154606,0.00576054418,0.00126529402,0.000607663811,0.000506547461,0.000557564565,0.000253449023,5.06914746e-05,0.000152071634,5.06954924e-05,0.000152114838
49.5495495,0.000248486117,0.000894395193,0.00446992989,0.0385999712,0.0192994263,0.179555057,0.0938548361,20491.8853,3931.3838,0.00907855839,0.00658219219,0.0141298967,0.00704195862,0.00495672509,0.00525838704,0.0133777046,10248.3971,0.00728552505,10359.8304,0.0134785191,0.0230633228,0.000396611842,0.000744480617,0.000743814494,0.0132872342,0.0121692079,0.00564635153,0.00124021585,0.000595620531,0.000496508523,0.000546515265,0.000248426426,4.96869254e-05,0.000149058036,4.96908716e-05,0.00014910047
49.6496496,0.000243561861,0.000876670534,0.00438134178,0.037834866,0.0189167529,0.175992128,0.0919894257,20491.8842,3931.38594,0.00889855278,0.00645163307,0.0138495318,0.00690222658,0.0048583919,0.00515404839,0.013111412,10246.2938,0.00714077887,10357.736,0.0132113381,0.0226061808,0.000388750359,0.000729725299,0.000729070923,0.0130236483,0.0119278337,0.00553441988,0.00121563415,0.000583815656,0.000486668307,0.000535684673,0.000243503244,4.87022599e-05,0.000146104089,4.87061358e-05,0.000146145765
49.7497497,0.000238735019,0.000859296519,0.00429450631,0.0370848997,0.0185416538,0.172499775,0.0901610254,20491.8829,3931.38803,0.00872211008,0.00632365917,0.0135747204,0.00676526247,0.00476200608,0.0050517762,0.0128504047,10244.1797,0.00699890112,10355.6308,0.0129494441,0.0221580841,0.00038104443,0.000715261914,0.00071461908,0.0127652821,0.0116912387,0.00542470325,0.00119153882,0.000572244338,0.000477022772,0.000525068341,0.000238677458,4.77370739e-05,0.000143208579,4.77408806e-05,0.000143249511
49.8498498,0.000234003599,0.000842265983,0.00420938764,0.0363497629,0.0181739743,0.169076552,0.0883688766,20491.8815,3931.39007,0.00854915744,0.00619821761,0.0133053488,0.00663100963,0.00466752779,0.0049515282,0.0125945743,10242.0548,0.00685983312,10353.5149,0.0126927291,0.0217188477,0.000373490878,0.000701084496,0.000700453004,0.0125120288,0.0114593251,0.00531715636,0.00116791992,0.000560901805,0.000467567938,0.000514661892,0.000233947075,4.67909692e-05,0.000140370312,4.6794708e-05,0.000140410513
49.9499499,0.000229365643,0.000825571869,0.00412595052,0.0356291508,0.0178135619,0.165721038,0.0866122322,20491.88,3931.39207,0.0083796231,0.00607525629,0.0130413052,0.00649941227,0.00457491779,0.00485326276,0.0123438143,10239.9192,0.00672351704,10351.3881,0.0124410865,0.0212882896,0.000366086569,0.00068718717,0.000686566821,0.0122637832,0.0112319966,0.00521173462,0.00114476766,0.000549783354,0.000458299889,0.000504461013,0.000229310137,4.58635538e-05,0.000137588112,4.5867226e-05,0.000137627596
50.0500501,0.00022482032,0.000809211195,0.00404418003,0.0349229348,0.0174603522,0.162432634,0.0848907792,20491.8784,3931.39402,0.00821347684,0.00595475334,0.0127825426,0.00637044701,0.0044841596,0.00475696236,0.0120980801,10237.7727,0.00658992861,10349.2503,0.0121944715,0.0208663329,0.000358830182,0.000673567452,0.000672958053,0.012020501,0.0110092128,0.0051084192,0.0011220779,0.000538887001,0.000449216968,0.000494463883,0.000224765815,4.49546621e-05,0.000134861482,4.49582687e-05,0.000134900261
50.1501502,0.000220365296,0.000793175556,0.00396403415,0.0342307519,0.0171141634,0.159209645,0.0832036267,20491.8767,3931.39592,0.00805063316,0.00583664665,0.0125289274,0.00624404731,0.00439520644,0.00466257738,0.0118572445,10235.6153,0.00645899893,10347.1015,0.0119527573,0.0204527607,0.000351717988,0.000660218345,0.000659619703,0.011782057,0.0107908589,0.00500715699,0.00109983899,0.000528207146,0.000440314508,0.000484665364,0.000220311773,4.40638271e-05,0.000132189022,4.40673693e-05,0.000132227108
50.2502503,0.00021599858,0.000777457782,0.00388547706,0.0335522924,0.0167748407,0.156050626,0.0815500155,20491.8749,3931.39778,0.00789101916,0.00572088331,0.0122803461,0.00612015647,0.00430801844,0.00457006551,0.011621199,10233.4468,0.00633066923,10344.9418,0.0117158357,0.020047388,0.000344746804,0.000647133878,0.000646545807,0.0115483443,0.0105768371,0.00490790267,0.00107804097,0.000517739013,0.000431588529,0.000475061076,0.000215946022,4.31906505e-05,0.000129569536,4.31941296e-05,0.000129606942
50.3503504,0.000211718409,0.00076205153,0.00380847705,0.0328872824,0.0164422469,0.152954298,0.0799292741,20491.873,3931.39959,0.00773457035,0.00560741651,0.0120366978,0.00599872435,0.00422256032,0.00447938932,0.0113898477,10231.2674,0.00620488757,10342.7708,0.0114836111,0.0196500512,0.000337913816,0.00063430877,0.000633731084,0.0113192684,0.0103670609,0.00481061617,0.00105667505,0.000507478375,0.000423035508,0.000465647143,0.000211666798,4.233478e-05,0.000127001968,4.23381969e-05,0.000127038705
50.4504505,0.000207523052,0.000746950568,0.00373300295,0.0322354529,0.0161162473,0.149919407,0.0783407432,20491.8711,3931.40136,0.00758122336,0.00549620024,0.0117978839,0.0058797017,0.00413879744,0.00439051204,0.0111630964,10229.0768,0.0060816029,10340.5888,0.0112559895,0.0192605895,0.000331216259,0.00062173783,0.00062117035,0.0110947364,0.0101614451,0.00471525809,0.00103573258,0.000497421083,0.000414651985,0.000456419758,0.000207472372,4.14958694e-05,0.000124485278,4.14992252e-05,0.000124521359
50.5505506,0.000203410807,0.000732148774,0.00365902418,0.0315965394,0.0157967096,0.146944717,0.0767837747,20491.869,3931.40309,0.00743091596,0.00538718933,0.0115638073,0.00576304012,0.00405669577,0.00430339756,0.0109408527,10226.875,0.00596076507,10338.3954,0.0110328785,0.0188788449,0.000324651416,0.000609415962,0.000608858508,0.010874657,0.00995990643,0.00462178977,0.00101520507,0.000487563057,0.00040643456,0.000447375177,0.000203361042,4.06735784e-05,0.000122018447,4.06768743e-05,0.000122053882
50.6506507,0.000199380004,0.000717640128,0.00358651064,0.030970282,0.0154835038,0.144029017,0.0752577319,20491.8668,3931.40479,0.00728358696,0.00528033937,0.0113343724,0.00564869204,0.00397622184,0.00421801037,0.0107230256,10224.6621,0.00584232479,10336.1908,0.0108141874,0.0185046621,0.000318216617,0.000597338154,0.000596790552,0.0106589407,0.00976236265,0.00453017315,0.000995084161,0.000477900288,0.000398379893,0.000438509725,0.000199331136,3.98675728e-05,0.000119600471,3.98708098e-05,0.000119635273
50.7507508,0.000195428998,0.000703418714,0.00351543275,0.0303564252,0.0151765019,0.141171114,0.0737619887,20491.8646,3931.40644,0.0071391762,0.0051756067,0.0111094855,0.00553661071,0.00389734277,0.00413431557,0.0105095258,10222.4378,0.00572623361,10333.9749,0.0105998269,0.0181378885,0.000311909235,0.00058549948,0.000584961557,0.0104474993,0.0095687331,0.00444037087,0.000975361657,0.000468428835,0.000390484696,0.000429819786,0.000195381011,3.90775239e-05,0.000117230364,3.9080703e-05,0.000117264544
50.8508509,0.000191556172,0.000689478713,0.00344576144,0.0297547179,0.0148755783,0.138369836,0.0722959293,20491.8623,3931.40805,0.00699762454,0.00507294838,0.0108890543,0.00542675013,0.00382002621,0.00405227884,0.0103002652,10220.2022,0.00561244386,10331.7475,0.0103897093,0.017778374,0.00030572669,0.000573895094,0.000573366682,0.010240246,0.00937893839,0.00435234615,0.000956029481,0.000459144821,0.00038274574,0.000421301803,0.000191509052,3.83031083e-05,0.000114907157,3.83062307e-05,0.000114940725
50.950951,0.000187759936,0.000675814399,0.00337746808,0.0291649126,0.0145806091,0.135624029,0.0708589478,20491.8599,3931.40963,0.00685887376,0.00497232215,0.0106729879,0.00531906504,0.00374424031,0.00397186638,0.0100951574,10217.9551,0.00550090864,10329.5086,0.0101837482,0.0174259707,0.000299666441,0.000562520229,0.000562001161,0.0100370956,0.00919290043,0.0042660628,0.000937079688,0.000450044432,0.000375159845,0.000412952279,0.000187713667,3.75440081e-05,0.000112629895,3.75470746e-05,0.000112662862
51.0510511,0.000184038725,0.000662420135,0.0033105245,0.028586766,0.0142914726,0.132932557,0.069450448,20491.8574,3931.41117,0.00672286656,0.00487368643,0.0104611972,0.00521351091,0.00366995376,0.00389304496,0.00989411724,10215.6966,0.00539158181,10327.2581,0.00998185857,0.0170805333,0.000293725986,0.000551370191,0.000550860304,0.00983796401,0.00901054234,0.00418148522,0.00091850446,0.000441123914,0.000367723882,0.000404767768,0.00018399329,3.679991e-05,0.000110397639,3.68029217e-05,0.000110430016
51.1511512,0.000180391143,0.000649290903,0.0032449056,0.0280200614,0.0140080603,0.13029441,0.0680698992,20491.8549,3931.41268,0.00658955193,0.00477700419,0.0102536024,0.00511004808,0.00359713867,0.00381578499,0.00969706901,10213.4265,0.00528442229,10324.9961,0.00978396483,0.0167419324,0.000287903099,0.000540440802,0.000539939937,0.0096427766,0.00883179568,0.0040985817,0.000900296836,0.000432379924,0.000360435064,0.000396745204,0.000180346529,3.60705354e-05,0.000108209552,3.60734932e-05,0.00010824135
51.2512513,0.000176817034,0.000636426138,0.00318060857,0.0274647746,0.0137303602,0.127709476,0.0667172453,20491.8523,3931.41415,0.00645892424,0.0046822714,0.010050195,0.0050086723,0.003525792,0.00374008325,0.00950400545,10211.1448,0.00517942587,10322.7223,0.00959005845,0.0164101534,0.000282197531,0.000529731593,0.00052923959,0.00945152514,0.00865665294,0.00401734869,0.000882456034,0.000423812085,0.000353293078,0.000388884243,0.000176773225,3.53558527e-05,0.000106065541,3.53587576e-05,0.00010609677
51.3513514,0.000173313851,0.000623816673,0.00311758759,0.0269205095,0.013458174,0.125175907,0.0653915135,20491.8496,3931.41558,0.00633089021,0.00458942031,0.00985082944,0.00490931095,0.00345586271,0.00366588558,0.00931478709,10208.8514,0.00507651715,10320.4368,0.00940000116,0.0160849597,0.000276605213,0.00051923493,0.000518751634,0.00926407289,0.00848498894,0.00393772826,0.000864969336,0.000415414291,0.000346292833,0.000381179282,0.000173270834,3.46553528e-05,0.000103964077,3.46582057e-05,0.000103994747
51.4514515,0.000169880181,0.000611457421,0.00305581723,0.0263870466,0.0131913917,0.122692677,0.0640921658,20491.8469,3931.41699,0.00620539813,0.0044984134,0.00965542497,0.00481192385,0.00338732253,0.00359316197,0.00912933712,10206.5463,0.00497565449,10318.1395,0.00921371623,0.0157662201,0.000271123888,0.000508946578,0.000508471836,0.00908034405,0.0083167343,0.00385968825,0.000847829683,0.000407183154,0.000339431506,0.000373627212,0.000169837941,3.3968753e-05,0.000101904313,3.39715548e-05,0.000101934433
51.5515516,0.000166514634,0.00059934338,0.00299527248,0.0258641698,0.0129299054,0.120258779,0.0628186732,20491.8441,3931.41836,0.00608239718,0.00440921377,0.00946390236,0.00471647148,0.00332014366,0.00352188294,0.00894758005,10204.2293,0.00487679696,10315.8303,0.00903112824,0.0154538056,0.000265751338,0.000498862372,0.000498396035,0.00890026414,0.00815182081,0.00378319707,0.000831030139,0.000399115341,0.000332706319,0.000366224979,0.000166473158,3.32957755e-05,9.98854154e-05,3.32985272e-05,9.99149962e-05
51.6516517,0.000163215846,0.000587469636,0.00293592879,0.025351667,0.0126736088,0.117873222,0.0615705159,20491.8413,3931.4197,0.00596183737,0.00432178514,0.00927618366,0.00462291501,0.00325429878,0.00345201947,0.00876944168,10201.9005,0.00477990431,10313.5091,0.00885216306,0.0151475894,0.000260485381,0.000488978219,0.00048852014,0.00872375993,0.00799018144,0.00370822367,0.000814563885,0.00039120758,0.000326114543,0.000358969579,0.000163175119,3.26361472e-05,9.79065649e-05,3.26388496e-05,9.79356157e-05
51.7517518,0.000159982472,0.000575831352,0.00287776197,0.0248493293,0.0124223974,0.115535033,0.0603471825,20491.8384,3931.42101,0.00584366956,0.00423609185,0.00909219223,0.00453121622,0.00318976103,0.00338354307,0.00859484903,10199.5597,0.00468493698,10311.1759,0.00867674777,0.0148474467,0.000255323871,0.000479290095,0.000478840128,0.00855075939,0.00783175023,0.00363473748,0.000798424213,0.000383456647,0.000319653493,0.000351858056,0.000159942481,3.19895996e-05,9.59669556e-05,3.19922536e-05,9.59954859e-05
51.8518519,0.000156813192,0.000564423771,0.00282074825,0.0243569513,0.0121761684,0.113243254,0.0591481696,20491.8355,3931.42229,0.0057278454,0.00415209881,0.00891185265,0.00444133753,0.00312650394,0.00331642568,0.00842373028,10197.2069,0.00459185601,10308.8306,0.00850481062,0.0145532547,0.000250264699,0.000469794036,0.000469352041,0.00838119166,0.00767646232,0.00356270845,0.000782604523,0.000375859375,0.000313320528,0.000344887504,0.000156773923,3.13558683e-05,9.40657946e-05,3.13584748e-05,9.40938135e-05
51.951952,0.000153706703,0.00055324221,0.00276486421,0.0238743307,0.0119348206,0.110996939,0.0579729821,20491.8325,3931.42355,0.00561431726,0.00406977144,0.00873509068,0.00435324193,0.00306450151,0.00325063966,0.00825601476,10194.842,0.00450062307,10306.4732,0.00833628097,0.0142648927,0.000245305785,0.000460486144,0.00046005198,0.00821498696,0.00752425382,0.00349210699,0.000767098318,0.000368412644,0.000307113047,0.00033805506,0.000153668144,3.07346931e-05,9.22023015e-05,3.07372529e-05,9.22298181e-05
52.0520521,0.000150661724,0.000542282056,0.00271008681,0.0234012684,0.0116982543,0.108795162,0.056821132,20491.8295,3931.42477,0.00550303828,0.00398907574,0.0085618332,0.00426689298,0.00300372809,0.00318615783,0.00809163286,10192.465,0.00441120043,10304.1035,0.00817108928,0.0139822416,0.000240445084,0.000451362578,0.000450936108,0.00805207659,0.00737506183,0.00342290395,0.000751899199,0.00036111338,0.00030102849,0.000331357907,0.000150623863,3.01258178e-05,9.03757074e-05,3.01283317e-05,9.04027306e-05
52.1521522,0.000147676994,0.000531538764,0.00265639331,0.0229375681,0.0114663713,0.106637005,0.0556921386,20491.8264,3931.42597,0.00539396225,0.00390997816,0.00839200816,0.00418225478,0.00294415842,0.00312295337,0.007930516,10190.0757,0.00432355087,10301.7215,0.008009167,0.0137051842,0.000235680578,0.000442419554,0.000442000643,0.00789239285,0.00722882438,0.00335507062,0.000737000861,0.000353958557,0.000295064331,0.000324793267,0.000147639817,2.95289899e-05,8.8585255e-05,2.95314588e-05,8.86117936e-05
52.2522523,0.000144751266,0.000521007853,0.00260376134,0.0224830364,0.0112390748,0.104521566,0.0545855282,20491.8233,3931.42714,0.00528704363,0.00383244565,0.00822554455,0.00409929191,0.00288576761,0.00306099987,0.00777259658,10187.6742,0.00423763775,10299.3272,0.00785044656,0.0134336049,0.000231010281,0.000433653341,0.000433241857,0.00773586901,0.00708548035,0.00328857868,0.00072239709,0.00034694519,0.000289218086,0.000318358402,0.000144714762,2.89439605e-05,8.68301976e-05,2.89463851e-05,8.68562601e-05
52.3523524,0.000141883314,0.000510684906,0.00255216879,0.0220374824,0.0110162693,0.102447955,0.0535008332,20491.8202,3931.42829,0.0051822375,0.00375644562,0.00806237231,0.00401796948,0.00282853109,0.00300027127,0.00761780793,10185.2603,0.00415342488,10296.9204,0.00769486132,0.0131673896,0.00022643223,0.00042506026,0.000424656073,0.00758243923,0.00694496949,0.00322340023,0.000708081755,0.000340070335,0.000283487298,0.000312050612,0.000141847471,2.83704841e-05,8.51097986e-05,2.83728653e-05,8.51353935e-05
52.4524525,0.000139071926,0.000500565559,0.00250159388,0.0216007179,0.0107978606,0.100415294,0.0524375925,20491.817,3931.42941,0.00507949952,0.00368194589,0.00790242231,0.00393825302,0.00277242462,0.00294074184,0.00746608423,10182.8339,0.0040708766,10294.501,0.00754234551,0.012906426,0.000221944492,0.00041663668,0.000416239662,0.00743203855,0.00680723232,0.00315950769,0.000694048806,0.000333331088,0.000277869547,0.000305867232,0.000139036731,2.78083185e-05,8.34233313e-05,2.78106569e-05,8.34484668e-05
52.5525526,0.000136315905,0.000490645506,0.00245201506,0.0211725567,0.0105837555,0.0984227138,0.0513953504,20491.8138,3931.43051,0.00497878594,0.00360891468,0.00774562628,0.0038601085,0.00271742428,0.00288238619,0.00731736053,10180.395,0.00398995765,10292.0691,0.00739283417,0.0126506027,0.000217545155,0.000408379014,0.00040798904,0.00728460282,0.00667221009,0.00309687387,0.000680292269,0.000326724579,0.000272362442,0.000299805631,0.000136281348,2.72572243e-05,8.17700779e-05,2.72595208e-05,8.17947622e-05
52.6526527,0.000133614676,0.000480922677,0.00240342199,0.0207529097,0.0103739094,0.0964698011,0.0503738912,20491.8106,3931.43158,0.00488007571,0.00353733676,0.00759195152,0.00378351963,0.00266351858,0.0028251921,0.00717160437,10177.9435,0.00391065061,10289.6245,0.0072462961,0.0123998665,0.0002132333,0.000400285539,0.000399902485,0.00714010129,0.00653987464,0.00303548567,0.00066680927,0.000320249428,0.000266964832,0.000293864542,0.000133580744,2.67170865e-05,8.0149693e-05,2.67193418e-05,8.01739341e-05
52.7527528,0.000130968306,0.00047139731,0.00235581587,0.0203417873,0.0101683277,0.0945566097,0.0493732472,20491.8073,3931.43263,0.00478337136,0.003467214,0.00744140214,0.00370848846,0.00261070893,0.00276916099,0.00702881694,10175.4794,0.00383295648,10287.1672,0.00710273498,0.0121542236,0.000209009036,0.000392356455,0.000391980198,0.00699853774,0.00641022943,0.00297534466,0.000653600146,0.000313905797,0.000261676851,0.000288044112,0.000130934988,2.61879184e-05,7.85622168e-05,2.61901332e-05,7.85860227e-05
52.8528529,0.000128374459,0.000462061003,0.0023091547,0.0199388265,0.00996682876,0.0926814412,0.0483925231,20491.804,3931.43365,0.0046885874,0.00339848431,0.00729384465,0.00363494845,0.00255894857,0.0027142433,0.00688887381,10173.0025,0.00375680744,10284.697,0.00696202403,0.0119134572,0.000204868633,0.000384584766,0.000384215186,0.0068597868,0.00628315968,0.00291639771,0.000640653238,0.000307688088,0.000256493834,0.000282339206,0.000128341744,2.56692532e-05,7.70062488e-05,2.56714283e-05,7.70296272e-05
52.952953,0.000125832082,0.00045290996,0.0022634195,0.0195438634,0.00976933039,0.0908435311,0.0474313175,20491.8007,3931.43466,0.00459568525,0.0033311197,0.00714921888,0.00356286961,0.00250821639,0.00266041665,0.00675171755,10170.5129,0.00368217235,10282.214,0.006824106,0.0116774692,0.000200810407,0.000376967309,0.00037660429,0.00672379194,0.00615861364,0.00285862083,0.000627963279,0.00030159377,0.000251413672,0.000276747506,0.00012579996,2.516088e-05,7.54811563e-05,2.51630161e-05,7.55041149e-05
53.0530531,0.000123340136,0.000443940446,0.00221859161,0.0191567367,0.00957575193,0.0890421273,0.0464892359,20491.7974,3931.43564,0.00450462695,0.00326509261,0.00700746565,0.00349222245,0.00245849164,0.00260765901,0.00661729165,10168.0103,0.00360902059,10279.718,0.00668892456,0.0114461634,0.000196832701,0.000369500975,0.000369144401,0.00659049752,0.00603654037,0.00280199043,0.000615525089,0.000295620358,0.000246434292,0.000271266728,0.000123308596,2.46625913e-05,7.3986317e-05,2.4664689e-05,7.40088631e-05
53.1531532,0.000120897602,0.000435148784,0.00217465264,0.0187772877,0.00938601397,0.0872764897,0.04556589,20491.794,3931.43661,0.00441537513,0.00320037594,0.00686852672,0.00342297794,0.00240975391,0.0025559487,0.00648554047,10165.4948,0.00353732201,10277.2089,0.00655642429,0.011219445,0.000192933883,0.000362182704,0.000361832462,0.00645984883,0.00591688977,0.00274648328,0.000603333568,0.000289765402,0.000241553653,0.000265894626,0.000120866632,2.4174183e-05,7.25211181e-05,2.4176243e-05,7.25432591e-05
53.2532533,0.000118503472,0.000426531357,0.00213158452,0.0184053602,0.00920003833,0.0855458896,0.0446608973,20491.7906,3931.43755,0.00432789303,0.00313694299,0.00673234473,0.00335510748,0.00236198307,0.00250526438,0.00635640922,10162.9662,0.00346704692,10274.6867,0.00642655063,0.0109972204,0.000189112348,0.000355009484,0.000354665462,0.00633179195,0.00579961249,0.00269207653,0.000591383697,0.000284026491,0.000236769745,0.00026062899,0.000118473064,2.36954539e-05,7.10849566e-05,2.3697477e-05,7.11066997e-05
53.3533534,0.000116156758,0.000418084599,0.00208936941,0.0180408003,0.00901774799,0.0838496093,0.0437738814,20491.7872,3931.43847,0.00424214441,0.00307476746,0.0065988632,0.00328858294,0.00231515934,0.00245558502,0.00622984391,10160.4245,0.00339816607,10272.1513,0.00629924981,0.0107793979,0.000185366516,0.000347978344,0.000347640434,0.00620627381,0.00568465992,0.00263874765,0.00057967053,0.000278401252,0.00023208059,0.000255467641,0.000116126901,2.32262061e-05,6.96772384e-05,2.32281928e-05,6.96985907e-05
53.4534535,0.000113856482,0.000409804997,0.00204798977,0.0176834562,0.00883906704,0.0821869414,0.042904471,20491.7838,3931.43938,0.00415809357,0.00301382345,0.00646802646,0.00322337655,0.00226926318,0.00240688991,0.00610579134,10157.8696,0.00333065064,10269.6026,0.00617446885,0.0105658868,0.000181694826,0.000341086362,0.000340754456,0.00608324209,0.00557198418,0.00258647444,0.000568189196,0.000272887343,0.000227484236,0.000250408431,0.000113827166,2.27662444e-05,6.8297378e-05,2.27681954e-05,6.83183465e-05
53.5535536,0.000111601683,0.000401689087,0.00200742828,0.0173331784,0.00866392065,0.0805571883,0.0420523003,20491.7804,3931.44026,0.00407570529,0.00295408542,0.0063397796,0.00315946096,0.00222427534,0.00235915862,0.00598419901,10155.3015,0.00326447219,10267.0406,0.00605215553,0.0103565977,0.000178095743,0.000334330653,0.000334004644,0.0059626452,0.00546153802,0.00253523502,0.000556934887,0.000267482459,0.000222978761,0.000245449246,0.000111572899,2.23153763e-05,6.69447981e-05,2.23172923e-05,6.69653895e-05
53.6536537,0.000109391412,0.000393733452,0.00196766785,0.0169898194,0.00849223499,0.0789596621,0.0412170081,20491.7769,3931.44113,0.00399494486,0.00289552814,0.00621406848,0.00309680918,0.00218017685,0.00231237099,0.00586501513,10152.72,0.00319960267,10264.4651,0.00593225831,0.0101514424,0.000174567749,0.00032770837,0.000327388157,0.00584443225,0.00535327485,0.00248500781,0.000545902864,0.000262184321,0.000218562267,0.000240587996,0.000109363149,2.18734121e-05,6.56189292e-05,2.18752936e-05,6.56391503e-05
53.7537538,0.00010722473,0.000385934719,0.00192869163,0.0166532334,0.00832393717,0.0773936834,0.0403982382,20491.7735,3931.44198,0.00391577797,0.00283812674,0.00609083963,0.00303539456,0.00213694895,0.00226650712,0.00574818853,10150.1251,0.00313601436,10261.8761,0.00581472631,0.00995033393,0.000171109349,0.000321216706,0.000320902186,0.005728553,0.00524714868,0.00243577148,0.000535088448,0.000256990684,0.000214232881,0.00023582262,0.00010719698,2.14401642e-05,6.4319209e-05,2.14420119e-05,6.43390664e-05
53.8538539,0.000105100713,0.000378289555,0.00189048296,0.0163232767,0.0081589552,0.0758585814,0.0395956385,20491.77,3931.44282,0.00383817077,0.00278185665,0.00597004026,0.00297519078,0.00209457314,0.00222154736,0.00563366869,10147.5166,0.00307367991,10259.2734,0.0056995093,0.00975318631,0.000167719064,0.000314852887,0.000314543959,0.00561495783,0.00514311407,0.00238750498,0.000524487015,0.000251899327,0.000209988752,0.000231151081,0.000105073466,2.10154476e-05,6.30450822e-05,2.1017262e-05,6.30645823e-05
53.953954,0.000103018445,0.000370794666,0.00185302537,0.015999807,0.00799721793,0.074353693,0.0388088611,20491.7665,3931.44364,0.00376208978,0.00272669357,0.00585161817,0.00291617183,0.0020530311,0.00217747229,0.00552140564,10144.8946,0.00301257225,10256.6571,0.0055865576,0.00955991459,0.000164395433,0.000308614169,0.000308310737,0.00550359771,0.00504112612,0.00234018752,0.000514093998,0.000246908058,0.000205828054,0.000226571369,0.000102991692,2.05990793e-05,6.17960001e-05,2.06008611e-05,6.18151492e-05
54.0540541,0.000100977022,0.000363446798,0.0018163026,0.0156826837,0.007838655,0.0728783625,0.0380375621,20491.7631,3931.44444,0.0036875019,0.00267261348,0.00573552175,0.00285831199,0.00201230475,0.00213426268,0.00541134994,10142.2589,0.00295266462,10254.0271,0.00547582212,0.00937043475,0.000161137011,0.000302497843,0.000302199809,0.00539442412,0.00494114043,0.00229379851,0.00050390488,0.000242014706,0.000201748976,0.000222081492,0.000100950755,2.01908784e-05,6.05714198e-05,2.01926282e-05,6.05902242e-05
54.1541542,9.89765604e-05,0.000356246369,0.00178031674,0.015371925,0.00768327557,0.0714326757,0.0372817873,20491.7596,3931.44523,0.00361441151,0.00261961958,0.00562175796,0.00280161474,0.00197239651,0.00209192123,0.00530351214,10139.6094,0.00289396198,10251.3831,0.00536730925,0.0091847577,0.000157943986,0.000296504259,0.000296211529,0.00528744351,0.00484316288,0.00224834063,0.000493920247,0.000237219553,0.000197751754,0.000217681708,9.89507698e-05,1.97908684e-05,5.93714116e-05,1.97925867e-05,5.93898774e-05
54.2542543,9.70166826e-05,0.00034919202,0.001745061,0.0150674723,0.00753105026,0.0700163592,0.0365413937,20491.7561,3931.446,0.00354280479,0.00256770189,0.0055103054,0.00274606939,0.00193329887,0.00205043999,0.00519787366,10136.946,0.00283645389,10248.7252,0.00526099849,0.00900284838,0.000154815754,0.000290632285,0.000290344763,0.0051826357,0.00474717499,0.00220380532,0.000484138212,0.000232521693,0.000193835632,0.000213371185,9.699136e-05,1.93989736e-05,5.81957486e-05,1.9400661e-05,5.82138819e-05
54.3543544,9.50956604e-05,0.000342277531,0.00171050428,0.0147690568,0.00738184464,0.0686281597,0.0358157231,20491.7526,3931.44676,0.00347261848,0.00251681444,0.00540106523,0.00269162669,0.0018949772,0.0020097821,0.00509433651,10134.2688,0.00278008795,10246.0533,0.00515679601,0.00882454625,0.000151749556,0.000284876741,0.000284594337,0.00507990792,0.00465309181,0.00216015323,0.000474550146,0.000227916982,0.000189997157,0.000209146123,9.50707973e-05,1.90148484e-05,5.70433942e-05,1.90165055e-05,5.7061201e-05
54.4544545,9.32127126e-05,0.000335500089,0.00167663253,0.0144765572,0.00723559795,0.067267511,0.0351044784,20491.7491,3931.4475,0.00340382398,0.0024669365,0.00529399291,0.00263826443,0.00185741586,0.00196993101,0.00499285829,10131.5775,0.00272484114,10243.3673,0.00505465939,0.00864977879,0.000148744144,0.000279235286,0.000278957908,0.00497921829,0.00456087503,0.00211736661,0.000465152146,0.000223403547,0.000186234766,0.000205004803,9.31883007e-05,1.86383367e-05,5.59138797e-05,1.86399639e-05,5.59313659e-05
54.5545546,9.13670709e-05,0.000328856928,0.00164343192,0.0141898541,0.00709225047,0.0659338566,0.0344073676,20491.7456,3931.44823,0.0033363932,0.00241804768,0.00518904463,0.00258596079,0.0018205995,0.0019308704,0.00489339733,10128.8721,0.00267069086,10240.6671,0.00495454695,0.00847847465,0.00014579829,0.000273705618,0.000273433178,0.00488052565,0.00447048694,0.002075428,0.000455940379,0.000218979546,0.000182546925,0.000200945536,9.13431021e-05,1.82692848e-05,5.48067444e-05,1.82708827e-05,5.48239156e-05
54.6546547,8.95579798e-05,0.000322345331,0.00161088887,0.01390883,0.00695174343,0.0646266488,0.0337241036,20491.7421,3931.44894,0.00327029851,0.00237012792,0.00508617733,0.0025346943,0.00178451301,0.00189258424,0.00479591265,10126.1526,0.00261761487,10237.9525,0.00485641769,0.00831056368,0.000142910789,0.000268285472,0.000268017883,0.00478378951,0.00438189048,0.00203432021,0.000446911071,0.000214643167,0.000178932123,0.00019696666,8.95344462e-05,1.79075417e-05,5.3721535e-05,1.79091108e-05,5.37383968e-05
54.7547548,8.77846958e-05,0.00031596262,0.00157898999,0.0136333695,0.00681401903,0.0633453488,0.0330544038,20491.7386,3931.44965,0.00320551272,0.00232315749,0.00498534859,0.00248444382,0.00174914153,0.00185505678,0.00470036394,10123.4187,0.00256559127,10235.2236,0.00476023123,0.00814597685,0.000140080453,0.00026297262,0.000262709797,0.00468897003,0.00429504917,0.00199402633,0.000438060509,0.000210392628,0.000175388876,0.000193066539,8.77615896e-05,1.75529586e-05,5.26578053e-05,1.75544995e-05,5.26743633e-05
54.8548549,8.6046487e-05,0.00030970616,0.00154772211,0.0133633587,0.00667902033,0.0620894264,0.0323979898,20491.7351,3931.45034,0.00314200904,0.00227711697,0.0048865167,0.00243518856,0.00171447043,0.00181827247,0.00460671154,10120.6705,0.00251459854,10232.4803,0.00466594787,0.00798464618,0.000137306113,0.000257764869,0.000257506728,0.00459602798,0.00420992709,0.00195452972,0.000429385041,0.000206226174,0.000171915719,0.000189243564,8.60238004e-05,1.72053892e-05,5.16151165e-05,1.72069024e-05,5.1631376e-05
54.954955,8.43426326e-05,0.000303573357,0.00151707228,0.0130986857,0.0065466913,0.0608583591,0.0317545878,20491.7316,3931.45102,0.00307976111,0.00223198722,0.00478964055,0.00238690803,0.0016804853,0.00178221603,0.00451491637,10117.9079,0.00246461548,10229.7224,0.00457352847,0.00782650474,0.000134586618,0.000252660058,0.000252406516,0.00450492473,0.00412648887,0.00191581399,0.000420881066,0.000202142077,0.000168511213,0.000185496148,8.4320358e-05,1.68646894e-05,5.0593036e-05,1.68661753e-05,5.06090024e-05
55.0550551,8.26724221e-05,0.000297561654,0.0014870277,0.01283924,0.00641697669,0.0596516321,0.0311239276,20491.7281,3931.45168,0.00301874295,0.0021877494,0.00469467965,0.00233958205,0.00164717193,0.00174687239,0.00442493997,10115.1307,0.00241562118,10226.9498,0.00448293448,0.00767148658,0.000131920834,0.000247656059,0.000247407035,0.00441562223,0.00404469967,0.00187786299,0.000412545038,0.000198138633,0.000165173937,0.000181822731,8.26505522e-05,1.65307171e-05,4.95911377e-05,1.65321762e-05,4.96068163e-05
55.1551552,8.10351554e-05,0.00029166853,0.00145757577,0.0125849128,0.00628982205,0.0584687381,0.0305057432,20491.7247,3931.45234,0.00295892896,0.00214438491,0.00460159407,0.00229319071,0.00161451632,0.0017122267,0.00433674441,10112.3389,0.00236759506,10224.1626,0.0043941279,0.00751952667,0.000129307643,0.000242750773,0.000242506188,0.00432808294,0.00396452512,0.00184066079,0.00040437346,0.000194214164,0.000161902493,0.000178221771,8.10136829e-05,1.62033323e-05,4.86090016e-05,1.62047652e-05,4.86243974e-05
55.2552553,7.94301419e-05,0.000285891501,0.00142870409,0.0123355968,0.00616517367,0.0573091765,0.0298997719,20491.7212,3931.45299,0.00290029386,0.00210187542,0.00451034443,0.0022477144,0.00158250467,0.00167826431,0.00425029233,10109.5324,0.00232051682,10221.3604,0.00430707125,0.00737056089,0.000126745941,0.000237942131,0.000237701905,0.00424226986,0.00388593134,0.00180419169,0.000396362885,0.000190367014,0.0001586955,0.000174691749,7.94090596e-05,1.58823969e-05,4.76462133e-05,1.58838039e-05,4.76613314e-05
55.3553554,7.78566999e-05,0.000280228111,0.00140040036,0.0120911861,0.00604297855,0.0561724534,0.0293057546,20491.7177,3931.45362,0.00284281274,0.00206020285,0.00442089187,0.00220313374,0.00155112336,0.00164497075,0.00416554684,10106.711,0.00227436642,10218.5434,0.00422172752,0.00722452594,0.000124234641,0.000233228089,0.000232992147,0.00415814646,0.00380888489,0.0017684402,0.000388509909,0.000186595549,0.000155551596,0.000171231167,7.78360008e-05,1.55677746e-05,4.6702364e-05,1.55691563e-05,4.67172094e-05
55.4554555,7.63141563e-05,0.000274675938,0.0013726525,0.0118515759,0.00592318434,0.0550580808,0.0287234354,20491.7143,3931.45425,0.00278646096,0.00201934934,0.00433319802,0.0021594296,0.00152035891,0.00161233176,0.00408247153,10103.8748,0.0022291241,10215.7114,0.00413806019,0.00708135932,0.000121772667,0.00022860663,0.000228374897,0.00407567667,0.00373335274,0.001733391,0.000380811172,0.000182898154,0.000152469435,0.000167838544,7.62938336e-05,1.52593308e-05,4.57770499e-05,1.52606875e-05,4.57916273e-05
55.5555556,7.48018462e-05,0.000269232589,0.00134544854,0.0116166631,0.00580573933,0.053965577,0.0281525614,20491.7108,3931.45486,0.0027312142,0.00197929722,0.00424722495,0.00211658309,0.00149019805,0.00158033323,0.00400103046,10101.0236,0.00218477031,10212.8642,0.00405603316,0.00694099929,0.000119358958,0.000224075762,0.000223848163,0.00399482485,0.00365930226,0.00169902898,0.000373263353,0.000179273235,0.00014944769,0.000164512417,7.47818931e-05,1.49569326e-05,4.48698721e-05,1.49582648e-05,4.48841864e-05
55.6556557,7.33201124e-05,0.000263899298,0.00131879464,0.011386501,0.00569067037,0.0528951946,0.0275932679,20491.7074,3931.45546,0.00267708509,0.00194005571,0.0041629925,0.0020746041,0.00146064769,0.00154898247,0.00392124115,10098.1573,0.00214131471,10210.0019,0.0039756651,0.00680347775,0.000116994063,0.000219636514,0.000219412975,0.00391560957,0.00358675043,0.00166536195,0.000365868168,0.000175721616,0.000146487044,0.00016125354,7.33005221e-05,1.46606484e-05,4.39810363e-05,1.46619566e-05,4.39950921e-05
55.7557558,7.1868138e-05,0.000258673124,0.00129267611,0.0111609626,0.0055779139,0.0518463407,0.0270452434,20491.704,3931.45606,0.00262404373,0.00190160309,0.00408045405,0.00203346937,0.0014316915,0.00151826214,0.00384305966,10095.2757,0.00209873339,10207.1242,0.00389691166,0.00666871882,0.000114676675,0.000215286436,0.000215066886,0.00383798701,0.00351565713,0.00163237134,0.000358621536,0.000172241338,0.000143585867,0.000158060117,7.1848904e-05,1.43703149e-05,4.31100523e-05,1.43715995e-05,4.31238544e-05
55.8558559,7.04449209e-05,0.00025355046,0.00126707492,0.0109398921,0.00546739191,0.0508182876,0.026508105,20491.7006,3931.45665,0.00257205343,0.00186391274,0.00399955234,0.00199315039,0.00140330941,0.00148815099,0.0037664322,10092.3789,0.00205699707,10204.2312,0.00381971843,0.00653662944,0.000112405196,0.000211022526,0.000210806894,0.0037619034,0.00344597314,0.00160003435,0.000351518453,0.000168829997,0.000140742155,0.000154929943,7.04260367e-05,1.40857319e-05,4.22563191e-05,1.40869933e-05,4.2269872e-05
55.955956,6.90498863e-05,0.000248529238,0.00124198073,0.0107232002,0.00535905972,0.0498106189,0.0259816345,20491.6972,3931.45722,0.00252109318,0.0018269694,0.00392025463,0.00195363082,0.00137548993,0.00145863682,0.00369132771,10089.4668,0.00201608888,10201.3227,0.00374405421,0.00640715623,0.000110178707,0.000206843061,0.000206631277,0.00368732796,0.00337767027,0.00156833791,0.00034455605,0.000165486216,0.000137954758,0.000151861755,6.90313457e-05,1.38067842e-05,4.14194919e-05,1.38080228e-05,4.14328001e-05
56.0560561,6.76824697e-05,0.000243607425,0.00121738337,0.0105107992,0.00525287343,0.0488229255,0.0254656174,20491.6938,3931.45779,0.00247114233,0.0017907581,0.00384252873,0.00191489464,0.00134822179,0.00142970766,0.00361771569,10086.5391,0.00197599224,10198.3985,0.00366988837,0.00628024678,0.000107996306,0.000202746348,0.000202538345,0.00361423043,0.00331072082,0.00153726918,0.000337731508,0.000162208641,0.00013522255,0.00014885431,6.76642663e-05,1.3533359e-05,4.0599232e-05,1.35345753e-05,4.06122997e-05
56.1561562,6.6342116e-05,0.000238783023,0.00119327287,0.0103026028,0.00514878989,0.0478548055,0.0249598429,20491.6904,3931.45835,0.00242218059,0.00175526412,0.00376634302,0.00187692606,0.00132149388,0.00140135174,0.00354556614,10083.5959,0.00193669085,10195.4587,0.00359719079,0.00615584956,0.000105857108,0.000198730726,0.000198526437,0.00354258109,0.00324509758,0.00150681555,0.000331042056,0.000158995941,0.000132544421,0.000145906388,6.63242439e-05,1.32653454e-05,3.97952064e-05,1.32665397e-05,3.98080381e-05
56.2562563,6.50282797e-05,0.000234054068,0.00116963941,0.0100985262,0.00504676668,0.0469058636,0.0244641038,20491.687,3931.45891,0.002374188,0.00172047297,0.00369166642,0.00183970961,0.00129529532,0.00137355751,0.00347484961,10080.637,0.0018981687,10192.5031,0.00352593186,0.0060339139,0.000103760242,0.000194794558,0.000194593917,0.0034723507,0.00318077378,0.00147696462,0.00032448497,0.000155846808,0.00012991928,0.000143016789,6.50107328e-05,1.30026342e-05,3.90070878e-05,1.3003807e-05,3.90196877e-05
56.3563564,6.37404241e-05,0.00022941863,0.00114647333,0.0098984861,0.00494676208,0.0459757111,0.0239781962,20491.6837,3931.45945,0.00232714494,0.00168637042,0.00361846832,0.00180323004,0.00126961536,0.00134631358,0.00340553713,10077.6624,0.00186041003,10189.5316,0.00345608245,0.00591438999,0.000101704849,0.000190936237,0.000190739179,0.00340351053,0.00311772309,0.00144770417,0.000318057572,0.000152759956,0.000127346055,0.000140184332,6.37231967e-05,1.27451182e-05,3.82345544e-05,1.27462698e-05,3.82469265e-05
56.4564565,6.24780212e-05,0.000224874806,0.00112376514,0.00970240034,0.00484873502,0.0450639654,0.0235019195,20491.6804,3931.45999,0.0022810321,0.00165294245,0.00354671865,0.00176747234,0.00124444347,0.00131960875,0.00333760021,10074.6719,0.00182339937,10186.5442,0.00338761391,0.00579722879,9.96900879e-05,0.00018715418,0.000186960643,0.00333603229,0.00305591962,0.00141902221,0.000311757224,0.000149734119,0.000124823691,0.000137407856,6.24611074e-05,1.24926917e-05,3.74772893e-05,1.24938225e-05,3.74894378e-05
56.5565566,6.12405513e-05,0.000220420727,0.00110150547,0.00951018817,0.00475264509,0.04417025,0.0230350764,20491.6771,3931.46052,0.00223583047,0.00162017529,0.00347638778,0.00173242176,0.00121976925,0.00129343202,0.00327101083,10071.6654,0.00178712145,10183.5406,0.00332049803,0.00568238203,9.77151279e-05,0.000183446829,0.00018325675,0.00326988812,0.00299533788,0.00139090692,0.000305581331,0.000146768051,0.000122351149,0.000134686219,6.12239454e-05,1.22452508e-05,3.67349808e-05,1.22463611e-05,3.67469097e-05
56.6566567,6.00275023e-05,0.000216054549,0.00107968513,0.00932177004,0.0046584525,0.0432941941,0.0225774724,20491.6738,3931.46105,0.00219152133,0.00158805534,0.00340744654,0.00169806375,0.00119558247,0.00126777252,0.00320574139,10068.6428,0.00175156128,10180.5208,0.00325470702,0.0055698022,9.57791518e-05,0.000179812651,0.000179625969,0.00320505062,0.00293595274,0.00136334665,0.000299527338,0.000143860523,0.000119927406,0.000132018293,6.00111988e-05,1.20026931e-05,3.60073218e-05,1.20037834e-05,3.6019035e-05
56.7567568,5.88383699e-05,0.000211774456,0.00105829503,0.00913706755,0.00456611802,0.0424354322,0.0221289159,20491.6705,3931.46157,0.00214808624,0.00155656923,0.00333986618,0.00166438399,0.00117187306,0.00124261958,0.00314176471,10065.6041,0.00171670407,10177.4848,0.00319021352,0.00545944245,9.38813541e-05,0.000176250134,0.000176066789,0.00314149275,0.00287773948,0.00133632995,0.000293592727,0.000141010328,0.000117551454,0.000129402969,5.88223633e-05,1.17649178e-05,3.52940096e-05,1.17659884e-05,3.53055109e-05
56.8568569,5.76726568e-05,0.00020757866,0.00103732624,0.00895600344,0.00447560298,0.0415936041,0.0216892179,20491.6672,3931.46208,0.00210550701,0.00152570376,0.00327361838,0.00163136836,0.00114863107,0.00121796263,0.00307905402,10062.5491,0.00168253525,10174.4323,0.00312699054,0.00535125662,9.20209409e-05,0.000172757788,0.000172577721,0.00307918788,0.0028206737,0.00130984549,0.000287775014,0.000138216272,0.000115222299,0.000126839154,5.76569418e-05,1.15318255e-05,3.4594746e-05,1.15328767e-05,3.46060393e-05
56.956957,5.65298726e-05,0.000203465394,0.00101676991,0.00877850148,0.00438686926,0.0407683545,0.0212581922,20491.664,3931.46259,0.0020637657,0.00149544592,0.00320867517,0.00159900293,0.00112584671,0.0011937913,0.00301758292,10059.4777,0.00164904047,10171.3633,0.00306501147,0.00524519917,9.01971291e-05,0.000169334143,0.000169157296,0.00301810973,0.00276473134,0.00128388214,0.000282071752,0.00013547718,0.000112938961,0.000124325769,5.6514444e-05,1.1303318e-05,3.39092368e-05,1.13043502e-05,3.39203257e-05
57.0570571,5.54095332e-05,0.000199432917,0.000996617358,0.00860448645,0.00429987922,0.0399593327,0.0208356549,20491.6608,3931.46309,0.00202284462,0.00146578287,0.00314500897,0.00156727394,0.00110351031,0.00117009533,0.00295732537,10056.3898,0.00161620553,10168.2778,0.00300425002,0.00514122516,8.84091457e-05,0.000165977748,0.000165804064,0.00295823239,0.00270988867,0.00125842889,0.000276480523,0.000132791892,0.000110700473,0.000121861749,5.53943858e-05,1.10792986e-05,3.32371916e-05,1.10803122e-05,3.32480798e-05
57.1571572,5.43119327e-05,0.000195482286,0.000976873868,0.00843400422,0.00421465593,0.0391667564,0.0204217231,20491.6576,3931.46358,0.00198275458,0.00143672247,0.00308263675,0.00153618985,0.00108162777,0.00114688086,0.00289829314,10053.2854,0.00158403752,10165.1754,0.00294472221,0.00503936193,8.66574611e-05,0.000162689486,0.000162518909,0.00289957174,0.00265616022,0.00123349244,0.000271002799,0.000130161113,0.000108507423,0.000119447742,5.42970614e-05,1.08598261e-05,3.25787868e-05,1.08608213e-05,3.2589478e-05
57.2572573,5.3236181e-05,0.000191610299,0.000957523423,0.00826691636,0.00413113007,0.0383899783,0.0200160558,20491.6544,3931.46407,0.00194346298,0.00140824108,0.00302150765,0.00150572532,0.0010601813,0.00112412908,0.00284044059,10050.1642,0.00155251122,10162.0563,0.0028863797,0.00493952682,8.49406537e-05,0.000159466689,0.000159299162,0.00284208002,0.00260350226,0.00120905254,0.000265634133,0.000127582708,0.000106358032,0.000117081789,5.32215807e-05,1.06447225e-05,3.19334884e-05,1.06456997e-05,3.19439861e-05
57.3573574,5.21817427e-05,0.000187815027,0.000938556393,0.00810313965,0.00404925999,0.0376286099,0.019618449,20491.6513,3931.46456,0.00190495026,0.00138032448,0.00296159117,0.00147586514,0.00103916019,0.00110182866,0.0027837393,10047.0262,0.00152161111,10158.9202,0.00282919343,0.00484167011,8.32578685e-05,0.000156307751,0.000156143222,0.00278572854,0.00255188854,0.00118509703,0.000260371852,0.000125055395,0.000104251229,0.000114762713,5.21674085e-05,1.04338807e-05,3.13009753e-05,1.04348402e-05,3.1311283e-05
57.4574575,5.11481933e-05,0.000184094943,0.00091996514,0.00794260815,0.0039690127,0.0368823441,0.0192287417,20491.6481,3931.46504,0.00186720088,0.00135296142,0.00290286312,0.00144659725,0.00101855596,0.00107997058,0.00272816631,10043.8713,0.0014913247,10155.7671,0.00277314039,0.0047457524,8.16084278e-05,0.000153211403,0.000153049818,0.00273049457,0.00250129823,0.00116161624,0.000255213839,0.000122578155,0.000102186167,0.00011248958,5.11341205e-05,1.02272159e-05,3.06809929e-05,1.02281581e-05,3.06911139e-05
57.5575576,5.01351159e-05,0.000180448546,0.00090174216,0.00778525703,0.00389035578,0.0361508788,0.0188467757,20491.645,3931.46551,0.00183019961,0.00132614083,0.00284529974,0.00141790982,0.000998360271,0.00105854601,0.00267369903,10040.6994,0.00146163974,10152.5968,0.00271819792,0.00465173496,7.99916656e-05,0.000150176392,0.000150017699,0.00267635578,0.00245171087,0.00113860071,0.00025015801,0.000120149988,0.000100162012,0.000110261473,5.01212996e-05,1.00246446e-05,3.0073291e-05,1.00255697e-05,3.00832287e-05
57.6576577,4.91421001e-05,0.000176874359,0.000883880074,0.00763102257,0.00381325733,0.035433917,0.0184723953,20491.6419,3931.46598,0.00179393144,0.00129985184,0.00278887766,0.0013897912,0.000978564938,0.00103754625,0.00262031525,10037.5103,0.00143254415,10149.4092,0.00266434377,0.00455957971,7.8406927e-05,0.000147201491,0.000147045638,0.00262329019,0.00240310637,0.00111604109,0.000245202318,0.000117769912,9.81779451e-05,0.00010807749,4.91285358e-05,9.82608488e-06,2.94776234e-05,9.82699327e-06,2.94873811e-05
57.7577578,4.81687426e-05,0.000173370929,0.000866371623,0.00747984206,0.003737686,0.0347311667,0.0181054475,20491.6388,3931.46645,0.00175838162,0.00127408374,0.0027335739,0.00136222993,0.000959161897,0.00101696275,0.00256799313,10034.304,0.00140402607,10146.2042,0.00261155605,0.00446924919,7.68535679e-05,0.00014428549,0.000144132428,0.0025712762,0.00235546493,0.00109392823,0.000240344748,0.000115436959,9.62331588e-05,0.000105936743,4.81554256e-05,9.63145601e-06,2.88937483e-05,9.63234796e-06,2.89033292e-05
57.8578579,4.72146463e-05,0.000169936829,0.000849209666,0.00733165382,0.00366361094,0.0340423405,0.0177457818,20491.6358,3931.46691,0.00172353564,0.001248826,0.00267936585,0.00133521475,0.000940143217,0.000996787098,0.00251671117,10031.0803,0.00137607381,10142.9818,0.00255981321,0.00438070655,7.53309545e-05,0.0001414272,0.000141276878,0.00252029255,0.00230876708,0.0010722531,0.000235583318,0.000113150177,9.43268604e-05,0.000103838359,4.72015723e-05,9.44067863e-06,2.83214273e-05,9.44155443e-06,2.83308347e-05
57.957958,4.62794204e-05,0.000166570652,0.000832387171,0.00718639712,0.00359100175,0.0333671553,0.0173932499,20491.6328,3931.46737,0.00168937921,0.00122406825,0.00262623124,0.00130873455,0.000921501089,0.000977011001,0.00246644818,10027.8392,0.00134867589,10139.7417,0.00250909406,0.00429391549,7.38384626e-05,0.000138625449,0.00013847782,0.00247031831,0.00226299367,0.0010510068,0.000230916078,0.000110908629,9.24582687e-05,0.000101781479,4.62665849e-05,9.25367456e-06,2.77604261e-05,9.2545345e-06,2.7769663e-05
58.0580581,4.536268e-05,0.00016327101,0.000815897211,0.00704401213,0.00351982852,0.0327053326,0.0170477058,20491.6298,3931.46782,0.00165589824,0.0011998003,0.00257414813,0.0012827784,0.000903227822,0.000957626299,0.0024171833,10024.5805,0.00132182096,10136.4839,0.00245937768,0.00420884028,7.23754776e-05,0.000135879085,0.000135734099,0.00242133287,0.0022181258,0.0010301806,0.000226341106,0.000108711392,9.06266144e-05,9.97652559e-05,4.53500787e-05,9.07036684e-06,2.72105138e-05,9.07121121e-06,2.72195833e-05
58.1581582,4.44640456e-05,0.00016003654,0.000799732962,0.0069044399,0.00345006175,0.0320565976,0.0167090055,20491.6268,3931.46828,0.00162307888,0.00117601206,0.00252309493,0.00125733554,0.000885315838,0.000938624951,0.00236889598,10021.304,0.00129549786,10133.2082,0.00241064351,0.00412544568,7.09413938e-05,0.000133186969,0.000133044581,0.0023733159,0.00217414489,0.00100976586,0.000221856507,0.000106557557,8.88311394e-05,9.77888551e-05,4.44516743e-05,8.8906796e-06,2.66714627e-05,8.89150867e-06,2.66803678e-05
58.2582583,4.35831433e-05,0.000156865894,0.000783887693,0.00676762232,0.00338167238,0.0314206796,0.0163770074,20491.6239,3931.46872,0.00159090743,0.00115269363,0.00247305032,0.00123239535,0.000867757662,0.000919999024,0.00232156593,10018.0098,0.00126969557,10129.9146,0.00236287124,0.00404369698,6.95356139e-05,0.000130547981,0.000130408144,0.00232624738,0.00213103258,0.000989754075,0.000217460414,0.000104446227,8.70710961e-05,9.58514539e-05,4.35709977e-05,8.71453804e-06,2.61430485e-05,8.71535209e-06,2.61517921e-05
58.3583584,4.27196038e-05,0.000153757744,0.000768354766,0.00663350202,0.00331463171,0.0307973114,0.0160515713,20491.6209,3931.46917,0.00155937042,0.00112983521,0.00242399328,0.00120794734,0.000850545922,0.000901740694,0.00227517312,10014.6976,0.00124440324,10126.6029,0.00231604084,0.00396355991,6.81575487e-05,0.000127961015,0.000127823685,0.00228010755,0.00208877078,0.000970136863,0.000213150984,0.000102376517,8.53457471e-05,9.39522406e-05,4.270768e-05,8.54186837e-06,2.56250497e-05,8.54266766e-06,2.56336347e-05
58.4584585,4.18730631e-05,0.000150710778,0.000753127626,0.00650202241,0.00324891143,0.0301862293,0.0157325593,20491.618,3931.46961,0.00152845451,0.00110742714,0.00237590305,0.00118398117,0.000833673341,0.000883842238,0.0022296978,10011.3674,0.00121961012,10123.273,0.00227013255,0.00388500064,6.68066166e-05,0.00012542498,0.000125290112,0.00223487688,0.00204734163,0.00095090594,0.0002089264,0.000100347554,8.36543643e-05,9.20904141e-05,4.1861357e-05,8.37259774e-06,2.51172478e-05,8.37338254e-06,2.51256772e-05
58.5585586,4.10431954e-05,0.000147723826,0.000738200418,0.00637313291,0.00318448624,0.0295871978,0.0154198478,20491.6152,3931.47005,0.00149814782,0.00108546078,0.0023287611,0.00116048761,0.000817133416,0.000866296755,0.00218512231,10008.019,0.00119530663,10119.9248,0.0022251287,0.00380798897,6.54822979e-05,0.0001229389,0.00012280645,0.00219053797,0.00200672917,0.000932053906,0.000204785035,9.83585571e-05,8.19962972e-05,9.02652583e-05,4.10317032e-05,8.20666105e-06,2.46194477e-05,8.20743163e-06,2.46277241e-05
58.6586587,4.02302649e-05,0.000144797838,0.000723577892,0.00624687461,0.00312137675,0.0290004097,0.0151135391,20491.6123,3931.47048,0.00146846003,0.00106394321,0.00228258264,0.00113747423,0.000800931468,0.000849109891,0.00214146118,10004.6522,0.0011715006,10116.5581,0.00218104365,0.00373254942,6.41850147e-05,0.000120503567,0.000120373491,0.00214710505,0.00196694642,0.000913586777,0.00020072821,9.64101602e-05,8.03720738e-05,8.84773539e-05,4.02189824e-05,8.0441111e-06,2.41318075e-05,8.04486771e-06,2.41399338e-05
58.7587588,3.94334581e-05,0.000141929885,0.000709245415,0.00612312106,0.00305951967,0.028425275,0.0148133233,20491.6095,3931.47092,0.00143936137,0.0010428528,0.0022373212,0.00111491789,0.000785051214,0.000832264363,0.00209867008,10001.2671,0.00114816801,10113.1729,0.00213783324,0.00365860647,6.2913468e-05,0.000118116543,0.0001179888,0.00210453448,0.00192795345,0.000895486052,0.000196751863,9.45004129e-05,7.87800684e-05,8.6724912e-05,3.94223817e-05,7.88478526e-06,2.36538395e-05,7.88552814e-06,2.36618183e-05
58.8588589,3.86524536e-05,0.00013911881,0.000695197202,0.00600182231,0.00299889001,0.0278615609,0.0145190785,20491.6067,3931.47135,0.0014108401,0.00102218102,0.00219295848,0.00109280944,0.00076948623,0.000815753355,0.00205673155,9997.86344,0.00112529939,10109.769,0.00209548003,0.00358613025,6.16671443e-05,0.000115776865,0.000115651412,0.00206280906,0.00188973448,0.00087774442,0.000192854388,9.26285441e-05,7.72196384e-05,8.50072253e-05,3.86415795e-05,7.7286192e-06,2.31853507e-05,7.72934862e-06,2.31931847e-05
58.958959,3.78869349e-05,0.000136363475,0.000681427561,0.00588292921,0.00293946319,0.0273090385,0.0142306848,20491.6039,3931.47178,0.00138288464,0.00100191949,0.00214947646,0.00107113992,0.000754230196,0.000799570158,0.00201562839,9994.44111,0.0011028854,10106.3462,0.00205396684,0.00351509141,6.04455385e-05,0.000113483583,0.000113360381,0.00202191183,0.00185227401,0.00086035469,0.000189034207,9.07937956e-05,7.56901516e-05,8.3323598e-05,3.78762594e-05,7.57554969e-06,2.27261514e-05,7.57626588e-06,2.27338432e-05
59.0590591,3.71365908e-05,0.000133662759,0.000667930893,0.00576639339,0.00288121501,0.0267674827,0.0139480244,20491.6011,3931.4722,0.00135548361,0.00098205995,0.0021068574,0.00104990048,0.000739276898,0.000783708175,0.00197534368,9990.99999,0.00108091687,10102.9045,0.00201327678,0.00344546104,5.92481538e-05,0.000111235767,0.000111114775,0.00198182615,0.00181555678,0.000843309788,0.000185289764,8.8995421e-05,7.4190986e-05,8.16733456e-05,3.71261104e-05,7.42551447e-06,2.22760548e-05,7.42621767e-06,2.2283607e-05
59.1591592,3.64011149e-05,0.00013101556,0.000654701686,0.00565216725,0.00282412167,0.0262366718,0.0136709812,20491.5984,3931.47263,0.00132862581,0.000962594278,0.00206508388,0.00102908244,0.000724620213,0.000768160908,0.00193586073,9987.53996,0.00105938474,10099.4437,0.00197339324,0.00337721069,5.80745008e-05,0.000109032498,0.000108913676,0.00194253559,0.00177956777,0.000826602747,0.000181619532,8.7232686e-05,7.27215294e-05,8.0055794e-05,3.63908259e-05,7.27845229e-06,2.18348771e-05,7.27914273e-06,2.18422922e-05
59.2592593,3.56802054e-05,0.00012842079,0.00064173451,0.00554020389,0.00276815972,0.0257163873,0.0133994407,20491.5957,3931.47305,0.00130230021,0.000943514471,0.00202413869,0.00100867722,0.000710254116,0.000752921959,0.00189716312,9984.0609,0.00103828011,10095.9638,0.00193429984,0.00331031235,5.69240979e-05,0.000106872871,0.000106756181,0.00190402402,0.00174429217,0.000810226707,0.000178022003,8.55048669e-05,7.12811786e-05,7.84702796e-05,3.56701045e-05,7.13430278e-06,2.14024373e-05,7.1349807e-06,2.14097177e-05
59.3593594,3.49735649e-05,0.000125877381,0.000629024016,0.00543045711,0.00271330605,0.0252064142,0.0131332906,20491.5931,3931.47347,0.00127649594,0.000924812643,0.00198400491,0.000988676388,0.000696172665,0.000737985022,0.00185923465,9980.56267,0.00101759418,10092.4645,0.00189598043,0.00324473842,5.57964703e-05,0.000104755995,0.000104641399,0.0018662755,0.00170971542,0.000794174909,0.000174495692,8.3811251e-05,6.98693394e-05,7.69161482e-05,3.49636487e-05,6.9930065e-06,2.0978557e-05,6.99367212e-06,2.09857052e-05
59.4594595,3.42809004e-05,0.000123384275,0.00061656493,0.00532288137,0.00265953787,0.0247065404,0.0128724196,20491.5904,3931.47389,0.00125120229,0.00090648102,0.00194466583,0.000969071622,0.000682370005,0.00072334388,0.00182205933,9977.04515,0.000997318307,10088.9457,0.00185841912,0.00318046167,5.46911499e-05,0.000102680992,0.000102568453,0.00182927434,0.00167582314,0.000778440689,0.000171039137,8.21511353e-05,6.8485426e-05,7.53927552e-05,3.42711654e-05,6.85450482e-06,2.05630603e-05,6.85515835e-06,2.05700788e-05
59.5595596,3.36019225e-05,0.000120940434,0.000604352048,0.00521743173,0.0026068327,0.0242165565,0.0126167183,20491.5878,3931.4743,0.00122640867,0.000888511933,0.001906105,0.000949854713,0.00066884036,0.000708992401,0.00178562139,9973.50821,0.000977443922,10085.4074,0.00182160021,0.00311745526,5.36076749e-05,0.000100646995,0.000100536477,0.00179300506,0.00164260114,0.000763017472,0.000167650893,8.05238265e-05,6.71288604e-05,7.38994644e-05,3.35923655e-05,6.71873991e-06,2.01557738e-05,6.71938157e-06,2.01626648e-05
59.6596597,3.29363458e-05,0.000118544828,0.000592380237,0.00511406383,0.00255516838,0.0237362562,0.0123660786,20491.5852,3931.47472,0.00120210465,0.000870897813,0.00186830614,0.000931017558,0.000655578027,0.000694924529,0.00174990523,9969.95171,0.000957962585,10081.8493,0.00178550822,0.00305569269,5.25455897e-05,9.86531494e-05,9.85446153e-05,0.00175745237,0.00161003545,0.000747898769,0.000164329536,7.89286404e-05,6.57990722e-05,7.24356479e-05,3.29269636e-05,6.58565468e-06,1.97565262e-05,6.5862847e-06,1.9763292e-05
59.7597598,3.22838885e-05,0.000116196444,0.000580644423,0.00501273388,0.00250452299,0.0232654355,0.0121203937,20491.5827,3931.47513,0.00117827993,0.000853631183,0.00183125321,0.000912552156,0.000642577376,0.000681134286,0.00171489545,9966.37553,0.00093886595,10078.2714,0.00175012783,0.00299514778,5.15044441e-05,9.66986096e-05,9.65920247e-05,0.00172260118,0.00157811223,0.000733078171,0.000161073657,7.73649011e-05,6.4495498e-05,7.10006857e-05,3.22746778e-05,6.45519277e-06,1.93651484e-05,6.45581135e-06,1.93717912e-05
59.8598599,3.16442718e-05,0.000113894278,0.000569139596,0.00491339859,0.00245487489,0.0228038927,0.0118795581,20491.5801,3931.47555,0.00115492431,0.000836704655,0.00179493035,0.000894450598,0.00062983284,0.000667615761,0.00168057682,9962.77954,0.000920145766,10074.6735,0.00171544395,0.00293579466,5.04837933e-05,9.47825411e-05,9.46778707e-05,0.00168843658,0.00154681782,0.000718549346,0.000157881867,7.58319405e-05,6.32175811e-05,6.95939651e-05,3.16352296e-05,6.32729847e-06,1.89814733e-05,6.32790581e-06,1.89879954e-05
59.95996,3.10172204e-05,0.000111637339,0.000557860797,0.00481601516,0.00240620266,0.0223514288,0.0116434676,20491.5776,3931.47596,0.00113202774,0.000820110922,0.00175932185,0.000876705063,0.000617338917,0.000654363111,0.00164693426,9959.16359,0.000901793867,10071.0555,0.00168144161,0.00287760777,4.94831974e-05,9.29041182e-05,9.28013284e-05,0.00165494381,0.00151613873,0.00070430603,0.00015475279,7.43290984e-05,6.19647709e-05,6.821488e-05,3.10083436e-05,6.20191667e-06,1.86053356e-05,6.20251298e-06,1.86117391e-05
60.0600601,3.04026062e-05,0.000109425166,0.000546805727,0.0047205637,0.00235849636,0.0219079509,0.0114120736,20491.5751,3931.47637,0.00110958553,0.000803846608,0.00172442048,0.000859311943,0.000605093065,0.000641373657,0.00161396157,9955.52756,0.000883806759,10067.4173,0.00164811389,0.00282057522,4.85024525e-05,9.10629577e-05,9.09620151e-05,0.00162211605,0.00148606869,0.000690345319,0.000151685787,7.2856068e-05,6.07368118e-05,6.6863149e-05,3.03938918e-05,6.07902181e-06,1.82366586e-05,6.07960728e-06,1.82429456e-05
60.1601602,2.98005584e-05,0.000107258224,0.000535976708,0.00462706428,0.00231176603,0.0214735527,0.0111854249,20491.5727,3931.47678,0.00108760246,0.000787915175,0.00169023371,0.000842274964,0.000593097903,0.000628650236,0.0015816681,9951.87128,0.000866189087,10063.7586,0.00161546781,0.00276470905,4.75417651e-05,8.92594474e-05,8.91603183e-05,0.00158996028,0.0014566141,0.000676670159,0.000148681505,7.14131595e-05,5.95339621e-05,6.55390565e-05,2.97920034e-05,5.95863971e-06,1.78755197e-05,5.95921454e-06,1.78816924e-05
60.2602603,2.92104534e-05,0.000105134269,0.000525362523,0.00453542002,0.00226596322,0.021047783,0.0109632857,20491.5703,3931.47719,0.00106605568,0.000772300053,0.00165672592,0.000825576373,0.00058134094,0.00061617953,0.00155001763,9948.19465,0.000848921619,10060.0793,0.00158346952,0.00270995132,4.66001394e-05,8.74917181e-05,8.73943703e-05,0.00155844307,0.00142774433,0.000663266366,0.00014573683,6.99988776e-05,5.83549757e-05,6.42412307e-05,2.9202055e-05,5.84064569e-06,1.75215448e-05,5.84121008e-06,1.75276053e-05
60.3603604,2.86320516e-05,0.000103052438,0.000514958859,0.00444559368,0.0022210693,0.0206304685,0.0107455651,20491.5679,3931.4776,0.00104493644,0.000756994884,0.00162388346,0.000809209365,0.000569817389,0.00060395646,0.00151899712,9944.49751,0.000831997283,10056.3794,0.00155210601,0.0026562798,4.56771926e-05,8.57590514e-05,8.56634531e-05,0.00152755156,0.00139944764,0.000650128491,0.000142850565,6.86126475e-05,5.71993734e-05,6.29691444e-05,2.86238069e-05,5.7249918e-06,1.71745903e-05,5.72554593e-06,1.71805406e-05
60.4604605,2.8065117e-05,0.000101011882,0.000504761471,0.0043575486,0.00217706594,0.0202214384,0.0105321737,20491.5655,3931.47801,0.00102423612,0.000741993416,0.0015916929,0.000793167247,0.000558522538,0.000591976024,0.00148859376,9940.77973,0.000815409119,10052.6587,0.00152136448,0.00260367257,4.47725479e-05,8.40607405e-05,8.39668606e-05,0.00149727315,0.00137171246,0.000637251171,0.000140021531,6.72539037e-05,5.60666838e-05,6.17222788e-05,2.80570232e-05,5.61163086e-06,1.68345145e-05,5.61217492e-06,1.68403565e-05
60.5605606,2.75094174e-05,9.90117642e-05,0.000494766184,0.00427124871,0.00213393509,0.0198205249,0.0103230238,20491.5632,3931.47841,0.00100394622,0.000727289492,0.00156014103,0.000777443433,0.00054745175,0.0005802333,0.00145879492,9937.04117,0.000799150277,10048.917,0.00149123233,0.00255210809,4.38858348e-05,8.23960897e-05,8.23038973e-05,0.00146759539,0.0013445274,0.000624629128,0.000137248571,6.59220896e-05,5.49564428e-05,6.0500123e-05,2.75014717e-05,5.50051645e-06,1.65011781e-05,5.50105062e-06,1.65069139e-05
60.6606607,2.69647241e-05,9.70512624e-05,0.000484968882,0.00418665847,0.00209165899,0.0194275626,0.0101180287,20491.5609,3931.47882,0.000984058385,0.00071287705,0.00152921482,0.000762031432,0.000536600461,0.000568723443,0.00142958817,9933.28168,0.000783214009,10045.1542,0.00146169716,0.00250156512,4.30166882e-05,8.07644136e-05,8.06738788e-05,0.00143850606,0.00131788127,0.000612257165,0.000134530542,6.4616657e-05,5.38681935e-05,5.93021743e-05,2.69569238e-05,5.39160285e-06,1.61744441e-05,5.3921273e-06,1.61800755e-05
60.7607608,2.64308118e-05,9.51295653e-05,0.000475365513,0.00410374289,0.00205022014,0.0190423884,0.00991710324,20491.5586,3931.47923,0.000964564384,0.000698750117,0.00149890145,0.000746924855,0.000525964171,0.000557441676,0.00140096125,9929.50112,0.000767593668,10041.3701,0.00143274675,0.00245202275,4.21647484e-05,7.91650373e-05,7.90761305e-05,0.00140999308,0.00129176302,0.00060013016,0.00013186632,6.33370657e-05,5.28014857e-05,5.81279369e-05,2.64231544e-05,5.28484499e-06,1.58541771e-05,5.28535991e-06,1.58597061e-05
60.8608609,2.59074585e-05,9.32458738e-05,0.000465952082,0.00402246746,0.00200960127,0.0186648418,0.00972016323,20491.5563,3931.47964,0.000945456098,0.000684902806,0.00146918828,0.000732117398,0.000515538446,0.000546383292,0.00137290209,9925.69935,0.000752282699,10037.5646,0.00140436903,0.00240346036,4.13296608e-05,7.75972953e-05,7.75099874e-05,0.00138204458,0.00126616175,0.000588243066,0.000129254797,6.20827835e-05,5.17558756e-05,5.69769226e-05,2.58999413e-05,5.18019848e-06,1.55402441e-05,5.18070403e-06,1.55456724e-05
60.960961,2.53944452e-05,9.13993993e-05,0.000456724648,0.00394279816,0.00196978536,0.0182947644,0.00952712581,20491.5541,3931.48004,0.00092672552,0.00067132931,0.00144006283,0.000717602849,0.000505318912,0.00053554365,0.00134539877,9921.87622,0.000737274637,10033.7376,0.00137655213,0.00235585762,4.05110759e-05,7.60605312e-05,7.59747939e-05,0.00135464883,0.00124106675,0.000576590905,0.000126694878,6.08532852e-05,5.07309256e-05,5.58486496e-05,2.53870656e-05,5.07761952e-06,1.52325136e-05,5.07811587e-06,1.52378431e-05
61.0610611,2.48915556e-05,8.9589364e-05,0.000447679324,0.00386470139,0.00193075564,0.0179319997,0.00933790916,20491.5519,3931.48045,0.00090836475,0.0006580239,0.00141151281,0.000703375074,0.000495301253,0.000524918167,0.00131843953,9918.03158,0.000722563102,10029.8889,0.00134928433,0.00230919446,3.97086485e-05,7.45540976e-05,7.44699027e-05,0.00132779426,0.00121646741,0.000565168763,0.000124185486,5.96480527e-05,4.97262037e-05,5.47426424e-05,2.48843112e-05,4.97706488e-06,1.49308559e-05,4.97755221e-06,1.49360885e-05
61.1611612,2.43985764e-05,8.78149998e-05,0.000438812271,0.00378814402,0.00189249551,0.0175763936,0.00915243249,20491.5497,3931.48086,0.000890365988,0.000644980917,0.00138352607,0.000689428019,0.000485481208,0.000514502319,0.00129201276,9914.16529,0.000708141795,10026.0183,0.00132255404,0.00226345108,3.8922038e-05,7.30773548e-05,7.2994675e-05,0.00130146945,0.00119235328,0.00055397179,0.000121725554,5.84665744e-05,4.87412836e-05,5.36584318e-05,2.43914648e-05,4.8784919e-06,1.46351432e-05,4.87897036e-06,1.46402804e-05
61.2612613,2.39152968e-05,8.60755477e-05,0.000430119695,0.00371309328,0.00185498858,0.0172277934,0.008970616,20491.5476,3931.48126,0.000872721526,0.000632194772,0.0013560906,0.000675755702,0.000475854568,0.000504291639,0.00126610698,9910.27719,0.00069400449,10022.1258,0.00129634982,0.00221860791,3.81509078e-05,7.16296713e-05,7.15484795e-05,0.00127566312,0.00116871401,0.000542995193,0.000119314031,5.7308345e-05,4.77757438e-05,5.2595554e-05,2.39083155e-05,4.78185842e-06,1.43452488e-05,4.78232817e-06,1.43502924e-05
61.3613614,2.34415084e-05,8.43702575e-05,0.000421597847,0.00363951678,0.00181821868,0.0168860484,0.00879238077,20491.5455,3931.48167,0.000855423747,0.000619659939,0.00132919453,0.000662352208,0.00046641717,0.000494281708,0.00124071084,9906.36713,0.000680145033,10018.211,0.00127066037,0.00217464558,3.73949251e-05,7.02104223e-05,7.01306922e-05,0.00125036411,0.00114553941,0.000532234236,0.000116949875,5.61728647e-05,4.68291679e-05,5.15535506e-05,2.34346549e-05,4.68712276e-06,1.40610477e-05,4.68758396e-06,1.40659995e-05
61.4614615,2.29770049e-05,8.26983871e-05,0.000413243018,0.0035673825,0.00178216977,0.0165510095,0.00861764876,20491.5434,3931.48208,0.000838465113,0.000607370953,0.00130282614,0.000649211688,0.000457164896,0.000484468154,0.00121581313,9902.43496,0.000666557335,10014.274,0.0012454745,0.00213154497,3.66537608e-05,6.88189903e-05,6.87406957e-05,0.00122556138,0.00112281934,0.000521684231,0.000114632058,5.50596393e-05,4.59011439e-05,5.05319681e-05,2.29702771e-05,4.59424369e-06,1.37824164e-05,4.5946965e-06,1.37872779e-05
61.5615616,2.25219764e-05,8.10606208e-05,0.000405058628,0.00349671999,0.00174685665,0.0162228145,0.00844649246,20491.5414,3931.48248,0.000821852606,0.000595332891,0.00127699635,0.000636339596,0.000448101589,0.000474855196,0.00119143028,9898.48051,0.000653249243,10010.3145,0.00122080255,0.00208932375,3.59277189e-05,6.74559452e-05,6.73790603e-05,0.00120126519,0.00110056321,0.000511349511,0.00011236153,5.39691249e-05,4.4992052e-05,4.95312248e-05,2.25153719e-05,4.50325924e-06,1.35094687e-05,4.5037038e-06,1.35142417e-05
61.6616617,2.20764651e-05,7.94571098e-05,0.000397045433,0.00342753577,0.00171228258,0.0159014941,0.00827892811,20491.5393,3931.48289,0.000805587781,0.000583546892,0.00125170764,0.000623737162,0.000439228117,0.000465443838,0.00116756836,9894.50361,0.000640223379,10006.3323,0.0011966468,0.00204798583,3.52168668e-05,6.61214134e-05,6.60459122e-05,0.00117747782,0.0010787731,0.000501231037,0.000110138502,5.29014225e-05,4.41019762e-05,4.85514131e-05,2.20699816e-05,4.4141778e-06,1.324223e-05,4.41461427e-06,1.32469161e-05
61.7617618,2.16398354e-05,7.78855671e-05,0.000389192003,0.00335973112,0.00167839818,0.0155865882,0.00811471455,20491.5373,3931.4833,0.000789647375,0.000571996066,0.00122692369,0.000611386288,0.000430531739,0.000456220406,0.00114418604,9890.50412,0.000627458514,10002.3273,0.00117297276,0.0020074722,3.45201895e-05,6.48134903e-05,6.4739348e-05,0.00115416519,0.0010574178,0.000491314353,0.000107959799,5.18550084e-05,4.32296465e-05,4.75911353e-05,2.16334706e-05,4.32687231e-06,1.29803191e-05,4.32730084e-06,1.29849198e-05
61.8618619,2.12119088e-05,7.63453497e-05,0.000381495124,0.00329327828,0.00164518958,0.0152779677,0.00795378416,20491.5354,3931.48371,0.000774024862,0.000560675681,0.00120263434,0.00059928191,0.000422008892,0.000447181122,0.00112127391,9886.48189,0.000614949485,9998.29943,0.00114977075,0.00196776628,3.3837402e-05,6.35316408e-05,6.3458833e-05,0.00113131774,0.00103648856,0.000481595402,0.000105824531,5.08294546e-05,4.23747061e-05,4.66499987e-05,2.12056607e-05,4.24130707e-06,1.27236288e-05,4.2417278e-06,1.27281457e-05
61.961962,2.07925093e-05,7.48358241e-05,0.000373951629,0.00322814992,0.00161264309,0.0149755052,0.00779607032,20491.5334,3931.48411,0.000758713809,0.00054958107,0.00117882958,0.000587419036,0.000413656062,0.000438322264,0.0010988227,9882.43676,0.000602691214,9994.2484,0.0011270312,0.00192885172,3.31682232e-05,6.22753375e-05,6.22038403e-05,0.00110892605,0.00101597675,0.000472070182,0.000103731819,4.98243389e-05,4.15368032e-05,4.57276161e-05,2.07863756e-05,4.15744688e-06,1.24720535e-05,4.15785994e-06,1.24764882e-05
62.0620621,2.03814631e-05,7.33563653e-05,0.000366558395,0.00316431904,0.00158074521,0.0146790752,0.00764150728,20491.5315,3931.48452,0.000743707869,0.000538707632,0.00115549953,0.000575792739,0.000405469784,0.000429640162,0.00107682329,9878.36856,0.000590678695,9990.17409,0.0011047447,0.00189071242,3.25123759e-05,6.10440599e-05,6.09738498e-05,0.00108698082,0.000995873872,0.000462734747,0.000101680797,4.88392452e-05,4.07155908e-05,4.48236056e-05,2.03754418e-05,4.075257e-06,1.22254891e-05,4.07566255e-06,1.2229843e-05
62.1621622,1.9978599e-05,7.19063562e-05,0.000359312339,0.00310175902,0.00154948265,0.0143885536,0.00749003014,20491.5296,3931.48493,0.000729000778,0.000528050822,0.00113263443,0.00056439816,0.000397446636,0.000421131191,0.0010552667,9874.27713,0.000578906998,9986.07635,0.00108290195,0.00185333245,3.18695865e-05,5.98372946e-05,5.97683485e-05,0.00106547289,0.000976171516,0.0004535852,9.96706073e-05,4.78737625e-05,3.99107265e-05,4.39375902e-05,1.9972688e-05,3.99470317e-06,1.19838328e-05,3.99510133e-06,1.19881073e-05
62.2622623,1.95837476e-05,7.04851876e-05,0.000352210414,0.00304044356,0.00151884223,0.014103818,0.0073415748,20491.5278,3931.48534,0.000714586349,0.000517606156,0.00111022464,0.000553230497,0.00038958324,0.000412791774,0.0010341441,9870.16232,0.000567371258,9981.95499,0.00106149377,0.00181669611,3.12395847e-05,5.86545344e-05,5.85868296e-05,0.00104439319,0.000956861389,0.000444617695,9.77004066e-05,4.69274851e-05,3.91218718e-05,4.30691976e-05,1.95779449e-05,3.91575153e-06,1.17469829e-05,3.91614245e-06,1.17511796e-05
62.3623624,1.91967416e-05,6.90922572e-05,0.000345249611,0.00298034666,0.00148881096,0.0138247473,0.00719607791,20491.5259,3931.48575,0.000700458468,0.000507369198,0.00108826066,0.000542285005,0.000381876258,0.000404618377,0.00101344676,9866.02394,0.00055606668,9977.80986,0.00104051107,0.00178078786,3.06221035e-05,5.74952778e-05,5.74287922e-05,0.00102373278,0.000937935293,0.000435828428,9.57693594e-05,4.60000118e-05,3.83486926e-05,4.22180598e-05,1.91910453e-05,3.83836864e-06,1.15148392e-05,3.83875244e-06,1.15189594e-05
62.4624625,1.88174156e-05,6.77269696e-05,0.000338426954,0.00292144262,0.00145937598,0.013551222,0.0070534768,20491.5241,3931.48617,0.000686611088,0.000497335564,0.00106673305,0.000531556992,0.000374322388,0.000396607502,0.000993166074,9861.86185,0.000544988524,9973.64078,0.00101994489,0.00174559234,3.00168789e-05,5.63590293e-05,5.6293741e-05,0.0010034828,0.000919385122,0.000427213641,9.38766398e-05,4.50909462e-05,3.75908582e-05,4.13838129e-05,1.88118237e-05,3.76252141e-06,1.12873023e-05,3.76289822e-06,1.12913475e-05
62.5625626,1.84456058e-05,6.63887355e-05,0.000331739497,0.002863706,0.00143052457,0.0132831234,0.00691370944,20491.5223,3931.48658,0.000673038225,0.000487500914,0.00104563251,0.000521041813,0.000366918361,0.000388755692,0.000973293555,9857.67586,0.000534132113,9969.44759,0.000999786341,0.00171109437,2.94236493e-05,5.52452982e-05,5.51811857e-05,0.000983634494,0.00090120285,0.00041876961,9.20214304e-05,4.41998957e-05,3.68480415e-05,4.05660969e-05,1.84401164e-05,3.6881771e-06,1.10642742e-05,3.68854705e-06,1.10682456e-05
62.6626627,1.80811501e-05,6.50769709e-05,0.000325184322,0.0028071116,0.00140224412,0.0130203343,0.00677671441,20491.5206,3931.48699,0.000659733952,0.000477860948,0.0010249498,0.00051073487,0.000359660942,0.000381059521,0.000953820814,9853.4658,0.00052349282,9965.23012,0.00098002662,0.00167727887,2.88421559e-05,5.41535985e-05,5.40906409e-05,0.000964179174,0.000883380531,0.000410492651,9.02029218e-05,4.33264715e-05,3.61199183e-05,3.97645549e-05,1.80757613e-05,3.61530328e-06,1.08456574e-05,3.6156665e-06,1.08495565e-05
62.7627628,1.77238878e-05,6.37910976e-05,0.000318758539,0.00275163445,0.00137452216,0.0127627383,0.00664243081,20491.5189,3931.48741,0.000646692395,0.000468411408,0.00100467578,0.000500631603,0.000352546923,0.000373515595,0.000934739561,9849.23152,0.000513066068,9960.98818,0.000960657011,0.00164413093,2.82721421e-05,5.30834488e-05,5.30216253e-05,0.000945108243,0.000865910287,0.00040237911,8.84203117e-05,4.24702883e-05,3.54061676e-05,3.89788336e-05,1.77185977e-05,3.54386782e-06,1.06313556e-05,3.54422441e-06,1.06351836e-05
62.8628629,1.73736593e-05,6.25305415e-05,0.000312459279,0.00269724978,0.00134734627,0.0125102201,0.00651079821,20491.5172,3931.48782,0.000633907726,0.000459148067,0.000984801373,0.00049072749,0.000345573121,0.000366120548,0.000916041596,9844.97283,0.000502847326,9956.72161,0.000941668864,0.00161163576,2.77133535e-05,5.20343712e-05,5.19736617e-05,0.00092641317,0.000848784307,0.000394425363,8.66728043e-05,4.1630964e-05,3.47064707e-05,3.82085823e-05,1.73684663e-05,3.47383883e-06,1.04212732e-05,3.47418893e-06,1.04250313e-05
62.962963,1.70303065e-05,6.12947331e-05,0.000306283694,0.002643933,0.00132070418,0.0122626653,0.00638175663,20491.5155,3931.48824,0.000621374163,0.00045006673,0.000965317571,0.000481018042,0.00033873638,0.000358871038,0.000897718803,9840.68956,0.000492832105,9952.43022,0.000923053593,0.00157977866,2.71655373e-05,5.10058917e-05,5.09462762e-05,0.000908085485,0.000831994834,0.000386627814,8.49596095e-05,4.08081192e-05,3.40205113e-05,3.74534529e-05,1.70252088e-05,3.40518467e-06,1.02153151e-05,3.40552839e-06,1.02190048e-05
63.0630631,1.66936722e-05,6.00831065e-05,0.000300228957,0.00259165968,0.00129458365,0.0120199598,0.00625524647,20491.5139,3931.48866,0.000609085958,0.00044116323,0.000946215427,0.000471498799,0.00033203356,0.000351763747,0.000879763142,9836.38153,0.000483015954,9948.11384,0.000904802667,0.00154854503,2.66284427e-05,4.9997539e-05,4.99389981e-05,0.000890116774,0.000815534162,0.00037898289,8.32799426e-05,4.0001377e-05,3.33479754e-05,3.67130995e-05,1.6688668e-05,3.3378739e-06,1.00133872e-05,3.33821136e-06,1.00170095e-05
63.1631632,1.63636e-05,5.88950989e-05,0.000294292255,0.00254040552,0.00126897254,0.0117819907,0.00613120845,20491.5123,3931.48907,0.000597037397,0.000432433422,0.000927486042,0.000462165327,0.000325461542,0.000344795376,0.000862166641,9832.04857,0.000473394456,9943.7723,0.000886907604,0.00151792036,2.610182e-05,4.90088448e-05,4.89513594e-05,0.000872498669,0.00079939463,0.000371487035,8.16330232e-05,3.92103626e-05,3.26885506e-05,3.59871785e-05,1.63586876e-05,3.27187527e-06,9.81539553e-06,3.27220657e-06,9.81895179e-06
63.2632633,1.60399343e-05,5.77301504e-05,0.00028847079,0.00249014636,0.00124385875,0.0115486453,0.00600958357,20491.5107,3931.48949,0.000585222795,0.000423873183,0.000909120561,0.000453013212,0.00031901722,0.000337962642,0.000844921394,9827.6905,0.000463963225,9939.4054,0.000869359964,0.00148789022,2.55854208e-05,4.8039343e-05,4.79828943e-05,0.000855222845,0.000783568612,0.000364136716,8.00180747e-05,3.84347031e-05,3.20419259e-05,3.52753476e-05,1.60351121e-05,3.20715765e-06,9.62124689e-06,3.20748291e-06,9.62473825e-06
63.3633634,1.57225203e-05,5.65877032e-05,0.000282761772,0.00244085811,0.00121923025,0.0113198115,0.00589031306,20491.5091,3931.48992,0.000573636487,0.000415478405,0.000891110162,0.000444038059,0.000312697503,0.000331262276,0.000828019546,9823.30714,0.0004547179,9935.01298,0.00085215134,0.00145844021,2.50789978e-05,4.70885691e-05,4.70331389e-05,0.000838281007,0.000768048513,0.000356928409,7.84343236e-05,3.7674027e-05,3.14077917e-05,3.4577266e-05,1.57177865e-05,3.14369008e-06,9.43084829e-06,3.1440094e-06,9.43427591e-06
63.4634635,1.54112033e-05,5.54672013e-05,0.000277162425,0.00239251678,0.00119507502,0.0110953773,0.0057733383,20491.5076,3931.49034,0.000562272827,0.000407244992,0.000873446053,0.000435235484,0.000306499308,0.00032469102,0.000811453294,9818.8983,0.000445654144,9930.59483,0.000835273352,0.001429556,2.45823045e-05,4.61560605e-05,4.61016307e-05,0.000821664888,0.000752826764,0.000349858604,7.68809988e-05,3.69279641e-05,3.07858393e-05,3.38925939e-05,1.54065565e-05,3.08144166e-06,9.24410707e-06,3.08175515e-06,9.24747209e-06
63.5635636,1.51059971e-05,5.43686939e-05,0.000271672993,0.00234512452,0.00117139418,0.0108753539,0.00565866591,20491.5061,3931.49076,0.000551132323,0.000399173318,0.000856129043,0.000426605888,0.00030042289,0.000318248872,0.000795211592,9814.4638,0.000436767997,9926.15078,0.000818726744,0.00140123886,2.40953626e-05,4.5241858e-05,4.51884108e-05,0.000805375245,0.000737904053,0.000342927614,7.53581688e-05,3.61965471e-05,3.01760961e-05,3.32213614e-05,1.51014357e-05,3.02041511e-06,9.0610314e-06,3.02072288e-06,9.06433495e-06
63.6636637,1.48079503e-05,5.32959565e-05,0.00026631236,0.00229884462,0.00114826965,0.0106605097,0.00554670417,20491.5047,3931.49119,0.000540253375,0.00039129128,0.00083921909,0.000418179129,0.000294489076,0.000311955892,0.000779263165,9810.00344,0.000428057726,9921.68062,0.000802568481,0.00137358623,2.36198479e-05,4.43491055e-05,4.42966216e-05,0.000789468432,0.000723331959,0.000336159306,7.38710718e-05,3.5482291e-05,2.95806583e-05,3.25658751e-05,1.48034725e-05,2.96082014e-06,8.88225041e-06,2.96112231e-06,8.88549371e-06
63.7637638,1.45158508e-05,5.22446252e-05,0.000261058704,0.00225348842,0.00112560685,0.0104499589,0.00543698395,20491.5032,3931.49161,0.000529591614,0.000383566658,0.000822646958,0.000409920723,0.000288673765,0.000305788328,0.000763621035,9805.51706,0.000419516776,9917.18417,0.000786732736,0.0013464855,2.31538239e-05,4.34741695e-05,4.34226316e-05,0.000773879369,0.000709050911,0.0003295261,7.24136538e-05,3.47822891e-05,2.89971031e-05,3.19234688e-05,1.45114551e-05,2.90241436e-06,8.7070369e-06,2.90271102e-06,8.71022105e-06
63.8638639,1.42295761e-05,5.12142594e-05,0.000255909822,0.00220903692,0.00110339627,0.0102436131,0.00532945902,20491.5018,3931.49204,0.000519142569,0.000375996208,0.000806405685,0.000401827198,0.000282974509,0.000299743546,0.000748276907,9801.00445,0.000411140928,9912.66126,0.000771212871,0.00131992531,2.26970952e-05,4.26166832e-05,4.25660743e-05,0.000758601511,0.000695054913,0.000323025216,7.09853039e-05,3.4096248e-05,2.84251858e-05,3.12938733e-05,1.4225261e-05,2.8451733e-06,8.53531745e-06,2.84546455e-06,8.53844353e-06
63.963964,1.39490054e-05,5.0204424e-05,0.000250863542,0.00216547134,0.00108162852,0.0100413851,0.00522408374,20491.5004,3931.49247,0.00050890182,0.000368576728,0.000790488393,0.000393895126,0.000277388894,0.000293818942,0.000733222466,9796.46543,0.000402925972,9908.11167,0.000756002326,0.00129389445,2.22494688e-05,4.17762844e-05,4.17265878e-05,0.00074362839,0.000681338042,0.000316653904,6.95854187e-05,3.34238778e-05,2.78646648e-05,3.06768227e-05,1.39447694e-05,2.78907277e-06,8.36701955e-06,2.78935871e-06,8.37008862e-06
64.0640641,1.36740191e-05,4.92146889e-05,0.000245917712,0.00212277311,0.00106029433,0.00984318841,0.00512081298,20491.499,3931.4929,0.000498865003,0.000361305051,0.000774888285,0.00038612112,0.00027191453,0.000288011937,0.00071844937,9791.8998,0.000394867699,9903.53523,0.000741094621,0.00126838181,2.18107541e-05,4.09526152e-05,4.09038144e-05,0.000728953614,0.000667894445,0.000310409451,6.82134018e-05,3.27648921e-05,2.73153015e-05,3.00720542e-05,1.36698608e-05,2.73408888e-06,8.20207152e-06,2.73436961e-06,8.20508461e-06
64.1641642,1.34044992e-05,4.82446289e-05,0.000241070208,0.00208092389,0.00103938452,0.00964893777,0.00501960214,20491.4977,3931.49333,0.000489027798,0.000354178047,0.000759598639,0.000378501828,0.000266549056,0.000282319981,0.00070394924,9787.30739,0.000386961902,9898.93172,0.000726483345,0.00124337644,2.13807623e-05,4.01453215e-05,4.00974004e-05,0.000714570864,0.000654718334,0.000304289171,6.68686633e-05,3.21190076e-05,2.67768598e-05,2.94793079e-05,1.34004171e-05,2.68019802e-06,8.04040248e-06,2.68047363e-06,8.04336062e-06
64.2642643,1.31403287e-05,4.72938231e-05,0.000236318927,0.0020399055,0.00101889001,0.00945854869,0.00492040706,20491.4964,3931.49376,0.000479385934,0.000347192616,0.000744612801,0.000371033934,0.000261290133,0.000276740544,0.000689713657,9782.68798,0.000379204368,9894.30097,0.000712162154,0.00121886747,2.09593069e-05,3.93540529e-05,3.93069958e-05,0.000700473884,0.00064180398,0.000298290407,6.55506197e-05,3.14859442e-05,2.62491059e-05,2.88983266e-05,1.31363214e-05,2.62737679e-06,7.88194229e-06,2.62764738e-06,7.88484646e-06
64.3643644,1.28813917e-05,4.63618545e-05,0.000231661785,0.00199969997,0.000998801803,0.00927193751,0.00482318401,20491.4951,3931.49419,0.000469935177,0.00034034569,0.000729924182,0.000363714153,0.000256135445,0.000271271119,0.00067573415,9778.04138,0.000371590876,9889.64276,0.000698124767,0.00119484417,2.0546203e-05,3.85784625e-05,3.85322538e-05,0.000686656478,0.000629145709,0.000292410526,6.42586929e-05,3.08654241e-05,2.57318085e-05,2.83288557e-05,1.28774579e-05,2.57560204e-06,7.72662147e-06,2.5758677e-06,7.72947267e-06
64.4644645,1.26275736e-05,4.54483102e-05,0.000227096717,0.00196028946,0.000979110987,0.00908902132,0.00472788967,20491.4938,3931.49463,0.000460671334,0.000333634228,0.000715526252,0.00035653923,0.000251082697,0.000265909216,0.000662002191,9773.3674,0.000364117194,9884.95689,0.000684364957,0.00117129587,2.01412674e-05,3.78182063e-05,3.77728308e-05,0.000673112506,0.000616737899,0.00028664692,6.29923099e-05,3.02571723e-05,2.52247382e-05,2.77706427e-05,1.26237119e-05,2.52485082e-06,7.57437117e-06,2.52511163e-06,7.57717035e-06
64.5645646,1.23787604e-05,4.45527802e-05,0.000222621676,0.00192165629,0.000959808721,0.00890971788,0.00463448104,20491.4926,3931.49507,0.000451590243,0.000327055213,0.000701412534,0.000349505936,0.000246129612,0.000260652364,0.000648509184,9768.66584,0.000356779074,9880.24317,0.000670876547,0.001148212,1.97443183e-05,3.70729432e-05,3.70283861e-05,0.000659835878,0.000604574971,0.000280997002,6.17509026e-05,2.96609158e-05,2.47276675e-05,2.72234371e-05,1.23749695e-05,2.47510036e-06,7.4251231e-06,2.47535642e-06,7.42787121e-06
64.6646647,1.21348392e-05,4.3674858e-05,0.000218234629,0.0018837829,0.000940886232,0.00873394557,0.00454291548,20491.4914,3931.4955,0.000442687776,0.000320605649,0.000687576596,0.000342611064,0.000241273928,0.000255498106,0.00063524646,9763.93649,0.00034957225,9875.50139,0.000657653407,0.00112558209,1.93551754e-05,3.63423347e-05,3.62985812e-05,0.000646820549,0.000592651388,0.000275458204,6.05339067e-05,2.90763837e-05,2.42403706e-05,2.66869905e-05,1.21311178e-05,2.42632807e-06,7.27880948e-06,2.42657946e-06,7.28150743e-06
64.7647648,1.18956977e-05,4.28141393e-05,0.000213933556,0.00184665187,0.000922334799,0.0085616233,0.00445315059,20491.4902,3931.49594,0.000433959829,0.000314282562,0.000674012051,0.000335851431,0.0002365134,0.000250443995,0.000622205271,9759.17914,0.000342492432,9870.73134,0.000644689447,0.00110339569,1.89736594e-05,3.56260443e-05,3.55830802e-05,0.000634060512,0.000580961652,0.000270027974,5.93407621e-05,2.8503307e-05,2.37626232e-05,2.61610559e-05,1.18920444e-05,2.3785115e-06,7.13536294e-06,2.3787583e-06,7.13801166e-06
64.8648649,1.16612242e-05,4.19702225e-05,0.00020971645,0.00181024584,0.000904145757,0.00839267045,0.00436514423,20491.4891,3931.49639,0.000425402323,0.000308082993,0.000660712547,0.000329223869,0.000231845793,0.000245487599,0.000609376776,9754.39361,0.000335535302,9865.93282,0.000631978611,0.00108164247,1.85995921e-05,3.49237377e-05,3.48815488e-05,0.000621549796,0.000569500292,0.000264703775,5.81709114e-05,2.7941418e-05,2.32942022e-05,2.56453878e-05,1.16576379e-05,2.33162832e-06,6.99471655e-06,2.33187062e-06,6.99731691e-06
64.964965,1.14313077e-05,4.11427077e-05,0.000205581313,0.00177454757,0.000886310481,0.00822700678,0.00427885448,20491.4879,3931.49683,0.000417011199,0.000302004,0.000647671763,0.000322725228,0.000227268884,0.000240626492,0.00059675204,9749.57967,0.000328696513,9861.10561,0.000619514873,0.0010603121,1.82327964e-05,3.42350819e-05,3.41936546e-05,0.000609282457,0.000558261866,0.000259483083,5.70238003e-05,2.73904505e-05,2.28348857e-05,2.51397419e-05,1.14277872e-05,2.28565633e-06,6.85680366e-06,2.28589421e-06,6.85935654e-06
65.0650651,1.12058376e-05,4.03311968e-05,0.000201526155,0.00173953988,0.00086882038,0.00806455241,0.00419423958,20491.4868,3931.49727,0.000408782414,0.000296042649,0.000634883403,0.000316352369,0.000222780459,0.000235858253,0.000584322021,9744.73712,0.000321971684,9856.24951,0.000607292234,0.00103939432,1.78730955e-05,3.35597457e-05,3.35190663e-05,0.000597252579,0.000547240956,0.000254363385,5.58988767e-05,2.68501393e-05,2.23844527e-05,2.46438751e-05,1.12023816e-05,2.24057342e-06,6.72155793e-06,2.24080696e-06,6.72406418e-06
65.1651652,1.09847036e-05,3.95352931e-05,0.000197548992,0.00170520563,0.000851666893,0.0079052277,0.0041112579,20491.4858,3931.49772,0.000400711938,0.00029019602,0.000622341192,0.000310102163,0.00021837831,0.000231180467,0.000572077568,9739.86576,0.000315356395,9851.3643,0.00059530471,0.00101887889,1.75203135e-05,3.28973987e-05,3.2857454e-05,0.00058545426,0.000536432157,0.000249342173,5.47955902e-05,2.63202202e-05,2.19426828e-05,2.41575446e-05,1.0981311e-05,2.19635753e-06,6.58891322e-06,2.1965868e-06,6.59137367e-06
65.2652653,1.07677958e-05,3.87546005e-05,0.000193647846,0.00167152776,0.000834841479,0.00774895319,0.00402986791,20491.4847,3931.49817,0.000392795751,0.000284461195,0.00061003887,0.000303971489,0.000214060234,0.000226590721,0.000560009406,9734.96536,0.000308846185,9846.44977,0.000583546335,0.0009987556,1.71742748e-05,3.22477111e-05,3.22084882e-05,0.000573881616,0.000525830081,0.000244416949,5.37133917e-05,2.58004294e-05,2.15093563e-05,2.36805087e-05,1.07644654e-05,2.15298666e-06,6.45880354e-06,2.15321175e-06,6.46121902e-06
65.3653654,1.05550043e-05,3.79887238e-05,0.000189820743,0.00163848919,0.000818335609,0.00759564956,0.00395002815,20491.4837,3931.49862,0.000385029839,0.000278835264,0.000597970184,0.00029795723,0.000209824031,0.000222086603,0.000548108135,9730.03571,0.000302436546,9841.50569,0.00057201115,0.00097901426,1.6834804e-05,3.16103541e-05,3.15718402e-05,0.000562528769,0.000515429344,0.000239585216,5.2651733e-05,2.52905037e-05,2.10842536e-05,2.32125258e-05,1.0551735e-05,2.11043887e-06,6.33116301e-06,2.11065984e-06,6.33353431e-06
65.4654655,1.03462193e-05,3.72372678e-05,0.000186065706,0.00160607288,0.000802140761,0.00744523753,0.00387169717,20491.4827,3931.49907,0.000377410189,0.000273315318,0.000586128886,0.000292056271,0.000205667502,0.000217665695,0.000536364218,9725.07661,0.000296122922,9836.53186,0.0005606932,0.000959644676,1.6501726e-05,3.09849986e-05,3.09471814e-05,0.000551389847,0.000505224569,0.000234844479,5.16100662e-05,2.479018e-05,2.06671555e-05,2.27533543e-05,1.034301e-05,2.06869219e-06,6.20592579e-06,2.06890912e-06,6.20825368e-06
65.5655656,1.0141331e-05,3.64998375e-05,0.000182380761,0.00157426177,0.000786248407,0.00729763779,0.00379483353,20491.4817,3931.49953,0.000369932789,0.000267898446,0.000574508726,0.000286265495,0.000201588448,0.00021332558,0.000524767975,9720.08783,0.000289900703,9831.52805,0.000549586528,0.00094063666,1.61748654e-05,3.03713157e-05,3.0334183e-05,0.000540458973,0.000495210374,0.000230192244,5.05878433e-05,2.4299195e-05,2.02578425e-05,2.2302753e-05,1.01381807e-05,2.02772468e-06,6.08302601e-06,2.02793763e-06,6.08531127e-06
65.6656657,9.94133927e-06,3.57800308e-05,0.000178783887,0.00154321106,0.000770736073,0.00715357034,0.00371981344,20491.4808,3931.49998,0.000362634263,0.000262611245,0.000563166926,0.000280613478,0.000197607255,0.000209091539,0.00051353102,9715.06892,0.000283857411,9826.49382,0.000538745426,0.000922083074,1.58558196e-05,2.97723023e-05,2.97358405e-05,0.000529789828,0.0004854359,0.000225651257,4.95900576e-05,2.38199464e-05,1.98583131e-05,2.18629208e-05,9.93824667e-06,1.98773625e-06,5.96306344e-06,1.98794532e-06,5.96530693e-06
65.7657658,9.74555043e-06,3.50753516e-05,0.000175262611,0.00151281306,0.00075554996,0.00701253533,0.00364637569,20491.4798,3931.50044,0.000355489216,0.00025743528,0.00055206384,0.000275080427,0.000193709839,0.000204946571,0.000502526936,9710.01979,0.000277939848,9821.42905,0.00052813224,0.000903919507,1.55434806e-05,2.91858796e-05,2.91500762e-05,0.000519345204,0.00047586708,0.000221205744,4.86132457e-05,2.3350771e-05,1.94671809e-05,2.14323323e-05,9.74251447e-06,1.94858822e-06,5.84562201e-06,1.94879348e-06,5.84782452e-06
65.8658659,9.55363978e-06,3.43846312e-05,0.000171811092,0.00148301736,0.000740664871,0.00687429861,0.0035743979,20491.4789,3931.50089,0.000348485763,0.000252361923,0.000541180919,0.000269657087,0.000189889623,0.000200882878,0.000491702799,9704.94026,0.000272125421,9816.33356,0.000517729339,0.000886115801,1.52373299e-05,2.86110744e-05,2.85759175e-05,0.000509107683,0.000466487971,0.000216848316,4.76557858e-05,2.28908902e-05,1.9083797e-05,2.1010273e-05,9.55065943e-06,1.91021566e-06,5.73050691e-06,1.91041716e-06,5.73266919e-06
65.965966,9.36552702e-06,3.37075804e-05,0.000168427885,0.00145381148,0.000726074566,0.0067388021,0.00350384972,20491.4781,3931.50135,0.000341620969,0.000247389047,0.000530513598,0.000264341183,0.000186145005,0.000196898766,0.000481054374,9699.83009,0.000266411807,9811.20713,0.000507532368,0.0008686645,1.49372392e-05,2.80476458e-05,2.80131239e-05,0.000499072974,0.00045729464,0.00021257715,4.67172771e-05,2.24401114e-05,1.87080009e-05,2.05965664e-05,9.36260123e-06,1.87260249e-06,5.61766996e-06,1.87280031e-06,5.61979274e-06
66.0660661,9.18113292e-06,3.30439142e-05,0.000165111566,0.00142518311,0.000711772891,0.00660598854,0.00343470118,20491.4772,3931.50182,0.000334891942,0.000242514554,0.000520057375,0.00025913047,0.000182474406,0.000192992566,0.000470577567,9694.68906,0.000260796746,9806.04952,0.000497537031,0.000851558254,1.4643082e-05,2.74953567e-05,2.74614583e-05,0.00048923684,0.000448283208,0.000208390445,4.57973243e-05,2.19982448e-05,1.83396342e-05,2.01910384e-05,9.17826071e-06,1.83573288e-06,5.50706365e-06,1.8359271e-06,5.50914765e-06
66.1661662,9.00037936e-06,3.23933512e-05,0.000161860728,0.00139712012,0.000697753775,0.00647580139,0.00336692272,20491.4764,3931.50228,0.000328295826,0.000237736374,0.000509807806,0.000254022735,0.00017887627,0.000189162632,0.000460268424,9689.51692,0.000255278042,9800.86048,0.000487739088,0.000834789809,1.43547337e-05,2.6953973e-05,2.69206868e-05,0.000479595104,0.000439449849,0.000204286427,4.48955374e-05,2.15651031e-05,1.7978541e-05,1.97935169e-05,8.99755973e-06,1.79959121e-06,5.39864111e-06,1.79978188e-06,5.40068702e-06
66.2662663,8.82318916e-06,3.17556138e-05,0.000158673984,0.0013696105,0.000684011222,0.00634818485,0.00330048517,20491.4756,3931.50274,0.000321829803,0.000233052465,0.000499760505,0.000249015792,0.000175349057,0.000185407344,0.000450123133,9684.31345,0.000249853557,9795.63979,0.000478134354,0.000818352005,1.40720712e-05,2.64232634e-05,2.63905785e-05,0.000470143639,0.000430790784,0.000200263341,4.40115313e-05,2.11405014e-05,1.76245669e-05,1.94038323e-05,8.82042116e-06,1.76416205e-06,5.29235604e-06,1.76434923e-06,5.29436457e-06
66.3663664,8.64948612e-06,3.11304277e-05,0.000155549962,0.00134264243,0.000670539309,0.00622308378,0.00323535967,20491.4748,3931.50321,0.000315491088,0.000228460808,0.000489911141,0.000244107481,0.00017189125,0.000181725102,0.000440138022,9679.07839,0.000244521217,9790.38719,0.000468718696,0.000802237767,1.37949727e-05,2.59029996e-05,2.58709053e-05,0.000460878371,0.000422302282,0.000196319456,4.31449255e-05,2.07242569e-05,1.72775597e-05,1.90218171e-05,8.64676879e-06,1.72943015e-06,5.18816273e-06,1.72961392e-06,5.19013455e-06
66.4664665,8.47919489e-06,3.05175215e-05,0.000152487307,0.00131620419,0.000657332183,0.00610044368,0.00317151772,20491.474,3931.50368,0.00030927693,0.000223959406,0.00048025543,0.00023929567,0.000168501347,0.000178114329,0.000430309557,9673.81152,0.000239279006,9785.10244,0.000459488028,0.000786440103,1.35233181e-05,2.5392956e-05,2.53614415e-05,0.000451795272,0.000413980652,0.000192453061,4.22953441e-05,2.0316189e-05,1.69373689e-05,1.86473054e-05,8.47652731e-06,1.69538046e-06,5.08601598e-06,1.69556087e-06,5.08795177e-06
66.5665666,8.31224096e-06,2.99166271e-05,0.000149484679,0.0012902842,0.00064438405,0.00598021061,0.0031089311,20491.4733,3931.50415,0.000303184606,0.000219546288,0.000470789136,0.000234578246,0.000165177865,0.000174573466,0.000420634349,9668.51258,0.000234124968,9779.78529,0.000450438306,0.000770952096,1.32569883e-05,2.48929091e-05,2.48619642e-05,0.000442890356,0.000405822246,0.000188662461,4.14624152e-05,1.99161192e-05,1.66038456e-05,1.82801334e-05,8.3096222e-06,1.66199807e-06,4.9858711e-06,1.66217518e-06,4.9877715e-06
66.6666667,8.14855055e-06,2.9327479e-05,0.000146540749,0.00126487101,0.000631689178,0.0058623312,0.00304757188,20491.4726,3931.50462,0.000297211422,0.000215219498,0.000461508066,0.00022995312,0.000161919333,0.000171100972,0.000411109144,9663.18134,0.000229057207,9774.4355,0.00044156553,0.000755766899,1.29958657e-05,2.44026381e-05,2.43722526e-05,0.00043415968,0.00039782345,0.00018494598,4.06457705e-05,1.95238707e-05,1.62768424e-05,1.79201389e-05,8.14597974e-06,1.62926823e-06,4.88768383e-06,1.62944211e-06,4.88954948e-06
66.7667668,7.98805061e-06,2.87498142e-05,0.000143654205,0.00123995327,0.000619241888,0.00574675257,0.00298741239,20491.4719,3931.50509,0.000291354708,0.000210977103,0.000452408066,0.000225418222,0.000158724297,0.000167695328,0.000401730828,9657.81753,0.000224073882,9769.05281,0.000432865737,0.000740877733,1.27398337e-05,2.3921924e-05,2.38920879e-05,0.000425599338,0.000389980689,0.00018130196,3.98450454e-05,1.91392682e-05,1.59562132e-05,1.75671611e-05,7.98552687e-06,1.59717633e-06,4.79141035e-06,1.59734703e-06,4.79324189e-06
66.8668669,7.83066873e-06,2.8183372e-05,0.000140823743,0.0012155197,0.000607036552,0.00563342228,0.00292842518,20491.4712,3931.50557,0.000285611819,0.000206817183,0.000443485021,0.000220971503,0.000155591314,0.000164355025,0.000392496429,9652.42092,0.000219173213,9763.63697,0.000424334999,0.000726277874,1.24887766e-05,2.34505499e-05,2.34212534e-05,0.000417205457,0.000382290414,0.000177728754,3.90598786e-05,1.87621383e-05,1.56418135e-05,1.72210408e-05,7.82819119e-06,1.5657079e-06,4.69700722e-06,1.56587548e-06,4.69880525e-06
66.966967,7.67633305e-06,2.76278939e-05,0.00013804807,0.00119155917,0.000595067584,0.00552228833,0.00287058305,20491.4706,3931.50605,0.000279980131,0.000202737837,0.000434734845,0.000216610926,0.000152518956,0.000161078575,0.000383403111,9646.99124,0.000214353474,9758.18772,0.000415969419,0.000711960657,1.22425798e-05,2.29883006e-05,2.2959534e-05,0.000408974195,0.000374749108,0.000174224729,3.82899114e-05,1.83923087e-05,1.53334996e-05,1.68816201e-05,7.6739009e-06,1.53484856e-06,4.60443135e-06,1.53501308e-06,4.60619648e-06
67.0670671,7.52497229e-06,2.70831231e-05,0.000135325904,0.00116806058,0.000583329441,0.00541329908,0.00281385894,20491.47,3931.50653,0.000274457039,0.000198737177,0.000426153487,0.000212334471,0.000149505803,0.0001578645,0.000374448176,9641.52825,0.000209612998,9752.7048,0.00040776513,0.000697919461,1.20011296e-05,2.25349624e-05,2.25067163e-05,0.00040090174,0.000367353279,0.000170788266,3.7534788e-05,1.80296085e-05,1.50311291e-05,1.6548742e-05,7.52258469e-06,1.50458407e-06,4.51363996e-06,1.50474558e-06,4.51537278e-06
67.1671672,7.37651558e-06,2.65488047e-05,0.000132655969,0.00114501292,0.000571816615,0.00530640321,0.00275822601,20491.4694,3931.50701,0.000269039955,0.000194813324,0.000417736917,0.000208140133,0.000146550444,0.000154711337,0.000365629067,9636.03168,0.000204950169,9747.18795,0.000399718289,0.000684147712,1.17643127e-05,2.2090323e-05,2.20625883e-05,0.000392984303,0.000360099456,0.000167417754,3.67941547e-05,1.7673868e-05,1.47345604e-05,1.62222507e-05,7.37417173e-06,1.47490025e-06,4.42459056e-06,1.4750588e-06,4.42629165e-06
67.2672673,7.2308925e-06,2.60246851e-05,0.000130037,0.00112240524,0.000560523629,0.0052015497,0.00270365751,20491.4688,3931.50749,0.000263726305,0.000190964415,0.000409481132,0.000204025915,0.000143651479,0.000151617633,0.000356943362,9630.50127,0.00020036343,9741.63691,0.000391825074,0.000670638871,1.15320168e-05,2.16541715e-05,2.1626939e-05,0.000385218118,0.000352984192,0.000164111594,3.60676601e-05,1.73249182e-05,1.44436528e-05,1.59019914e-05,7.22859162e-06,1.44578302e-06,4.33724088e-06,1.44593867e-06,4.33891081e-06
67.3673674,7.08803295e-06,2.5510512e-05,0.000127467734,0.00110022666,0.000549445032,0.00509868776,0.00265012687,20491.4683,3931.50797,0.00025851353,0.000187188591,0.000401382148,0.000199989833,0.000140807514,0.000148581947,0.000348388778,9624.93677,0.000195851277,9736.05141,0.000384081685,0.000657386434,1.13041301e-05,2.12262978e-05,2.11995587e-05,0.000377599436,0.000346004052,0.000160868192,3.53549542e-05,1.69825911e-05,1.41582662e-05,1.55878099e-05,7.08577427e-06,1.41721837e-06,4.2515489e-06,1.41737116e-06,4.25318822e-06
67.4674675,6.94786714e-06,2.50060341e-05,0.000124946916,0.00107846633,0.000538575396,0.00499776681,0.00259760759,20491.4677,3931.50846,0.000253399079,0.000183484006,0.000393435995,0.00019602991,0.000138017159,0.000145602846,0.00033996317,9619.3379,0.000191412258,9730.43118,0.000376484334,0.000644383921,1.1080541e-05,2.08064928e-05,2.07802385e-05,0.000370124524,0.000339155617,0.000157685962,3.46556887e-05,1.66467195e-05,1.38782612e-05,1.52795526e-05,6.94564991e-06,1.38919233e-06,4.16747274e-06,1.38934233e-06,4.16908199e-06
67.5675676,6.81032549e-06,2.45110012e-05,0.000122473293,0.00105711343,0.000527909311,0.00489873642,0.00254607323,20491.4672,3931.50895,0.000248380411,0.000179848815,0.000385638719,0.000192144175,0.000135279032,0.000142678906,0.000331664527,9613.70441,0.000187044976,9724.77595,0.000369029248,0.000631624876,1.08611387e-05,2.0394548e-05,2.036877e-05,0.000362789663,0.000332435482,0.000154563324,3.39695165e-05,1.63171366e-05,1.36034987e-05,1.49770666e-05,6.80814898e-06,1.361691e-06,4.08497066e-06,1.36183824e-06,4.08655037e-06
67.6676677,6.67571414e-06,2.40265153e-05,0.00012005238,0.00103621564,0.000517470718,0.00480182126,0.00249564257,20491.4667,3931.50944,0.000243468729,0.000176291154,0.000378007797,0.000188341331,0.000132599207,0.000139816005,0.000323485625,9608.03592,0.000182749641,9719.08537,0.000361733051,0.000619137735,1.0646412e-05,1.99913812e-05,1.99660705e-05,0.000355611286,0.000325858689,0.000151507243,3.32979663e-05,1.59945765e-05,1.33345907e-05,1.46810253e-05,6.67357755e-06,1.33477559e-06,4.00422631e-06,1.33492014e-06,4.00577706e-06
67.7677678,6.54410265e-06,2.35528269e-05,0.000117685429,0.00101578383,0.000507265075,0.00470707275,0.0024463429,20491.4663,3931.50993,0.000238666581,0.000172812876,0.000370547211,0.000184623361,0.000129979062,0.000137015427,0.000315422749,9602.33214,0.000178525534,9713.35911,0.000354599522,0.000606928963,1.04364722e-05,1.95972008e-05,1.95723484e-05,0.000348593137,0.000319428663,0.000148519301,3.26413856e-05,1.5679206e-05,1.30716762e-05,1.43915815e-05,6.54200517e-06,1.30846001e-06,3.92528142e-06,1.30860192e-06,3.92680377e-06
67.8678679,6.4150819e-06,2.30884633e-05,0.000115365075,0.000995754304,0.000497260443,0.00461419181,0.0023980166,20491.4658,3931.51042,0.000233959004,0.000169403119,0.000363233635,0.000180978647,0.000127410476,0.000134269165,0.000307479144,9596.59287,0.000174370003,9707.59698,0.000347606454,0.000594960567,1.02306659e-05,1.92107807e-05,1.91863784e-05,0.000341713279,0.000313125322,0.000145590196,3.19977318e-05,1.53700443e-05,1.28139375e-05,1.41078355e-05,6.41302283e-06,1.28266247e-06,3.84789058e-06,1.28280177e-06,3.84938504e-06
67.967968,6.2886e-06,2.26332375e-05,0.000113090384,0.000976118998,0.000487452788,0.00452314091,0.00235064401,20491.4654,3931.51092,0.000229344102,0.000166060509,0.000356064122,0.000177405721,0.000124892416,0.000131576151,0.000299653099,9590.81783,0.000170281925,9701.7987,0.000340751031,0.000583227729,1.00289103e-05,1.88319654e-05,1.88080051e-05,0.000334968938,0.000306946124,0.000142718747,3.13667458e-05,1.50669669e-05,1.2561271e-05,1.38296731e-05,6.28657862e-06,1.25737256e-06,3.77202265e-06,1.25750932e-06,3.77348973e-06
68.0680681,6.16460589e-06,2.21869658e-05,0.000110860438,0.000956869981,0.000477838144,0.00443388311,0.00230420582,20491.465,3931.51141,0.000224820012,0.000162783696,0.00034903577,0.000173903138,0.000122423869,0.000128935337,0.000291943025,9585.00674,0.000166260234,9695.96397,0.000334030484,0.000571725712,9.8311239e-06,1.84606021e-05,1.84370757e-05,0.000328357387,0.000300888572,0.000139903796,3.07481728e-05,1.47698514e-05,1.23135747e-05,1.35569821e-05,6.16262152e-06,1.2325801e-06,3.697647e-06,1.23271435e-06,3.6990872e-06
68.1681682,6.04304934e-06,2.17494674e-05,0.000108674332,0.000937999449,0.000468412608,0.00434638211,0.00225868303,20491.4647,3931.51191,0.000220384898,0.000159571351,0.000342145728,0.000170469477,0.000120003836,0.000126345698,0.000284347456,9579.15931,0.000162303912,9690.09251,0.000327442091,0.000560449855,9.63722657e-06,1.80965402e-05,1.807344e-05,0.000321875941,0.000294950207,0.0001371442,3.01417621e-05,1.44785775e-05,1.20707481e-05,1.3289652e-05,6.0411013e-06,1.20827503e-06,3.62473351e-06,1.20840683e-06,3.62614732e-06
68.2682683,5.92388092e-06,2.13205644e-05,0.000106531179,0.000919499724,0.000459172339,0.00426060214,0.00221405693,20491.4643,3931.51241,0.000216036956,0.000156422163,0.000335391189,0.000167103339,0.000117631337,0.000123806225,0.000276865046,9573.27524,0.000158411997,9684.18402,0.00032098317,0.000549395571,9.4471394e-06,1.77396316e-05,1.771695e-05,0.00031552196,0.000289128609,0.000134438837,2.95472672e-05,1.41930268e-05,1.18326926e-05,1.3027574e-05,5.92196854e-06,1.18444748e-06,3.55325252e-06,1.18457686e-06,3.55464043e-06
68.3683684,5.80705196e-06,2.09000815e-05,0.000104430102,0.00090136324,0.000450113554,0.00417650799,0.00217030909,20491.464,3931.51291,0.000211774409,0.000153334847,0.000328769387,0.000163803347,0.000115305403,0.000121315927,0.00026949457,9567.35425,0.000154583576,9678.23821,0.000314651081,0.000538558341,9.26078473e-06,1.73897306e-05,1.736746e-05,0.000309292842,0.000283421397,0.000131786602,2.89644449e-05,1.39130825e-05,1.15993109e-05,1.27706412e-05,5.80517459e-06,1.1610877e-06,3.48317484e-06,1.16121471e-06,3.48453731e-06
68.4684685,5.69251447e-06,2.04878461e-05,0.000102370237,0.000883582544,0.000441232526,0.00409406495,0.00212742136,20491.4637,3931.51342,0.000207595504,0.00015030813,0.000322277599,0.000160568144,0.000113025083,0.000118873831,0.000262234923,9561.39604,0.00015081779,9672.25478,0.000308443222,0.000527933714,9.07808599e-06,1.70466933e-05,1.70248263e-05,0.000303186023,0.000277826222,0.000129186404,2.8393056e-05,1.36386296e-05,1.13705071e-05,1.25187479e-05,5.69067148e-06,1.13818611e-06,3.41447169e-06,1.1383108e-06,3.41580918e-06
68.5685686,5.58022118e-06,2.00836879e-05,0.000100350736,0.000866150291,0.00043252558,0.00401323883,0.00208537583,20491.4634,3931.51392,0.000203498514,0.000147340763,0.000315913139,0.000157396393,0.000110789439,0.00011647898,0.000255085119,9555.40032,0.000147113828,9666.23342,0.00030235703,0.000517517302,8.89896773e-06,1.67103782e-05,1.66889076e-05,0.000297198978,0.00027234077,0.000126637169,2.78328645e-05,1.33695548e-05,1.11461868e-05,1.22717903e-05,5.57841194e-06,1.11573325e-06,3.3471147e-06,1.11585565e-06,3.34842767e-06
68.6686687,5.47012544e-06,1.96874392e-05,9.83707567e-05,0.00084905923,0.000423989091,0.00393399585,0.00204415482,20491.4631,3931.51443,0.000199481737,0.00014443151,0.000309673358,0.000154286773,0.000108597544,0.000114130434,0.000248044291,9549.36677,0.00014347093,9660.17382,0.000296389975,0.000507304775,8.72335549e-06,1.63806455e-05,1.63595642e-05,0.000291329214,0.000266962758,0.000124137838,2.72836376e-05,1.31057464e-05,1.09262568e-05,1.20296656e-05,5.46834933e-06,1.0937198e-06,3.2810759e-06,1.09383995e-06,3.28236479e-06
68.7687688,5.36218119e-06,1.9298934e-05,9.64294727e-05,0.000832302207,0.00041561948,0.00385630272,0.0020037409,20491.4628,3931.51494,0.000195543491,0.000141579153,0.00030355564,0.000151237982,0.000106448486,0.000111827266,0.000241111689,9543.2951,0.000139888385,9654.07569,0.000290539558,0.00049729186,8.55117581e-06,1.60573572e-05,1.60366582e-05,0.00028557427,0.000261689933,0.000121687364,2.67451454e-05,1.28470939e-05,1.0710625e-05,1.17922727e-05,5.36043761e-06,1.07213654e-06,3.21632765e-06,1.07225449e-06,3.2175929e-06
68.8688689,5.25634296e-06,1.89180087e-05,9.45260651e-05,0.000815872156,0.000407413213,0.00378012651,0.00196411684,20491.4626,3931.51545,0.000191682115,0.000138782488,0.000297557404,0.000148248733,0.000104341363,0.000109568565,0.000234286683,9537.185,0.00013636553,9647.9387,0.000284803315,0.000487474337,8.3823561e-06,1.57403772e-05,1.57200535e-05,0.000279931716,0.000256520069,0.000119284714,2.62171611e-05,1.25934884e-05,1.04992005e-05,1.15595115e-05,5.25463133e-06,1.05097438e-06,3.15284268e-06,1.05109017e-06,3.15408472e-06
68.968969,5.15256579e-06,1.85445015e-05,9.26597253e-05,0.000799762091,0.000399366796,0.00370543469,0.00192526559,20491.4624,3931.51596,0.000187895968,0.000136040326,0.000291676097,0.000145317756,0.000102275283,0.000107353433,0.000227568758,9531.03616,0.000132901752,9641.76255,0.000279178807,0.000477848034,8.21682462e-06,1.54295706e-05,1.54096157e-05,0.00027439915,0.000251450965,0.000116928867,2.56994602e-05,1.2344822e-05,1.02918937e-05,1.13312832e-05,5.15088553e-06,1.03022434e-06,3.09059403e-06,1.03033801e-06,3.09181327e-06
69.0690691,5.05080523e-06,1.81782524e-05,9.08296533e-05,0.000783965103,0.000391476773,0.00363219508,0.00188717031,20491.4622,3931.51648,0.000184183426,0.000133351489,0.000285909194,0.000142443793,0.000100249366,0.000105180984,0.000220957516,9524.84827,0.000129496485,9635.54691,0.000273663622,0.000468408825,8.05451043e-06,1.51248044e-05,1.51052117e-05,0.000268974196,0.000246480446,0.000114618813,2.51918209e-05,1.21009883e-05,1.00886155e-05,1.11074899e-05,5.04915576e-06,1.00987752e-06,3.02955502e-06,1.0099891e-06,3.03075188e-06
69.1691692,4.95101726e-06,1.78191029e-05,8.90350574e-05,0.000768474356,0.000383739723,0.00356037583,0.0018498143,20491.4621,3931.51699,0.000180542882,0.000130714812,0.000280254195,0.000139625599,9.82627388e-05,0.000103050345,0.000214452675,9518.62101,0.000126149209,9629.29147,0.000268255375,0.000459152625,7.89534329e-06,1.48259468e-05,1.48067096e-05,0.000263654504,0.000241606357,0.000112353553,2.46940236e-05,1.18618818e-05,9.88927822e-06,1.08880348e-05,4.94939804e-06,9.89925125e-07,2.96969926e-06,9.90034658e-07,2.97087414e-06
69.2692693,4.8531583e-06,1.74668962e-05,8.72751534e-05,0.000753283073,0.000376152258,0.00348994538,0.00181318104,20491.4619,3931.51751,0.000176972745,0.000128129143,0.000274708626,0.000136861941,9.63145392e-05,0.000100960653,0.000208054066,9512.35406,0.000122859452,9622.9959,0.000262951701,0.00045007539,7.73925364e-06,1.4532867e-05,1.45139792e-05,0.000258437743,0.000236826566,0.000110132095,2.42058508e-05,1.1627398e-05,9.69379462e-06,1.06728222e-05,4.85156878e-06,9.70358436e-07,2.91100059e-06,9.70465959e-07,2.91215389e-06
69.3693694,4.75718513e-06,1.71214767e-05,8.55491638e-05,0.000738384541,0.000368711019,0.00342087244,0.00177725413,20491.4618,3931.51803,0.000173471436,0.000125593337,0.000269270032,0.000134151598,9.44039111e-05,9.8911057e-05,0.000201761638,9506.0471,0.000119626787,9616.65988,0.000257750257,0.000441173109,7.58617253e-06,1.42454357e-05,1.42268909e-05,0.000253321604,0.000232138957,0.000107953459,2.37270867e-05,1.13974332e-05,9.50207839e-06,1.04617569e-05,4.75562478e-06,9.51168816e-07,2.8534331e-06,9.51274364e-07,2.85456521e-06
69.4694695,4.66305488e-06,1.678269e-05,8.38563173e-05,0.000723772098,0.000361412674,0.00335312598,0.00174201731,20491.4617,3931.51855,0.00017003739,0.00012310626,0.00026393598,0.000131493356,9.25300061e-05,9.69007147e-05,0.000195575452,9499.6998,0.000116450832,9610.28307,0.000252648718,0.000432441803,7.43603153e-06,1.39635244e-05,1.39453167e-05,0.000248303797,0.000227541433,0.00010581667,2.32575176e-05,1.11718849e-05,9.31404389e-06,1.02547448e-05,4.66152319e-06,9.3234769e-07,2.79697107e-06,9.32451299e-07,2.79808236e-06
69.5695696,4.57072498e-06,1.6450383e-05,8.21958481e-05,0.000709439128,0.000354253912,0.00328667517,0.00170745441,20491.4616,3931.51907,0.000166669053,0.000120666785,0.000258704052,0.000128886013,9.06919816e-05,9.49287929e-05,0.000189495683,9493.31184,0.000113331251,9603.86514,0.000247644776,0.000423877523,7.28876272e-06,1.36870056e-05,1.36691289e-05,0.000243382048,0.000223031909,0.000103720761,2.27969308e-05,1.09506509e-05,9.12960607e-06,1.0051692e-05,4.56922144e-06,9.13886548e-07,2.74158897e-06,9.13988253e-07,2.74267982e-06
69.6696697,4.48020856e-06,1.6124603e-05,8.05679936e-05,0.000695387701,0.000347235791,0.00322153027,0.00167357132,20491.4615,3931.5196,0.000163366906,0.000118275262,0.000253574996,0.000126329935,8.88900618e-05,9.29951115e-05,0.000183505203,9486.88285,0.000110261837,9597.40573,0.000242739143,0.000415481489,7.14438708e-06,1.34159187e-05,1.33983671e-05,0.000238557065,0.000218611035,0.000101666032,2.23453921e-05,1.07337627e-05,8.94879115e-06,9.85262762e-06,4.47873265e-06,8.95788013e-07,2.68729467e-06,8.95887848e-07,2.68836545e-06
69.7697698,4.39171835e-06,1.58061161e-05,7.89765875e-05,0.000681651013,0.00034037502,0.0031578489,0.0016404529,20491.4614,3931.52012,0.000160138721,0.000115937332,0.000248560909,0.000123831121,8.71282912e-05,9.11018173e-05,0.000177524347,9480.41236,0.000107215152,9590.90435,0.000237943369,0.00040727346,7.00324433e-06,1.31509012e-05,1.31336683e-05,0.000233840257,0.000214289254,9.96573204e-05,2.19039636e-05,1.05217304e-05,8.77202428e-06,9.65801941e-06,4.39026951e-06,8.78094622e-07,2.63421577e-06,8.78192624e-07,2.63526688e-06
69.8698699,4.30497607e-06,1.54939202e-05,7.74166174e-05,0.000668185693,0.000333649807,0.00309542623,0.00160798969,20491.4614,3931.52065,0.000156974332,0.00011364562,0.000243645974,0.000121381718,8.54013175e-05,8.92453493e-05,0.000171627907,9473.90016,0.000104216217,9584.3608,0.000233242351,0.000399227595,6.86489017e-06,1.28911192e-05,1.28741992e-05,0.000229216716,0.000210052916,9.76882996e-05,2.1471256e-05,1.03138868e-05,8.59874937e-06,9.46725537e-06,4.3035538e-06,8.60750733e-07,2.58218535e-06,8.60846936e-07,2.58321715e-06
69.96997,4.21994744e-06,1.5187892e-05,7.58874664e-05,0.000654986413,0.000327057489,0.00303423751,0.00157616877,20491.4614,3931.52118,0.000153872487,0.000111399219,0.000238828243,0.000118980756,8.37084582e-05,8.74249892e-05,0.000165814172,9467.34591,0.000101264074,9577.77472,0.000228634231,0.000391340712,6.72926989e-06,1.263647e-05,1.26198574e-05,0.000224684611,0.000205900345,9.5758191e-05,2.10470983e-05,1.01101498e-05,8.42889792e-06,9.28026008e-06,4.21855125e-06,8.43749489e-07,2.53118285e-06,8.43843925e-07,2.53219569e-06
70.0700701,4.13659867e-06,1.48879099e-05,7.43885273e-05,0.000642047931,0.000320595446,0.00297425839,0.00154497743,20491.4614,3931.52171,0.000150831954,0.000109197235,0.0002341058,0.000116627279,8.20490413e-05,8.56400284e-05,0.000160081413,9460.74926,9.83577669e-05,9571.14576,0.000224117176,0.00038360968,6.5963296e-06,1.23868525e-05,1.23705416e-05,0.000220242138,0.000201829889,9.38662273e-05,2.0631322e-05,9.91043847e-06,8.26240245e-06,9.09695929e-06,4.1352281e-06,8.27084138e-07,2.481188e-06,8.2717684e-07,2.48218223e-06
70.1701702,4.05489651e-06,1.45938542e-05,7.29192013e-05,0.000629365078,0.000314261096,0.00291546486,0.00151440314,20491.4614,3931.52224,0.000147851516,0.000107038787,0.000229476755,0.000114320346,8.04224042e-05,8.38897677e-05,0.000154427881,9454.10985,9.5496336e-05,9564.47356,0.000219689383,0.000376031408,6.4660162e-06,1.2142167e-05,1.21261523e-05,0.000215887519,0.000197839918,9.20116526e-05,2.0223761e-05,9.71467299e-06,8.09919648e-06,8.91727978e-06,4.05355108e-06,8.10748026e-07,2.43218084e-06,8.10839025e-07,2.4331568e-06
70.2702703,3.97480812e-06,1.43056066e-05,7.14788983e-05,0.000616932759,0.000308051891,0.00285783326,0.00148443356,20491.4615,3931.52277,0.000144929976,0.000104923006,0.000224939244,0.000112059028,7.88278936e-05,8.21735163e-05,0.000148851805,9447.42734,9.26788173e-05,9557.75776,0.000215349072,0.000368602853,6.33827732e-06,1.19023151e-05,1.18865914e-05,0.000211619003,0.000193928828,9.01937217e-05,1.98242515e-05,9.52277473e-06,7.93921445e-06,8.7411494e-06,3.97348738e-06,7.9473459e-07,2.3841417e-06,7.94823918e-07,2.38509972e-06
70.3703704,3.89630113e-06,1.40230508e-05,7.00670359e-05,0.000604745945,0.00030196532,0.00280134024,0.00145505651,20491.4615,3931.52331,0.000142066152,0.000102849038,0.000220491429,0.000109842409,7.72648647e-05,8.04905914e-05,0.000143351388,9440.70135,8.99042417e-05,9550.99799,0.000211094488,0.000361321009,6.21306131e-06,1.16671998e-05,1.16517618e-05,0.000207434859,0.000190095034,8.8411699e-05,1.94326319e-05,9.3346661e-06,7.78239165e-06,8.56849693e-06,3.89500463e-06,7.79037357e-07,2.33705114e-06,7.79125045e-07,2.33799155e-06
70.4704705,3.81934357e-06,1.37460715e-05,6.86830391e-05,0.000592799673,0.000295998902,0.00274596275,0.00142625997,20491.4616,3931.52385,0.000139258876,0.000100816034,0.000216131495,0.000107669585,7.57326808e-05,7.88403174e-05,0.000137924802,9433.93154,8.71716322e-05,9544.1939,0.000206923896,0.00035418291,6.09031714e-06,1.14367255e-05,1.1421568e-05,0.000203333381,0.000186336973,8.66648583e-05,1.90487428e-05,9.15027047e-06,7.62866422e-06,8.39925206e-06,3.81807086e-06,7.63649934e-07,2.29088999e-06,7.63736011e-07,2.29181312e-06
70.5705706,3.74390384e-06,1.34745552e-05,6.73263398e-05,0.000581089037,0.000290150186,0.00269167802,0.00139803206,20491.4617,3931.52439,0.000136506994,9.88231593e-05,0.000211857648,0.000105539662,7.42307125e-05,7.72220255e-05,0.000132570186,9427.11752,8.44800036e-05,9537.34511,0.000202835584,0.000347185625,5.9699944e-06,1.12107974e-05,1.11959153e-05,0.00019931288,0.000182653098,8.49524821e-05,1.86724264e-05,8.96951213e-06,7.47796905e-06,8.2333453e-06,3.7426545e-06,7.48566005e-07,2.2456393e-06,7.486505e-07,2.24654545e-06
70.6706707,3.66995072e-06,1.32083893e-05,6.5996376e-05,0.000569609188,0.000284416749,0.00263846354,0.00137036105,20491.4618,3931.52493,0.000133809366,9.68695873e-05,0.000207668113,0.000103451755,7.27583374e-05,7.56350527e-05,0.000127285641,9420.25894,8.182836e-05,9530.45124,0.000198827858,0.000340326255,5.85204324e-06,1.09893219e-05,1.09747104e-05,0.000195371689,0.000179041883,8.32738608e-05,1.8303527e-05,8.79231621e-06,7.3302437e-06,8.07070796e-06,3.66872431e-06,7.33779322e-07,2.20128033e-06,7.33862264e-07,2.20216982e-06
70.7707708,3.59745328e-06,1.29474627e-05,6.46925918e-05,0.000558355324,0.000278796193,0.00258629703,0.00134323533,20491.4619,3931.52547,0.000131164863,9.49544998e-05,0.000203561135,0.000101404989,7.13149393e-05,7.40787414e-05,0.000122069228,9413.35542,7.92156936e-05,9523.51191,0.000194899041,0.000333601931,5.73641433e-06,1.07722066e-05,1.07578606e-05,0.000191508156,0.000175501813,8.16282921e-05,1.79418901e-05,8.61860861e-06,7.18542643e-06,7.91127204e-06,3.59624939e-06,7.19283703e-07,2.15779454e-06,7.19365121e-07,2.15866767e-06
70.8708709,3.5263809e-06,1.2691665e-05,6.34144365e-05,0.000547322694,0.000273286144,0.00253515644,0.00131664339,20491.4621,3931.52601,0.000128572367,9.30770864e-05,0.000199534975,9.93984987e-05,6.98999079e-05,7.25524388e-05,0.000116918965,9406.40658,7.66409831e-05,9516.52674,0.000191047473,0.000327009812,5.62305882e-06,1.05593595e-05,1.05452744e-05,0.000187720645,0.000172031391,8.00150806e-05,1.75873631e-05,8.44831596e-06,7.04345605e-06,7.7549702e-06,3.52519912e-06,7.05073028e-07,2.11516355e-06,7.05152949e-07,2.11602062e-06
70.970971,3.45670324e-06,1.24408872e-05,6.21613643e-05,0.000536506585,0.000267884247,0.0024850199,0.00129057385,20491.4622,3931.52656,0.000126030769,9.12365439e-05,0.00019558791,9.74314243e-05,6.85126379e-05,7.10554959e-05,0.000111832818,9399.41204,7.41031921e-05,9509.49535,0.000187271509,0.000320547081,5.51192827e-06,1.03506899e-05,1.03368609e-05,0.000184007536,0.000168629132,7.84335369e-05,1.72397945e-05,8.2813655e-06,6.90427193e-06,7.60173569e-06,3.45554317e-06,6.91141227e-07,2.07336917e-06,6.91219679e-07,2.07421047e-06
71.0710711,3.38839018e-06,1.21950207e-05,6.09328337e-05,0.000525902322,0.000262588167,0.00243586573,0.00126501541,20491.4624,3931.5271,0.00012353897,8.94320754e-05,0.000191718229,9.55029133e-05,6.71525288e-05,6.95872675e-05,0.000106808708,9392.37142,7.16012674e-05,9502.41734,0.000183569515,0.000314210946,5.40297464e-06,1.01461075e-05,1.013253e-05,0.000180367221,0.000165293563,7.6882977e-05,1.6899034e-05,8.11768509e-06,6.76781391e-06,7.4515023e-06,3.38725143e-06,6.77482279e-07,2.03239333e-06,6.77559288e-07,2.03321915e-06
71.1711712,3.32141183e-06,1.1953958e-05,5.97283071e-05,0.000515505265,0.000257395587,0.00238767242,0.00123995686,20491.4626,3931.52765,0.000121095878,8.76628897e-05,0.000187924233,9.36121196e-05,6.5818984e-05,6.81471106e-05,0.000101844495,9385.28432,6.91341379e-05,9495.29233,0.000179939871,0.00030799863,5.29615022e-06,9.94552281e-06,9.93219227e-06,0.000176798101,0.000162023221,7.53627217e-05,1.65649324e-05,7.95720305e-06,6.63402225e-06,7.30420425e-06,3.32029401e-06,6.64090207e-07,1.9922181e-06,6.64165799e-07,1.99302871e-06
71.2712713,3.25573848e-06,1.17175922e-05,5.854725e-05,0.000505310802,0.000252304203,0.00234041856,0.00121538706,20491.4628,3931.5282,0.000118700408,8.59282003e-05,0.000184204235,9.17582017e-05,6.45114106e-05,6.67343849e-05,9.69379848e-05,9378.15036,6.67007122e-05,9488.11991,0.000176380964,0.000301907378,5.19140758e-06,9.74884673e-06,9.73575875e-06,0.000173298591,0.000158816652,7.38720962e-05,1.62373414e-05,7.79984819e-06,6.5028376e-06,7.15977622e-06,3.25464121e-06,6.50959068e-07,1.95282565e-06,6.5103327e-07,1.95362134e-06
71.3713714,3.19134056e-06,1.14858169e-05,5.73891311e-05,0.000495314345,0.000247311724,0.0022940829,0.00119129493,20491.463,3931.52875,0.000116351481,8.42272249e-05,0.000180556557,8.99403229e-05,6.32292185e-05,6.53484512e-05,9.20869192e-05,9370.96915,6.4299878e-05,9480.89967,0.000172891194,0.000295934447,5.08869957e-06,9.55599075e-06,9.54314099e-06,0.000169867111,0.00015567241,7.24104291e-05,1.59161137e-05,7.64554965e-06,6.37420089e-06,7.01815319e-06,3.19026348e-06,6.38082954e-07,1.91419825e-06,6.3815579e-07,1.91497929e-06
71.4714715,3.12818866e-06,1.12585262e-05,5.62534211e-05,0.000485511326,0.000242415868,0.00224864426,0.00116766945,20491.4633,3931.5293,0.000114048021,8.25591844e-05,0.000176979525,8.81576496e-05,6.19718199e-05,6.39886712e-05,8.7288975e-05,9363.74027,6.19304997e-05,9473.63123,0.000169468963,0.000290077106,4.98797923e-06,9.36686673e-06,9.35425094e-06,0.000166502089,0.000152589055,7.09770519e-05,1.56011022e-05,7.49423692e-06,6.24805334e-06,6.87927045e-06,3.1271314e-06,6.25455981e-07,1.87631827e-06,6.25527475e-07,1.87708491e-06
71.5715716,3.06625345e-06,1.10356145e-05,5.51395927e-05,0.000475897194,0.000237614363,0.00220408154,0.00114449964,20491.4635,3931.52986,0.000111788957,8.09233027e-05,0.000173471473,8.64093514e-05,6.0738629e-05,6.26544067e-05,8.254176e-05,9356.46333,5.95914173e-05,9466.31416,0.000166112681,0.000284332633,4.88919976e-06,9.1813868e-06,9.16900081e-06,0.000163201959,0.000149565152,6.95712984e-05,1.52921607e-05,7.3458397e-06,6.12433635e-06,6.74306349e-06,3.06521565e-06,6.13072283e-07,1.83916809e-06,6.13142461e-07,1.8399206e-06
71.6716717,3.00550567e-06,1.08169765e-05,5.40471198e-05,0.000466467409,0.000232904942,0.00216037371,0.00112177455,20491.4638,3931.53041,0.000109573222,7.93188052e-05,0.00017003074,8.46945996e-05,5.95290611e-05,6.13450193e-05,7.78428094e-05,9349.13792,5.72814446e-05,9458.94805,0.000162820762,0.000278698314,4.79231447e-06,8.99946333e-06,8.98730305e-06,0.000159965157,0.000146599269,6.8192504e-05,1.49891432e-05,7.20028789e-06,6.00299147e-06,6.60946798e-06,3.00448698e-06,6.00926012e-07,1.80273017e-06,6.00994896e-07,1.80346881e-06
71.7717718,2.94613913e-06,1.06033097e-05,5.29794841e-05,0.000457251979,0.000228302543,0.00211765875,0.00109956578,20491.4641,3931.53097,0.000107407914,7.77508456e-05,0.000166668428,8.30189922e-05,5.83474537e-05,6.00709833e-05,7.35084999e-05,9341.76305,5.51187793e-05,9451.5319,0.000159603727,0.000273192146,4.69763294e-06,8.82167723e-06,8.80973821e-06,0.000156802075,0.000143700921,6.68450769e-05,1.46930175e-05,7.05804622e-06,5.88440608e-06,6.47891023e-06,2.94513918e-06,5.89055926e-07,1.76712079e-06,5.89123543e-07,1.76784583e-06
71.8718719,2.88798998e-06,1.03940243e-05,5.19337415e-05,0.000448225521,0.00022379452,0.00207581967,0.00107781258,20491.4644,3931.53153,0.000105287036,7.62150726e-05,0.000163375173,8.13778227e-05,5.71902515e-05,5.88249468e-05,6.93436568e-05,9334.33865,5.30300809e-05,9444.06564,0.000156452684,0.000267798917,4.60489352e-06,8.64753748e-06,8.63581562e-06,0.000153703937,0.000140862071,6.55252919e-05,1.44029656e-05,6.91872186e-06,5.76825273e-06,6.35102986e-06,2.88700844e-06,5.7742926e-07,1.73224166e-06,5.77495633e-07,1.73295335e-06
71.971972,2.8309998e-06,1.01889102e-05,5.09088417e-05,0.000439378972,0.000219376353,0.00203481466,0.00105649323,20491.4648,3931.53209,0.000103208451,7.47099358e-05,0.00016014764,7.97694211e-05,5.60562252e-05,5.7604809e-05,6.53037674e-05,9326.86438,5.09984211e-05,9436.54893,0.000153364463,0.000262513203,4.51400291e-06,8.47686897e-06,8.46536032e-06,0.000150667616,0.000138079855,6.42318205e-05,1.41186957e-05,6.78217471e-06,5.65441464e-06,6.22569833e-06,2.83003632e-06,5.66034329e-07,1.69805772e-06,5.66099481e-07,1.69875631e-06
72.0720721,2.77514511e-06,9.98788283e-06,4.99043625e-05,0.00043070869,0.000215046223,0.00199462682,0.00103559892,20491.4651,3931.53265,0.000101171303,7.32348146e-05,0.000156984499,7.81931252e-05,5.49449167e-05,5.64102109e-05,6.1394302e-05,9319.33981,4.90255868e-05,9428.98131,0.000150337791,0.000257332826,4.42492368e-06,8.30960141e-06,8.29830209e-06,0.000147691858,0.000135353127,6.296413e-05,1.38400908e-05,6.64834855e-06,5.54284493e-06,6.10286404e-06,2.77419937e-06,5.5486644e-07,1.66455488e-06,5.54930394e-07,1.66524062e-06
72.1721722,2.7204027e-06,9.79085868e-06,4.89198863e-05,0.000422211071,0.00021080233,0.00195523942,0.00101512095,20491.4655,3931.53321,9.91747424e-05,7.17890944e-05,0.000153884432,7.66482796e-05,5.38558737e-05,5.52408049e-05,5.76210786e-05,9311.76448,4.7113495e-05,9421.36234,0.000147371409,0.000252255633,4.33761877e-06,8.14566523e-06,8.13457143e-06,0.000144775424,0.000132680749,6.17216927e-05,1.3567035e-05,6.5171877e-06,5.4334972e-06,5.98247591e-06,2.71947436e-06,5.43920951e-07,1.63171923e-06,5.43983728e-07,1.63239234e-06
72.2722723,2.66674955e-06,9.59775492e-06,4.79549994e-05,0.000413882542,0.000206642889,0.00191663592,0.000995050729,20491.4658,3931.53377,9.72179307e-05,7.03721667e-05,0.000150846132,7.51342351e-05,5.27886482e-05,5.40962549e-05,5.39902688e-05,9304.13795,4.52641944e-05,9413.69156,0.00014446407,0.000247279487,4.25205147e-06,7.98499151e-06,7.97409951e-06,0.000141917086,0.000130061597,6.05039862e-05,1.32994134e-05,6.38863704e-06,5.3263255e-06,5.86448335e-06,2.66583831e-06,5.3319326e-07,1.59953696e-06,5.33254883e-07,1.60019769e-06
72.3723724,2.61416286e-06,9.40848947e-06,4.70092917e-05,0.000405719564,0.000202566132,0.00187879989,0.000975379705,20491.4662,3931.53434,9.53000345e-05,6.89834279e-05,0.000147868305,7.36503481e-05,5.17427967e-05,5.29762356e-05,5.05084046e-05,9296.45977,4.34798685e-05,9405.96851,0.000141614536,0.000242402273,4.16818539e-06,7.82751193e-06,7.81681806e-06,0.000139115624,0.000127494554,5.93104924e-05,1.30371124e-05,6.2626419e-06,5.22128424e-06,5.74883618e-06,2.61326841e-06,5.22678808e-07,1.5679944e-06,5.22739297e-07,1.56864295e-06
72.4724725,2.56261999e-06,9.22298086e-06,4.6082356e-05,0.000397718622,0.000198570304,0.00184171506,0.000956099414,20491.4666,3931.53491,9.34202274e-05,6.76222793e-05,0.000144949667,7.219598e-05,5.07178798e-05,5.18804325e-05,4.71823849e-05,9288.72948,4.17628367e-05,9398.19274,0.000138821582,0.00023762189,4.08598441e-06,7.6731587e-06,7.66265935e-06,0.000136369831,0.000124978514,5.81406973e-05,1.27800188e-05,6.13914805e-06,5.11832821e-06,5.63548464e-06,2.56174202e-06,5.12373069e-07,1.53707795e-06,5.12432445e-07,1.53771457e-06
72.5725726,2.51209848e-06,9.04114822e-06,4.51737883e-05,0.000389876228,0.000194653662,0.00180536525,0.000937201452,20491.467,3931.53547,9.15776888e-05,6.62881261e-05,0.000142088942,7.07704967e-05,4.97134616e-05,5.08085413e-05,4.40194818e-05,9280.94661,4.01155575e-05,9390.36376,0.000136083987,0.000232936254,4.00541266e-06,7.52186449e-06,7.51155614e-06,0.000133678506,0.000122512377,5.69940903e-05,1.25280206e-05,6.0181016e-06,5.01741251e-06,5.52437929e-06,2.51123669e-06,5.02271549e-07,1.50677415e-06,5.02329832e-07,1.50739905e-06
72.6726727,2.46257597e-06,8.86291114e-06,4.42831867e-05,0.000382188913,0.000190814476,0.00176973438,0.000918677464,20491.4675,3931.53604,8.97716027e-05,6.49803771e-05,0.000139284861,6.9373268e-05,4.87291093e-05,4.97602679e-05,4.10273475e-05,9273.1107,3.85406303e-05,9382.4811,0.000133400541,0.000228343291,3.9264345e-06,7.37356237e-06,7.36344155e-06,0.000131040456,0.00012009505,5.58701639e-05,1.22810063e-05,5.89944903e-06,4.91849251e-06,5.41547101e-06,2.46173007e-06,4.9236978e-07,1.47706959e-06,4.92426991e-07,1.47768298e-06
72.7727728,2.41403025e-06,8.68818961e-06,4.34101515e-05,0.000374653229,0.000187051021,0.00173480648,0.000900519145,20491.4679,3931.53661,8.80011576e-05,6.36984442e-05,0.000136536163,6.80036669e-05,4.77643927e-05,4.8735328e-05,3.82140205e-05,9265.22128,3.70407971e-05,9374.54429,0.000130770038,0.000223840939,3.84901447e-06,7.22818576e-06,7.21824908e-06,0.000128454494,0.000117725445,5.47684134e-05,1.2038865e-05,5.78313706e-06,4.82152379e-06,5.3087109e-06,2.41319995e-06,4.82663319e-07,1.44795094e-06,4.82719477e-07,1.44855303e-06
72.8728729,2.36643918e-06,8.51690398e-06,4.25542847e-05,0.000367265739,0.000183361582,0.00170056562,0.000882718224,20491.4684,3931.53719,8.62655451e-05,6.24417417e-05,0.000133841591,6.6661069e-05,4.68188843e-05,4.77334467e-05,3.55879324e-05,9257.27786,3.56189457e-05,9366.55283,0.000128191279,0.000219427143,3.77311723e-06,7.08566835e-06,7.07591249e-06,0.000125919437,0.000115402481,5.36883359e-05,1.18014863e-05,5.66911264e-06,4.72646213e-06,5.20405029e-06,2.3656242e-06,4.73147739e-07,1.41940491e-06,4.73202864e-07,1.41999592e-06
72.972973,2.31978069e-06,8.34897485e-06,4.17151897e-05,0.000360023018,0.000179744448,0.00166699594,0.00086526646,20491.4689,3931.53776,8.45639595e-05,6.12096857e-05,0.000131199892,6.53448522e-05,4.58921582e-05,4.67543583e-05,3.31579141e-05,9249.27996,3.42781111e-05,9358.50624,0.000125663066,0.000215099857,3.69870759e-06,6.94594405e-06,6.93636575e-06,0.000123434108,0.000113125076,5.26294303e-05,1.15687599e-05,5.55732289e-06,4.63326345e-06,5.10144065e-06,2.31898076e-06,4.6381863e-07,1.39141829e-06,4.6387274e-07,1.39199841e-06
73.0730731,2.27403279e-06,8.18432301e-06,4.08924705e-05,0.000352921652,0.000176197915,0.00163408161,0.000848155635,20491.4693,3931.53833,8.28955971e-05,6.00016936e-05,0.000128609818,6.40543957e-05,4.49837901e-05,4.57978061e-05,3.09332024e-05,9241.2271,3.3021478e-05,9350.40402,0.000123184207,0.000210857039,3.62575042e-06,6.80894694e-06,6.79954299e-06,0.00012099733,0.000110892155,5.15911966e-05,1.13405762e-05,5.44771508e-06,4.54188379e-06,5.00083359e-06,2.27324763e-06,4.54671589e-07,1.36397786e-06,4.54724704e-07,1.3645473e-06
73.1731732,2.22917348e-06,8.02286935e-06,4.00857319e-05,0.000345958228,0.000172720277,0.00160180684,0.000831377545,20491.4698,3931.53891,8.1259655e-05,5.88171839e-05,0.00012607012,6.27890796e-05,4.4093357e-05,4.4863542e-05,2.89234468e-05,9233.11878,3.18523829e-05,9342.24566,0.000120753509,0.000206696649,3.55421065e-06,6.67461116e-06,6.66537843e-06,0.000118607929,0.000108702642,5.05731356e-05,1.11168253e-05,5.34023651e-06,4.45227922e-06,4.90218076e-06,2.22840284e-06,4.45702224e-07,1.33707045e-06,4.4575436e-07,1.33762939e-06
73.2732733,2.1851808e-06,7.86453481e-06,3.92945789e-05,0.000339129336,0.000169309834,0.00157015583,0.000814923991,20491.4704,3931.53949,7.96553308e-05,5.76555749e-05,0.00012357955,6.15482844e-05,4.32204363e-05,4.3951326e-05,2.71387156e-05,9224.95449,3.07743164e-05,9334.03067,0.000118369781,0.000202616647,3.48405322e-06,6.5428709e-06,6.53380633e-06,0.000116264732,0.000106555461,4.95747482e-05,1.08973978e-05,5.23483453e-06,4.36440585e-06,4.80543383e-06,2.18442441e-06,4.3690614e-07,1.31068286e-06,4.36957315e-07,1.3112315e-06
73.3733734,2.14203278e-06,7.70924027e-06,3.85186161e-05,0.000332431565,0.00016596488,0.00153911277,0.000798786771,20491.4709,3931.54007,7.80818216e-05,5.65162847e-05,0.000121136861,6.03313903e-05,4.23646059e-05,4.30609264e-05,2.55895028e-05,9216.73374,2.97909253e-05,9325.75853,0.000116031832,0.000198614995,3.41524305e-06,6.41366031e-06,6.4047609e-06,0.000113966564,0.000104449537,4.8595535e-05,1.06821838e-05,5.13145645e-06,4.27821977e-06,4.71054448e-06,2.14129038e-06,4.28278942e-07,1.28480192e-06,4.28329174e-07,1.28534044e-06
73.4734735,2.09970738e-06,7.55690651e-06,3.77574479e-05,0.000325861498,0.00016268371,0.00150866186,0.000782957676,20491.4715,3931.54065,7.65383234e-05,5.53987308e-05,0.000118740801,5.91377766e-05,4.15254435e-05,4.21921191e-05,2.42867343e-05,9208.45601,2.8906015e-05,9317.42871,0.000113738466,0.00019468965,3.347745e-06,6.28691344e-06,6.27817625e-06,0.000111712249,0.000102383793,4.76349959e-05,1.04710736e-05,5.03004952e-06,4.19367698e-06,4.61746428e-06,2.09897874e-06,4.19816228e-07,1.25941443e-06,4.19865534e-07,1.25994301e-06
73.5735736,2.05818256e-06,7.40745412e-06,3.70106772e-05,0.000319415711,0.000159464615,0.00147878723,0.000767428477,20491.472,3931.54123,7.50240302e-05,5.43023288e-05,0.000116390119,5.79668211e-05,4.07025265e-05,4.13446873e-05,2.32417745e-05,9200.12079,2.81235512e-05,9309.04071,0.000111488488,0.000190838563,3.28152387e-06,6.16256419e-06,6.15398634e-06,0.000109500607,0.000100357149,4.66926297e-05,1.0263957e-05,4.93056085e-06,4.11073341e-06,4.5261447e-06,2.05746742e-06,4.11513587e-07,1.23450713e-06,4.11561984e-07,1.23502596e-06
73.6736737,2.01743617e-06,7.26080342e-06,3.62779061e-05,0.000313090767,0.000156305877,0.00144947297,0.000752190921,20491.4726,3931.54181,7.3538133e-05,5.32264927e-05,0.000114083555,5.68178995e-05,3.98954309e-05,4.05184214e-05,2.24664332e-05,9191.72756,2.74476627e-05,9300.59398,0.000109280697,0.000187059681,3.21654432e-06,6.04054623e-06,6.03212491e-06,0.000107330457,9.83685208e-05,4.57679333e-05,1.00607234e-05,4.83293737e-06,4.0293448e-06,4.43653706e-06,2.0167343e-06,4.03366591e-07,1.21006677e-06,4.03414094e-07,1.21057601e-06
73.7737738,1.97759873e-06,7.11742414e-06,3.55614817e-05,0.000306906927,0.000153217618,0.00142081286,0.000737293463,20491.4732,3931.54239,7.20854103e-05,5.21746883e-05,0.000111828535,5.5694621e-05,3.91061309e-05,3.9707081e-05,2.15273926e-05,9183.27585,2.67203625e-05,9292.08805,0.000107122179,0.000183365124,3.15301486e-06,5.92125079e-06,5.91298296e-06,0.0001052088,9.64243197e-05,4.4863876e-05,9.86202487e-06,4.73749208e-06,3.94977206e-06,4.34892843e-06,1.97690987e-06,3.95401341e-07,1.18617163e-06,3.95447969e-07,1.18667147e-06
73.8738739,1.93867309e-06,6.97732653e-06,3.48614552e-05,0.000300864634,0.000150200058,0.00139280895,0.000722737134,20491.4738,3931.54298,7.06659675e-05,5.11469927e-05,0.00010962522,5.45970542e-05,3.83345953e-05,3.89094736e-05,2.03638686e-05,9174.76513,2.59193414e-05,9283.5224,0.00010501309,0.000179755159,3.09094005e-06,5.80468643e-06,5.79656908e-06,0.000103135794,9.45246888e-05,4.39805233e-05,9.66787556e-06,4.64423183e-06,3.87202088e-06,4.26332509e-06,1.93799698e-06,3.87618407e-07,1.16282342e-06,3.87664176e-07,1.16331406e-06
73.973974,1.90052338e-06,6.8400216e-06,3.41753832e-05,0.000294942798,0.000147242664,0.00136536361,0.00070847144,20491.4744,3931.54356,6.92748336e-05,5.01398008e-05,0.000107465887,5.35214208e-05,3.75786145e-05,3.81298913e-05,1.9319785e-05,9166.19484,2.5169686e-05,9274.89643,0.000102946055,0.000176217169,3.03010292e-06,5.69044594e-06,5.68247632e-06,0.000101104156,9.26629606e-05,4.31147851e-05,9.47759706e-06,4.55283083e-06,3.79581972e-06,4.17942819e-06,1.89985979e-06,3.79990618e-07,1.13994064e-06,3.80035545e-07,1.14042224e-06
74.0740741,1.86313335e-06,6.70545087e-06,3.35029736e-05,0.000289138897,0.000144344179,0.00133846518,0.000694490323,20491.475,3931.54415,6.79114152e-05,4.91526826e-05,0.000105349611,5.24672599e-05,3.68378575e-05,3.73678971e-05,1.83901417e-05,9157.56441,2.4469404e-05,9266.2096,0.000100920194,0.000172749647,2.97047752e-06,5.57848065e-06,5.57065608e-06,9.91130196e-05,9.08383405e-05,4.22662926e-05,9.29110829e-06,4.46325015e-06,3.7211361e-06,4.09720199e-06,1.86248204e-06,3.72514726e-07,1.11751354e-06,3.72558825e-07,1.11798627e-06
74.1741742,1.82648691e-06,6.57355644e-06,3.28439372e-05,0.000283450435,0.000141503355,0.0013121021,0.000680787784,20491.4757,3931.54474,6.6575125e-05,4.81852126e-05,0.000103275479,5.14341149e-05,3.61119956e-05,3.66230465e-05,1.75694182e-05,9148.87332,2.38163135e-05,9257.46133,9.89346336e-05,0.0001693511,2.9120382e-06,5.46874239e-06,5.4610602e-06,9.71615253e-05,8.90500417e-05,4.14346803e-05,9.10832899e-06,4.37545123e-06,3.64793789e-06,4.01661112e-06,1.82584767e-06,3.65187514e-07,1.09553246e-06,3.65230801e-07,1.09599649e-06
74.2742743,1.79056813e-06,6.44428098e-06,3.21979875e-05,0.00027787494,0.00013871896,0.00128626293,0.000667357887,20491.4763,3931.54533,6.52653813e-05,4.72369692e-05,0.000101242586,5.04215332e-05,3.54007023e-05,3.58948863e-05,1.68515578e-05,9140.12099,2.3208037e-05,9248.65109,9.69885106e-05,0.000166020051,2.85475953e-06,5.3611834e-06,5.35364103e-06,9.52488225e-05,8.72972851e-05,4.06195864e-05,8.92917965e-06,4.28939588e-06,3.57619327e-06,3.93762052e-06,1.78994073e-06,3.58005796e-07,1.07398786e-06,3.58048287e-07,1.07444334e-06
74.3743744,1.75536122e-06,6.31756763e-06,3.15648403e-05,0.00027240996,0.000135989768,0.00126093633,0.000654194743,20491.477,3931.54592,6.39816071e-05,4.63075343e-05,9.92500334e-05,4.94290661e-05,3.4703653e-05,3.51829543e-05,1.62299508e-05,9131.30688,2.26419948e-05,9239.77829,9.50809685e-05,0.000162755033,2.7986163e-06,5.25575639e-06,5.24835128e-06,9.33740679e-05,8.5579298e-05,3.9820652e-05,8.75358145e-06,4.20504626e-06,3.50587066e-06,3.86019546e-06,1.75474545e-06,3.50966413e-07,1.05287026e-06,3.51008122e-07,1.05331734e-06
74.4744745,1.7208505e-06,6.19336e-06,3.0944214e-05,0.000267053064,0.000133314567,0.00123611105,0.000641292513,20491.4777,3931.54651,6.27232302e-05,4.53964933e-05,9.72969318e-05,4.84562682e-05,3.40205245e-05,3.44867788e-05,1.56974174e-05,9122.43042,2.21153994e-05,9230.84236,9.32111573e-05,0.000159554592,2.74358352e-06,5.15241439e-06,5.14514406e-06,9.15364248e-05,8.38953138e-05,3.90375214e-05,8.58145618e-06,4.1223648e-06,3.43693876e-06,3.78430147e-06,1.72024614e-06,3.44066232e-07,1.03217025e-06,3.44107173e-07,1.0326091e-06
74.5745746,1.68702041e-06,6.07160207e-06,3.03358287e-05,0.000261801837,0.000130692151,0.00121177592,0.000628645401,20491.4783,3931.5471,6.14896824e-05,4.45034343e-05,9.53823963e-05,4.7502697e-05,3.3350995e-05,3.38058774e-05,1.52461919e-05,9113.49104,2.16252484e-05,9221.84274,9.13782335e-05,0.000156417285,2.68963635e-06,5.05111081e-06,5.0439728e-06,8.97350624e-05,8.22445717e-05,3.8269841e-05,8.41272622e-06,4.0413142e-06,3.36936648e-06,3.70990433e-06,1.68642725e-06,3.37302142e-07,1.0118785e-06,3.37342329e-07,1.01230927e-06
74.6746747,1.65385549e-06,5.95223822e-06,2.97394064e-05,0.000256653881,0.000128121323,0.00118791983,0.000616247647,20491.4791,3931.5477,6.02803991e-05,4.36279482e-05,9.35055483e-05,4.65679127e-05,3.26947437e-05,3.31397572e-05,1.48679054e-05,9104.48816,2.11683192e-05,9212.77882,8.95813588e-05,0.000153341677,2.63675012e-06,4.95179933e-06,4.94479125e-06,8.79691551e-05,8.06263153e-05,3.75172598e-05,8.2473144e-06,3.96185742e-06,3.30312294e-06,3.63697003e-06,1.65327333e-06,3.30671051e-07,9.91985742e-07,3.30710498e-07,9.92408572e-07
74.7747748,1.62134037e-06,5.8352131e-06,2.91546707e-05,0.000251606809,0.000125600892,0.00116453175,0.000604093524,20491.4798,3931.54829,5.90948189e-05,4.2769628e-05,9.16655137e-05,4.56514776e-05,3.20514503e-05,3.24879135e-05,1.45535697e-05,9095.42121,2.07411621e-05,9203.65002,8.78196994e-05,0.00015032634,2.58490031e-06,4.85443388e-06,4.84755339e-06,8.62378819e-05,7.90397926e-05,3.67794284e-05,8.08514401e-06,3.88395761e-06,3.2381774e-06,3.56546477e-06,1.62076901e-06,3.24169884e-07,9.72482747e-07,3.24208605e-07,9.72897785e-07
74.8748749,1.58945974e-06,5.72047166e-06,2.85813465e-05,0.000246658247,0.000123129674,0.0011416007,0.000592177333,20491.4805,3931.54889,5.79323829e-05,4.19280687e-05,8.98614226e-05,4.47529562e-05,3.14207951e-05,3.18498297e-05,1.42935606e-05,9086.28959,2.03400944e-05,9194.45575,8.60924258e-05,0.000147369857,2.53406248e-06,4.75896864e-06,4.75221343e-06,8.45404258e-05,7.74842551e-05,3.60559994e-05,7.92613868e-06,3.80757809e-06,3.17449931e-06,3.49535488e-06,1.58889898e-06,3.17795582e-07,9.53360338e-07,3.1783359e-07,9.53767727e-07
74.974975,1.55819837e-06,5.60795902e-06,2.80191596e-05,0.000241805831,0.000120706486,0.00111911573,0.000580493398,20491.4812,3931.54948,5.67925345e-05,4.11028669e-05,8.80924081e-05,4.3871914e-05,3.08024587e-05,3.12249763e-05,1.40776011e-05,9077.09271,1.99611943e-05,9185.19539,8.43987113e-05,0.000144470811,2.48421233e-06,4.66535795e-06,4.65872575e-06,8.28759727e-05,7.59589572e-05,3.53466265e-05,7.77022237e-06,3.73268234e-06,3.11205821e-06,3.42660685e-06,1.55764801e-06,3.11545098e-07,9.34609371e-07,3.11582406e-07,9.35009251e-07
75.0750751,1.52754106e-06,5.49762051e-06,2.7467837e-05,0.000237047202,0.000118330154,0.00109706594,0.00056903606,20491.482,3931.55008,5.56747186e-05,4.02936204e-05,8.63576062e-05,4.30079179e-05,3.01961213e-05,3.06128105e-05,1.3894745e-05,9067.82997,1.96002943e-05,9175.86835,8.27377321e-05,0.000141627793,2.4353256e-06,4.57355627e-06,4.5670449e-06,8.12437112e-05,7.44631555e-05,3.46509646e-05,7.61731924e-06,3.65923393e-06,3.05082373e-06,3.35918725e-06,1.52700091e-06,3.05415392e-07,9.16220732e-07,3.05452013e-07,9.16613239e-07
75.1751752,1.49747264e-06,5.38940157e-06,2.69271058e-05,0.000232380009,0.000115999502,0.00107544045,0.000557799675,20491.4828,3931.55068,5.45783817e-05,3.94999277e-05,8.46561545e-05,4.21605356e-05,2.96014626e-05,3.00127757e-05,1.37333602e-05,9058.50077,1.92529751e-05,9166.47401,8.1108666e-05,0.000138839397,2.38737811e-06,4.48351821e-06,4.47712548e-06,7.96428315e-05,7.29961084e-05,3.39686693e-05,7.46735365e-06,3.58719653e-06,2.9907656e-06,3.29306275e-06,1.49694252e-06,2.99403434e-07,8.98185326e-07,2.9943938e-07,8.98570594e-07
75.2752753,1.46797799e-06,5.28324771e-06,2.63966941e-05,0.000227801902,0.000113713359,0.00105422839,0.000546778603,20491.4835,3931.55128,5.35029706e-05,3.8721388e-05,8.29871918e-05,4.13293351e-05,2.9018162e-05,2.94243006e-05,1.35811123e-05,9049.10448,1.89145596e-05,9157.01173,7.95106922e-05,0.000136104217,2.34034569e-06,4.3951984e-06,4.38892221e-06,7.80725252e-05,7.15570752e-05,3.32993968e-05,7.32025003e-06,3.51653386e-06,2.93185356e-06,3.22820003e-06,1.46745771e-06,2.93506196e-07,8.80494072e-07,2.93541479e-07,8.80872232e-07
75.3753754,1.43904196e-06,5.17910447e-06,2.58763296e-05,0.000223310534,0.000111470553,0.0010334189,0.000535967212,20491.4843,3931.55188,5.24479328e-05,3.79576008e-05,8.13498571e-05,4.05138842e-05,2.84458975e-05,2.88467988e-05,1.34249478e-05,9039.6405,1.85801065e-05,9147.48091,7.79429901e-05,0.000133420849,2.2942042e-06,4.30855151e-06,4.30238979e-06,7.65319838e-05,7.01453155e-05,3.26428032e-05,7.17593289e-06,3.44720964e-06,2.87405737e-06,3.16456583e-06,1.43853134e-06,2.87720652e-07,8.63137893e-07,2.87755284e-07,8.63509071e-07
75.4754755,1.41064942e-06,5.07691739e-06,2.53657402e-05,0.000218903555,0.000109269911,0.00101300112,0.000525359865,20491.4851,3931.55249,5.14127153e-05,3.72081652e-05,7.97432892e-05,3.97137507e-05,2.7884346e-05,2.8279668e-05,1.32510776e-05,9030.10821,1.82444041e-05,9137.88089,7.64047388e-05,0.000130787889,2.24892948e-06,4.2235322e-06,4.21748292e-06,7.50203991e-05,6.87600887e-05,3.19985449e-05,7.03432668e-06,3.37918761e-06,2.8173468e-06,3.10212686e-06,1.41014829e-06,2.82043776e-07,8.46107709e-07,2.82077768e-07,8.46472031e-07
75.5755756,1.38278522e-06,4.97663191e-06,2.48646535e-05,0.000214578615,0.00010711026,0.000992964175,0.000514950918,20491.4859,3931.55309,5.03967646e-05,3.647268e-05,7.81666255e-05,3.89285014e-05,2.73331828e-05,2.77222899e-05,1.30449605e-05,9020.50696,1.79019642e-05,9128.21105,7.48951166e-05,0.000128203931,2.20449735e-06,4.14009508e-06,4.13415625e-06,7.35369613e-05,6.74006534e-05,3.13662775e-05,6.89535579e-06,3.31243143e-06,2.76169157e-06,3.04084978e-06,1.3822934e-06,2.76472537e-07,8.29394429e-07,2.76505902e-07,8.29752018e-07
75.6756757,1.35543416e-06,4.87819339e-06,2.43727964e-05,0.000210333358,0.000104990424,0.000973297162,0.000504734716,20491.4867,3931.55369,4.93995259e-05,3.57507429e-05,7.66190017e-05,3.81577021e-05,2.67920815e-05,2.71740287e-05,1.27912863e-05,9010.83612,1.75470156e-05,9118.47074,7.34133e-05,0.000125667564,2.16088358e-06,4.05819465e-06,4.05236434e-06,7.20808594e-05,6.60662665e-05,3.07456562e-05,6.75894443e-06,3.24690472e-06,2.70706134e-06,2.98070119e-06,1.35495149e-06,2.710039e-07,8.12988945e-07,2.71036648e-07,8.13339919e-07
75.7757758,1.3286289e-06,4.78171927e-06,2.38907553e-05,0.000206172837,0.000102912919,0.000954023234,0.000494723127,20491.4876,3931.5543,4.84221958e-05,3.50432236e-05,7.5102298e-05,3.74023168e-05,2.62618798e-05,2.66379747e-05,1.26004015e-05,9001.09477,1.7220422e-05,9108.65901,7.19610616e-05,0.000123181822,2.11814031e-06,3.97792875e-06,3.97220498e-06,7.06538458e-05,6.47585321e-05,3.01374235e-05,6.62525563e-06,3.18268576e-06,2.65352135e-06,2.9217529e-06,1.32815521e-06,2.65644391e-07,7.96910838e-07,2.65676533e-07,7.97255321e-07
75.8758759,1.30250487e-06,4.68769689e-06,2.3420964e-05,0.000202118035,0.00010088819,0.00093523873,0.000484965685,20491.4884,3931.55491,4.74697352e-05,3.43537254e-05,7.36242941e-05,3.66663161e-05,2.57459197e-05,2.6125244e-05,1.28535683e-05,8991.2814,1.7063589e-05,9098.77433,7.05457545e-05,0.000120759283,2.0764839e-06,3.89970337e-06,3.8940839e-06,6.92631844e-05,6.34841007e-05,2.95446603e-05,6.49496578e-06,3.12009932e-06,2.60134233e-06,2.86430284e-06,1.30203997e-06,2.60421096e-07,7.81241367e-07,2.60452647e-07,7.81579497e-07
75.975976,1.2768966e-06,4.59553087e-06,2.29604489e-05,0.000198143311,9.89034672e-05,0.000916825764,0.000475401672,20491.4893,3931.55551,4.65360867e-05,3.36778499e-05,7.21755013e-05,3.59448704e-05,2.52402095e-05,2.56234078e-05,1.31365622e-05,8981.39621,1.69227113e-05,9088.81691,6.91583979e-05,0.000118384583,2.03565009e-06,3.8230226e-06,3.81750553e-06,6.79000077e-05,6.22348531e-05,2.8963604e-05,6.36724871e-06,3.0587487e-06,2.55019358e-06,2.80798706e-06,1.27644033e-06,2.55300929e-07,7.65881268e-07,2.55331897e-07,7.66213162e-07
76.0760761,1.25179345e-06,4.50518283e-06,2.25090183e-05,0.000194247011,9.69579219e-05,0.00089877665,0.000466027084,20491.4901,3931.55612,4.56208609e-05,3.30153151e-05,7.07553141e-05,3.52376766e-05,2.4744529e-05,2.51321296e-05,1.34434293e-05,8971.43851,1.67954993e-05,9078.78605,6.77984133e-05,0.000116056732,1.99562186e-06,3.7478545e-06,3.74243797e-06,6.65637466e-05,6.10102677e-05,2.83940123e-05,6.24205118e-06,2.99860831e-06,2.50005378e-06,2.75278209e-06,1.25134565e-06,2.50281754e-07,7.50824141e-07,2.50312152e-07,7.51149914e-07
76.1761762,1.22718488e-06,4.41661493e-06,2.20664831e-05,0.000190427501,9.50507389e-05,0.000881083813,0.000456837974,20491.491,3931.55673,4.47236742e-05,3.23658431e-05,6.93631357e-05,3.45444363e-05,2.42586604e-05,2.46510724e-05,1.37680297e-05,8961.4076,1.66795965e-05,9068.68104,6.6465231e-05,0.000113774755,1.95638246e-06,3.67416757e-06,3.66884975e-06,6.52538402e-05,5.98098309e-05,2.78356466e-05,6.11932075e-06,2.93965296e-06,2.45090195e-06,2.69866482e-06,1.2267454e-06,2.45361472e-07,7.36063682e-07,2.45391309e-07,7.36383447e-07
76.2762763,1.20306055e-06,4.32978987e-06,2.16326568e-05,0.000186683173,9.31811144e-05,0.000863739783,0.000447830447,20491.4919,3931.55734,4.38441483e-05,3.17291597e-05,6.79983779e-05,3.3864855e-05,2.37823888e-05,2.4179899e-05,1.41040367e-05,8951.30279,1.6572579e-05,9058.50117,6.51582892e-05,0.00011153769,1.91791534e-06,3.60193079e-06,3.59670988e-06,6.39697355e-05,5.8633036e-05,2.72882714e-05,5.99900572e-06,2.88185783e-06,2.40271737e-06,2.64561246e-06,1.20262923e-06,2.40538008e-07,7.21593675e-07,2.40567296e-07,7.21907542e-07
76.3763764,1.17941023e-06,4.24467087e-06,2.12073557e-05,0.000183012439,9.13482552e-05,0.00084673719,0.000439000659,20491.4928,3931.55795,4.29819103e-05,3.11049948e-05,6.66604607e-05,3.31986425e-05,2.33155022e-05,2.37182712e-05,1.44449349e-05,8941.12334,1.6471955e-05,9048.2457,6.38770338e-05,0.00010934459,1.8802042e-06,3.53111353e-06,3.52598778e-06,6.27108873e-05,5.74793836e-05,2.67516548e-05,5.8810551e-06,2.82519843e-06,2.35547963e-06,2.59360253e-06,1.17898691e-06,2.35809321e-07,7.07407989e-07,2.35838069e-07,7.07716067e-07
76.4764765,1.15622383e-06,4.16122162e-06,2.07903983e-05,0.000179413733,8.95513787e-05,0.000830068759,0.000430344814,20491.4937,3931.55856,4.2136592e-05,3.04930817e-05,6.53488114e-05,3.2545512e-05,2.28577905e-05,2.32658504e-05,1.47840191e-05,8930.86855,1.63751644e-05,9037.91391,6.26209181e-05,0.000107194518,1.84323295e-06,3.46168559e-06,3.45665328e-06,6.14767574e-05,5.63483805e-05,2.62255677e-05,5.76541856e-06,2.76965058e-06,2.30916859e-06,2.54261285e-06,1.15580837e-06,2.31173394e-07,6.93500574e-07,2.31201611e-07,6.93802969e-07
76.5765766,1.1334914e-06,4.07940629e-06,2.03816055e-05,0.00017588551,8.77897119e-05,0.000813727303,0.00042185916,20491.4946,3931.55918,4.13078302e-05,2.98931571e-05,6.4062865e-05,3.19051807e-05,2.24090464e-05,2.28222968e-05,1.51143929e-05,8920.53768,1.62795778e-05,9027.50504,6.13894024e-05,0.00010508655,1.80698571e-06,3.39361714e-06,3.38867657e-06,6.02668146e-05,5.52395402e-05,2.5709784e-05,5.65204643e-06,2.71519042e-06,2.26376434e-06,2.49262152e-06,1.13308366e-06,2.26628234e-07,6.79865458e-07,2.26655932e-07,6.80162275e-07
76.6766767,1.11120311e-06,3.99918946e-06,1.99808005e-05,0.00017242624,8.60624913e-05,0.000797705721,0.000413539987,20491.4956,3931.55979,4.04952658e-05,2.93049609e-05,6.28020631e-05,3.12773689e-05,2.19690646e-05,2.23872695e-05,1.54289674e-05,8910.12999,1.61824964e-05,9017.01836,6.01819533e-05,0.000103019775,1.77144678e-06,3.32687873e-06,3.32202824e-06,5.9080534e-05,5.41523817e-05,2.52040804e-05,5.54088964e-06,2.66179438e-06,2.21924725e-06,2.44360691e-06,1.11080293e-06,2.22171877e-07,6.66496739e-07,2.22199064e-07,6.6678808e-07
76.7767768,1.08934922e-06,3.92053615e-06,1.95878082e-05,0.000169034414,8.43689618e-05,0.000781996988,0.000405383625,20491.4965,3931.5604,3.9698544e-05,2.87282359e-05,6.15658538e-05,3.06618002e-05,2.15376417e-05,2.19604267e-05,1.57204595e-05,8899.64473,1.60811509e-05,9006.45311,5.89980438e-05,0.000100993289,1.73660065e-06,3.26144122e-06,3.25667918e-06,5.79173968e-05,5.30864299e-05,2.47082362e-05,5.43189966e-06,2.60943917e-06,2.17559787e-06,2.39554764e-06,1.08895647e-06,2.17802376e-07,6.53388587e-07,2.17829062e-07,6.53674551e-07
76.8768769,1.06792012e-06,3.84341173e-06,1.92024558e-05,0.000165708538,8.27083765e-05,0.000766594155,0.00039738644,20491.4974,3931.56102,3.89173139e-05,2.81627279e-05,6.03536912e-05,3.00582011e-05,2.11145763e-05,2.15414247e-05,1.59813912e-05,8889.08116,1.59727016e-05,8995.8085,5.78371525e-05,9.90062017e-05,1.70243198e-06,3.19727582e-06,3.19260063e-06,5.67768899e-05,5.20412146e-05,2.42220328e-05,5.32502852e-06,2.55810172e-06,2.13279701e-06,2.34842254e-06,1.06753466e-06,2.1351781e-07,6.40535231e-07,2.13544004e-07,6.40815917e-07
76.976977,1.04690629e-06,3.76778195e-06,1.88245719e-05,0.000162447133,8.10799959e-05,0.00075149034,0.00038954483,20491.4984,3931.56163,3.8151228e-05,2.76081851e-05,5.9165035e-05,2.94663009e-05,2.06996689e-05,2.11299187e-05,1.62040875e-05,8878.43849,1.58542372e-05,8985.08377,5.66987635e-05,9.70576285e-05,1.66892559e-06,3.13435401e-06,3.12976411e-06,5.56585054e-05,5.10162705e-05,2.37452542e-05,5.22022873e-06,2.50775924e-06,2.09082564e-06,2.3022107e-06,1.04652799e-06,2.09316276e-07,6.27930963e-07,2.09341986e-07,6.28206467e-07
77.0770771,1.02629831e-06,3.69361287e-06,1.84539869e-05,0.000159248734,7.94830878e-05,0.000736678724,0.000381855227,20491.4994,3931.56225,3.73999425e-05,2.70643585e-05,5.79993503e-05,2.88858316e-05,2.02927214e-05,2.07255617e-05,1.63806755e-05,8867.71596,1.57227745e-05,8974.27814,5.55823657e-05,9.51466953e-05,1.63606643e-06,3.07264755e-06,3.06814141e-06,5.45617404e-05,5.0011137e-05,2.32776864e-05,5.11745326e-06,2.45838914e-06,2.04966493e-06,2.25689138e-06,1.02592704e-06,2.05195887e-07,6.15570128e-07,2.05221123e-07,6.15840545e-07
77.1771772,1.00608683e-06,3.62087087e-06,1.80905329e-05,0.00015611189,7.7916926e-05,0.000722152544,0.000374314086,20491.5003,3931.56287,3.66631164e-05,2.65310009e-05,5.68561067e-05,2.83165273e-05,1.98935372e-05,2.03280053e-05,1.65030829e-05,8856.91279,1.5575258e-05,8963.3908,5.44874527e-05,9.32725354e-05,1.60383961e-06,3.01212847e-06,3.00770458e-06,5.34860964e-05,4.90253573e-05,2.28191172e-05,5.01665549e-06,2.40996902e-06,2.00929622e-06,2.21244403e-06,1.00572246e-06,2.01154777e-07,6.03447122e-07,2.01179547e-07,6.03712544e-07
77.2772773,9.86262597e-07,3.54952259e-06,1.77340431e-05,0.000153035162,7.63807905e-05,0.000707905092,0.000366917892,20491.5013,3931.56349,3.59404118e-05,2.60078674e-05,5.57347785e-05,2.77581244e-05,1.9501921e-05,1.99368988e-05,1.65630364e-05,8846.02819,1.54085589e-05,8952.42095,5.34135223e-05,9.14342892e-05,1.57223035e-06,2.95276902e-06,2.94842591e-06,5.24310792e-05,4.80584787e-05,2.23693362e-05,4.91778922e-06,2.36247669e-06,1.96970101e-06,2.16884828e-06,9.85904989e-07,1.97191094e-07,5.91556389e-07,1.97215406e-07,5.91816906e-07
77.3773774,9.66816406e-07,3.47953495e-06,1.73843521e-05,0.00015001712,7.48739663e-05,0.000693929705,0.00035966315,20491.5023,3931.56411,3.5231493e-05,2.54947149e-05,5.46348438e-05,2.72103615e-05,1.91176788e-05,1.95518893e-05,1.6552061e-05,8835.06136,1.52194751e-05,8941.36779,5.2360076e-05,8.96311038e-05,1.54122397e-06,2.89454166e-06,2.89027789e-06,5.1396198e-05,4.71100516e-05,2.19281348e-05,4.82080856e-06,2.31589012e-06,1.93086093e-06,2.12608391e-06,9.66465442e-07,1.93302998e-07,5.79892413e-07,1.93326861e-07,5.80148114e-07
77.4774775,9.47739129e-07,3.41087507e-06,1.70412956e-05,0.000147056345,7.33957434e-05,0.000680219763,0.000352546384,20491.5033,3931.56473,3.4536027e-05,2.4991302e-05,5.35557844e-05,2.66729785e-05,1.87406175e-05,1.91726216e-05,1.64614778e-05,8824.01148,1.50047301e-05,8930.23048,5.13266189e-05,8.78621319e-05,1.51080591e-06,2.83741905e-06,2.8332332e-06,5.03809658e-05,4.61796299e-05,2.14953056e-05,4.72566797e-06,2.27018743e-06,1.89275773e-06,2.08413083e-06,9.47394689e-07,1.89488664e-07,5.68449718e-07,1.89512086e-07,5.68700689e-07
77.5775776,9.29021692e-07,3.34351029e-06,1.67047103e-05,0.000144151426,7.19454157e-05,0.00066676868,0.000345564134,20491.5043,3931.56535,3.38536827e-05,2.44973888e-05,5.24970852e-05,2.61457171e-05,1.8370545e-05,1.87987381e-05,1.62824031e-05,8812.87774,1.47609725e-05,8919.00821,5.0312659e-05,8.61265316e-05,1.48096169e-06,2.78137399e-06,2.77726469e-06,4.93848982e-05,4.52667698e-05,2.10706424e-05,4.63232216e-06,2.22534686e-06,1.85537328e-06,2.0429691e-06,9.28683656e-07,1.85746277e-07,5.57222859e-07,1.85769266e-07,5.57469185e-07
77.6776777,9.10655067e-07,3.27740811e-06,1.63744338e-05,0.000141300961,7.05222808e-05,0.000653569905,0.000338712958,20491.5054,3931.56597,3.31841306e-05,2.40127365e-05,5.14582339e-05,2.56283204e-05,1.80072698e-05,1.84298783e-05,1.60057472e-05,8801.65932,1.44847759e-05,8907.70012,4.9317707e-05,8.44234652e-05,1.45167692e-06,2.72637945e-06,2.72234534e-06,4.84075136e-05,4.43710301e-05,2.06539403e-05,4.5407261e-06,2.18134678e-06,1.81868956e-06,2.00257885e-06,9.10323321e-07,1.82074033e-07,5.46206423e-07,1.82096597e-07,5.46448187e-07
77.7777778,8.92630269e-07,3.21253619e-06,1.60503043e-05,0.000138503552,6.91256394e-05,0.000640616908,0.000331989419,20491.5064,3931.56659,3.25270429e-05,2.35371077e-05,5.04387205e-05,2.51205326e-05,1.76506011e-05,1.8065679e-05,1.56222125e-05,8790.35538,1.41726378e-05,8896.30538,4.83412757e-05,8.27520993e-05,1.42293726e-06,2.67240852e-06,2.66844828e-06,4.74483326e-05,4.34919715e-05,2.02449954e-05,4.45083496e-06,2.13816567e-06,1.78268861e-06,1.96294033e-06,8.92304699e-07,1.78470135e-07,5.3539502e-07,1.78492281e-07,5.35632302e-07
77.8778779,8.74985434e-07,3.14903188e-06,1.57330095e-05,0.000135765156,6.77584938e-05,0.000627938168,0.000325409002,20491.5074,3931.56721,3.18838123e-05,2.30715138e-05,4.94407262e-05,2.46234799e-05,1.73015745e-05,1.77108959e-05,1.53396957e-05,8778.96423,1.39012288e-05,8884.82226,4.73854347e-05,8.11159754e-05,1.39480358e-06,2.61957547e-06,2.61568769e-06,4.65093977e-05,4.26314643e-05,1.98446744e-05,4.3628391e-06,2.09589495e-06,1.74744664e-06,1.92413741e-06,8.74665916e-07,1.74942209e-07,5.24811524e-07,1.74963944e-07,5.25044412e-07
77.977978,8.57736277e-07,3.08695181e-06,1.54228328e-05,0.00013308823,6.64220848e-05,0.000615545498,0.000318978184,20491.5085,3931.56784,3.12550128e-05,2.26163721e-05,4.8465152e-05,2.41376309e-05,1.69606416e-05,1.736784e-05,1.52622482e-05,8767.48458,1.37088879e-05,8873.24947,4.64510369e-05,7.95165535e-05,1.36730097e-06,2.5679274e-06,2.56411064e-06,4.55915516e-05,4.17902797e-05,1.94533348e-05,4.27681698e-06,2.05457228e-06,1.71299504e-06,1.88620466e-06,8.57422686e-07,1.71493396e-07,5.14465364e-07,1.7151473e-07,5.14693947e-07
78.0780781,8.40825051e-07,3.026088e-06,1.51187337e-05,0.000130463768,6.51118815e-05,0.000603396129,0.000312673929,20491.5096,3931.56846,3.06385362e-05,2.21701524e-05,4.75087028e-05,2.36612994e-05,1.66263408e-05,1.70308256e-05,1.5154424e-05,8755.91645,1.35086368e-05,8861.58699,4.55349498e-05,7.79484722e-05,1.34033728e-06,2.51729128e-06,2.51354427e-06,4.46917048e-05,4.09655886e-05,1.90696643e-05,4.1924804e-06,2.01405926e-06,1.67921845e-06,1.84901507e-06,8.40517275e-07,1.6811215e-07,5.04321901e-07,1.6813309e-07,5.04546257e-07
78.1781782,8.24245092e-07,2.96641648e-06,1.48205922e-05,0.000127890733,6.38273659e-05,0.000591485238,0.000306493715,20491.5106,3931.56909,3.00341395e-05,2.17326787e-05,4.65710012e-05,2.31942974e-05,1.62985403e-05,1.66997191e-05,1.50163663e-05,8744.25891,1.330046e-05,8849.83391,4.4636812e-05,7.64111132e-05,1.31390187e-06,2.46764717e-06,2.46396863e-06,4.3809502e-05,4.01570656e-05,1.86935116e-05,4.1097961e-06,1.97433992e-06,1.64610354e-06,1.81255398e-06,8.23943023e-07,1.64797138e-07,4.94377136e-07,1.64817692e-07,4.94597344e-07
78.2782783,8.07989859e-07,2.90791369e-06,1.45282907e-05,0.000125368108,6.25680297e-05,0.00057980809,0.00030043506,20491.5117,3931.56971,2.94415841e-05,2.13037781e-05,4.56516769e-05,2.27364405e-05,1.59771111e-05,1.63743957e-05,1.48485437e-05,8732.51103,1.30844627e-05,8837.98929,4.37562691e-05,7.49038698e-05,1.28798432e-06,2.41897547e-06,2.41536416e-06,4.29445945e-05,3.93643911e-05,1.83247283e-05,4.02873146e-06,1.93539857e-06,1.61363725e-06,1.77680701e-06,8.07693389e-07,1.61547054e-07,4.84627146e-07,1.61567227e-07,4.84843281e-07
78.3783784,7.92052927e-07,2.85055651e-06,1.42417136e-05,0.000122894897,6.13333734e-05,0.000568360031,0.000294495529,20491.5128,3931.57034,2.88606357e-05,2.08832811e-05,4.47503663e-05,2.22875476e-05,1.56619273e-05,1.60547401e-05,1.46517614e-05,8720.67189,1.28608744e-05,8826.05216,4.28929729e-05,7.34261461e-05,1.26257436e-06,2.37125695e-06,2.36771164e-06,4.20966399e-05,3.85872514e-05,1.79631684e-05,3.94925443e-06,1.89721984e-06,1.58180675e-06,1.74176004e-06,7.91761952e-07,1.58360612e-07,4.75068078e-07,1.58380412e-07,4.75280216e-07
78.4784785,7.76427986e-07,2.79432223e-06,1.39607473e-05,0.000120470117,6.01229063e-05,0.000557136488,0.000288672722,20491.5139,3931.57097,2.82910642e-05,2.04710209e-05,4.3866712e-05,2.18474413e-05,1.53528657e-05,1.57406463e-05,1.44271718e-05,8708.74054,1.26300534e-05,8814.02158,4.20465815e-05,7.19773567e-05,1.23766195e-06,2.3244727e-06,2.3209922e-06,4.12653018e-05,3.78253382e-05,1.76086888e-05,3.87133352e-06,1.8597886e-06,1.55059943e-06,1.70739918e-06,7.76142404e-07,1.5523655e-07,4.65696147e-07,1.55255984e-07,4.65904361e-07
78.5785786,7.61108835e-07,2.73918851e-06,1.36852803e-05,0.000118092805,5.8936146e-05,0.000546132965,0.000282964283,20491.515,3931.57159,2.77326435e-05,2.00668339e-05,4.30003633e-05,2.14159471e-05,1.50498056e-05,1.54320177e-05,1.41762856e-05,8696.71601,1.23924903e-05,8801.89656,4.12167586e-05,7.05569265e-05,1.21323718e-06,2.27860416e-06,2.27518729e-06,4.04502495e-05,3.70783488e-05,1.72611487e-05,3.79493782e-06,1.82308999e-06,1.52000291e-06,1.67371079e-06,7.60828545e-07,1.52173629e-07,4.56507634e-07,1.52192704e-07,4.56711996e-07
78.6786787,7.46089376e-07,2.68513342e-06,1.34152029e-05,0.000115762013,5.77726181e-05,0.000535345037,0.000277367888,20491.5161,3931.57222,2.71851511e-05,1.96705589e-05,4.21509751e-05,2.09928934e-05,1.47526293e-05,1.51287675e-05,1.3900983e-05,8684.59732,1.21488121e-05,8789.67611,4.0403174e-05,6.91642897e-05,1.18929034e-06,2.23363306e-06,2.23027867e-06,3.96511581e-05,3.63459852e-05,1.69204097e-05,3.7200369e-06,1.7871094e-06,1.490005e-06,1.64068147e-06,7.45814279e-07,1.49170629e-07,4.4749888e-07,1.49189351e-07,4.47699461e-07
78.7787788,7.31363612e-07,2.63213536e-06,1.31504071e-05,0.000113476809,5.66318559e-05,0.000524768351,0.000271881251,20491.5172,3931.57285,2.66483685e-05,1.92820377e-05,4.13182081e-05,2.0578112e-05,1.44612214e-05,1.48308186e-05,1.36035239e-05,8672.38351,1.18997861e-05,8777.35924,3.96055024e-05,6.77988901e-05,1.16581185e-06,2.18954144e-06,2.18624839e-06,3.88677079e-05,3.56279547e-05,1.65863356e-05,3.64660084e-06,1.75183246e-06,1.46059372e-06,1.60829804e-06,7.31093612e-07,1.46226352e-07,4.38666288e-07,1.46244728e-07,4.38863157e-07
78.8788789,7.16925639e-07,2.58017309e-06,1.28907867e-05,0.000111236275,5.55133999e-05,0.000514398618,0.00026650212,20491.5183,3931.57348,2.61220803e-05,1.89011144e-05,4.05017286e-05,2.0171437e-05,1.41754691e-05,1.45381038e-05,1.32865594e-05,8660.07356,1.16463242e-05,8764.94493,3.88234242e-05,6.64601802e-05,1.14279231e-06,2.14631162e-06,2.14307881e-06,3.80995843e-05,3.49239689e-05,1.62587925e-05,3.5746002e-06,1.71724503e-06,1.43175729e-06,1.5765475e-06,7.16660641e-07,1.43339616e-07,4.30006319e-07,1.43357653e-07,4.30199544e-07
78.978979,7.02769645e-07,2.52922567e-06,1.26362372e-05,0.000109039507,5.44167976e-05,0.000504231615,0.000261228272,20491.5195,3931.57411,2.56060748e-05,1.85276355e-05,3.97012079e-05,1.97727055e-05,1.3895262e-05,1.4250566e-05,1.29531426e-05,8647.66647,1.13894863e-05,8752.43215,3.80566242e-05,6.51476208e-05,1.12022244e-06,2.10392621e-06,2.10075254e-06,3.73464775e-05,3.4233744e-05,1.59376484e-05,3.50400599e-06,1.68333319e-06,1.40348409e-06,1.54541707e-06,7.02509559e-07,1.40509261e-07,4.21515485e-07,1.40526964e-07,4.21705133e-07
79.0790791,6.88889906e-07,2.47927251e-06,1.23866554e-05,0.000106885614,5.33416029e-05,0.000494263175,0.000256057516,20491.5206,3931.57474,2.51001432e-05,1.816145e-05,3.89163224e-05,1.93817571e-05,1.36204921e-05,1.39681581e-05,1.26067393e-05,8635.16121,1.11304847e-05,8739.81987,3.73047923e-05,6.3860681e-05,1.09809311e-06,2.06236805e-06,2.05925245e-06,3.66080824e-05,3.35570004e-05,1.56227735e-05,3.43478964e-06,1.65008321e-06,1.37576269e-06,1.51489417e-06,6.8863464e-07,1.37734141e-07,4.13190353e-07,1.37751516e-07,4.1337649e-07
79.1791792,6.75280776e-07,2.43029327e-06,1.21419398e-05,0.000104773719,5.22873761e-05,0.000484489191,0.000250987688,20491.5218,3931.57537,2.46040797e-05,1.78024088e-05,3.81467531e-05,1.89984338e-05,1.33510537e-05,1.36908435e-05,1.22512392e-05,8622.55676,1.0870688e-05,8727.10703,3.65676225e-05,6.25988371e-05,1.07639532e-06,2.02162023e-06,2.01856166e-06,3.5884098e-05,3.28934625e-05,1.53140395e-05,3.36692302e-06,1.61748156e-06,1.34858182e-06,1.48496638e-06,6.75030243e-07,1.35013128e-07,4.05027538e-07,1.35030182e-07,4.05210227e-07
79.2792793,6.61936688e-07,2.38226793e-06,1.19019901e-05,0.000102702956,5.12536834e-05,0.000474905608,0.000246016651,20491.5229,3931.576,2.41176813e-05,1.7450365e-05,3.73921854e-05,1.862258e-05,1.30868431e-05,1.34185959e-05,1.18909665e-05,8609.85206,1.06116248e-05,8714.29257,3.58448131e-05,6.13615728e-05,1.0551202e-06,1.9816661e-06,1.97866351e-06,3.51742279e-05,3.22428585e-05,1.50113201e-05,3.30037833e-06,1.58551493e-06,1.32193034e-06,1.45562146e-06,6.61690802e-07,1.32345109e-07,3.97023699e-07,1.32361847e-07,3.97203003e-07
79.3793794,6.48852147e-07,2.33517669e-06,1.16667076e-05,0.00010067247,5.02400962e-05,0.000465508419,0.000241142293,20491.5241,3931.57664,2.36407478e-05,1.71051736e-05,3.6652309e-05,1.82540419e-05,1.28277589e-05,1.31513997e-05,1.15306911e-05,8597.04605,1.03549879e-05,8701.3754,3.51360664e-05,6.01483784e-05,1.03425897e-06,1.94248918e-06,1.93954159e-06,3.4478179e-05,3.160492e-05,1.47144906e-05,3.23512819e-06,1.55417012e-06,1.29579729e-06,1.42684733e-06,6.48610824e-07,1.29728985e-07,3.89175541e-07,1.29745412e-07,3.89351522e-07
79.4794795,6.36021727e-07,2.28900001e-06,1.14359944e-05,9.86814155e-05,4.92461915e-05,0.000456293667,0.000236362524,20491.5253,3931.57727,2.31730814e-05,1.67666914e-05,3.59268174e-05,1.78926684e-05,1.25737018e-05,1.28892498e-05,1.11756393e-05,8584.13765,1.01026383e-05,8688.35445,3.44410883e-05,5.89587505e-05,1.01380299e-06,1.90407324e-06,1.90117964e-06,3.37956622e-05,3.09793821e-05,1.44234278e-05,3.17114551e-06,1.52343416e-06,1.27017183e-06,1.39863204e-06,6.35784884e-07,1.2716367e-07,3.8147981e-07,1.27179793e-07,3.81652528e-07
79.5795796,6.23440064e-07,2.2437186e-06,1.12097541e-05,9.67289591e-05,4.82715507e-05,0.000447257435,0.000231675275,20491.5265,3931.5779,2.27144866e-05,1.64347768e-05,3.52154077e-05,1.75383097e-05,1.23245743e-05,1.26321521e-05,1.08315048e-05,8571.12578,9.85660891e-06,8675.2286,3.37595882e-05,5.77921917e-05,9.93743696e-07,1.86640221e-06,1.86356163e-06,3.31263917e-05,3.03659829e-05,1.41380101e-05,3.10840355e-06,1.49329417e-06,1.24504325e-06,1.37096382e-06,6.23207622e-07,1.24648094e-07,3.73933287e-07,1.24663918e-07,3.74102802e-07
79.6796797,6.11101852e-07,2.19931335e-06,1.09878911e-05,9.48142748e-05,4.731576e-05,0.000438395847,0.000227078499,20491.5276,3931.57854,2.226477e-05,1.610929e-05,3.45177807e-05,1.71908182e-05,1.20802809e-05,1.23801235e-05,1.05044597e-05,8558.00935,9.61910884e-06,8661.99673,3.30912785e-05,5.664821e-05,9.74072635e-07,1.8294602e-06,1.82667169e-06,3.24700849e-05,2.97644634e-05,1.38581169e-05,3.04687585e-06,1.46373747e-06,1.22040094e-06,1.34383098e-06,6.10873733e-07,1.22181194e-07,3.66532792e-07,1.22196725e-07,3.66699162e-07
79.7797798,5.99001843e-07,2.15576535e-06,1.07703109e-05,9.29365453e-05,4.63784093e-05,0.000429705065,0.000222570162,20491.5288,3931.57917,2.18237404e-05,1.57900924e-05,3.383364e-05,1.68500478e-05,1.1840728e-05,1.21331917e-05,1.02011653e-05,8544.78722,9.39252705e-06,8648.65771,3.24358749e-05,5.55263183e-05,9.54781431e-07,1.79323149e-06,1.79049413e-06,3.18264618e-05,2.91745672e-05,1.35836292e-05,2.98653621e-06,1.43475146e-06,1.19623443e-06,1.317222e-06,5.9877797e-07,1.19761922e-07,3.59275176e-07,1.19777165e-07,3.59438457e-07
79.8798799,5.87134834e-07,2.11305589e-06,1.05569199e-05,9.10949609e-05,4.54590926e-05,0.000421181282,0.000218148251,20491.53,3931.5798,2.13912082e-05,1.54770467e-05,3.31626923e-05,1.6515854e-05,1.16058238e-05,1.18913959e-05,9.92878288e-06,8531.45828,9.17943652e-06,8635.21039,3.17930954e-05,5.44260344e-05,9.35861792e-07,1.75770051e-06,1.75501338e-06,3.11952455e-05,2.85960404e-05,1.33144288e-05,2.92735871e-06,1.40632368e-06,1.17253332e-06,1.29112542e-06,5.86915135e-07,1.17389237e-07,3.52157319e-07,1.17404197e-07,3.52317566e-07
79.97998,5.75511535e-07,2.07122364e-06,1.0347913e-05,8.92912369e-05,4.45587063e-05,0.000412833642,0.000213818358,20491.5312,3931.58044,2.096756e-05,1.51704322e-05,3.25055202e-05,1.61884977e-05,1.137558e-05,1.16523813e-05,9.55268869e-06,8518.02058,8.93067759e-06,8621.65281,3.116352e-05,5.33483513e-05,9.17330771e-07,1.7228993e-06,1.72026145e-06,3.0577006e-05,2.80294053e-05,1.30507587e-05,2.86939669e-06,1.37847978e-06,1.14931898e-06,1.26556478e-06,5.75295922e-07,1.15065279e-07,3.45185638e-07,1.15079962e-07,3.45342911e-07
80.0800801,5.64122893e-07,2.03023599e-06,1.01431268e-05,8.75239517e-05,4.36765283e-05,0.000404655188,0.00020957661,20491.5325,3931.58108,2.05524668e-05,1.48700109e-05,3.18616187e-05,1.58677368e-05,1.11498827e-05,1.14168068e-05,9.11639414e-06,8504.47317,8.66208934e-06,8607.98398,3.05466581e-05,5.22924294e-05,8.99173938e-07,1.68880075e-06,1.68621126e-06,2.99712611e-05,2.747422e-05,1.27924133e-05,2.81260502e-06,1.35119806e-06,1.12657334e-06,1.24052017e-06,5.63911287e-07,1.12788239e-07,3.38354707e-07,1.12802649e-07,3.38509061e-07
80.1801802,5.52958286e-07,1.99005464e-06,9.94236916e-06,8.57914344e-05,4.28117073e-05,0.000396637681,0.000205418374,20491.5337,3931.58171,2.01455429e-05,1.45755037e-05,3.12303963e-05,1.55532895e-05,1.09286092e-05,1.11855866e-05,8.6783534e-06,8490.81515,8.39496452e-06,8594.203,2.99419344e-05,5.12572837e-05,8.81374363e-07,1.65537307e-06,1.65283107e-06,2.93774451e-05,2.69299661e-05,1.25391518e-05,2.75693074e-06,1.32445308e-06,1.10427519e-06,1.21596826e-06,5.52750613e-07,1.10555993e-07,3.31658155e-07,1.10570136e-07,3.31809644e-07
80.2802803,5.42013418e-07,1.95066413e-06,9.74556286e-06,8.4093018e-05,4.19639103e-05,0.000388778024,0.000201342041,20491.5349,3931.58235,1.97466317e-05,1.42867973e-05,3.06116099e-05,1.52450356e-05,1.07116788e-05,1.09586922e-05,8.24110653e-06,8477.04531,8.13019552e-06,8580.30863,2.9349116e-05,5.02425156e-05,8.63925193e-07,1.6226034e-06,1.62010801e-06,2.87953288e-05,2.6396434e-05,1.22908765e-05,2.70235242e-06,1.29823456e-06,1.08241595e-06,1.19189958e-06,5.41809605e-07,1.08367683e-07,3.25093406e-07,1.08381563e-07,3.25242083e-07
80.3803804,5.31284066e-07,1.91204927e-06,9.55263196e-06,8.24280471e-05,4.11328097e-05,0.00038107318,0.00019734603,20491.5362,3931.58299,1.9355579e-05,1.40037802e-05,3.00050207e-05,1.49428566e-05,1.04990123e-05,1.07360999e-05,7.80732071e-06,8463.1624,7.86872249e-06,8566.29962,2.87679742e-05,4.92477336e-05,8.46819694e-07,1.59047908e-06,1.58802946e-06,2.82246875e-05,2.58734174e-05,1.20474918e-05,2.648849e-06,1.27253238e-06,1.06098718e-06,1.16830486e-06,5.31084044e-07,1.06222464e-07,3.18657927e-07,1.06236086e-07,3.18803844e-07
80.4804805,5.20766081e-07,1.87419511e-06,9.36350182e-06,8.07958773e-05,4.03180838e-05,0.000373520162,0.000193428791,20491.5374,3931.58362,1.89722335e-05,1.37263428e-05,2.9410394e-05,1.46466363e-05,1.02905325e-05,1.05177904e-05,7.37978936e-06,8449.16518,7.61153296e-06,8552.17468,2.8198284e-05,4.82725526e-05,8.30051248e-07,1.5589877e-06,1.55658302e-06,2.76652998e-05,2.53607137e-05,1.18089033e-05,2.59639977e-06,1.24733658e-06,1.03998059e-06,1.14517496e-06,5.20569779e-07,1.04119506e-07,3.12349229e-07,1.04132876e-07,3.12492436e-07
80.5805806,5.10455381e-07,1.83708698e-06,9.17809904e-06,7.91958751e-05,3.95194162e-05,0.000366116035,0.000189588801,20491.5387,3931.58426,1.85964465e-05,1.34543772e-05,2.88274988e-05,1.43562605e-05,1.00861633e-05,1.03037491e-05,6.9614313e-06,8435.05236,7.35966158e-06,8537.93253,2.76398243e-05,4.73165942e-05,8.13613343e-07,1.52811701e-06,1.52575645e-06,2.71169483e-05,2.48581235e-05,1.15750184e-05,2.54498438e-06,1.2226374e-06,1.01938803e-06,1.12250091e-06,5.10262731e-07,1.02057993e-07,3.06164863e-07,1.02071115e-07,3.0630541e-07
80.6806807,5.00347948e-07,1.8007104e-06,8.99635138e-06,7.76274171e-05,3.87364957e-05,0.000358857913,0.000185824562,20491.5399,3931.5849,1.82280712e-05,1.31877775e-05,2.82561079e-05,1.40716167e-05,9.88583047e-06,1.00939658e-05,6.55528992e-06,8420.82265,7.11418972e-06,8523.57184,2.70923774e-05,4.63794858e-05,7.97499574e-07,1.49785501e-06,1.49553776e-06,2.6579419e-05,2.43654509e-05,1.13457459e-05,2.49458279e-06,1.19842521e-06,9.99201477e-07,1.10027387e-06,5.00158884e-07,1.00037122e-07,3.00102421e-07,1.00050001e-07,3.00240357e-07
80.7807808,4.90439827e-07,1.76505114e-06,8.81818772e-06,7.60898896e-05,3.79690158e-05,0.000351742957,0.000182134603,20491.5412,3931.58554,1.78669636e-05,1.29264392e-05,2.76959976e-05,1.37925942e-05,9.68946109e-06,9.88843467e-06,6.16453232e-06,8406.47476,6.87624518e-06,8509.0913,2.65557289e-05,4.54608605e-05,7.81703632e-07,1.46818983e-06,1.46591512e-06,2.60525011e-05,2.38825025e-05,1.11209962e-05,2.44517526e-06,1.17469053e-06,9.79413028e-07,1.07848515e-06,4.90254284e-07,9.80561031e-08,2.94159529e-07,9.80687422e-08,2.94294902e-07
80.8808809,4.80727123e-07,1.73009519e-06,8.64353801e-06,7.45826878e-05,3.72166749e-05,0.000344768371,0.000178517478,20491.5424,3931.58618,1.75129813e-05,1.26702593e-05,2.71469474e-05,1.35190841e-05,9.49698362e-06,9.68715416e-06,5.79244847e-06,8392.00735,6.64700188e-06,8494.48956,2.60296677e-05,4.45603569e-05,7.66219302e-07,1.43910982e-06,1.43687686e-06,2.55359869e-05,2.34090883e-05,1.09006807e-05,2.39674237e-06,1.15142402e-06,9.600149e-07,1.05712618e-06,4.80545036e-07,9.61141559e-08,2.88333851e-07,9.61265603e-08,2.88466708e-07
80.980981,4.71205993e-07,1.69582872e-06,8.47233319e-06,7.31052161e-05,3.64791756e-05,0.000337931402,0.000174971764,20491.5437,3931.58682,1.71659844e-05,1.24191365e-05,2.66087401e-05,1.32509789e-05,9.30832784e-06,9.49012706e-06,5.44245034e-06,8377.41909,6.42767946e-06,8479.76524,2.55139856e-05,4.36776188e-05,7.51040458e-07,1.41060346e-06,1.4084115e-06,2.50296717e-05,2.29450205e-05,1.06847122e-05,2.34926495e-06,1.12861648e-06,9.40999421e-07,1.03618851e-06,4.71027299e-07,9.42105129e-08,2.82623082e-07,9.42226869e-08,2.82753469e-07
81.0810811,4.61872649e-07,1.66223809e-06,8.30450513e-06,7.16568866e-05,3.57562247e-05,0.000331229337,0.000171496059,20491.545,3931.58746,1.68258346e-05,1.21729706e-05,2.60811613e-05,1.29881728e-05,9.12342477e-06,9.29736031e-06,5.1180711e-06,8362.70861,6.21954304e-06,8464.91698,2.50084774e-05,4.28122949e-05,7.36161056e-07,1.38265941e-06,1.3805077e-06,2.45333537e-05,2.24901142e-05,1.04730047e-05,2.3027241e-06,1.10625884e-06,9.22359022e-07,1.01566381e-06,4.61697286e-07,9.23444164e-08,2.77024949e-07,9.23563642e-08,2.77152913e-07
81.1811812,4.52723351e-07,1.62930985e-06,8.1399866e-06,7.02371194e-05,3.5047533e-05,0.000324659501,0.000168088983,20491.5463,3931.5881,1.64923954e-05,1.19316629e-05,2.55639993e-05,1.27305613e-05,8.9422066e-06,9.108865e-06,4.82296423e-06,8347.87454,6.02390282e-06,8449.94336,2.45129402e-05,4.19640381e-05,7.21575131e-07,1.35526648e-06,1.35315429e-06,2.40468335e-05,2.20441868e-05,1.02654734e-05,2.25710116e-06,1.08434213e-06,9.04086231e-07,9.95543852e-07,4.52551258e-07,9.05151187e-08,2.7153721e-07,9.05268445e-08,2.71662795e-07
81.2812813,4.43754404e-07,1.5970307e-06,7.97871119e-06,6.88453415e-05,3.43528146e-05,0.000318219251,0.000164749176,20491.5476,3931.58874,1.61655321e-05,1.16951158e-05,2.50570453e-05,1.24780412e-05,8.76460665e-06,8.92465623e-06,4.5609027e-06,8332.91547,5.8421138e-06,8434.84297,2.4027174e-05,4.11325059e-05,7.07276791e-07,1.32841359e-06,1.32634019e-06,2.35699141e-05,2.16070579e-05,1.00620344e-05,2.21237771e-06,1.06285749e-06,8.86173669e-07,9.75820511e-07,4.43585522e-07,8.8721881e-08,2.66157649e-07,8.87333889e-08,2.66280898e-07
81.3813814,4.34962157e-07,1.56538749e-06,7.82061327e-06,6.74809869e-05,3.36717876e-05,0.000311905983,0.000161475296,20491.5489,3931.58938,1.58451113e-05,1.14632328e-05,2.45600925e-05,1.22305106e-05,8.59055929e-06,8.74475312e-06,4.33577812e-06,8317.82999,5.67557543e-06,8419.61437,2.35509807e-05,4.03173596e-05,6.9326021e-07,1.30208981e-06,1.30005451e-06,2.31024011e-05,2.1178549e-05,9.86260476e-06,2.16853552e-06,1.04179619e-06,8.6861404e-07,9.56485757e-07,4.34796428e-07,8.69639732e-08,2.60884074e-07,8.69752672e-08,2.6100503e-07
81.4814815,4.26342997e-07,1.53436724e-06,7.6656279e-06,6.61434954e-05,3.30041727e-05,0.000305717119,0.000158266019,20491.5502,3931.59002,1.55310013e-05,1.12359185e-05,2.40729364e-05,1.19878686e-05,8.41999987e-06,8.56917871e-06,4.15159987e-06,8302.61667,5.52573125e-06,8404.2561,2.30841647e-05,3.9518264e-05,6.79519627e-07,1.27628431e-06,1.27428642e-06,2.26441018e-05,2.07584838e-05,9.6671025e-06,2.12555658e-06,1.02114955e-06,8.51400129e-07,9.37531645e-07,4.26180362e-07,8.52406729e-08,2.55714319e-07,8.52517569e-08,2.55833025e-07
81.5815816,4.17893347e-07,1.50395706e-06,7.5136908e-06,6.48323129e-05,3.23496938e-05,0.00029965011,0.000155120039,20491.5515,3931.59066,1.52230715e-05,1.10130784e-05,2.35953748e-05,1.17500153e-05,8.25286466e-06,8.3979599e-06,4.01249429e-06,8287.27405,5.39406864e-06,8388.76668,2.26265321e-05,3.87348876e-05,6.66049335e-07,1.2509864e-06,1.24902522e-06,2.21948256e-05,2.03466877e-05,9.47544644e-06,2.08342304e-06,1.00090902e-06,8.3452479e-07,9.18950308e-07,4.17733751e-07,8.3551265e-08,2.50646238e-07,8.35621429e-08,2.50762735e-07
81.6816817,4.0961681e-07,1.47416987e-06,7.36486584e-06,6.35479793e-05,3.17086065e-05,0.000293707002,0.000152038037,20491.5528,3931.5913,1.49214549e-05,1.07948082e-05,2.31276062e-05,1.15170211e-05,8.08902532e-06,8.22840075e-06,3.79725287e-06,8271.79932,5.23598537e-06,8373.14325,2.21782785e-05,3.79675641e-05,6.528551e-07,1.22620687e-06,1.22428173e-06,2.17547661e-05,1.99433378e-05,9.28771862e-06,2.04215292e-06,9.81083235e-07,8.17995229e-07,9.00749674e-07,4.09460196e-07,8.189647e-08,2.45681994e-07,8.19071457e-08,2.45796324e-07
81.7817818,4.01505877e-07,1.44497868e-06,7.21901858e-06,6.22893414e-05,3.1080344e-05,0.000287882745,0.000149017632,20491.5542,3931.59195,1.46258767e-05,1.05809091e-05,2.26692086e-05,1.12886933e-05,7.92845635e-06,8.06205946e-06,3.58034331e-06,8256.19173,5.07883749e-06,8357.38505,2.17389967e-05,3.72155975e-05,6.39924935e-07,1.20192322e-06,1.20003346e-06,2.13235221e-05,1.95480667e-05,9.10374845e-06,2.00170873e-06,9.61654199e-07,8.01796441e-07,8.82913227e-07,4.01352191e-07,8.02747866e-08,2.40817082e-07,8.02852638e-08,2.40929284e-07
81.8818819,3.93556235e-07,1.41636797e-06,7.07607163e-06,6.10557333e-05,3.04645762e-05,0.000282174337,0.000146057333,20491.5555,3931.59259,1.43361792e-05,1.03712671e-05,2.22199384e-05,1.10649152e-05,7.77110395e-06,7.89928917e-06,3.38073379e-06,8240.44992,4.92957255e-06,8341.4907,2.1308453e-05,3.64785875e-05,6.27251957e-07,1.17812254e-06,1.17626751e-06,2.09008635e-05,1.91606636e-05,8.92343797e-06,1.96206895e-06,9.42611573e-07,7.85919809e-07,8.65431481e-07,3.93405423e-07,7.86853522e-08,2.36048914e-07,7.86956345e-08,2.36159028e-07
81.981982,3.85764691e-07,1.38832626e-06,6.93596756e-06,5.98466598e-05,2.98610564e-05,0.000276579494,0.000143155961,20491.5568,3931.59323,1.40522458e-05,1.01657979e-05,2.17796145e-05,1.08455967e-05,7.61690495e-06,7.74002802e-06,3.1982475e-06,8224.57233,4.78809844e-06,8325.45861,2.08864743e-05,3.5756238e-05,6.14831071e-07,1.15479527e-06,1.15297432e-06,2.04866202e-05,1.87809725e-05,8.74671468e-06,1.92321765e-06,9.23947705e-07,7.70358952e-07,8.48297411e-07,3.856167e-07,7.71275282e-08,2.31375574e-07,7.71376192e-08,2.3148364e-07
82.0820821,3.78128087e-07,1.36084218e-06,6.79864964e-06,5.86616315e-05,2.92695405e-05,0.000271095964,0.000140312357,20491.5582,3931.59387,1.37739614e-05,9.96441809e-06,2.13480581e-05,1.06306486e-05,7.46579657e-06,7.58421111e-06,3.03251954e-06,8208.55733,4.65425462e-06,8309.28712,2.04728895e-05,3.50482561e-05,6.02657242e-07,1.13193193e-06,1.13014446e-06,2.00806238e-05,1.84088393e-05,8.57350693e-06,1.88513908e-06,9.05655031e-07,7.55107565e-07,8.31504076e-07,3.77982865e-07,7.56006833e-08,2.2679517e-07,7.56105867e-08,2.26901224e-07
82.1821822,3.70643301e-07,1.3339045e-06,6.66406176e-06,5.75001644e-05,2.86897873e-05,0.000265721517,0.000137525372,20491.5595,3931.59452,1.3501212e-05,9.76704506e-06,2.0925092e-05,1.04199826e-05,7.31771646e-06,7.4317703e-06,2.88298778e-06,8192.40331,4.5278087e-06,8292.9746,2.00675293e-05,3.43543524e-05,5.90725491e-07,1.1095232e-06,1.10776857e-06,1.96827081e-05,1.80441114e-05,8.40374383e-06,1.84781767e-06,8.8772607e-07,7.40159411e-07,8.15044608e-07,3.70500798e-07,7.41041934e-08,2.22305829e-07,7.41139126e-08,2.22409909e-07
82.2822823,3.63307243e-07,1.30750209e-06,6.53214836e-06,5.63617794e-05,2.81215582e-05,0.000260453951,0.000134793874,20491.5609,3931.59516,1.32338849e-05,9.57359715e-06,2.05105409e-05,1.02135112e-05,7.17260252e-06,7.28263396e-06,2.74888386e-06,8176.1086,4.4084531e-06,8276.51936,1.96702264e-05,3.36742401e-05,5.79030887e-07,1.0875598e-06,1.08583743e-06,1.92927081e-05,1.76866379e-05,8.23735523e-06,1.81123799e-06,8.70153415e-07,7.25508315e-07,7.98912211e-07,3.63167408e-07,7.26374404e-08,2.17905695e-07,7.26469788e-08,2.18007838e-07
82.3823824,3.56116849e-07,1.28162394e-06,6.4028544e-06,5.52460021e-05,2.75646168e-05,0.000255291084,0.000132116742,20491.5622,3931.59581,1.29718682e-05,9.3839934e-06,2.0104231e-05,1.00111477e-05,7.03039291e-06,7.13672667e-06,2.62922405e-06,8159.67154,4.29580169e-06,8259.91969,1.92808146e-05,3.30076351e-05,5.67568545e-07,1.06603257e-06,1.06434186e-06,1.89104608e-05,1.73362692e-05,8.07427161e-06,1.77538478e-06,8.52929728e-07,7.1114816e-07,7.83100149e-07,3.55979634e-07,7.11998119e-08,2.13592933e-07,7.12091729e-08,2.13693174e-07
82.4824825,3.49069086e-07,1.25625913e-06,6.27612533e-06,5.4152362e-05,2.70187287e-05,0.000250230758,0.000129492868,20491.5636,3931.59645,1.27150511e-05,9.19815355e-06,1.970599e-05,9.81280604e-06,6.89102593e-06,6.99396904e-06,2.52280016e-06,8143.09042,4.18938646e-06,8243.17387,1.88991295e-05,3.23542558e-05,5.56333622e-07,1.04493241e-06,1.04327279e-06,1.85358041e-05,1.69928571e-05,7.91442405e-06,1.74024288e-06,8.36047734e-07,6.97072881e-07,7.67601744e-07,3.4893444e-07,6.97907009e-08,2.09365721e-07,6.97998877e-08,2.09464096e-07
82.5825826,3.42160938e-07,1.2313968e-06,6.151907e-06,5.30803924e-05,2.64836617e-05,0.000245270829,0.000126921154,20491.565,3931.59709,1.24633237e-05,9.01599792e-06,1.93156469e-05,9.61840072e-06,6.75443998e-06,6.85427741e-06,2.42817051e-06,8126.36352,4.08865413e-06,8226.28014,1.85250077e-05,3.17138228e-05,5.45321312e-07,1.02425031e-06,1.02262119e-06,1.81685776e-05,1.66562544e-05,7.75774413e-06,1.70579726e-06,8.19500214e-07,6.83276458e-07,7.52410372e-07,3.42028815e-07,6.84095049e-08,2.05222252e-07,6.84185208e-08,2.05318795e-07
82.6826827,3.35389414e-07,1.2070262e-06,6.03014566e-06,5.20296298e-05,2.59591849e-05,0.000240409173,0.000124400512,20491.5663,3931.59774,1.22165766e-05,8.83744737e-06,1.89330316e-05,9.42784674e-06,6.62057349e-06,6.71756364e-06,2.34365081e-06,8109.48909,3.99296278e-06,8209.23672,1.8158287e-05,3.10860585e-05,5.34526841e-07,1.00397728e-06,1.00237813e-06,1.78086216e-05,1.63263148e-05,7.60416392e-06,1.672033e-06,8.03279995e-07,6.69752913e-07,7.37519449e-07,3.35259767e-07,6.70556255e-08,2.0116073e-07,6.70644737e-08,2.01255476e-07
82.7827828,3.28751538e-07,1.18313662e-06,5.91078784e-06,5.09996135e-05,2.54450692e-05,0.000235643679,0.000121929862,20491.5677,3931.59838,1.19747012e-05,8.66242322e-06,1.85579752e-05,9.24105952e-06,6.48936482e-06,6.58373487e-06,2.2673051e-06,8092.46535,3.90157857e-06,8192.04181,1.77988063e-05,3.04706869e-05,5.23945464e-07,9.8410444e-07,9.82534691e-07,1.74557775e-05,1.60028931e-05,7.45361589e-06,1.63893524e-06,7.8737995e-07,6.56496303e-07,7.22922434e-07,3.2862432e-07,6.5728468e-08,1.97179372e-07,6.57371514e-08,1.97272353e-07
82.8828829,3.22244352e-07,1.15971741e-06,5.79378037e-06,4.99898853e-05,2.49410866e-05,0.000230972251,0.000119508133,20491.5691,3931.59903,1.17375895e-05,8.49084718e-06,1.81903095e-05,9.05795479e-06,6.36075224e-06,6.45269322e-06,2.19693664e-06,8075.2905,3.81367227e-06,8174.69358,1.7446405e-05,2.98674335e-05,5.13572457e-07,9.64622906e-07,9.63082028e-07,1.71098876e-05,1.56858445e-05,7.30603282e-06,1.60648923e-06,7.71792985e-07,6.43500715e-07,7.08612816e-07,3.22119518e-07,6.44274403e-08,1.93276401e-07,6.44359622e-08,1.93367651e-07
82.982983,3.15864907e-07,1.13675796e-06,5.67907031e-06,4.89999888e-05,2.44470101e-05,0.000226392802,0.00011713426,20491.5705,3931.59967,1.15051338e-05,8.32264124e-06,1.78298668e-05,8.87844857e-06,6.23467381e-06,6.32433561e-06,2.13007887e-06,8057.96272,3.72831601e-06,8157.19016,1.71009234e-05,2.92760249e-05,5.03403119e-07,9.45523854e-07,9.44011319e-07,1.67707945e-05,1.53750252e-05,7.16134779e-06,1.57468026e-06,7.56512036e-07,6.3076026e-07,6.94584112e-07,3.15742411e-07,6.31519531e-08,1.8945005e-07,6.31603164e-08,1.895396e-07
83.0830831,3.09610265e-07,1.1142477e-06,5.56660486e-06,4.80294692e-05,2.39626136e-05,0.000221903253,0.000114807184,20491.5719,3931.60032,1.12772268e-05,8.15772767e-06,1.747648e-05,8.70245701e-06,6.11106736e-06,6.19855349e-06,2.06398628e-06,8040.48014,3.64447985e-06,8139.52969,1.67622022e-05,2.86961884e-05,4.93432762e-07,9.26798482e-07,9.25313773e-07,1.64383416e-05,1.50702914e-05,7.01949409e-06,1.54349366e-06,7.41530061e-07,6.18269067e-07,6.8082986e-07,3.09490063e-07,6.19014189e-08,1.85698555e-07,6.19096265e-08,1.85786437e-07
83.1831832,3.03477494e-07,1.09217609e-06,5.45633137e-06,4.70778729e-05,2.34876715e-05,0.000217501534,0.000112525851,20491.5733,3931.60096,1.10537614e-05,7.99602886e-06,1.71299823e-05,8.52989639e-06,5.98987036e-06,6.07523256e-06,1.99562538e-06,8022.84091,3.56102847e-06,8121.71024,1.64300825e-05,2.81276521e-05,4.83656709e-07,9.08438008e-07,9.06980619e-07,1.61123725e-05,1.47715e-05,6.88040513e-06,1.51291481e-06,7.26840036e-07,6.0602128e-07,6.67343612e-07,3.03359542e-07,6.06752513e-08,1.82020159e-07,6.06833061e-08,1.82106404e-07
83.2832833,2.97463913e-07,1.07053348e-06,5.34820166e-06,4.61447845e-05,2.30219771e-05,0.000213185738,0.000110289282,20491.5747,3931.60161,1.08346397e-05,7.83747392e-06,1.67902215e-05,8.36069042e-06,5.87102681e-06,5.95428211e-06,1.92298612e-06,8005.04307,3.47720186e-06,8103.72984,1.61044189e-05,2.75701672e-05,4.74070681e-07,8.90434403e-07,8.89003836e-07,1.57927442e-05,1.44785199e-05,6.74402006e-06,1.48293033e-06,7.12435534e-07,5.94011542e-07,6.5411947e-07,2.97348169e-07,5.94729143e-08,1.78413252e-07,5.94808191e-08,1.7849789e-07
83.3833834,2.9158316e-07,1.04936882e-06,5.24245885e-06,4.52322743e-05,2.25665294e-05,0.000208964407,0.000108101177,20491.5761,3931.60225,1.06203649e-05,7.6824288e-06,1.64579963e-05,8.19525608e-06,5.75493692e-06,5.83756016e-06,1.93121514e-06,7987.08216,3.42419147e-06,8085.58397,1.57859528e-05,2.70250009e-05,4.64696496e-07,8.72828581e-07,8.71424321e-07,1.54801903e-05,1.41920227e-05,6.61064955e-06,1.45360841e-06,6.98349289e-07,5.82267135e-07,6.41187452e-07,2.91469586e-07,5.82971368e-08,1.74886021e-07,5.83048945e-08,1.74969083e-07
83.4834835,2.85819711e-07,1.02862635e-06,5.13882554e-06,4.43379709e-05,2.21201727e-05,0.000204827415,0.00010595688,20491.5775,3931.6029,1.04103661e-05,7.53047879e-06,1.61324058e-05,8.03312865e-06,5.64118431e-06,5.72342486e-06,1.94885306e-06,7968.95815,3.37577768e-06,8067.27258,1.5473841e-05,2.64907116e-05,4.55509343e-07,8.55573994e-07,8.54195558e-07,1.5173878e-05,1.39112458e-05,6.47994034e-06,1.42487148e-06,6.84544062e-07,5.70757017e-07,6.28513399e-07,2.85708268e-07,5.71448132e-08,1.71429151e-07,5.71524265e-08,1.71510666e-07
83.5835836,2.80171148e-07,1.00829736e-06,5.03725822e-06,4.34614992e-05,2.16827199e-05,0.00020077303,0.000103855494,20491.5789,3931.60354,1.0204555e-05,7.38155997e-06,1.58133128e-05,7.87423946e-06,5.52971884e-06,5.61179814e-06,1.97437603e-06,7950.66897,3.33137904e-06,8048.79357,1.51679525e-05,2.5967075e-05,4.46505362e-07,8.38663399e-07,8.37310311e-07,1.48736786e-05,1.36360712e-05,6.35183752e-06,1.39670749e-06,6.71014055e-07,5.59476358e-07,6.16091991e-07,2.80061795e-07,5.60154598e-08,1.68041189e-07,5.60229315e-08,1.68121187e-07
83.6836837,2.74635078e-07,9.88373241e-07,4.93771389e-06,4.2602488e-05,2.12539858e-05,0.000196799535,0.00010179613,20491.5803,3931.60419,1.00028443e-05,7.23560911e-06,1.55005816e-05,7.71852054e-06,5.42049063e-06,5.50259893e-06,2.0061059e-06,7932.21253,3.29035755e-06,8030.14481,1.48681577e-05,2.5453869e-05,4.37680739e-07,8.22089628e-07,8.20761422e-07,1.45794644e-05,1.33663819e-05,6.22628679e-06,1.36910448e-06,6.57753536e-07,5.48420377e-07,6.03917965e-07,2.74527776e-07,5.49085983e-08,1.64720701e-07,5.49159309e-08,1.64799209e-07
83.7837838,2.69209133e-07,9.68845471e-07,4.84014994e-06,4.17605697e-05,2.0833787e-05,0.000192905233,9.97779088e-05,20491.5818,3931.60484,9.80514771e-06,7.09256363e-06,1.51940779e-05,7.56590458e-06,5.31345006e-06,5.39574314e-06,2.04220615e-06,7913.5867,3.2520172e-06,8011.32413,1.45743281e-05,2.49508741e-05,4.29031694e-07,8.05845588e-07,8.04541808e-07,1.42911092e-05,1.31020625e-05,6.10323438e-06,1.34205066e-06,6.44756828e-07,5.37584342e-07,5.91986113e-07,2.69103843e-07,5.3823755e-08,1.61466266e-07,5.38309512e-08,1.61543312e-07
83.8838839,2.63890966e-07,9.49705608e-07,4.74452423e-06,4.09353807e-05,2.04219421e-05,0.000189088442,9.77999592e-05,20491.5832,3931.60548,9.61137952e-06,6.95236154e-06,1.48936685e-05,7.41632484e-06,5.20854764e-06,5.29114342e-06,2.08067783e-06,7894.78931,3.21560239e-06,7992.32934,1.42863367e-05,2.44578727e-05,4.20554488e-07,7.89924256e-07,7.88644452e-07,1.40084881e-05,1.28429983e-05,5.98262705e-06,1.31553431e-06,6.32018313e-07,5.2696357e-07,5.80291276e-07,2.63787651e-07,5.2760461e-08,1.58276477e-07,5.27675233e-08,1.58352089e-07
83.983984,2.58678253e-07,9.30945283e-07,4.65079493e-06,4.01265601e-05,2.00182709e-05,0.000185347495,9.58614168e-05,20491.5846,3931.60613,9.42145494e-06,6.8149414e-06,1.45992215e-05,7.26971513e-06,5.10573405e-06,5.1887091e-06,2.11935553e-06,7875.81816,3.18029648e-06,7973.15821,1.40040575e-05,2.39746491e-05,4.12245411e-07,7.74318668e-07,7.73062399e-07,1.37314772e-05,1.25890757e-05,5.86441203e-06,1.28954385e-06,6.1953242e-07,5.16553414e-07,5.68828341e-07,2.58576875e-07,5.17182513e-08,1.55149939e-07,5.17251822e-08,1.55224143e-07
84.0840841,2.53568687e-07,9.12556199e-07,4.55892059e-06,3.93337503e-05,1.96225951e-05,0.000181680738,9.3961424e-05,20491.5861,3931.60678,9.23528985e-06,6.68024227e-06,1.43106061e-05,7.12600975e-06,5.00496003e-06,5.08834602e-06,2.15590328e-06,7856.67103,3.1452202e-06,7953.80845,1.37273654e-05,2.35009894e-05,4.04100787e-07,7.59021918e-07,7.57788753e-07,1.34599535e-05,1.23401823e-05,5.74853697e-06,1.26406776e-06,6.07293622e-07,5.06349269e-07,5.57592238e-07,2.53469211e-07,5.06966649e-08,1.5208527e-07,5.07034669e-08,1.52158092e-07
84.1841842,2.48559981e-07,8.94530118e-07,4.46886007e-06,3.85565961e-05,1.92347374e-05,0.000178086529,9.2099129e-05,20491.5875,3931.60742,9.05280072e-06,6.54820365e-06,1.40276924e-05,6.98514341e-06,4.90617638e-06,4.98995642e-06,2.18781049e-06,7837.34564,3.10943019e-06,7934.27777,1.34561366e-05,2.30366813e-05,3.96116964e-07,7.44027152e-07,7.42816667e-07,1.31937951e-05,1.20962062e-05,5.63494992e-06,1.23909463e-06,5.95296437e-07,4.96346564e-07,5.46577931e-07,2.4846237e-07,4.96952443e-08,1.49081096e-07,4.97019196e-08,1.49152562e-07
84.2842843,2.43649861e-07,8.76858858e-07,4.38057247e-06,3.77947448e-05,1.88545217e-05,0.000174563237,9.02736851e-05,20491.589,3931.60807,8.87390462e-06,6.41876545e-06,1.37503511e-05,6.84705122e-06,4.80933393e-06,4.89343877e-06,2.2123879e-06,7817.8397,3.07191746e-06,7914.56382,1.31902477e-05,2.2581514e-05,3.88290317e-07,7.2932756e-07,7.28139341e-07,1.29328808e-05,1.18570364e-05,5.52359928e-06,1.21461312e-06,5.83535416e-07,4.86540756e-07,5.35780423e-07,2.4355408e-07,4.87135347e-08,1.46136053e-07,4.87200858e-08,1.46206189e-07
84.3843844,2.38836067e-07,8.59534287e-07,4.29401717e-06,3.70478457e-05,1.84817732e-05,0.000171109238,8.84842501e-05,20491.5904,3931.60871,8.69851909e-06,6.29186795e-06,1.34784541e-05,6.71166862e-06,4.71438344e-06,4.79868769e-06,2.22676351e-06,7798.15087,3.03160588e-06,7894.66424,1.29295762e-05,2.21352778e-05,3.8061724e-07,7.14916376e-07,7.13750015e-07,1.26770902e-05,1.16225625e-05,5.41443376e-06,1.19061196e-06,5.72005144e-07,4.76927331e-07,5.25194742e-07,2.38742082e-07,4.77510843e-08,1.43248787e-07,4.77575135e-08,1.43317616e-07
84.4844845,2.34116351e-07,8.42548312e-07,4.20915374e-06,3.631555e-05,1.81163175e-05,0.000167722919,8.67299852e-05,20491.5919,3931.60936,8.52656209e-06,6.16745171e-06,1.32118737e-05,6.57893131e-06,4.62127559e-06,4.70559376e-06,2.22787853e-06,7778.27677,2.98735065e-06,7874.5766,1.26740004e-05,2.16977643e-05,3.73094149e-07,7.00786866e-07,6.99641964e-07,1.24263034e-05,1.13926749e-05,5.30740231e-06,1.16707993e-06,5.60700236e-07,4.67501798e-07,5.14815944e-07,2.34024127e-07,4.68074436e-08,1.40417948e-07,4.68137532e-08,1.40485495e-07
84.5845846,2.29488474e-07,8.25892879e-07,4.12594193e-06,3.55975104e-05,1.77579815e-05,0.000164402671,8.50100547e-05,20491.5933,3931.61001,8.35795195e-06,6.04545756e-06,1.29504827e-05,6.44877522e-06,4.52996095e-06,4.61404342e-06,2.21248329e-06,7758.215,2.93793679e-06,7854.29845,1.24233989e-05,2.12687656e-05,3.65717472e-07,6.86932326e-07,6.85808492e-07,1.21804011e-05,1.1167264e-05,5.20245412e-06,1.14400586e-06,5.49615327e-07,4.58259686e-07,5.04639107e-07,2.29397978e-07,4.58821651e-08,1.37642194e-07,4.58883572e-08,1.37708483e-07
84.6846847,2.24950206e-07,8.09559961e-07,4.04434165e-06,3.48933808e-05,1.74065922e-05,0.000161146893,8.33236252e-05,20491.5948,3931.61065,8.1926073e-06,5.92582654e-06,1.26941544e-05,6.32113646e-06,4.44038992e-06,4.52391885e-06,2.17713322e-06,7737.9631,2.88207762e-06,7833.82731,1.21776509e-05,2.08480751e-05,3.58483653e-07,6.73346076e-07,6.72242929e-07,1.19392645e-05,1.0946221e-05,5.09953858e-06,1.12137864e-06,5.38745073e-07,4.4919654e-07,4.94659325e-07,2.24861406e-07,4.49748028e-08,1.34920187e-07,4.49808796e-08,1.34985241e-07
84.7847848,2.20499323e-07,7.93541552e-07,3.96431288e-06,3.42028159e-05,1.70619773e-05,0.000157953984,8.16698647e-05,20491.5963,3931.6113,8.03044699e-06,5.80849986e-06,1.24427624e-05,6.19595124e-06,4.35251269e-06,4.43509778e-06,2.11818473e-06,7717.5186,2.81841326e-06,7813.16065,1.19366358e-05,2.04354864e-05,3.51389144e-07,6.60021457e-07,6.58938621e-07,1.1702775e-05,1.07294374e-05,4.99860519e-06,1.09918716e-06,5.28084146e-07,4.40307916e-07,4.84871708e-07,2.20412187e-07,4.4084912e-08,1.32250593e-07,4.40908756e-08,1.32314434e-07
84.8848849,2.16133606e-07,7.77829665e-07,3.88581572e-06,3.35254713e-05,1.67239649e-05,0.000154822348,8.0047942e-05,20491.5977,3931.61195,7.87139001e-06,5.69341882e-06,1.21961806e-05,6.07315584e-06,4.26627918e-06,4.34745341e-06,2.0317912e-06,7696.87896,2.74550909e-06,7792.29591,1.17002333e-05,2.00307935e-05,3.44430405e-07,6.4695182e-07,6.45888928e-07,1.14708142e-05,1.05168046e-05,4.89960356e-06,1.07742035e-06,5.17627226e-07,4.31589382e-07,4.75271374e-07,2.16048102e-07,4.32120489e-08,1.29632081e-07,4.32179013e-08,1.29694732e-07
84.984985,2.11852556e-07,7.62422501e-07,3.80884117e-06,3.28612689e-05,1.63925155e-05,0.000151751612,7.84576576e-05,20491.5992,3931.61259,7.71541839e-06,5.58057054e-06,1.19543823e-05,5.95273925e-06,4.18169527e-06,4.26118974e-06,1.92976616e-06,7676.04133,2.66769262e-06,7771.23016,1.14684165e-05,1.96339504e-05,3.37606643e-07,6.34135673e-07,6.33092363e-07,1.12433559e-05,1.03082986e-05,4.80252243e-06,1.05607573e-06,5.0737312e-07,4.23039941e-07,4.65857227e-07,2.11768653e-07,4.23561137e-08,1.27064352e-07,4.23618571e-08,1.27125834e-07
85.0850851,2.07662071e-07,7.47341288e-07,3.7334952e-06,3.22111215e-05,1.60680827e-05,0.00014874595,7.69011647e-05,20491.6007,3931.61324,7.56274841e-06,5.47011243e-06,1.17177107e-05,5.83488661e-06,4.09897598e-06,4.17775531e-06,1.88280326e-06,7655.00165,2.61095632e-06,7749.95929,1.12415058e-05,1.92455052e-05,3.30927282e-07,6.21590704e-07,6.20566602e-07,1.10207169e-05,1.01042092e-05,4.70749602e-06,1.03518277e-06,4.97335978e-07,4.14671388e-07,4.56642245e-07,2.07579739e-07,4.15182865e-08,1.24550944e-07,4.15239229e-08,1.2461128e-07
85.1851852,2.03553769e-07,7.32555857e-07,3.65962712e-06,3.157373e-05,1.57500193e-05,0.00014579938,7.53753622e-05,20491.6022,3931.61389,7.41307338e-06,5.36182173e-06,1.14856833e-05,5.71934498e-06,4.01786833e-06,4.09580474e-06,1.82947008e-06,7633.75838,2.55267662e-06,7728.48174,1.10190462e-05,1.88646794e-05,3.24378939e-07,6.09291791e-07,6.08286546e-07,1.08024485e-05,9.90412575e-06,4.61433378e-06,1.01469962e-06,4.87495702e-07,4.06466968e-07,4.47607987e-07,2.03472977e-07,4.06968907e-08,1.2208683e-07,4.07024221e-08,1.22146041e-07
85.2852853,1.99526005e-07,7.18060291e-07,3.58720738e-06,3.0948839e-05,1.54381977e-05,0.000142910714,7.38796269e-05,20491.6036,3931.61453,7.26633342e-06,5.25565509e-06,1.1258207e-05,5.60606806e-06,3.93833969e-06,4.01530439e-06,1.77039651e-06,7612.30875,2.49306573e-06,7706.79467,1.08009489e-05,1.84913209e-05,3.17958993e-07,5.97234012e-07,5.9624728e-07,1.05884632e-05,9.70796798e-06,4.52299844e-06,9.94618077e-07,4.77848354e-07,3.98423399e-07,4.3875084e-07,1.99446726e-07,3.98915977e-08,1.19671022e-07,3.9897026e-08,1.1972913e-07
85.3853854,1.95577182e-07,7.03848835e-07,3.51620719e-06,3.03361999e-05,1.51324935e-05,0.000140078791,7.24133508e-05,20491.6051,3931.61518,7.12247023e-06,5.1515703e-06,1.10351916e-05,5.49501085e-06,3.86035856e-06,3.93622482e-06,1.70643618e-06,7590.64992,2.43241808e-06,7684.89522,1.05871271e-05,1.81252811e-05,3.11664896e-07,5.8541258e-07,5.84444021e-07,1.0378676e-05,9.51565791e-06,4.4334537e-06,9.7493017e-07,4.68390103e-07,3.90537488e-07,4.30067286e-07,1.95499386e-07,3.91020877e-08,1.17302563e-07,3.91074149e-08,1.17359587e-07
85.4854855,1.91705742e-07,6.89915886e-07,3.44659857e-06,2.97355707e-05,1.48327855e-05,0.000137302482,7.09759406e-05,20491.6066,3931.61583,6.98142712e-06,5.04952634e-06,1.08165491e-05,5.38612964e-06,3.78389456e-06,3.85854108e-06,1.63867844e-06,7568.77903,2.37111467e-06,7662.78045,1.03774965e-05,1.77664159e-05,3.05494164e-07,5.73822834e-07,5.72872117e-07,1.01730039e-05,9.32711965e-06,4.34566427e-06,9.55628138e-07,4.59117221e-07,3.82806125e-07,4.21553904e-07,1.91629402e-07,3.83280496e-08,1.14980517e-07,3.83332775e-08,1.15036478e-07
85.5855856,1.87910174e-07,6.76256001e-07,3.37835428e-06,2.91467164e-05,1.45389559e-05,0.000134580687,6.95668178e-05,20491.6081,3931.61647,6.843149e-06,4.94948333e-06,1.06021941e-05,5.279382e-06,3.70891846e-06,3.78223283e-06,1.56846041e-06,7546.69312,2.30962748e-06,7640.44739,1.01719753e-05,1.74145849e-05,2.99444389e-07,5.62460248e-07,5.61527046e-07,9.9713666e-06,9.14227944e-06,4.25959582e-06,9.36704441e-07,4.50026086e-07,3.75226292e-07,4.13207369e-07,1.87835262e-07,3.75691811e-08,1.1270398e-07,3.75743116e-08,1.12758897e-07
85.6856857,1.84189008e-07,6.62863891e-07,3.3114479e-06,2.85694084e-05,1.42508904e-05,0.000131912337,6.81854187e-05,20491.6096,3931.61712,6.70758236e-06,4.85140254e-06,1.03920438e-05,5.17472678e-06,3.63540217e-06,3.70728463e-06,1.49737904e-06,7524.38924,2.24852391e-06,7617.89301,9.97048376e-06,1.7069652e-05,2.93513228e-07,5.51320422e-07,5.50404416e-07,9.77368587e-06,8.96106566e-06,4.17521504e-06,9.18151752e-07,4.41113179e-07,3.67795054e-07,4.05024449e-07,1.84115498e-07,3.68251885e-08,1.10472068e-07,3.68302234e-08,1.10525961e-07
85.7857858,1.80540819e-07,6.49734425e-07,3.24585376e-06,2.80034249e-05,1.39684778e-05,0.000129296391,6.68311943e-05,20491.6111,3931.61777,6.57467528e-06,4.75524641e-06,1.01860178e-05,5.07212414e-06,3.56331878e-06,3.63368605e-06,1.4273031e-06,7501.86435,2.18847117e-06,7595.11422,9.77294481e-06,1.67314851e-05,2.87698408e-07,5.4039909e-07,5.39499965e-07,9.57988587e-06,8.7834088e-06,4.0924896e-06,8.99962964e-07,4.32375085e-07,3.60509564e-07,3.97002011e-07,1.80468684e-07,3.60957869e-08,1.08283928e-07,3.61007278e-08,1.08336816e-07
85.8858859,1.76964225e-07,6.36862625e-07,3.18154698e-06,2.74485508e-05,1.36916102e-05,0.000126731839,6.55036099e-05,20491.6126,3931.61841,6.44437745e-06,4.66097852e-06,9.9840381e-06,4.97153551e-06,3.49264258e-06,3.56143197e-06,1.36038526e-06,7479.11536,2.13024066e-06,7572.10789,9.57928355e-06,1.63999559e-05,2.81997726e-07,5.29692113e-07,5.28809561e-07,9.38989311e-06,8.6092415e-06,4.01138814e-06,8.82131185e-07,4.23808494e-07,3.53367062e-07,3.89137015e-07,1.7689344e-07,3.53806997e-08,1.06138731e-07,3.53855486e-08,1.06190631e-07
85.985986,1.73457886e-07,6.24243672e-07,3.11850344e-06,2.69045776e-05,1.34201829e-05,0.000124217701,6.42021457e-05,20491.6141,3931.61906,6.31664011e-06,4.5685636e-06,9.78602938e-06,4.87292363e-06,3.42334904e-06,3.49052274e-06,1.29907409e-06,7456.13914,2.07471242e-06,7548.87084,9.38942744e-06,1.60749403e-05,2.76409048e-07,5.19195482e-07,5.183292e-07,9.20363636e-06,8.43849849e-06,3.93188029e-06,8.64649739e-07,4.15410198e-07,3.46364873e-07,3.81426516e-07,1.73388426e-07,3.46796594e-08,1.04035673e-07,3.46844178e-08,1.04086605e-07
86.0860861,1.70020508e-07,6.11872899e-07,3.05669982e-06,2.63713034e-05,1.31540947e-05,0.000121753024,6.29262959e-05,20491.6156,3931.61971,6.1914161e-06,4.47796754e-06,9.59191871e-06,4.77625251e-06,3.35541484e-06,3.42096438e-06,1.24612612e-06,7432.9325,2.02287949e-06,7525.3998,9.20330632e-06,1.57563181e-05,2.70930308e-07,5.08905318e-07,5.0805501e-07,9.02104673e-06,8.27111662e-06,3.85393667e-06,8.47512164e-07,4.07177094e-07,3.39500411e-07,3.73867666e-07,1.69952348e-07,3.3992407e-08,1.01973977e-07,3.39970766e-08,1.02023958e-07
86.1861862,1.66650836e-07,5.99745795e-07,2.99611354e-06,2.5848533e-05,1.28932474e-05,0.000119336888,6.16755693e-05,20491.6172,3931.62035,6.06865984e-06,4.38915735e-06,9.40163567e-06,4.68148747e-06,3.28881791e-06,3.35276881e-06,1.20461786e-06,7409.4922,1.97585237e-06,7501.6915,9.02085235e-06,1.54439733e-05,2.65559509e-07,4.98817872e-07,4.97983244e-07,8.84205764e-06,8.10703486e-06,3.77752886e-06,8.30712215e-07,3.9910618e-07,3.32771174e-07,3.6645771e-07,1.66583953e-07,3.33186918e-08,9.99528924e-08,3.33232743e-08,1.0000194e-07
86.2862863,1.63347094e-07,5.87855974e-07,2.93671285e-06,2.5335995e-05,1.2637509e-05,0.000116968137,6.04494383e-05,20491.6187,3931.621,5.948306e-06,4.30208563e-06,9.21507723e-06,4.58857521e-06,3.22350923e-06,3.2857026e-06,1.15484404e-06,7385.81404,1.92642725e-06,7477.74166,8.84196905e-06,1.51377408e-05,2.60293812e-07,4.88927813e-07,4.8810858e-07,8.66657392e-06,7.94616606e-06,3.70261644e-06,8.14241013e-07,3.91193194e-07,3.26173607e-07,3.59192735e-07,1.63281463e-07,3.26581584e-08,9.79713515e-08,3.26626554e-08,9.80194833e-08
86.3863864,1.60107419e-07,5.76196747e-07,2.8784645e-06,2.4833406e-05,1.23867421e-05,0.000114645586,5.9247378e-05,20491.6202,3931.62164,5.83028603e-06,4.21670256e-06,9.03213494e-06,4.4974592e-06,3.1594347e-06,3.21948173e-06,1.07221599e-06,7361.89358,1.86561867e-06,7453.54577,8.66655527e-06,1.48374477e-05,2.5513024e-07,4.79229555e-07,4.78425435e-07,8.49449578e-06,7.7884188e-06,3.62915702e-06,7.98089251e-07,3.83433666e-07,3.19703985e-07,3.52068643e-07,1.60043015e-07,3.20104339e-08,9.60282365e-08,3.2014847e-08,9.60754694e-08
86.4864865,1.56931384e-07,5.64766563e-07,2.8213605e-06,2.43406922e-05,1.21409044e-05,0.000112368723,5.80690018e-05,20491.6217,3931.62229,5.71458528e-06,4.1329978e-06,8.85278897e-06,4.40813316e-06,3.09661063e-06,3.1544465e-06,9.89287796e-07,7337.7285,1.80529789e-06,7429.10146,8.49458826e-06,1.45430547e-05,2.50068122e-07,4.69721836e-07,4.68932551e-07,8.32580146e-06,7.63377308e-06,3.55714111e-06,7.8225483e-07,3.75826585e-07,3.13361465e-07,3.45084501e-07,1.56868185e-07,3.13754337e-08,9.41232931e-08,3.13797644e-08,9.41696438e-08
86.5865866,1.53817821e-07,5.53561212e-07,2.76537981e-06,2.38576721e-05,1.18999048e-05,0.000110136702,5.6913867e-05,20491.6232,3931.62293,5.60116118e-06,4.05094052e-06,8.67697339e-06,4.32056449e-06,3.03501565e-06,3.0905956e-06,9.06965802e-07,7313.3152,1.74578601e-06,7404.40508,8.3260047e-06,1.42544535e-05,2.45105596e-07,4.60401154e-07,4.59626434e-07,8.16042879e-06,7.4821719e-06,3.48654219e-06,7.66731918e-07,3.6836915e-07,3.07143711e-07,3.38237739e-07,1.53755805e-07,3.07529241e-08,9.22558203e-08,3.07571739e-08,9.2301305e-08
86.6866867,1.50765596e-07,5.42576614e-07,2.71050204e-06,2.33841695e-05,1.16636554e-05,0.000107948701,5.57815444e-05,20491.6248,3931.62358,5.48997241e-06,3.97050085e-06,8.50462428e-06,4.23472167e-06,2.9746293e-06,3.02793145e-06,8.26239787e-07,7288.64999,1.68743531e-06,7379.45288,8.1607432e-06,1.3971539e-05,2.40240854e-07,4.51264117e-07,4.50503693e-07,7.99831747e-06,7.33356001e-06,3.41733453e-06,7.51514865e-07,3.61058647e-07,3.01048459e-07,3.31525864e-07,1.5070474e-07,3.01426782e-08,9.04251379e-08,3.01468487e-08,9.04697728e-08
86.7867868,1.47773611e-07,5.31808814e-07,2.65670741e-06,2.29200135e-05,1.14320707e-05,0.000105803926,5.46716177e-05,20491.6263,3931.62423,5.38097897e-06,3.89164985e-06,8.33567976e-06,4.15057418e-06,2.91543207e-06,2.96646023e-06,7.48184398e-07,7263.72914,1.63062975e-06,7354.24105,7.99874425e-06,1.36942094e-05,2.35472145e-07,4.42307434e-07,4.41561045e-07,7.83940907e-06,7.18788387e-06,3.34949324e-06,7.36598191e-07,3.53892443e-07,2.95073516e-07,3.24946459e-07,1.47713894e-07,2.95444766e-08,8.86305871e-08,2.95485692e-08,8.86743879e-08
86.8868869,1.44840801e-07,5.21253983e-07,2.60397679e-06,2.24650389e-05,1.12050679e-05,0.000103701605,5.35836838e-05,20491.6278,3931.62487,5.27414211e-06,3.81435948e-06,8.1700799e-06,4.06809254e-06,2.85740537e-06,2.90619201e-06,6.73960583e-07,7238.54882,1.57578553e-06,7328.76571,7.83995022e-06,1.34223659e-05,2.30797772e-07,4.3352792e-07,4.32795309e-07,7.68364704e-06,7.04509161e-06,3.28299416e-06,7.21976591e-07,3.4686799e-07,2.89216756e-07,3.18497186e-07,1.44782202e-07,2.89581064e-08,8.68715297e-08,2.89621226e-08,8.69145119e-08
86.986987,1.41966137e-07,5.10908414e-07,2.55229165e-06,2.20190857e-05,1.09825669e-05,0.000101640992,5.25173525e-05,20491.6294,3931.62552,5.16942433e-06,3.73860262e-06,8.00776675e-06,3.98724828e-06,2.80053156e-06,2.84714082e-06,6.04817017e-07,7213.10514,1.52335161e-06,7303.0229,7.68430537e-06,1.31559132e-05,2.26216095e-07,4.24922493e-07,4.24203407e-07,7.53097664e-06,6.90513308e-06,3.21781396e-06,7.07644932e-07,3.39982822e-07,2.83476123e-07,3.1217578e-07,1.41908635e-07,2.83833619e-08,8.51473482e-08,2.8387303e-08,8.5189527e-08
87.0870871,1.39148624e-07,5.00768523e-07,2.50163407e-06,2.1581999e-05,1.07644904e-05,9.96213665e-05,5.14722465e-05,20491.6309,3931.62616,5.06678938e-06,3.66435307e-06,7.84868429e-06,3.90801393e-06,2.74479393e-06,2.78932477e-06,5.4209153e-07,7187.39414,1.47381028e-06,7277.00859,7.53175577e-06,1.28947589e-05,2.21725526e-07,4.16488172e-07,4.15782362e-07,7.38134493e-06,6.76795976e-06,3.15393005e-06,6.93598249e-07,3.33234553e-07,2.77849629e-07,3.05980051e-07,1.39092198e-07,2.78200439e-08,8.34574455e-08,2.78239115e-08,8.34988359e-08
87.1871872,1.36387299e-07,4.90830848e-07,2.45198675e-06,2.11536294e-05,1.05507636e-05,9.76420308e-05,5.04480013e-05,20491.6325,3931.6268,4.96620223e-06,3.59158548e-06,7.69277845e-06,3.83036306e-06,2.69017673e-06,2.73276611e-06,4.87212536e-07,7161.41177,1.42767763e-06,7250.71867,7.38224934e-06,1.2638814e-05,2.17324532e-07,4.08222078e-07,4.075293e-07,7.23470082e-06,6.63352481e-06,3.09132062e-06,6.79831746e-07,3.2662088e-07,2.72335353e-07,2.99907885e-07,1.36331929e-07,2.72679602e-08,8.18012445e-08,2.72717555e-08,8.18418612e-08
87.2872873,1.33681233e-07,4.81092046e-07,2.40333298e-06,2.07338325e-05,1.03413141e-05,9.57023122e-05,4.9444265e-05,20491.634,3931.62745,4.86762909e-06,3.52027542e-06,7.53999705e-06,3.75427017e-06,2.63666513e-06,2.67749134e-06,4.4170046e-07,7135.15392,1.38550413e-06,7224.14894,7.2357358e-06,1.23879922e-05,2.13011634e-07,4.00121431e-07,3.99441444e-07,7.09099494e-06,6.50178298e-06,3.0299646e-06,6.66340795e-07,3.2013958e-07,2.6693144e-07,2.9395724e-07,1.33626901e-07,2.67269251e-08,8.01781885e-08,2.67306495e-08,8.02180458e-08
87.3873874,1.31029531e-07,4.71548892e-07,2.35565664e-06,2.03224691e-05,1.01360724e-05,9.38015612e-05,4.84606981e-05,20491.6356,3931.62809,4.77103735e-06,3.45039933e-06,7.39028982e-06,3.6797108e-06,2.58424525e-06,2.62353128e-06,4.07169173e-07,7108.61639,1.34787517e-06,7197.29516,7.09216665e-06,1.21422106e-05,2.08785403e-07,3.92183549e-07,3.91516118e-07,6.95017973e-06,6.37269066e-06,2.9698417e-06,6.53120929e-07,3.13788506e-07,2.61636103e-07,2.88126145e-07,1.30976217e-07,2.61967595e-08,7.85877401e-08,2.62004143e-08,7.86268523e-08
87.4874875,1.28431331e-07,4.62198281e-07,2.30894221e-06,1.99194051e-05,9.93497124e-06,9.19391525e-05,4.74969737e-05,20491.6371,3931.62874,4.67639561e-06,3.38193449e-06,7.24360833e-06,3.60666142e-06,2.53290414e-06,2.57092121e-06,3.85327411e-07,7081.79491,1.31541158e-06,7170.15296,6.95149517e-06,1.19013891e-05,2.04644465e-07,3.8440585e-07,3.83750742e-07,6.81220934e-06,6.24620585e-06,2.91093235e-06,6.40167847e-07,3.07565591e-07,2.56447618e-07,2.82412705e-07,1.28379016e-07,2.5677291e-08,7.7029382e-08,2.56808775e-08,7.7067763e-08
87.5875876,1.25884246e-07,4.53031632e-07,2.26314686e-06,1.95242721e-05,9.73782821e-06,9.01134203e-05,4.65522494e-05,20491.6387,3931.62938,4.58361648e-06,3.31481743e-06,7.09981468e-06,3.53504905e-06,2.48256505e-06,2.51923401e-06,3.62174171e-07,7054.68459,1.28293811e-06,7142.71737,6.81359192e-06,1.16653065e-05,2.0058501e-07,3.76781184e-07,3.76138173e-07,6.67695614e-06,6.12221163e-06,2.85318232e-06,6.27469638e-07,3.01465117e-07,2.51361216e-07,2.7681167e-07,1.25832912e-07,2.51680424e-08,7.55016826e-08,2.51715619e-08,7.5539346e-08
87.6876877,1.23387059e-07,4.44044566e-07,2.21824875e-06,1.91368817e-05,9.54454948e-06,8.83235e-05,4.56260809e-05,20491.6402,3931.63003,4.49265556e-06,3.24901596e-06,6.95883957e-06,3.46483853e-06,2.43319952e-06,2.46838863e-06,3.35365564e-07,7027.28084,1.24958115e-06,7114.98375,6.67839096e-06,1.14338496e-05,1.96605097e-07,3.69305907e-07,3.68674773e-07,6.54435528e-06,6.0006486e-06,2.79656398e-06,6.15020234e-07,2.95484168e-07,2.46374468e-07,2.71320365e-07,1.23336689e-07,2.46687704e-08,7.40039123e-08,2.46722241e-08,7.40408713e-08
87.7877878,1.20939688e-07,4.35236778e-07,2.17424631e-06,1.87572196e-05,9.35512712e-06,8.65693023e-05,4.47184098e-05,20491.6418,3931.63067,4.40351002e-06,3.18452821e-06,6.82068021e-06,3.39603138e-06,2.38482589e-06,2.41863914e-06,3.13842856e-07,6999.57938,1.21863152e-06,7086.94772,6.54588786e-06,1.1207011e-05,1.92704597e-07,3.61979772e-07,3.61360295e-07,6.41440272e-06,5.881513e-06,2.74107551e-06,6.02819222e-07,2.89622545e-07,2.41487208e-07,2.65938605e-07,1.20890262e-07,2.41794582e-08,7.25360207e-08,2.41828474e-08,7.25722885e-08
87.8878879,1.18541154e-07,4.26604754e-07,2.13112197e-06,1.83851344e-05,9.16948562e-06,8.48501294e-05,4.38288761e-05,20491.6433,3931.63131,4.31614425e-06,3.12132838e-06,6.68528133e-06,3.32860011e-06,2.33742497e-06,2.36996713e-06,2.97261183e-07,6971.57554,1.18995412e-06,7058.60454,6.41602972e-06,1.09847001e-05,1.88881951e-07,3.54799853e-07,3.54191818e-07,6.28704649e-06,5.76475719e-06,2.68669472e-06,5.90861731e-07,2.83877908e-07,2.36697484e-07,2.60664244e-07,1.18492656e-07,2.36999107e-08,7.1097422e-08,2.37032365e-08,7.11330116e-08
87.987988,1.16190489e-07,4.18145003e-07,2.08885831e-06,1.80204759e-05,8.98755007e-06,8.31652891e-05,4.29571235e-05,20491.6449,3931.63196,4.2305229e-06,3.05939089e-06,6.55258803e-06,3.26251734e-06,2.29097753e-06,2.32235185e-06,2.85132729e-07,6943.26454,1.1633616e-06,7029.94935,6.28876399e-06,1.0766827e-05,1.85135614e-07,3.47763247e-07,3.47166444e-07,6.16223496e-06,5.65033387e-06,2.63339964e-06,5.79142926e-07,2.78247934e-07,2.32003359e-07,2.55495148e-07,1.161429e-07,2.32299338e-08,6.96875347e-08,2.32331975e-08,6.97224586e-08
88.0880881,1.13886728e-07,4.09854057e-07,2.04743801e-06,1.76630946e-05,8.80924604e-06,8.15140946e-05,4.21027992e-05,20491.6465,3931.6326,4.14661078e-06,2.99869027e-06,6.42254568e-06,3.19775585e-06,2.24546421e-06,2.27576996e-06,2.76817622e-07,6914.6415,1.13861097e-06,7000.97718,6.16403845e-06,1.05533022e-05,1.81464046e-07,3.40867067e-07,3.40281288e-07,6.0399168e-06,5.538196e-06,2.58116836e-06,5.67657997e-07,2.72730314e-07,2.27402909e-07,2.50429198e-07,1.13840032e-07,2.27693349e-08,6.83057804e-08,2.27725376e-08,6.83400511e-08
88.1881882,1.11628911e-07,4.01728459e-07,2.0068438e-06,1.73128417e-05,8.63449945e-06,7.98958632e-05,4.1265553e-05,20491.648,3931.63324,4.06437287e-06,2.93920115e-06,6.29509985e-06,3.13428844e-06,2.20086555e-06,2.23019533e-06,2.71514831e-07,6885.70146,1.1154003e-06,6971.683,6.04180106e-06,1.03440367e-05,1.77865719e-07,3.34108437e-07,3.33533479e-07,5.92004089e-06,5.42829672e-06,2.52997911e-06,5.56402154e-07,2.67322745e-07,2.22894214e-07,2.4546428e-07,1.11583092e-07,2.2317922e-08,6.69515831e-08,2.23210648e-08,6.69852127e-08
88.2882883,1.0941608e-07,3.93764767e-07,1.96705849e-06,1.6969569e-05,8.4632365e-06,7.83099152e-05,4.04450371e-05,20491.6496,3931.63388,3.98377423e-06,2.88089824e-06,6.17019624e-06,3.07208798e-06,2.15716188e-06,2.18559884e-06,2.68253062e-07,6856.43936,1.09336528e-06,6942.06166,5.92199996e-06,1.01389417e-05,1.74339104e-07,3.27484491e-07,3.26920154e-07,5.80255625e-06,5.32058931e-06,2.47981016e-06,5.45370624e-07,2.62022936e-07,2.18475363e-07,2.40598291e-07,1.09371121e-07,2.18755035e-08,6.56243684e-08,2.18785875e-08,6.5657369e-08
88.3883884,1.0724728e-07,3.85959538e-07,1.92806489e-06,1.66331284e-05,8.29538357e-06,7.67555734e-05,3.96409058e-05,20491.6512,3931.63453,3.90477996e-06,2.82375628e-06,6.04778059e-06,3.01112728e-06,2.11433332e-06,2.14194812e-06,2.65881649e-07,6826.85003,1.07207597e-06,6912.1079,5.80458333e-06,9.93792853e-06,1.70882676e-07,3.20992364e-07,3.20438453e-07,5.68741195e-06,5.21502711e-06,2.43063981e-06,5.34558635e-07,2.56828594e-07,2.14144445e-07,2.35829126e-07,1.07203165e-07,2.14418883e-08,6.4323563e-08,2.14449147e-08,6.43559463e-08
88.4884885,1.05121554e-07,3.78309334e-07,1.88984584e-06,1.6303372e-05,8.13086707e-06,7.52321619e-05,3.88528147e-05,20491.6527,3931.63517,3.82735517e-06,2.76774998e-06,5.92779858e-06,2.95137912e-06,2.07235972e-06,2.09920736e-06,2.63061457e-07,6796.92822,1.05103339e-06,6881.81637,5.68949937e-06,9.74090858e-06,1.67494911e-07,3.14629194e-07,3.14085516e-07,5.57455706e-06,5.11156345e-06,2.38244635e-06,5.2396142e-07,2.51737429e-07,2.09899551e-07,2.31154684e-07,1.05078268e-07,2.10168853e-08,6.30485933e-08,2.10198552e-08,6.30803708e-08
88.5885886,1.03038223e-07,3.70811706e-07,1.85238908e-06,1.59801935e-05,7.96963334e-06,7.37391703e-05,3.80804861e-05,20491.6543,3931.63581,3.75147516e-06,2.71286151e-06,5.81021221e-06,2.89282487e-06,2.03122965e-06,2.05739015e-06,2.62193122e-07,6766.66763,1.03111079e-06,6851.18068,5.57671127e-06,9.54781879e-06,1.64174726e-07,3.08392946e-07,3.07859313e-07,5.46395552e-06,5.01016526e-06,2.33521438e-06,5.13575589e-07,2.46747812e-07,2.05739324e-07,2.2657347e-07,1.02995749e-07,2.06003585e-08,6.17990515e-08,2.06032729e-08,6.18302346e-08
88.6886887,1.00997174e-07,3.63466242e-07,1.81569243e-06,1.56635721e-05,7.81166959e-06,7.2276428e-05,3.73237785e-05,20491.6559,3931.63645,3.67713627e-06,2.6590883e-06,5.69501697e-06,2.83546359e-06,1.99094993e-06,2.0166154e-06,2.73569693e-07,6736.05999,1.01607734e-06,6820.19243,5.46621315e-06,9.35864896e-06,1.60921946e-07,3.0228329e-07,3.01759516e-07,5.35560185e-06,4.91082748e-06,2.28894145e-06,5.03400597e-07,2.41859481e-07,2.01663542e-07,2.22085239e-07,1.00955498e-07,2.01922858e-08,6.05748712e-08,2.01951457e-08,6.0605471e-08
88.7887888,9.89968596e-08,3.56267378e-07,1.77972821e-06,1.53532709e-05,7.65685983e-06,7.08429097e-05,3.65822106e-05,20491.6575,3931.63709,3.60428165e-06,2.60638911e-06,5.58212346e-06,2.77924937e-06,1.95148035e-06,1.97672392e-06,2.8694779e-07,6705.10166,1.00216732e-06,6788.8479,5.35792096e-06,9.17325536e-06,1.577341e-07,2.96295586e-07,2.95781488e-07,5.24941318e-06,4.81347422e-06,2.24359234e-06,4.93428711e-07,2.37068722e-07,1.97669111e-07,2.17686585e-07,9.89559671e-08,1.97923574e-08,5.93751231e-08,1.97951638e-08,5.94051505e-08
88.8888889,9.70364134e-08,3.49211997e-07,1.74448084e-06,1.50491554e-05,7.50513716e-06,6.94379972e-05,3.58554641e-05,20491.6591,3931.63773,3.53287972e-06,2.55474107e-06,5.47148257e-06,2.72415757e-06,1.91280264e-06,1.9376838e-06,3.01618024e-07,6673.78661,9.89113182e-07,6757.14098,5.25178778e-06,8.99155768e-06,1.54609805e-07,2.90427239e-07,2.89922639e-07,5.14534342e-06,4.71806321e-06,2.19914741e-06,4.8365561e-07,2.3237346e-07,1.937543e-07,2.13375603e-07,9.69962894e-08,1.94004001e-08,5.81992876e-08,1.9403154e-08,5.82287533e-08
88.988989,9.51149732e-08,3.42296996e-07,1.70993483e-06,1.47510922e-05,7.35643498e-06,6.80610756e-05,3.5143222e-05,20491.6606,3931.63837,3.46289901e-06,2.50412139e-06,5.36304537e-06,2.67016364e-06,1.87489842e-06,1.89946056e-06,3.16787393e-07,6642.10869,9.76616766e-07,6725.0654,5.1477669e-06,8.81347593e-06,1.51547686e-07,2.84675667e-07,2.8418039e-07,5.04334664e-06,4.62455239e-06,2.15558708e-06,4.74076995e-07,2.27771629e-07,1.89917387e-07,2.09150396e-07,9.50756033e-08,1.90162415e-08,5.70468476e-08,1.90189439e-08,5.70757621e-08
89.0890891,9.32316792e-08,3.35519283e-07,1.67607473e-06,1.44589479e-05,7.21068692e-06,6.6711532e-05,3.44451691e-05,20491.6622,3931.63901,3.39430816e-06,2.45450736e-06,5.25676307e-06,2.61724304e-06,1.83774914e-06,1.86201712e-06,3.31576733e-07,6610.06157,9.64348355e-07,6692.61473,5.04581173e-06,8.63893041e-06,1.48546373e-07,2.79038296e-07,2.7855217e-07,4.94337706e-06,4.53289979e-06,2.11289184e-06,4.64688576e-07,2.23261169e-07,1.86156656e-07,2.05009075e-07,9.31930494e-08,1.86397098e-08,5.59172874e-08,1.86423617e-08,5.5945661e-08
89.1891892,9.13856739e-08,3.2887577e-07,1.64288513e-06,1.41725897e-05,7.06782678e-06,6.53887554e-05,3.37609908e-05,20491.6638,3931.63965,3.32707587e-06,2.4058763e-06,5.15258695e-06,2.56537127e-06,1.80133608e-06,1.82531357e-06,3.4501818e-07,6577.6388,9.51945731e-07,6659.78241,4.9458758e-06,8.46784157e-06,1.45604497e-07,2.73512558e-07,2.73035414e-07,4.84538899e-06,4.44306355e-06,2.07104224e-06,4.55486077e-07,2.18840025e-07,1.82470392e-07,2.00949752e-07,9.13477701e-08,1.82706333e-08,5.48100926e-08,1.82732357e-08,5.48379354e-08
89.2892893,8.95761004e-08,3.22363375e-07,1.61035062e-06,1.38918848e-05,6.92778842e-06,6.40921358e-05,3.30903735e-05,20491.6654,3931.64029,3.26117087e-06,2.35820558e-06,5.05046835e-06,2.51452378e-06,1.76564029e-06,1.78930711e-06,3.56052624e-07,6544.83377,9.3901323e-07,6626.56172,4.84791268e-06,8.30012994e-06,1.42720693e-07,2.68095887e-07,2.67627559e-07,4.74933681e-06,4.35500186e-06,2.03001882e-06,4.46465223e-07,2.14506144e-07,1.78856884e-07,1.96970544e-07,8.9538909e-08,1.79088409e-08,5.37247492e-08,1.79113946e-08,5.3752071e-08
89.3893894,8.7802102e-08,3.15979015e-07,1.57845581e-06,1.36167004e-05,6.79050575e-06,6.28210634e-05,3.24330038e-05,20491.667,3931.64093,3.1965619e-06,2.31147254e-06,4.95035854e-06,2.46467599e-06,1.73064258e-06,1.75395188e-06,3.63527163e-07,6511.63969,9.25120798e-07,6592.94576,4.75187595e-06,8.13571606e-06,1.39893593e-07,2.62785716e-07,2.62326044e-07,4.65517486e-06,4.26867289e-06,1.98980214e-06,4.3762174e-07,2.10257473e-07,1.75314421e-07,1.93069566e-07,8.77656095e-08,1.75541612e-08,5.26607432e-08,1.75566671e-08,5.26875538e-08
89.4894895,8.60628212e-08,3.09719604e-07,1.54718529e-06,1.33469037e-05,6.6559126e-06,6.1574928e-05,3.1788568e-05,20491.6686,3931.64157,3.13321766e-06,2.2656545e-06,4.85220878e-06,2.41580325e-06,1.6963235e-06,1.71919884e-06,3.66192566e-07,6478.04966,9.09803047e-07,6558.92752,4.65771912e-06,7.97452038e-06,1.3712183e-07,2.57579478e-07,2.57128302e-07,4.56285746e-06,4.18403477e-06,1.95037273e-06,4.28951351e-07,2.06091959e-07,1.7184129e-07,1.89244932e-07,8.60270143e-08,1.72064227e-08,5.16175603e-08,1.72088818e-08,5.16438692e-08
89.5895896,8.43573984e-08,3.0358205e-07,1.51652362e-06,1.30823616e-05,6.52394272e-06,6.03531188e-05,3.11567523e-05,20491.6702,3931.64221,3.07110677e-06,2.22072874e-06,4.75597014e-06,2.3678808e-06,1.66266331e-06,1.68499567e-06,3.62700722e-07,6444.05658,8.92558312e-07,6524.49977,4.56539562e-06,7.8164632e-06,1.34404033e-07,2.52474598e-07,2.52031763e-07,4.4723388e-06,4.10104553e-06,1.91171109e-06,4.20449769e-07,2.0200754e-07,1.68435773e-07,1.85494753e-07,8.43222642e-08,1.68654536e-08,5.05946849e-08,1.68678667e-08,5.06205013e-08
89.6896897,8.26865056e-08,2.97568764e-07,1.48648277e-06,1.28231762e-05,6.3946454e-06,5.91560608e-05,3.05377479e-05,20491.6718,3931.64285,3.01025414e-06,2.17671347e-06,4.66168322e-06,2.32093211e-06,1.62969766e-06,1.65164184e-06,3.64545158e-07,6409.65184,8.77598355e-07,6489.65376,4.47494206e-06,7.66160707e-06,1.31741278e-07,2.47473095e-07,2.47038445e-07,4.3836553e-06,4.01973847e-06,1.87383256e-06,4.12120356e-07,1.98005832e-07,1.65099217e-07,1.81820507e-07,8.26520315e-08,1.65313883e-08,4.95925205e-08,1.65337563e-08,4.96178537e-08
89.7897898,8.10486877e-08,2.91674515e-07,1.45703665e-06,1.25691227e-05,6.26790945e-06,5.79827402e-05,2.99310449e-05,20491.6734,3931.64348,2.95060649e-06,2.13357002e-06,4.56926427e-06,2.27491358e-06,1.59738475e-06,1.61894152e-06,3.65200192e-07,6374.82853,8.62521114e-07,6454.38248,4.3862795e-06,7.50981692e-06,1.29131243e-07,2.42570607e-07,2.42143992e-07,4.29672917e-06,3.94004233e-06,1.83670406e-06,4.03955849e-07,1.94083346e-07,1.61828712e-07,1.78218993e-07,8.10148613e-08,1.62039359e-08,4.8610194e-08,1.62062596e-08,4.86350531e-08
89.8898899,7.94431623e-08,2.85896484e-07,1.42817118e-06,1.23200801e-05,6.1436744e-06,5.68325987e-05,2.93363549e-05,20491.675,3931.64412,2.89213527e-06,2.09127772e-06,4.47866881e-06,2.22980274e-06,1.56570695e-06,1.58685199e-06,3.63746675e-07,6339.579,8.46982345e-07,6418.67814,4.29936553e-06,7.36102018e-06,1.2657268e-07,2.37764793e-07,2.37346065e-07,4.21151873e-06,3.86191894e-06,1.80030785e-06,3.95952346e-07,1.90238207e-07,1.58622697e-07,1.74688491e-07,7.94099714e-08,1.58829399e-08,4.76472361e-08,1.58852201e-08,4.76716299e-08
89.98999,7.78692793e-08,2.80232334e-07,1.39987467e-06,1.20759472e-05,6.02188981e-06,5.57051674e-05,2.87534337e-05,20491.6765,3931.64476,2.8348168e-06,2.04981942e-06,4.3898601e-06,2.18558127e-06,1.53465128e-06,1.55535861e-06,3.60319566e-07,6303.89528,8.31024676e-07,6382.53264,4.21416495e-06,7.21515658e-06,1.24064553e-07,2.33053705e-07,2.32642719e-07,4.1279894e-06,3.78533659e-06,1.76462918e-06,3.88106604e-07,1.86468858e-07,1.55479872e-07,1.71227571e-07,7.78367119e-08,1.55682703e-08,4.6703257e-08,1.55705078e-08,4.67271941e-08
90.0900901,7.63264088e-08,2.74679796e-07,1.3721358e-06,1.18366263e-05,5.90250676e-06,5.4599991e-05,2.81820433e-05,20491.6781,3931.6454,2.77862812e-06,2.00917852e-06,4.30280257e-06,2.14223146e-06,1.50420528e-06,1.52444895e-06,3.55166703e-07,6267.7692,8.14732125e-07,6345.93768,4.13064365e-06,7.07216772e-06,1.21605856e-07,2.28435458e-07,2.28032071e-07,4.04610769e-06,3.7102646e-06,1.72965375e-06,3.80415483e-07,1.82773791e-07,1.5239898e-07,1.67834848e-07,7.62944532e-08,1.52598012e-08,4.57778787e-08,1.52619969e-08,4.58013677e-08
90.1901902,7.48139418e-08,2.69236678e-07,1.3449436e-06,1.16020227e-05,5.7854779e-06,5.35166284e-05,2.76219527e-05,20491.6798,3931.64603,2.72354706e-06,1.96933894e-06,4.21746183e-06,2.09973619e-06,1.47435703e-06,1.49411294e-06,3.48657631e-07,6231.19241,7.9823333e-07,6308.88477,4.04876863e-06,6.93199713e-06,1.1919562e-07,2.23908229e-07,2.23512301e-07,3.96584122e-06,3.63667326e-06,1.69536777e-06,3.72875946e-07,1.79151546e-07,1.49378804e-07,1.64508983e-07,7.47825865e-08,1.49574108e-08,4.4870736e-08,1.49595654e-08,4.48937853e-08
90.2902903,7.333129e-08,2.63900863e-07,1.31828748e-06,1.13720449e-05,5.67075746e-06,5.24546527e-05,2.70729377e-05,20491.6814,3931.64667,2.6695522e-06,1.93028522e-06,4.13380473e-06,2.058079e-06,1.44509523e-06,1.4643431e-06,3.41292443e-07,6194.15631,7.81704783e-07,6271.36518,3.96850806e-06,6.7945903e-06,1.16832907e-07,2.19470256e-07,2.19081651e-07,3.88715872e-06,3.56453394e-06,1.66175788e-06,3.65485061e-07,1.75600714e-07,1.4641817e-07,1.61248683e-07,7.33005237e-08,1.46609815e-08,4.39814762e-08,1.46630958e-08,4.40040939e-08
90.3903904,7.18778871e-08,2.58670312e-07,1.29215726e-06,1.11466049e-05,5.5583013e-06,5.14136513e-05,2.65347811e-05,20491.683,3931.6473,2.61662291e-06,1.89200241e-06,4.05179933e-06,2.01724406e-06,1.41640915e-06,1.43513465e-06,3.33710607e-07,6156.65213,7.65374061e-07,6233.36997,3.88983124e-06,6.65989469e-06,1.14516813e-07,2.15119844e-07,2.14738427e-07,3.81003009e-06,3.49381904e-06,1.62881124e-06,3.58240004e-07,1.7211994e-07,1.43515947e-07,1.58052701e-07,7.18476989e-08,1.43704001e-08,4.31097595e-08,1.43724748e-08,4.31319536e-08
90.4904905,7.04530786e-08,2.53542671e-07,1.2665412e-06,1.09256018e-05,5.4480596e-06,5.03931733e-05,2.600726e-05,20491.6846,3931.64794,2.56473526e-06,1.8544732e-06,3.9714083e-06,1.97721257e-06,1.38828441e-06,1.40645443e-06,3.23820104e-07,6118.66984,7.48471949e-07,6194.88896,3.81270272e-06,6.52784962e-06,1.12246296e-07,2.10855032e-07,2.10480671e-07,3.73442045e-06,3.42449659e-06,1.59651299e-06,3.51137508e-07,1.68707654e-07,1.40670827e-07,1.54919598e-07,7.04234575e-08,1.40855357e-08,4.22551933e-08,1.40875716e-08,4.22769717e-08
90.5905906,6.90562611e-08,2.4851577e-07,1.24142847e-06,1.07089424e-05,5.3399861e-06,4.93927962e-05,2.54901621e-05,20491.6862,3931.64857,2.51386722e-06,1.81768161e-06,3.89259736e-06,1.93796734e-06,1.36070836e-06,1.37828052e-06,3.10434414e-07,6080.19943,7.30559971e-07,6155.912,3.73708979e-06,6.39839913e-06,1.10020392e-07,2.06674014e-07,2.06306578e-07,3.66029764e-06,3.35653714e-06,1.56484944e-06,3.44174564e-07,1.6536241e-07,1.37881605e-07,1.51848048e-07,6.90271962e-08,1.38062677e-08,4.14174156e-08,1.38082654e-08,4.1438786e-08
90.6906907,6.76869916e-08,2.43588012e-07,1.21681106e-06,1.0496557e-05,5.2340455e-06,4.84121801e-05,2.4983298e-05,20491.6878,3931.64921,2.46400274e-06,1.78161607e-06,3.81534189e-06,1.89949643e-06,1.33367445e-06,1.35063352e-06,2.96141541e-07,6041.23199,7.12577603e-07,6116.43,3.6629685e-06,6.27150217e-06,1.07838396e-07,2.02575464e-07,2.02214827e-07,3.58763824e-06,3.28991918e-06,1.53381056e-06,3.37348966e-07,1.62083149e-07,1.35147396e-07,1.48837076e-07,6.76584726e-08,1.35325074e-08,4.05961608e-08,1.35344678e-08,4.06171309e-08
90.7907908,6.63447635e-08,2.38757575e-07,1.19267985e-06,1.02883671e-05,5.13019841e-06,4.74509579e-05,2.44864758e-05,20491.6894,3931.64984,2.41512338e-06,1.74626323e-06,3.73961337e-06,1.86178575e-06,1.30717338e-06,1.32351272e-06,2.81424498e-07,6001.75756,6.94696227e-07,6076.43285,3.59031141e-06,6.1471118e-06,1.05699501e-07,1.98557866e-07,1.98203902e-07,3.51641531e-06,3.22461805e-06,1.50338486e-06,3.30658187e-07,1.58868657e-07,1.32467189e-07,1.45885569e-07,6.63167801e-08,1.32641537e-08,3.97911252e-08,1.32660773e-08,3.98117024e-08
90.8908909,6.50290903e-08,2.34022705e-07,1.16902611e-06,1.00842968e-05,5.02840697e-06,4.65087769e-05,2.39995106e-05,20491.691,3931.65048,2.36721142e-06,1.71161027e-06,3.6653844e-06,1.82482178e-06,1.28119643e-06,1.29691997e-06,2.66852706e-07,5961.76588,6.77119014e-07,6035.91014,3.51909218e-06,6.0251829e-06,1.03602932e-07,1.94619763e-07,1.94272349e-07,3.44660302e-06,3.16061005e-06,1.47356131e-06,3.24099803e-07,1.55717768e-07,1.29840012e-07,1.42992456e-07,6.50016325e-08,1.30011092e-08,3.90020168e-08,1.30029969e-08,3.90222084e-08
90.990991,6.37395056e-08,2.29381724e-07,1.14584142e-06,9.88427384e-06,4.92863487e-06,4.55852981e-05,2.35222244e-05,20491.6926,3931.65111,2.32024988e-06,1.67764493e-06,3.59262876e-06,1.78859162e-06,1.25573547e-06,1.27085984e-06,2.53085802e-07,5921.24646,6.60082313e-07,5994.85118,3.44928557e-06,5.90567225e-06,1.01547944e-07,1.90759759e-07,1.90418775e-07,3.37817659e-06,3.09787247e-06,1.44432933e-06,3.17671488e-07,1.52629366e-07,1.27264935e-07,1.40156712e-07,6.37125635e-08,1.27432808e-08,3.82285559e-08,1.2745133e-08,3.82483692e-08
91.0910911,6.24755634e-08,2.24833028e-07,1.12311777e-06,9.68822871e-06,4.83084738e-06,4.4680197e-05,2.30544466e-05,20491.6942,3931.65174,2.27422255e-06,1.64435548e-06,3.52132141e-06,1.75308299e-06,1.23078294e-06,1.24533975e-06,2.40877442e-07,5880.18849,6.43857056e-07,5953.24501,3.38086743e-06,5.78853853e-06,9.95338282e-08,1.8697652e-07,1.86641846e-07,3.31111235e-06,3.03638362e-06,1.41567882e-06,3.1137102e-07,1.49602383e-07,1.24741066e-07,1.37377358e-07,6.24491275e-08,1.24905792e-08,3.74704752e-08,1.24923968e-08,3.74899173e-08
91.1911912,6.12368387e-08,2.20375086e-07,1.1008475e-06,9.4960953e-06,4.73501133e-06,4.37931635e-05,2.25960138e-05,20491.6958,3931.65237,2.22911397e-06,1.61173074e-06,3.45143851e-06,1.71828422e-06,1.20633193e-06,1.22037009e-06,2.31079111e-07,5838.58091,6.28750147e-07,5911.08037,3.31381475e-06,5.67374234e-06,9.75599067e-08,1.83268773e-07,1.82940294e-07,3.24538775e-06,2.97612282e-06,1.38760014e-06,3.05196279e-07,1.46635801e-07,1.22267557e-07,1.34653457e-07,6.12108995e-08,1.22429195e-08,3.67275198e-08,1.2244703e-08,3.67465975e-08
91.2912913,6.00228774e-08,2.16006262e-07,1.07902245e-06,9.30780304e-06,4.64109144e-06,4.29238691e-05,2.21467545e-05,20491.6974,3931.65301,2.18490759e-06,1.57975875e-06,3.38295447e-06,1.68418268e-06,1.1823742e-06,1.19595142e-06,2.24107159e-07,5796.41216,6.14909351e-07,5868.34554,3.24810295e-06,5.56124158e-06,9.56254556e-08,1.79635159e-07,1.7931276e-07,3.18097866e-06,2.91706794e-06,1.36008299e-06,2.99145002e-07,1.43728533e-07,1.19843502e-07,1.31984011e-07,5.99974257e-08,1.20002108e-08,3.59994171e-08,1.2001961e-08,3.60181373e-08
91.3913914,5.88327045e-08,2.11723052e-07,1.05762513e-06,9.12320182e-06,4.54901365e-06,4.20716448e-05,2.17063382e-05,20491.6991,3931.65364,2.14156771e-06,1.54841358e-06,3.31581307e-06,1.65074906e-06,1.15888144e-06,1.17194794e-06,2.14669214e-07,5753.66853,6.0039259e-07,5825.02657,3.18367913e-06,5.45094578e-06,9.37289186e-08,1.76072757e-07,1.75756325e-07,3.11783295e-06,2.85917125e-06,1.33310521e-06,2.93212322e-07,1.4087824e-07,1.17466951e-07,1.29366876e-07,5.88077312e-08,1.17622583e-08,3.52855824e-08,1.17639757e-08,3.53039517e-08
91.4914915,5.76661883e-08,2.0752498e-07,1.03665314e-06,8.9422704e-06,4.45876676e-06,4.12363751e-05,2.12746941e-05,20491.7007,3931.65427,2.09908963e-06,1.51769191e-06,3.25000764e-06,1.61798095e-06,1.13585742e-06,1.14843881e-06,2.06395752e-07,5710.33884,5.86524677e-07,5781.11211,3.12053622e-06,5.34284276e-06,9.18700869e-08,1.72581173e-07,1.72270599e-07,3.05594381e-06,2.80242647e-06,1.30666386e-06,2.87397585e-07,1.38084609e-07,1.15137642e-07,1.26801762e-07,5.76416844e-08,1.15290356e-08,3.45859366e-08,1.15307208e-08,3.46039616e-08
91.5915916,5.65228701e-08,2.03410394e-07,1.01609824e-06,8.76493765e-06,4.37031529e-06,4.04177314e-05,2.08516521e-05,20491.7023,3931.6549,2.05745667e-06,1.48758164e-06,3.18551228e-06,1.5858655e-06,1.11329325e-06,1.12541697e-06,1.99294161e-07,5666.41038,5.7330416e-07,5736.58926,3.05864938e-06,5.23689004e-06,9.00482298e-08,1.69159034e-07,1.6885421e-07,2.99528686e-06,2.74681126e-06,1.28074852e-06,2.81698505e-07,1.3534654e-07,1.1285466e-07,1.24287662e-07,5.64988269e-08,1.1300451e-08,3.39002047e-08,1.13021047e-08,3.39178918e-08
91.6916917,5.54022958e-08,1.9937766e-07,9.95952257e-07,8.59113311e-06,4.2836241e-06,3.96153885e-05,2.04370443e-05,20491.7039,3931.65553,2.01665225e-06,1.45807079e-06,3.1223013e-06,1.55438991e-06,1.09118003e-06,1.10287432e-06,1.93297098e-07,5621.8701,5.60702399e-07,5691.44473,2.99799402e-06,5.13304548e-06,8.82626228e-08,1.65804982e-07,1.65505801e-07,2.93583795e-06,2.69230349e-06,1.25534889e-06,2.76112817e-07,1.32662947e-07,1.10617098e-07,1.21823575e-07,5.53787046e-08,1.10764137e-08,3.32281143e-08,1.10780364e-08,3.32454699e-08
91.7917918,5.43040141e-08,1.95425154e-07,9.76207084e-07,8.42078683e-06,4.19865831e-06,3.8829024e-05,2.00307045e-05,20491.7055,3931.65616,1.97665994e-06,1.42914747e-06,3.0603492e-06,1.52354148e-06,1.06950885e-06,1.08080164e-06,1.88254122e-07,5576.70451,5.4866051e-07,5645.66485,2.93854568e-06,5.03126727e-06,8.65125468e-08,1.62517663e-07,1.62224022e-07,2.87757308e-06,2.63888116e-06,1.23045474e-06,2.7063827e-07,1.30032748e-07,1.08424053e-07,1.19408511e-07,5.42808666e-08,1.08568335e-08,3.25693948e-08,1.08584257e-08,3.25864249e-08
91.8918919,5.32275763e-08,1.91551262e-07,9.56854654e-07,8.25382924e-06,4.11538326e-06,3.80583181e-05,1.96324682e-05,20491.7071,3931.65679,1.93746336e-06,1.40079982e-06,2.99963056e-06,1.49330754e-06,1.04827072e-06,1.05918832e-06,1.83923326e-07,5530.89977,5.37086307e-07,5599.23553,2.88028007e-06,4.93151379e-06,8.47972861e-08,1.59295736e-07,1.59007532e-07,2.82046839e-06,2.58652238e-06,1.20605588e-06,2.65272627e-07,1.27454868e-07,1.06274631e-07,1.17041481e-07,5.3204864e-08,1.06416206e-08,3.19237768e-08,1.0643183e-08,3.19404877e-08
91.991992,5.21725555e-08,1.87754448e-07,9.37887292e-07,8.0901941e-06,4.03376585e-06,3.73029631e-05,1.92421752e-05,20491.7088,3931.65742,1.89904697e-06,1.37301659e-06,2.9401213e-06,1.46367611e-06,1.02745725e-06,1.03802624e-06,1.8042828e-07,5484.44084,5.2602066e-07,5552.14151,2.82317407e-06,4.83374548e-06,8.31161606e-08,1.56137922e-07,1.55855055e-07,2.76450118e-06,2.53520638e-06,1.18214264e-06,2.60013759e-07,1.24928285e-07,1.04167978e-07,1.14721547e-07,5.21502705e-08,1.04306897e-08,3.12910046e-08,1.04322229e-08,3.13074022e-08
92.0920921,5.11385692e-08,1.84033332e-07,9.19298101e-07,7.92982167e-06,3.95377602e-06,3.6562675e-05,1.88596726e-05,20491.7104,3931.65804,1.86139686e-06,1.34578774e-06,2.88179993e-06,1.43463653e-06,1.00706126e-06,1.01731386e-06,1.78760247e-07,5437.3107,5.15820352e-07,5504.36551,2.76720697e-06,4.73792686e-06,8.14685605e-08,1.53043077e-07,1.52765447e-07,2.70965114e-06,2.48491452e-06,1.15870635e-06,2.54859761e-07,1.22452082e-07,1.0210333e-07,1.12447869e-07,5.11167034e-08,1.02239644e-08,3.06708485e-08,1.02254688e-08,3.06869387e-08
92.1921922,5.01251454e-08,1.80386218e-07,9.0107861e-07,7.77263907e-06,3.87537765e-06,3.58371245e-05,1.84847955e-05,20491.712,3931.65867,1.8244958e-06,1.31910076e-06,2.82463959e-06,1.40617533e-06,9.87072664e-07,9.97030911e-07,1.77799319e-07,5389.49512,5.06073417e-07,5455.89307,2.71235319e-06,4.64401418e-06,7.9853733e-08,1.50009785e-07,1.49737297e-07,2.65589315e-06,2.43562378e-06,1.13573629e-06,2.49808276e-07,1.20025129e-07,1.00079745e-07,1.10219408e-07,5.01036909e-08,1.00213502e-08,3.00630256e-08,1.00228265e-08,3.0078814e-08
92.2922923,4.91318525e-08,1.76811554e-07,8.83221065e-07,7.61857943e-06,3.79853741e-06,3.51260041e-05,1.81173855e-05,20491.7136,3931.6593,1.78832804e-06,1.29294428e-06,2.76861586e-06,1.37828025e-06,9.67482479e-07,9.77163035e-07,1.77235185e-07,5340.97794,4.96662616e-07,5406.70777,2.65858936e-06,4.55196742e-06,7.82709902e-08,1.47036757e-07,1.46769314e-07,2.60320424e-06,2.38731312e-06,1.11322267e-06,2.44857154e-07,1.17646391e-07,9.80963615e-08,1.08035214e-07,4.91108018e-08,9.82276092e-09,2.94672768e-08,9.8242095e-09,2.94827693e-08
92.3923924,4.81582594e-08,1.73307786e-07,8.65717716e-07,7.46757593e-06,3.72322204e-06,3.44290066e-05,1.77572847e-05,20491.7152,3931.65993,1.75287786e-06,1.26730691e-06,2.71370427e-06,1.35093906e-06,9.48281617e-07,9.57694193e-07,1.76680747e-07,5291.74243,4.87442682e-07,5356.79263,2.60589212e-06,4.4617466e-06,7.67196445e-08,1.44122699e-07,1.4386021e-07,2.55156147e-06,2.33996149e-06,1.09115571e-06,2.40004243e-07,1.15314837e-07,9.61523173e-08,1.05894341e-07,4.81376048e-08,9.62811026e-09,2.88833437e-08,9.6295317e-09,2.88985456e-08
92.4924925,4.72039346e-08,1.69873363e-07,8.48560809e-07,7.31956171e-06,3.64939823e-06,3.37458252e-05,1.74043359e-05,20491.7169,3931.66055,1.71812952e-06,1.24217724e-06,2.65988035e-06,1.32413945e-06,9.29460837e-07,9.38606524e-07,1.75667298e-07,5241.77133,4.78238551e-07,5306.13012,2.5542381e-06,4.37331171e-06,7.51990077e-08,1.41266321e-07,1.41008694e-07,2.50094187e-06,2.29354787e-06,1.06952562e-06,2.35247392e-07,1.13029431e-07,9.42467507e-08,1.03795838e-07,4.71836686e-08,9.43731198e-09,2.83109674e-08,9.43870678e-09,2.83258842e-08
92.5925926,4.62684454e-08,1.66506728e-07,8.3174257e-07,7.17446978e-06,3.57703265e-06,3.30761528e-05,1.70583815e-05,20491.7185,3931.66118,1.68406723e-06,1.21754386e-06,2.60711954e-06,1.29786906e-06,9.11010724e-07,9.19880211e-07,1.73639706e-07,5191.0468,4.68843591e-07,5254.70211,2.50360384e-06,4.28662262e-06,7.37083899e-08,1.38466327e-07,1.38213471e-07,2.45132241e-06,2.24805113e-06,1.04832258e-06,2.30584443e-07,1.10789138e-07,9.23787976e-08,1.01738755e-07,4.62485608e-08,9.25027956e-09,2.77498883e-08,9.25164821e-09,2.77645253e-08
92.6926927,4.53514684e-08,1.63206717e-07,8.15257179e-07,7.03224983e-06,3.50610009e-06,3.24197536e-05,1.67192976e-05,20491.7201,3931.6618,1.65067923e-06,1.19339824e-06,2.55540368e-06,1.27211897e-06,8.9292575e-07,9.0151991e-07,1.71172306e-07,5139.54962,4.59464055e-07,5202.4891,2.45397186e-06,4.20164936e-06,7.2247276e-08,1.35721748e-07,1.35473576e-07,2.40268594e-06,2.20345555e-06,1.02753927e-06,2.26013784e-07,1.08593183e-07,9.05478123e-08,9.972238e-08,4.5331958e-08,9.06694836e-09,2.71999125e-08,9.06829136e-09,2.7214275e-08
92.7927928,4.44527301e-08,1.59972344e-07,7.99099705e-07,6.89285916e-06,3.43657905e-06,3.17764248e-05,1.63869752e-05,20491.7217,3931.66243,1.61795559e-06,1.16973323e-06,2.50471753e-06,1.24688183e-06,8.75202087e-07,8.83540568e-07,1.69318341e-07,5087.2596,4.50481265e-07,5149.47058,2.40532735e-06,4.11836661e-06,7.08152303e-08,1.33031767e-07,1.32788192e-07,2.35501796e-06,2.15974785e-06,1.00716947e-06,2.21534051e-07,1.0644091e-07,8.87532488e-08,9.77461119e-08,4.44335868e-08,8.88726369e-09,2.6660876e-08,8.88858152e-09,2.66749691e-08
92.8928929,4.35717723e-08,1.56801962e-07,7.8326192e-07,6.75622689e-06,3.36843434e-06,3.11458436e-05,1.60612505e-05,20491.7234,3931.66305,1.58587958e-06,1.1465367e-06,2.45503498e-06,1.22214439e-06,8.57829003e-07,8.65911396e-07,1.67037977e-07,5034.15721,4.4151145e-07,5095.62674,2.35764547e-06,4.03673185e-06,6.94115218e-08,1.3039501e-07,1.30155948e-07,2.30829407e-06,2.11690565e-06,9.87202806e-07,2.1714296e-07,1.04331223e-07,8.69941917e-08,9.58089428e-08,4.35529893e-08,8.71113393e-09,2.61325039e-08,8.71242705e-09,2.61463326e-08
92.992993,4.27082364e-08,1.53694278e-07,7.67737375e-07,6.62229739e-06,3.30163817e-06,3.05277524e-05,1.57419897e-05,20491.725,3931.66368,1.55443812e-06,1.12379919e-06,2.40633576e-06,1.19789654e-06,8.40799305e-07,8.48623903e-07,1.64324768e-07,4980.22156,4.32548579e-07,5040.93635,2.31090682e-06,3.95671184e-06,6.80355789e-08,1.27810405e-07,1.27575772e-07,2.26249519e-06,2.07491147e-06,9.67631129e-07,2.12838722e-07,1.02263263e-07,8.52699248e-08,9.39100842e-08,4.26898068e-08,8.53848737e-09,2.5614581e-08,8.53975626e-09,2.56281504e-08
93.0930931,4.1861774e-08,1.50648041e-07,7.52519807e-07,6.49101659e-06,3.23616354e-06,2.99219007e-05,1.54290627e-05,20491.7266,3931.6643,1.52361854e-06,1.10151152e-06,2.3586002e-06,1.17412848e-06,8.24106063e-07,8.31670567e-07,1.61227646e-07,4925.43099,4.23606858e-07,4985.37745,2.26509252e-06,3.8782743e-06,6.66868466e-08,1.25276909e-07,1.25046623e-07,2.21760282e-06,2.03374836e-06,9.48446544e-07,2.086196e-07,1.00236194e-07,8.35797526e-08,9.20487702e-08,4.18436913e-08,8.3692544e-09,2.51068986e-08,8.3704995e-09,2.51202135e-08
93.1931932,4.10320478e-08,1.47662035e-07,7.37603147e-07,6.36233208e-06,3.17198427e-06,2.9328045e-05,1.51223425e-05,20491.7282,3931.66492,1.49340853e-06,1.07966479e-06,2.31180925e-06,1.15083071e-06,8.07742626e-07,8.15044976e-07,1.5785844e-07,4869.76309,4.14723468e-07,4928.92725,2.2201843e-06,3.80138794e-06,6.53647867e-08,1.22793511e-07,1.22567492e-07,2.17359902e-06,1.99339987e-06,9.29641399e-07,2.04483912e-07,9.82492086e-08,8.19230011e-08,9.02242588e-08,4.10143054e-08,8.20336754e-09,2.46092543e-08,8.20458929e-09,2.46223193e-08
93.2932933,4.0218722e-08,1.44735052e-07,7.22981363e-07,6.23619192e-06,3.10907455e-06,2.87459485e-05,1.4821709e-05,20491.7298,3931.66554,1.46379584e-06,1.05825015e-06,2.26594388e-06,1.12799376e-06,7.91702302e-07,7.9873925e-07,1.53822303e-07,4813.1914,4.05752109e-07,4871.55893,2.17616398e-06,3.72602162e-06,6.40688641e-08,1.20359206e-07,1.20137375e-07,2.13046594e-06,1.95384963e-06,9.11208076e-07,2.00429984e-07,9.63015026e-08,8.02989997e-08,8.84358115e-08,4.02013134e-08,8.04075964e-09,2.41214465e-08,8.04195848e-09,2.41342663e-08
93.3933934,3.94214833e-08,1.41865965e-07,7.0864882e-07,6.11254739e-06,3.04740997e-06,2.81753832e-05,1.4527042e-05,20491.7315,3931.66616,1.43476909e-06,1.03725934e-06,2.22098646e-06,1.10560887e-06,7.75979111e-07,7.82750085e-07,1.49485977e-07,4755.69245,3.96822768e-07,4813.24864,2.1330146e-06,3.65214633e-06,6.27985796e-08,1.17973056e-07,1.17755337e-07,2.08818694e-06,1.9150824e-06,8.93139474e-07,1.96456253e-07,9.43923259e-08,7.8707123e-08,8.66827397e-08,3.94044023e-08,7.88136811e-09,2.36432875e-08,7.88254447e-09,2.36558668e-08
93.4934935,3.86400264e-08,1.39053675e-07,6.94600022e-07,5.99135105e-06,2.98696681e-06,2.76161284e-05,1.42382264e-05,20491.7331,3931.66678,1.40631715e-06,1.01668433e-06,2.17691977e-06,1.0836675e-06,7.60567259e-07,7.6707449e-07,1.45047529e-07,4697.2405,3.88004512e-07,4753.97028,2.09071963e-06,3.57973375e-06,6.15534465e-08,1.15634148e-07,1.15420464e-07,2.04674579e-06,1.8770833e-06,8.7542867e-07,1.92561199e-07,9.25209469e-08,7.71467613e-08,8.49643718e-08,3.86232669e-08,7.72513187e-09,2.31745941e-08,7.72628617e-09,2.31869374e-08
93.5935936,3.78740575e-08,1.36297123e-07,6.80829684e-07,5.87255725e-06,2.92772224e-06,2.70679717e-05,1.39551511e-05,20491.7347,3931.66741,1.37842932e-06,9.96517368e-07,2.13372726e-06,1.06216147e-06,7.45461269e-07,7.51710894e-07,1.40752183e-07,4637.80868,3.79383739e-07,4693.69657,2.04926314e-06,3.50875665e-06,6.03329963e-08,1.13341602e-07,1.13131878e-07,2.0061269e-06,1.83983803e-06,8.58069e-07,1.88743355e-07,9.06866618e-08,7.56173276e-08,8.32800616e-08,3.78576134e-08,7.57199219e-09,2.27151901e-08,7.57312484e-09,2.27273017e-08
93.6936937,3.71232947e-08,1.33595297e-07,6.67332737e-07,5.7561222e-06,2.86965436e-06,2.65307089e-05,1.36777093e-05,20491.7364,3931.66802,1.35109534e-06,9.76751049e-07,2.09139307e-06,1.04108293e-06,7.30656015e-07,7.36659345e-07,1.36913168e-07,4577.36906,3.71071759e-07,4632.39915,2.0086299e-06,3.43918891e-06,5.91367803e-08,1.11094574e-07,1.10888738e-07,1.96631531e-06,1.80333287e-06,8.41054078e-07,1.85001318e-07,8.8888796e-08,7.41182594e-08,8.16291897e-08,3.71071602e-08,7.42189273e-09,2.22649065e-08,7.42300414e-09,2.22767908e-08
93.7937938,3.63874276e-08,1.30947077e-07,6.54103596e-07,5.64199773e-06,2.81273915e-06,2.6004118e-05,1.34057863e-05,20491.738,3931.66864,1.3243039e-06,9.57377175e-07,2.04989963e-06,1.02042312e-06,7.16145179e-07,7.21911292e-07,1.33400373e-07,4515.89178,3.63018206e-07,4570.04774,1.96880308e-06,3.37100173e-06,5.79643032e-08,1.08892134e-07,1.08690114e-07,1.92729449e-06,1.7675527e-06,8.24376857e-07,1.81333537e-07,8.71266053e-08,7.26489363e-08,8.00110729e-08,3.63715967e-08,7.27477139e-09,2.18235569e-08,7.27586195e-09,2.18352182e-08
93.8938939,3.56661272e-08,1.28351281e-07,6.41136355e-07,5.53013293e-06,2.75695129e-06,2.54879658e-05,1.31392631e-05,20491.7396,3931.66926,1.298043e-06,9.3838706e-07,2.00922828e-06,1.00017264e-06,7.01921662e-07,7.07452304e-07,1.29775275e-07,4453.34527,3.55060284e-07,4506.61031,1.92976487e-06,3.30416463e-06,5.68150407e-08,1.06733299e-07,1.06535023e-07,1.88904696e-06,1.73248147e-06,8.08029879e-07,1.77738375e-07,8.5399302e-08,7.12087017e-08,7.84249883e-08,3.56505943e-08,7.13056243e-09,2.13909443e-08,7.13163253e-09,2.14023866e-08
93.993994,3.49591388e-08,1.25806991e-07,6.28426429e-07,5.42048819e-06,2.70227092e-06,2.49820672e-05,1.28780423e-05,20491.7412,3931.66988,1.27230337e-06,9.19774006e-07,1.96936471e-06,9.80324461e-07,6.87981037e-07,6.93285118e-07,1.26441734e-07,4389.6979,3.47342673e-07,4442.05477,1.89150148e-06,3.23865401e-06,5.56885868e-08,1.04617304e-07,1.04422705e-07,1.8515592e-06,1.69810679e-06,7.92007368e-07,1.7421456e-07,8.37062761e-08,6.97970467e-08,7.68703755e-08,3.49438984e-08,6.98921491e-09,2.09669156e-08,6.99026494e-09,2.09781432e-08
94.0940941,3.42661821e-08,1.233132e-07,6.15968777e-07,5.31302001e-06,2.64867635e-06,2.44862211e-05,1.26220197e-05,20491.7429,3931.6705,1.24707479e-06,9.01530621e-07,1.93029308e-06,9.60870708e-07,6.74317822e-07,6.79404808e-07,1.23404453e-07,4324.9161,3.39864514e-07,4376.34705,1.85399772e-06,3.17444386e-06,5.45844948e-08,1.02543312e-07,1.0235232e-07,1.81481631e-06,1.664415e-06,7.76302968e-07,1.70760695e-07,8.20468562e-08,6.84134117e-08,7.53466182e-08,3.42512286e-08,6.85067279e-09,2.0551303e-08,6.85170312e-09,2.05623197e-08
94.1941942,3.358698e-08,1.20868909e-07,6.03758417e-07,5.20768541e-06,2.59614615e-06,2.40002289e-05,1.23710929e-05,20491.7445,3931.67111,1.22234718e-06,8.83649601e-07,1.89199776e-06,9.41803587e-07,6.6092656e-07,6.65805996e-07,1.20635053e-07,4258.96466,3.32612959e-07,4309.45144,1.81723859e-06,3.11150851e-06,5.3502323e-08,1.00510493e-07,1.00323042e-07,1.77880356e-06,1.63139262e-06,7.60910394e-07,1.67375399e-07,8.04203783e-08,6.70572432e-08,7.3853107e-08,3.35723081e-08,6.71488067e-09,2.014394e-08,6.71589167e-09,2.015475e-08
94.2942943,3.29212593e-08,1.18473135e-07,5.91790436e-07,5.10444197e-06,2.5446591e-06,2.35238938e-05,1.21251591e-05,20491.7461,3931.67173,1.19811057e-06,8.66123745e-07,1.8544633e-06,9.23115405e-07,6.47801796e-07,6.52482609e-07,1.18212579e-07,4191.80324,3.25613757e-07,4241.32702,1.7812093e-06,3.04982263e-06,5.24416358e-08,9.85180279e-08,9.8334053e-08,1.74350644e-06,1.59902632e-06,7.4582345e-07,1.64057309e-07,7.88261883e-08,6.57279955e-08,7.23892411e-08,3.29068637e-08,6.58178392e-09,1.97446629e-08,6.58277595e-09,1.97552699e-08
94.3943944,3.22687474e-08,1.16124898e-07,5.80059934e-07,5.00324743e-06,2.49419416e-06,2.30570214e-05,1.18841184e-05,20491.7477,3931.67235,1.17435504e-06,8.48945862e-07,1.81767428e-06,9.04798472e-07,6.34938063e-07,6.39428034e-07,1.1599615e-07,4123.39385,3.18813306e-07,4171.93525,1.74589509e-06,2.98936094e-06,5.14019987e-08,9.65651015e-08,9.63845381e-08,1.70891045e-06,1.56730283e-06,7.31035954e-07,1.60805066e-07,7.7263633e-08,6.44251244e-08,7.0954421e-08,3.22546228e-08,6.45132803e-09,1.93533082e-08,6.45230145e-09,1.93637161e-08
94.4944945,3.16291736e-08,1.13823223e-07,5.68562046e-07,4.90405985e-06,2.44473041e-06,2.25994183e-05,1.16478711e-05,20491.7494,3931.67296,1.15107071e-06,8.32108813e-07,1.78161541e-06,8.86845142e-07,6.22329859e-07,6.26634801e-07,1.13861247e-07,4053.69509,3.12163741e-07,4101.23414,1.71128129e-06,2.93009837e-06,5.03829803e-08,9.46509035e-08,9.44736885e-08,1.67500121e-06,1.53620895e-06,7.16541768e-07,1.5761732e-07,7.57320643e-08,6.31480892e-08,6.95480517e-08,3.16153151e-08,6.32345891e-09,1.89697135e-08,6.32441406e-09,1.8979926e-08
94.5945946,3.10022684e-08,1.11567141e-07,5.57291927e-07,4.80683743e-06,2.39624704e-06,2.21508924e-05,1.14163184e-05,20491.751,3931.67357,1.12824777e-06,8.15605483e-07,1.7462714e-06,8.69247778e-07,6.09971628e-07,6.14094513e-07,1.11632419e-07,3982.66351,3.05598668e-07,4029.17963,1.67735331e-06,2.8720099e-06,4.93841507e-08,9.27746264e-08,9.2600698e-08,1.64176439e-06,1.50573156e-06,7.02334775e-07,1.54492728e-07,7.42308362e-08,6.18963515e-08,6.81695401e-08,3.09886709e-08,6.19812263e-09,1.85937172e-08,6.19905986e-09,1.86037378e-08
94.6946947,3.03877871e-08,1.0935577e-07,5.46245177e-07,4.71154219e-06,2.34872507e-06,2.17112675e-05,1.11893688e-05,20491.7526,3931.67419,1.10587729e-06,7.99429428e-07,1.71162847e-06,8.51999525e-07,5.97858644e-07,6.01803677e-07,1.09396195e-07,3910.25245,2.99147143e-07,3955.72441,1.6440979e-06,2.81507287e-06,4.84051201e-08,9.09355381e-08,9.07648355e-08,1.60918698e-06,1.47585873e-06,6.88409429e-07,1.51430069e-07,7.27593628e-08,6.06694228e-08,6.68183484e-08,3.03744457e-08,6.0752703e-09,1.82251724e-08,6.07618994e-09,1.82350048e-08
94.7947948,2.97854879e-08,1.07188241e-07,5.35417448e-07,4.6181366e-06,2.30214576e-06,2.12803698e-05,1.09669317e-05,20491.7542,3931.6748,1.08395047e-06,7.83574277e-07,1.67767297e-06,8.35093597e-07,5.85986203e-07,5.89758378e-07,1.07217009e-07,3836.4129,2.92830179e-07,3880.81878,1.61150197e-06,2.75926486e-06,4.7445503e-08,8.91329148e-08,8.89653782e-08,1.57725615e-06,1.4465787e-06,6.74760247e-07,1.48428137e-07,7.1317065e-08,5.94668202e-08,6.54939448e-08,2.97723978e-08,5.95485357e-09,1.78639342e-08,5.95575595e-09,1.7873582e-08
94.8948949,2.91951193e-08,1.05063648e-07,5.24804218e-07,4.52658166e-06,2.25648968e-06,2.08580195e-05,1.07489147e-05,20491.7559,3931.67541,1.06245814e-06,7.68033392e-07,1.64439066e-06,8.1852288e-07,5.74349156e-07,5.77951277e-07,1.0497755e-07,3761.09392,2.86602595e-07,3804.41109,1.57955188e-06,2.70456256e-06,4.65048984e-08,8.73660031e-08,8.72015741e-08,1.54595851e-06,1.41787919e-06,6.61381523e-07,1.4548568e-07,6.99033402e-08,5.82880413e-08,6.41957762e-08,2.91822758e-08,5.83682213e-09,1.75098516e-08,5.83770758e-09,1.75193182e-08
94.994995,2.86164432e-08,1.02981135e-07,5.14401207e-07,4.43684044e-06,2.21173837e-06,2.04440458e-05,1.0535229e-05,20491.7575,3931.67602,1.04139163e-06,7.52800501e-07,1.61176811e-06,8.02280676e-07,5.62942773e-07,5.6637725e-07,1.02676037e-07,3684.24118,2.80461318e-07,3726.44625,1.54823477e-06,2.65094389e-06,4.5582927e-08,8.56340906e-08,8.54727118e-08,1.51528143e-06,1.38974864e-06,6.48267861e-07,1.42601509e-07,6.85176184e-08,5.71326108e-08,6.29233191e-08,2.86038417e-08,5.72112842e-09,1.7162782e-08,5.72199724e-09,1.71720708e-08
95.0950951,2.80492299e-08,1.00939875e-07,5.04204284e-07,4.3488773e-06,2.16787408e-06,2.0038284e-05,1.03257897e-05,20491.7591,3931.67664,1.02074258e-06,7.37869546e-07,1.57979233e-06,7.86360526e-07,5.51762552e-07,5.55032118e-07,1.00306662e-07,3605.79371,2.74402093e-07,3646.86246,1.51753817e-06,2.59838756e-06,4.46792224e-08,8.39364895e-08,8.37781044e-08,1.4852127e-06,1.36217583e-06,6.35414049e-07,1.3977448e-07,6.7159349e-08,5.60000698e-08,6.16760683e-08,2.80368658e-08,5.60772647e-09,1.68225875e-08,5.60857899e-09,1.68317019e-08
95.1951952,2.74932546e-08,9.89390577e-08,4.94209406e-07,4.26265733e-06,2.12487936e-06,1.96405724e-05,1.01205126e-05,20491.7607,3931.67725,1.00050278e-06,7.23234603e-07,1.54845063e-06,7.70756117e-07,5.40804087e-07,5.43911894e-07,9.79278517e-08,3525.6908,2.68443799e-07,3565.59817,1.48744993e-06,2.54687273e-06,4.37934264e-08,8.22725266e-08,8.21170798e-08,1.45574037e-06,1.33514982e-06,6.22814989e-07,1.37003471e-07,6.58279937e-08,5.48899694e-08,6.04535294e-08,2.74811234e-08,5.49657135e-09,1.64891333e-08,5.49740787e-09,1.64980764e-08
95.2952953,2.69483001e-08,9.69779031e-08,4.84412668e-07,4.17814684e-06,2.08273738e-06,1.92507547e-05,9.91931643e-06,20491.7624,3931.67786,9.80664333e-07,7.08889955e-07,1.51773078e-06,7.55461366e-07,5.30063188e-07,5.33013489e-07,9.5622279e-08,3443.8667,2.62614279e-07,3482.58674,1.45795828e-06,2.49637927e-06,4.2925193e-08,8.06415522e-08,8.04889894e-08,1.42685291e-06,1.30866005e-06,6.1046576e-07,1.342874e-07,6.45230325e-08,5.3801876e-08,5.92552249e-08,2.69363974e-08,5.38761965e-09,1.61622891e-08,5.38844046e-09,1.61710642e-08
95.3953954,2.64141488e-08,9.50556271e-08,4.74810156e-07,4.09531203e-06,2.04143128e-06,1.88686747e-05,9.72212028e-06,20491.764,3931.67846,9.61219311e-07,6.94829861e-07,1.48762048e-06,7.40470151e-07,5.19535561e-07,5.22332645e-07,9.33971205e-08,3360.25088,2.56913975e-07,3397.75666,1.42905143e-06,2.44688701e-06,4.20741751e-08,7.90429144e-08,7.88931823e-08,1.39853876e-06,1.28269591e-06,5.98361423e-07,1.31625181e-07,6.32439439e-08,5.27353548e-08,5.80806762e-08,2.64024703e-08,5.28082784e-09,1.58419244e-08,5.28163324e-09,1.58505346e-08
95.4954955,2.58905844e-08,9.31714519e-08,4.65397984e-07,4.01411939e-06,2.00094434e-06,1.84941775e-05,9.52884414e-06,20491.7656,3931.67907,9.42159837e-07,6.81048624e-07,1.4581075e-06,7.25776385e-07,5.092169e-07,5.11864535e-07,9.12181082e-08,3274.76794,2.51328322e-07,3311.03154,1.40071769e-06,2.39837591e-06,4.12400282e-08,7.74759662e-08,7.73290124e-08,1.37078643e-06,1.25724687e-06,5.86497078e-07,1.29015738e-07,6.19902103e-08,5.16899742e-08,5.69294079e-08,2.5879126e-08,5.17615271e-09,1.55279095e-08,5.17694299e-09,1.5536358e-08
95.5955956,2.53774012e-08,9.13246368e-08,4.5617245e-07,3.93453698e-06,1.96126062e-06,1.81271154e-05,9.33941126e-06,20491.7672,3931.67968,9.23478413e-07,6.67540821e-07,1.42918025e-06,7.11374295e-07,4.99103208e-07,5.01605918e-07,8.91321831e-08,3187.33835,2.45872349e-07,3222.33079,1.37294591e-06,2.35082689e-06,4.04224244e-08,7.59400915e-08,7.57958646e-08,1.34358499e-06,1.23230291e-06,5.74868059e-07,1.26458043e-07,6.07613385e-08,5.06653232e-08,5.58009675e-08,2.53661588e-08,5.07355311e-09,1.52201209e-08,5.07432855e-09,1.52284107e-08
95.6956957,2.48743933e-08,8.95144406e-08,4.47129853e-07,3.85653284e-06,1.92236417e-06,1.77673405e-05,9.15374517e-06,20491.7689,3931.68029,9.05167539e-07,6.54301025e-07,1.4008271e-06,6.97258087e-07,4.89190411e-07,4.91552572e-07,8.71386431e-08,3097.8736,2.40543716e-07,3131.56468,1.34572493e-06,2.30422086e-06,3.96210353e-08,7.44346738e-08,7.42931234e-08,1.3169235e-06,1.20785401e-06,5.63469695e-07,1.23951071e-07,5.95568356e-08,4.96609906e-08,5.46949021e-08,2.48633627e-08,4.97298786e-09,1.49184353e-08,4.97374874e-09,1.49265693e-08
95.7957958,2.43813578e-08,8.77401332e-08,4.38266543e-07,3.78007551e-06,1.88423928e-06,1.74147076e-05,8.97177067e-06,20491.7705,3931.68089,8.8721982e-07,6.41323887e-07,1.37303657e-06,6.8342205e-07,4.79474475e-07,4.81700102e-07,8.52150484e-08,3006.27994,2.35332255e-07,3038.63823,1.31904378e-06,2.25853902e-06,3.88355375e-08,7.29591056e-08,7.28201822e-08,1.29079118e-06,1.18389028e-06,5.52297384e-07,1.21493809e-07,5.83762153e-08,4.8676571e-08,5.36107654e-08,2.4370535e-08,4.8744164e-09,1.46227309e-08,4.87516299e-09,1.4630712e-08
95.8958959,2.3898094e-08,8.60009926e-08,4.29578916e-07,3.70513387e-06,1.84687045e-06,1.70690731e-05,8.79341367e-06,20491.7721,3931.6815,8.69627948e-07,6.28604118e-07,1.34579733e-06,6.69860532e-07,4.69951389e-07,4.7204381e-07,8.33138546e-08,2912.45719,2.30218721e-07,2943.44993,1.29289158e-06,2.21376277e-06,3.80656114e-08,7.15127866e-08,7.13764415e-08,1.26517738e-06,1.16040195e-06,5.41346579e-07,1.19085257e-07,5.72189973e-08,4.77116641e-08,5.25481165e-08,2.38874752e-08,4.77779862e-09,1.43328873e-08,4.77853119e-09,1.43407184e-08
95.995996,2.34244097e-08,8.42963272e-08,4.21063515e-07,3.63167809e-06,1.81024279e-06,1.6730299e-05,8.61860263e-06,20491.7737,3931.6821,8.52384922e-07,6.16136653e-07,1.31909854e-06,6.56568132e-07,4.60617378e-07,4.62580131e-07,8.14565617e-08,2816.29581,2.2520892e-07,2845.88878,1.26725794e-06,2.16987429e-06,3.73109505e-08,7.00951411e-08,6.99613267e-08,1.24007187e-06,1.13737966e-06,5.30612921e-07,1.16724458e-07,5.60847212e-08,4.67658858e-08,5.15065326e-08,2.34139911e-08,4.68309609e-09,1.40487892e-08,4.6838149e-09,1.40564732e-08
96.0960961,2.29601132e-08,8.26254463e-08,4.1271689e-07,3.55967842e-06,1.77434145e-06,1.6398248e-05,8.44726651e-06,20491.7754,3931.68271,8.3548375e-07,6.03916434e-07,1.29292935e-06,6.43539448e-07,4.51468615e-07,4.5330474e-07,7.96165043e-08,2717.67846,2.20291182e-07,2745.83591,1.24213245e-06,2.1268558e-06,3.6571249e-08,6.8705595e-08,6.85742643e-08,1.21546448e-06,1.11481407e-06,5.20092059e-07,1.14410454e-07,5.49729274e-08,4.5838853e-08,5.04855919e-08,2.29498909e-08,4.59027045e-09,1.37703217e-08,4.59097576e-09,1.37778613e-08
96.1961962,2.2505018e-08,8.09876798e-08,4.04535693e-07,3.48910597e-06,1.73915201e-06,1.60727864e-05,8.27933616e-06,20491.777,3931.68331,8.18917649e-07,5.91938553e-07,1.26727924e-06,6.3076924e-07,4.42501417e-07,4.44213839e-07,7.7791165e-08,2616.47451,2.15462633e-07,2643.15896,1.21750505e-06,2.08469003e-06,3.58462101e-08,6.73435905e-08,6.72146977e-08,1.1913453e-06,1.09269611e-06,5.0977977e-07,1.12142317e-07,5.38831698e-08,4.49301939e-08,4.94848846e-08,2.24949885e-08,4.49928447e-09,1.34973729e-08,4.49997653e-09,1.35047708e-08
96.2962963,2.20589427e-08,7.93823738e-08,3.96516657e-07,3.41993255e-06,1.70466042e-06,1.57537839e-05,8.11474406e-06,20491.7786,3931.68391,8.0268e-07,5.80198223e-07,1.24213797e-06,6.18252403e-07,4.33712208e-07,4.35303918e-07,7.59918629e-08,2512.54156,2.1072543e-07,2537.71366,1.19336589e-06,2.04336015e-06,3.51355443e-08,6.6008584e-08,6.58820839e-08,1.1677047e-06,1.07101693e-06,4.99671935e-07,1.09919141e-07,5.28150133e-08,4.40395456e-08,4.85040115e-08,2.20491022e-08,4.41010182e-09,1.3229834e-08,4.41078089e-09,1.32370928e-08
96.3963964,2.16217092e-08,7.78088881e-08,3.88656583e-07,3.35213054e-06,1.67085288e-06,1.54411128e-05,7.95342404e-06,20491.7802,3931.68452,7.86764323e-07,5.68690755e-07,1.21749549e-06,6.05983938e-07,4.25097485e-07,4.2657157e-07,7.42325266e-08,2405.72472,2.06082681e-07,2429.34307,1.16970533e-06,2.00284967e-06,3.44389679e-08,6.47000428e-08,6.45758911e-08,1.1445332e-06,1.04976787e-06,4.8976452e-07,1.07740039e-07,5.17680318e-08,4.31665528e-08,4.75425812e-08,2.16120542e-08,4.32268694e-09,1.29675982e-08,4.32335324e-09,1.29747206e-08
96.4964965,2.11931423e-08,7.62665917e-08,3.80952321e-07,3.28567276e-06,1.63771584e-06,1.51346475e-05,7.79531106e-06,20491.7818,3931.68512,7.71164234e-07,5.5741153e-07,1.19334189e-06,5.93958915e-07,4.16653785e-07,4.18013249e-07,7.25108011e-08,2295.85343,2.01531612e-07,2317.87441,1.1465139e-06,1.96314233e-06,3.37562017e-08,6.34174422e-08,6.32955955e-08,1.12182152e-06,1.0289404e-06,4.8005355e-07,1.05604138e-07,5.07418056e-08,4.23108656e-08,4.66002083e-08,2.11836693e-08,4.23700477e-09,1.27105604e-08,4.23765856e-09,1.27175489e-08
96.5965966,2.07730706e-08,7.47548682e-08,3.73400788e-07,3.22053263e-06,1.60523603e-06,1.4834265e-05,7.64034149e-06,20491.7835,3931.68572,7.5587349e-07,5.46356032e-07,1.16966752e-06,5.82172519e-07,4.08377729e-07,4.09625581e-07,7.08314896e-08,2182.73652,1.97072033e-07,2203.11399,1.1237823e-06,1.92422226e-06,3.30869725e-08,6.21602692e-08,6.20406848e-08,1.09956055e-06,1.00852617e-06,4.7053514e-07,1.03510583e-07,4.97359241e-08,4.14721416e-08,4.5676516e-08,2.07637762e-08,4.15302106e-09,1.24586178e-08,4.15366257e-09,1.24654749e-08
96.6966967,2.03613254e-08,7.32731099e-08,3.6599895e-07,3.15668396e-06,1.57340038e-06,1.45398445e-05,7.48845274e-06,20491.7851,3931.68632,7.40885942e-07,5.35519814e-07,1.14646283e-06,5.7062e-07,4.00265976e-07,4.01405061e-07,6.91864706e-08,2066.16035,1.92699057e-07,2084.84529,1.10150141e-06,1.88607381e-06,3.24310113e-08,6.09280187e-08,6.08106547e-08,1.07774131e-06,9.88516972e-07,4.61205463e-07,1.01458532e-07,4.87499831e-08,4.0650044e-08,4.47711332e-08,2.03522063e-08,4.07070207e-09,1.22116692e-08,4.07133152e-09,1.22183974e-08
96.7967968,1.99577415e-08,7.18207226e-08,3.58743838e-07,3.09410112e-06,1.54219611e-06,1.42512674e-05,7.33958353e-06,20491.7867,3931.68692,7.26195574e-07,5.24898522e-07,1.1237185e-06,5.59296715e-07,3.92315258e-07,3.93348312e-07,6.75722368e-08,1945.88742,1.88409435e-07,1962.82768,1.07966227e-06,1.84868167e-06,3.17880548e-08,5.97201961e-08,5.96050114e-08,1.05635505e-06,9.68904753e-07,4.52060773e-07,9.94471631e-08,4.7783587e-08,3.98442427e-08,4.38836966e-08,1.99487943e-08,3.99001477e-09,1.19696155e-08,3.99063239e-09,1.19762172e-08
96.8968969,1.95621568e-08,7.0397123e-08,3.51632539e-07,3.03275899e-06,1.51161068e-06,1.39684177e-05,7.19367378e-06,20491.7883,3931.68752,7.11796484e-07,5.14487887e-07,1.10142537e-06,5.48198106e-07,3.84522371e-07,3.85452e-07,6.59845072e-08,1821.64817,1.84199584e-07,1836.78796,1.05825612e-06,1.81203082e-06,3.11578449e-08,5.85363164e-08,5.84232707e-08,1.03539315e-06,9.49681628e-07,4.43097398e-07,9.74756672e-08,4.68363478e-08,3.90544144e-08,4.301385e-08,1.95533783e-08,3.91092676e-09,1.17323596e-08,3.91153278e-09,1.17388371e-08
96.996997,1.9174413e-08,6.90017412e-08,3.44662203e-07,2.97263299e-06,1.48163183e-06,1.36911818e-05,7.05066467e-06,20491.7899,3931.68811,6.97682901e-07,5.04283734e-07,1.07957452e-06,5.37319721e-07,3.76884187e-07,3.77712944e-07,6.44249648e-08,1693.13147,1.80068012e-07,1706.41066,1.03727439e-06,1.77610659e-06,3.05401289e-08,5.73759054e-08,5.72649591e-08,1.0148472e-06,9.30839885e-07,4.34311745e-07,9.55432549e-08,4.5907886e-08,3.82802425e-08,4.21612449e-08,1.91658e-08,3.83340639e-09,1.14998064e-08,3.83400102e-09,1.15061621e-08
97.0970971,1.87943547e-08,6.7634018e-08,3.3783004e-07,2.91369902e-06,1.45224753e-06,1.34194483e-05,6.91049857e-06,20491.7915,3931.68871,6.83849168e-07,4.9428197e-07,1.05815717e-06,5.26657192e-07,3.69397639e-07,3.70128016e-07,6.28942605e-08,1559.98348,1.76012749e-07,1571.33703,1.01670865e-06,1.74089456e-06,2.99346595e-08,5.62384982e-08,5.61296124e-08,9.94708953e-07,9.12371962e-07,4.25700293e-07,9.3649152e-08,4.49978296e-08,3.75214171e-08,4.132554e-08,1.87859042e-08,3.75742258e-09,1.12718627e-08,3.75800604e-09,1.12780989e-08
97.1971972,1.84218297e-08,6.62934056e-08,3.3113331e-07,2.85593345e-06,1.42344599e-06,1.3153108e-05,6.77311896e-06,20491.7932,3931.68931,6.70289738e-07,4.84478583e-07,1.03716472e-06,5.16206237e-07,3.62059718e-07,3.62694133e-07,6.13915856e-08,1421.78601,1.72031153e-07,1431.14278,9.96550662e-07,1.70638064e-06,2.93411939e-08,5.51236389e-08,5.50167754e-08,9.74970322e-07,8.94270445e-07,4.17259589e-07,9.17925991e-08,4.41058139e-08,3.67776339e-08,4.05064002e-08,1.84135385e-08,3.6829449e-09,1.10484373e-08,3.68351739e-09,1.10545562e-08
97.2972973,1.80566885e-08,6.49793661e-08,3.24569328e-07,2.79931312e-06,1.39521566e-06,1.28920538e-05,6.63847045e-06,20491.7948,3931.6899,6.56999168e-07,4.74869635e-07,1.01658873e-06,5.05962658e-07,3.54867472e-07,3.55408247e-07,5.99144444e-08,1278.0524,1.68119746e-07,1285.3342,9.76792344e-07,1.67255096e-06,2.87594939e-08,5.40308803e-08,5.39260017e-08,9.55623373e-07,8.76528061e-07,4.08986245e-07,8.99728516e-08,4.32314811e-08,3.60485946e-08,3.97034971e-08,1.80485537e-08,3.60994347e-09,1.08294405e-08,3.61050521e-09,1.08354443e-08
97.3973974,1.76987848e-08,6.36913729e-08,3.18135462e-07,2.74381531e-06,1.3675452e-06,1.26361809e-05,6.50649873e-06,20491.7964,3931.6905,6.43972128e-07,4.65451271e-07,9.96420953e-07,4.95922338e-07,3.47818008e-07,3.48267374e-07,5.84610402e-08,1128.18971,1.64274962e-07,1133.30907,9.57425768e-07,1.63939197e-06,2.81893264e-08,5.29597842e-08,5.28568537e-08,9.36660333e-07,8.59137684e-07,4.00876943e-07,8.81891797e-08,4.23744807e-08,3.53340069e-08,3.89165088e-08,1.76908034e-08,3.53838904e-09,1.06147845e-08,3.53894022e-09,1.06206754e-08
97.4974975,1.73479751e-08,6.24289098e-08,3.11829133e-07,2.68941777e-06,1.34042352e-06,1.23853864e-05,6.37715059e-06,20491.798,3931.69109,6.31203392e-07,4.56219709e-07,9.76653281e-07,4.86081245e-07,3.40908494e-07,3.41268594e-07,5.70299866e-08,971.46443,1.60492855e-07,974.321527,9.38443168e-07,1.60689037e-06,2.76304627e-08,5.19099213e-08,5.18089029e-08,9.18073584e-07,8.42092331e-07,3.92928431e-07,8.64408683e-08,4.1534469e-08,3.46335845e-08,3.81451199e-08,1.73401443e-08,3.46825293e-09,1.04043833e-08,3.46879374e-09,1.04101635e-08
97.5975976,1.70041189e-08,6.11914707e-08,3.05647814e-07,2.63609869e-06,1.31383972e-06,1.21395695e-05,6.25037387e-06,20491.7996,3931.69168,6.18687838e-07,4.47171246e-07,9.57277778e-07,4.76435425e-07,3.3413615e-07,3.34409029e-07,5.56187944e-08,806.946434,1.56768189e-07,807.424577,9.1983693e-07,1.57503313e-06,2.70826786e-08,5.08808706e-08,5.07817289e-08,8.99855661e-07,8.25385158e-07,3.8513752e-07,8.47272164e-08,4.07111093e-08,3.39470465e-08,3.73890213e-08,1.69964358e-08,3.39950701e-09,1.01981527e-08,3.40003766e-09,1.02038241e-08
97.6976977,1.66670783e-08,5.99785596e-08,2.99589025e-07,2.58383669e-06,1.28778314e-06,1.18986314e-05,6.12611746e-06,20491.8012,3931.69228,6.06420448e-07,4.3830225e-07,9.38286664e-07,4.66981004e-07,3.27498254e-07,3.27685845e-07,5.42240571e-08,633.403822,1.5309379e-07,631.36115,9.01599593e-07,1.54380747e-06,2.65457546e-08,4.98722196e-08,4.97749197e-08,8.81999244e-07,8.09009454e-07,3.77501086e-07,8.30475369e-08,3.99040715e-08,3.32741176e-08,3.66479097e-08,1.66595402e-08,3.33212374e-09,9.99600979e-09,3.33264442e-09,1.00015745e-08
97.7977978,1.63367183e-08,5.87896903e-08,2.93650338e-07,2.53261082e-06,1.26224333e-06,1.16624753e-05,6.00433125e-06,20491.8028,3931.69287,5.94396298e-07,4.2960916e-07,9.19672313e-07,4.57714185e-07,3.20992136e-07,3.21096244e-07,5.28404594e-08,449.093216,1.49458437e-07,444.345385,8.83723843e-07,1.51320087e-06,2.60194753e-08,4.88835639e-08,4.87880717e-08,8.6449716e-07,7.92958644e-07,3.70016066e-07,8.14011563e-08,3.9113032e-08,3.26145282e-08,3.59214882e-08,1.63293223e-08,3.26607611e-09,9.79787369e-09,3.266587e-09,9.80333371e-09
97.8978979,1.60129063e-08,5.76243862e-08,2.87829372e-07,2.48240052e-06,1.23721003e-06,1.14310062e-05,5.88496613e-06,20491.8044,3931.69346,5.82610568e-07,4.21088488e-07,9.0142725e-07,4.48631244e-07,3.14615181e-07,3.14637442e-07,5.14574774e-08,251.25669,1.45840049e-07,243.529285,8.66202509e-07,1.48320106e-06,2.55036298e-08,4.7914507e-08,4.78207891e-08,8.47342377e-07,7.77226282e-07,3.62679457e-07,7.97874145e-08,3.83376738e-08,3.19680137e-08,3.52094655e-08,1.60056499e-08,3.20133764e-09,9.60366495e-09,3.20183892e-09,9.60902224e-09
97.997998,1.56955127e-08,5.64821803e-08,2.82123794e-07,2.43318566e-06,1.2126732e-06,1.12041312e-05,5.76797398e-06,20491.806,3931.69405,5.71058528e-07,4.12736815e-07,8.83544148e-07,4.39728534e-07,3.08364824e-07,3.08306603e-07,5.00383131e-08,34.1834978,1.42156737e-07,22.8300356,8.49028567e-07,1.45379601e-06,2.4998011e-08,4.69646605e-08,4.6872684e-08,8.30528004e-07,7.61806048e-07,3.55488318e-07,7.82056644e-08,3.75776858e-08,3.1334315e-08,3.45115563e-08,1.56883931e-08,3.13788239e-09,9.41330573e-09,3.13837424e-09,9.41856222e-09
